path,category,decision,reason
app.py,app_server_files,keep,source/data/docs or uncertain review item retained
data/AAVEUSDT_4h.csv,raw_data_csvs,keep,source/data/docs or uncertain review item retained
data/ADAUSDT_4h.csv,raw_data_csvs,keep,source/data/docs or uncertain review item retained
data/ATOMUSDT_4h.csv,raw_data_csvs,keep,source/data/docs or uncertain review item retained
data/AVAXUSDT_4h.csv,raw_data_csvs,keep,source/data/docs or uncertain review item retained
data/BCHUSDT_4h.csv,raw_data_csvs,keep,source/data/docs or uncertain review item retained
data/BNBUSDT_4h.csv,raw_data_csvs,keep,source/data/docs or uncertain review item retained
data/BTCUSDT_1h.csv,raw_data_csvs,keep,source/data/docs or uncertain review item retained
data/BTCUSDT_4h.csv,raw_data_csvs,keep,source/data/docs or uncertain review item retained
data/DOGEUSDT_4h.csv,raw_data_csvs,keep,source/data/docs or uncertain review item retained
data/DOTUSDT_4h.csv,raw_data_csvs,keep,source/data/docs or uncertain review item retained
data/ETCUSDT_4h.csv,raw_data_csvs,keep,source/data/docs or uncertain review item retained
data/ETHUSDT_4h.csv,raw_data_csvs,keep,source/data/docs or uncertain review item retained
data/FILUSDT_4h.csv,raw_data_csvs,keep,source/data/docs or uncertain review item retained
data/LINKUSDT_4h.csv,raw_data_csvs,keep,source/data/docs or uncertain review item retained
data/LTCUSDT_4h.csv,raw_data_csvs,keep,source/data/docs or uncertain review item retained
data/NEARUSDT_4h.csv,raw_data_csvs,keep,source/data/docs or uncertain review item retained
data/SOLUSDT_4h.csv,raw_data_csvs,keep,source/data/docs or uncertain review item retained
data/TRXUSDT_4h.csv,raw_data_csvs,keep,source/data/docs or uncertain review item retained
data/UNIUSDT_4h.csv,raw_data_csvs,keep,source/data/docs or uncertain review item retained
data/XRPUSDT_4h.csv,raw_data_csvs,keep,source/data/docs or uncertain review item retained
mtf_pullback_webhook_strategy.pine,docs,keep,source/data/docs or uncertain review item retained
requirements.txt,app_server_files,keep,source/data/docs or uncertain review item retained
research/README.md,docs,keep,source/data/docs or uncertain review item retained
research/__init__.py,source_research_files,keep,source/data/docs or uncertain review item retained
research/ablation_study.py,source_research_files,keep,source/data/docs or uncertain review item retained
research/analyze_long1_continuation_archetypes.py,source_research_files,keep,source/data/docs or uncertain review item retained
research/analyze_long1_momentum_candidate.py,source_research_files,keep,source/data/docs or uncertain review item retained
research/analyze_long1_reclaim_retest.py,source_research_files,keep,source/data/docs or uncertain review item retained
research/analyze_long_only_archetypes.py,source_research_files,keep,source/data/docs or uncertain review item retained
research/analyze_long_only_continuation.py,source_research_files,keep,source/data/docs or uncertain review item retained
research/analyze_long_only_paths.py,source_research_files,keep,source/data/docs or uncertain review item retained
research/analyze_long_only_reclaim.py,source_research_files,keep,source/data/docs or uncertain review item retained
research/analyze_long_only_reclaim_strength.py,source_research_files,keep,source/data/docs or uncertain review item retained
research/analyze_long_only_regimes.py,source_research_files,keep,source/data/docs or uncertain review item retained
research/analyze_long_runner_leg.py,source_research_files,keep,source/data/docs or uncertain review item retained
research/config.py,source_research_files,keep,source/data/docs or uncertain review item retained
research/data.py,source_research_files,keep,source/data/docs or uncertain review item retained
research/diagnose_failure_regime.py,source_research_files,keep,source/data/docs or uncertain review item retained
research/diagnose_long_only_candidate.py,source_research_files,keep,source/data/docs or uncertain review item retained
research/download_data.py,source_research_files,keep,source/data/docs or uncertain review item retained
research/indicators.py,source_research_files,keep,source/data/docs or uncertain review item retained
research/inspect_results.py,source_research_files,keep,source/data/docs or uncertain review item retained
research/long_only_candidate.py,source_research_files,keep,source/data/docs or uncertain review item retained
research/optimize.py,source_research_files,keep,source/data/docs or uncertain review item retained
research/run_backtest.py,source_research_files,keep,source/data/docs or uncertain review item retained
research/run_long_only_candidate.py,source_research_files,keep,source/data/docs or uncertain review item retained
research/run_split_leg_mini_experiment.py,source_research_files,keep,source/data/docs or uncertain review item retained
research/strategy.py,source_patch_files,keep,source/data/docs or uncertain review item retained
research/validate_candidates.py,source_research_files,keep,source/data/docs or uncertain review item retained
research/validate_long_only_candidate.py,source_research_files,keep,source/data/docs or uncertain review item retained
research_output/ablation_by_split.csv,detailed_generated_audit_csvs,remove,redundant detailed generated research output; summary/recommendation evidence retained
research_output/ablation_full_sample.csv,detailed_generated_audit_csvs,remove,redundant detailed generated research output; summary/recommendation evidence retained
research_output/ablation_summary.csv,detailed_generated_audit_csvs,remove,redundant detailed generated research output; summary/recommendation evidence retained
research_output/bnbusdt_unseen_market_frozen_explanation_validation_round1.dataset_quality_summary.csv,detailed_generated_audit_csvs,remove,redundant detailed generated research output; summary/recommendation evidence retained
research_output/bnbusdt_unseen_market_frozen_explanation_validation_round1.group_comparison_summary.csv,detailed_generated_audit_csvs,remove,redundant detailed generated research output; summary/recommendation evidence retained
research_output/bnbusdt_unseen_market_frozen_explanation_validation_round1.group_distribution_summary.csv,detailed_generated_audit_csvs,remove,redundant detailed generated research output; summary/recommendation evidence retained
research_output/bnbusdt_unseen_market_frozen_explanation_validation_round1.recommendation.csv,core_research_summaries,keep,summary-level research evidence retained
research_output/bnbusdt_unseen_market_frozen_explanation_validation_round1.trade_labels_all.csv,detailed_generated_audit_csvs,remove,redundant detailed generated research output; summary/recommendation evidence retained
research_output/btc_4h_after_fix.equity.csv,detailed_generated_audit_csvs,remove,redundant detailed generated research output; summary/recommendation evidence retained
research_output/btc_4h_after_fix.equity.png,caches_runtime_artifacts,remove,generated binary/cache/runtime artifact
research_output/btc_4h_after_fix.trades.csv,detailed_generated_audit_csvs,remove,redundant detailed generated research output; summary/recommendation evidence retained
research_output/btc_4h_run.equity.csv,detailed_generated_audit_csvs,remove,redundant detailed generated research output; summary/recommendation evidence retained
research_output/btc_4h_run.equity.png,caches_runtime_artifacts,remove,generated binary/cache/runtime artifact
research_output/btc_4h_run.trades.csv,detailed_generated_audit_csvs,remove,redundant detailed generated research output; summary/recommendation evidence retained
research_output/candidate_validation_by_split.csv,detailed_generated_audit_csvs,remove,redundant detailed generated research output; summary/recommendation evidence retained
research_output/candidate_validation_full_sample.csv,detailed_generated_audit_csvs,remove,redundant detailed generated research output; summary/recommendation evidence retained
research_output/candidate_validation_survivors.csv,detailed_generated_audit_csvs,remove,redundant detailed generated research output; summary/recommendation evidence retained
research_output/cross_market_unseen_validation_synthesis_round1.core_transfer_assessment.csv,detailed_generated_audit_csvs,remove,redundant detailed generated research output; summary/recommendation evidence retained
research_output/cross_market_unseen_validation_synthesis_round1.cross_market_ledger.csv,detailed_generated_audit_csvs,remove,redundant detailed generated research output; summary/recommendation evidence retained
research_output/cross_market_unseen_validation_synthesis_round1.recommendation.csv,core_research_summaries,keep,summary-level research evidence retained
research_output/cross_market_unseen_validation_synthesis_round1.stop_marker.md,core_research_summaries,keep,summary-level research evidence retained
research_output/cross_market_unseen_validation_synthesis_round1.supporting_note_parked_hint_assessment.csv,detailed_generated_audit_csvs,remove,redundant detailed generated research output; summary/recommendation evidence retained
research_output/ethusdt_unseen_market_frozen_explanation_validation_round1.dataset_quality_summary.csv,detailed_generated_audit_csvs,remove,redundant detailed generated research output; summary/recommendation evidence retained
research_output/ethusdt_unseen_market_frozen_explanation_validation_round1.group_comparison_summary.csv,detailed_generated_audit_csvs,remove,redundant detailed generated research output; summary/recommendation evidence retained
research_output/ethusdt_unseen_market_frozen_explanation_validation_round1.group_distribution_summary.csv,detailed_generated_audit_csvs,remove,redundant detailed generated research output; summary/recommendation evidence retained
research_output/ethusdt_unseen_market_frozen_explanation_validation_round1.recommendation.csv,core_research_summaries,keep,summary-level research evidence retained
research_output/ethusdt_unseen_market_frozen_explanation_validation_round1.trade_labels_all.csv,detailed_generated_audit_csvs,remove,redundant detailed generated research output; summary/recommendation evidence retained
research_output/failure_2025_2026_adx_summary.csv,detailed_generated_audit_csvs,remove,redundant detailed generated research output; summary/recommendation evidence retained
research_output/failure_2025_2026_after_fix_adx_summary.csv,detailed_generated_audit_csvs,remove,redundant detailed generated research output; summary/recommendation evidence retained
research_output/failure_2025_2026_after_fix_atr_ratio_summary.csv,detailed_generated_audit_csvs,remove,redundant detailed generated research output; summary/recommendation evidence retained
research_output/failure_2025_2026_after_fix_cumulative_pnl.png,caches_runtime_artifacts,remove,generated binary/cache/runtime artifact
research_output/failure_2025_2026_after_fix_daily_state_summary.csv,detailed_generated_audit_csvs,remove,redundant detailed generated research output; summary/recommendation evidence retained
research_output/failure_2025_2026_after_fix_direction_pnl.png,caches_runtime_artifacts,remove,generated binary/cache/runtime artifact
research_output/failure_2025_2026_after_fix_direction_summary.csv,detailed_generated_audit_csvs,remove,redundant detailed generated research output; summary/recommendation evidence retained
research_output/failure_2025_2026_after_fix_distance_summary.csv,detailed_generated_audit_csvs,remove,redundant detailed generated research output; summary/recommendation evidence retained
research_output/failure_2025_2026_after_fix_metrics.csv,detailed_generated_audit_csvs,remove,redundant detailed generated research output; summary/recommendation evidence retained
research_output/failure_2025_2026_after_fix_month_summary.csv,detailed_generated_audit_csvs,remove,redundant detailed generated research output; summary/recommendation evidence retained
research_output/failure_2025_2026_after_fix_monthly_pnl.png,caches_runtime_artifacts,remove,generated binary/cache/runtime artifact
research_output/failure_2025_2026_after_fix_stop_overshoot_summary.csv,detailed_generated_audit_csvs,remove,redundant detailed generated research output; summary/recommendation evidence retained
research_output/failure_2025_2026_after_fix_tag_summary.csv,detailed_generated_audit_csvs,remove,redundant detailed generated research output; summary/recommendation evidence retained
research_output/failure_2025_2026_after_fix_trade_type_pnl.png,caches_runtime_artifacts,remove,generated binary/cache/runtime artifact
research_output/failure_2025_2026_after_fix_trade_type_summary.csv,detailed_generated_audit_csvs,remove,redundant detailed generated research output; summary/recommendation evidence retained
research_output/failure_2025_2026_after_fix_trades_enriched.csv,detailed_generated_audit_csvs,remove,redundant detailed generated research output; summary/recommendation evidence retained
research_output/failure_2025_2026_after_fix_weekly_bias_summary.csv,detailed_generated_audit_csvs,remove,redundant detailed generated research output; summary/recommendation evidence retained
research_output/failure_2025_2026_atr_ratio_summary.csv,detailed_generated_audit_csvs,remove,redundant detailed generated research output; summary/recommendation evidence retained
research_output/failure_2025_2026_cumulative_pnl.png,caches_runtime_artifacts,remove,generated binary/cache/runtime artifact
research_output/failure_2025_2026_daily_state_summary.csv,detailed_generated_audit_csvs,remove,redundant detailed generated research output; summary/recommendation evidence retained
research_output/failure_2025_2026_direction_pnl.png,caches_runtime_artifacts,remove,generated binary/cache/runtime artifact
research_output/failure_2025_2026_direction_summary.csv,detailed_generated_audit_csvs,remove,redundant detailed generated research output; summary/recommendation evidence retained
research_output/failure_2025_2026_distance_summary.csv,detailed_generated_audit_csvs,remove,redundant detailed generated research output; summary/recommendation evidence retained
research_output/failure_2025_2026_metrics.csv,detailed_generated_audit_csvs,remove,redundant detailed generated research output; summary/recommendation evidence retained
research_output/failure_2025_2026_month_summary.csv,detailed_generated_audit_csvs,remove,redundant detailed generated research output; summary/recommendation evidence retained
research_output/failure_2025_2026_monthly_pnl.png,caches_runtime_artifacts,remove,generated binary/cache/runtime artifact
research_output/failure_2025_2026_stop_overshoot_summary.csv,detailed_generated_audit_csvs,remove,redundant detailed generated research output; summary/recommendation evidence retained
research_output/failure_2025_2026_tag_summary.csv,detailed_generated_audit_csvs,remove,redundant detailed generated research output; summary/recommendation evidence retained
research_output/failure_2025_2026_trade_type_pnl.png,caches_runtime_artifacts,remove,generated binary/cache/runtime artifact
research_output/failure_2025_2026_trade_type_summary.csv,detailed_generated_audit_csvs,remove,redundant detailed generated research output; summary/recommendation evidence retained
research_output/failure_2025_2026_trades_enriched.csv,detailed_generated_audit_csvs,remove,redundant detailed generated research output; summary/recommendation evidence retained
research_output/failure_2025_2026_weekly_bias_summary.csv,detailed_generated_audit_csvs,remove,redundant detailed generated research output; summary/recommendation evidence retained
research_output/long1_atr_ratio_nearby_family_stability_round1.group_comparison_summary.csv,detailed_generated_audit_csvs,remove,redundant detailed generated research output; summary/recommendation evidence retained
research_output/long1_atr_ratio_nearby_family_stability_round1.group_distribution_summary.csv,detailed_generated_audit_csvs,remove,redundant detailed generated research output; summary/recommendation evidence retained
research_output/long1_atr_ratio_nearby_family_stability_round1.recommendation.csv,core_research_summaries,keep,summary-level research evidence retained
research_output/long1_atr_ratio_nearby_family_stability_round1.trade_labels_all.csv,detailed_generated_audit_csvs,remove,redundant detailed generated research output; summary/recommendation evidence retained
research_output/long1_atr_ratio_precursor_floor_round1.group_comparison_summary.csv,detailed_generated_audit_csvs,remove,redundant detailed generated research output; summary/recommendation evidence retained
research_output/long1_atr_ratio_precursor_floor_round1.group_distribution_summary.csv,detailed_generated_audit_csvs,remove,redundant detailed generated research output; summary/recommendation evidence retained
research_output/long1_atr_ratio_precursor_floor_round1.recommendation.csv,core_research_summaries,keep,summary-level research evidence retained
research_output/long1_atr_ratio_precursor_floor_round1.trade_labels_all.csv,detailed_generated_audit_csvs,remove,redundant detailed generated research output; summary/recommendation evidence retained
research_output/long1_atr_ratio_timing_audit_round1.group_comparison_summary.csv,detailed_generated_audit_csvs,remove,redundant detailed generated research output; summary/recommendation evidence retained
research_output/long1_atr_ratio_timing_audit_round1.group_distribution_summary.csv,detailed_generated_audit_csvs,remove,redundant detailed generated research output; summary/recommendation evidence retained
research_output/long1_atr_ratio_timing_audit_round1.recommendation.csv,core_research_summaries,keep,summary-level research evidence retained
research_output/long1_atr_ratio_timing_audit_round1.trade_labels_all.csv,detailed_generated_audit_csvs,remove,redundant detailed generated research output; summary/recommendation evidence retained
research_output/long1_broader_release_parent_compound_failure_round1.group_comparison_summary.csv,detailed_generated_audit_csvs,remove,redundant detailed generated research output; summary/recommendation evidence retained
research_output/long1_broader_release_parent_compound_failure_round1.group_distribution_summary.csv,detailed_generated_audit_csvs,remove,redundant detailed generated research output; summary/recommendation evidence retained
research_output/long1_broader_release_parent_compound_failure_round1.recommendation.csv,core_research_summaries,keep,summary-level research evidence retained
research_output/long1_broader_release_parent_compound_failure_round1.trade_labels_all.csv,detailed_generated_audit_csvs,remove,redundant detailed generated research output; summary/recommendation evidence retained
research_output/long1_carried_forward_explanation_freeze_round1.group_comparison_summary.csv,detailed_generated_audit_csvs,remove,redundant detailed generated research output; summary/recommendation evidence retained
research_output/long1_carried_forward_explanation_freeze_round1.group_distribution_summary.csv,detailed_generated_audit_csvs,remove,redundant detailed generated research output; summary/recommendation evidence retained
research_output/long1_carried_forward_explanation_freeze_round1.recommendation.csv,core_research_summaries,keep,summary-level research evidence retained
research_output/long1_continuation_archetypes_round1.archetype_concentration_summary.csv,detailed_generated_audit_csvs,remove,redundant detailed generated research output; summary/recommendation evidence retained
research_output/long1_continuation_archetypes_round1.archetype_distribution_all_losers.csv,detailed_generated_audit_csvs,remove,redundant detailed generated research output; summary/recommendation evidence retained
research_output/long1_continuation_archetypes_round1.archetype_distribution_all_trades.csv,detailed_generated_audit_csvs,remove,redundant detailed generated research output; summary/recommendation evidence retained
research_output/long1_continuation_archetypes_round1.archetype_distribution_historical_winners.csv,detailed_generated_audit_csvs,remove,redundant detailed generated research output; summary/recommendation evidence retained
research_output/long1_continuation_archetypes_round1.recommendation.csv,core_research_summaries,keep,summary-level research evidence retained
research_output/long1_continuation_archetypes_round1.trade_labels_2025_2026.csv,detailed_generated_audit_csvs,remove,redundant detailed generated research output; summary/recommendation evidence retained
research_output/long1_continuation_archetypes_round1.trade_labels_all.csv,detailed_generated_audit_csvs,remove,redundant detailed generated research output; summary/recommendation evidence retained
research_output/long1_continuation_archetypes_round2.archetype_concentration_summary.csv,detailed_generated_audit_csvs,remove,redundant detailed generated research output; summary/recommendation evidence retained
research_output/long1_continuation_archetypes_round2.archetype_distribution_all_losers.csv,detailed_generated_audit_csvs,remove,redundant detailed generated research output; summary/recommendation evidence retained
research_output/long1_continuation_archetypes_round2.archetype_distribution_all_trades.csv,detailed_generated_audit_csvs,remove,redundant detailed generated research output; summary/recommendation evidence retained
research_output/long1_continuation_archetypes_round2.archetype_distribution_historical_winners.csv,detailed_generated_audit_csvs,remove,redundant detailed generated research output; summary/recommendation evidence retained
research_output/long1_continuation_archetypes_round2.recommendation.csv,core_research_summaries,keep,summary-level research evidence retained
research_output/long1_continuation_archetypes_round2.trade_labels_2025_2026.csv,detailed_generated_audit_csvs,remove,redundant detailed generated research output; summary/recommendation evidence retained
research_output/long1_continuation_archetypes_round2.trade_labels_all.csv,detailed_generated_audit_csvs,remove,redundant detailed generated research output; summary/recommendation evidence retained
research_output/long1_current_explanation_closure_round1.group_comparison_summary.csv,detailed_generated_audit_csvs,remove,redundant detailed generated research output; summary/recommendation evidence retained
research_output/long1_current_explanation_closure_round1.group_distribution_summary.csv,detailed_generated_audit_csvs,remove,redundant detailed generated research output; summary/recommendation evidence retained
research_output/long1_current_explanation_closure_round1.recommendation.csv,core_research_summaries,keep,summary-level research evidence retained
research_output/long1_current_explanation_closure_round1.trade_labels_all.csv,detailed_generated_audit_csvs,remove,redundant detailed generated research output; summary/recommendation evidence retained
research_output/long1_current_explanation_replication_round1.group_comparison_summary.csv,detailed_generated_audit_csvs,remove,redundant detailed generated research output; summary/recommendation evidence retained
research_output/long1_current_explanation_replication_round1.group_distribution_summary.csv,detailed_generated_audit_csvs,remove,redundant detailed generated research output; summary/recommendation evidence retained
research_output/long1_current_explanation_replication_round1.recommendation.csv,core_research_summaries,keep,summary-level research evidence retained
research_output/long1_current_explanation_replication_round1.trade_labels_all.csv,detailed_generated_audit_csvs,remove,redundant detailed generated research output; summary/recommendation evidence retained
research_output/long1_directional_preparation_decomposition_round1.group_comparison_summary.csv,detailed_generated_audit_csvs,remove,redundant detailed generated research output; summary/recommendation evidence retained
research_output/long1_directional_preparation_decomposition_round1.group_distribution_summary.csv,detailed_generated_audit_csvs,remove,redundant detailed generated research output; summary/recommendation evidence retained
research_output/long1_directional_preparation_decomposition_round1.recommendation.csv,core_research_summaries,keep,summary-level research evidence retained
research_output/long1_directional_preparation_decomposition_round1.trade_labels_all.csv,detailed_generated_audit_csvs,remove,redundant detailed generated research output; summary/recommendation evidence retained
research_output/long1_example_validation_audit_round1.group_comparison_summary.csv,detailed_generated_audit_csvs,remove,redundant detailed generated research output; summary/recommendation evidence retained
research_output/long1_example_validation_audit_round1.group_distribution_summary.csv,detailed_generated_audit_csvs,remove,redundant detailed generated research output; summary/recommendation evidence retained
research_output/long1_example_validation_audit_round1.recommendation.csv,core_research_summaries,keep,summary-level research evidence retained
research_output/long1_example_validation_audit_round1.trade_labels_all.csv,detailed_generated_audit_csvs,remove,redundant detailed generated research output; summary/recommendation evidence retained
research_output/long1_final_research_handoff_round1.handoff_note.md,core_research_summaries,keep,summary-level research evidence retained
research_output/long1_final_research_handoff_round1.summary.csv,core_research_summaries,keep,summary-level research evidence retained
research_output/long1_fresh_sponsorship_round1.group_distribution_summary.csv,detailed_generated_audit_csvs,remove,redundant detailed generated research output; summary/recommendation evidence retained
research_output/long1_fresh_sponsorship_round1.recommendation.csv,core_research_summaries,keep,summary-level research evidence retained
research_output/long1_fresh_sponsorship_round1.trade_labels_all.csv,detailed_generated_audit_csvs,remove,redundant detailed generated research output; summary/recommendation evidence retained
research_output/long1_frozen_explanation_holdout_validation_round1.group_comparison_summary.csv,detailed_generated_audit_csvs,remove,redundant detailed generated research output; summary/recommendation evidence retained
research_output/long1_frozen_explanation_holdout_validation_round1.group_distribution_summary.csv,detailed_generated_audit_csvs,remove,redundant detailed generated research output; summary/recommendation evidence retained
research_output/long1_frozen_explanation_holdout_validation_round1.recommendation.csv,core_research_summaries,keep,summary-level research evidence retained
research_output/long1_frozen_explanation_holdout_validation_round1.trade_labels_all.csv,detailed_generated_audit_csvs,remove,redundant detailed generated research output; summary/recommendation evidence retained
research_output/long1_frozen_explanation_orderly_parent_validation_round1.group_comparison_summary.csv,detailed_generated_audit_csvs,remove,redundant detailed generated research output; summary/recommendation evidence retained
research_output/long1_frozen_explanation_orderly_parent_validation_round1.group_distribution_summary.csv,detailed_generated_audit_csvs,remove,redundant detailed generated research output; summary/recommendation evidence retained
research_output/long1_frozen_explanation_orderly_parent_validation_round1.recommendation.csv,core_research_summaries,keep,summary-level research evidence retained
research_output/long1_frozen_explanation_orderly_parent_validation_round1.trade_labels_all.csv,detailed_generated_audit_csvs,remove,redundant detailed generated research output; summary/recommendation evidence retained
research_output/long1_frozen_explanation_time_validation_round1.group_comparison_summary.csv,detailed_generated_audit_csvs,remove,redundant detailed generated research output; summary/recommendation evidence retained
research_output/long1_frozen_explanation_time_validation_round1.group_distribution_summary.csv,detailed_generated_audit_csvs,remove,redundant detailed generated research output; summary/recommendation evidence retained
research_output/long1_frozen_explanation_time_validation_round1.recommendation.csv,core_research_summaries,keep,summary-level research evidence retained
research_output/long1_frozen_explanation_time_validation_round1.trade_labels_all.csv,detailed_generated_audit_csvs,remove,redundant detailed generated research output; summary/recommendation evidence retained
research_output/long1_frozen_validation_baseline_note_round1.group_comparison_summary.csv,detailed_generated_audit_csvs,remove,redundant detailed generated research output; summary/recommendation evidence retained
research_output/long1_frozen_validation_baseline_note_round1.group_distribution_summary.csv,detailed_generated_audit_csvs,remove,redundant detailed generated research output; summary/recommendation evidence retained
research_output/long1_frozen_validation_baseline_note_round1.recommendation.csv,core_research_summaries,keep,summary-level research evidence retained
research_output/long1_larger_market_basket_frozen_explanation_validation_round1.aggregate_basket_composition_summary.csv,detailed_generated_audit_csvs,remove,redundant detailed generated research output; summary/recommendation evidence retained
research_output/long1_larger_market_basket_frozen_explanation_validation_round1.core_recurrence_assessment.csv,detailed_generated_audit_csvs,remove,redundant detailed generated research output; summary/recommendation evidence retained
research_output/long1_larger_market_basket_frozen_explanation_validation_round1.dataset_basket_confirmation.csv,detailed_generated_audit_csvs,remove,redundant detailed generated research output; summary/recommendation evidence retained
research_output/long1_larger_market_basket_frozen_explanation_validation_round1.market_metrics_summary.csv,detailed_generated_audit_csvs,remove,redundant detailed generated research output; summary/recommendation evidence retained
research_output/long1_larger_market_basket_frozen_explanation_validation_round1.per_market_composition_summary.csv,detailed_generated_audit_csvs,remove,redundant detailed generated research output; summary/recommendation evidence retained
research_output/long1_larger_market_basket_frozen_explanation_validation_round1.recommendation.csv,core_research_summaries,keep,summary-level research evidence retained
research_output/long1_larger_market_basket_frozen_explanation_validation_round1.stop_marker.md,core_research_summaries,keep,summary-level research evidence retained
research_output/long1_larger_market_basket_frozen_explanation_validation_round1.supporting_note_parked_hint_assessment.csv,detailed_generated_audit_csvs,remove,redundant detailed generated research output; summary/recommendation evidence retained
research_output/long1_larger_market_basket_frozen_explanation_validation_round1.trade_labels_all.csv,detailed_generated_audit_csvs,remove,redundant detailed generated research output; summary/recommendation evidence retained
research_output/long1_larger_market_basket_material_inventory_round1.dataset_quality_table.csv,detailed_generated_audit_csvs,remove,redundant detailed generated research output; summary/recommendation evidence retained
research_output/long1_larger_market_basket_material_inventory_round1.failed_or_invalid_candidates.csv,detailed_generated_audit_csvs,remove,redundant detailed generated research output; summary/recommendation evidence retained
research_output/long1_larger_market_basket_material_inventory_round1.recommendation.csv,core_research_summaries,keep,summary-level research evidence retained
research_output/long1_larger_market_basket_material_inventory_round1.usable_market_basket_ranking.csv,detailed_generated_audit_csvs,remove,redundant detailed generated research output; summary/recommendation evidence retained
research_output/long1_momentum_candidate_profiles_round1.candidate_stability_summary.csv,detailed_generated_audit_csvs,remove,redundant detailed generated research output; summary/recommendation evidence retained
research_output/long1_momentum_candidate_profiles_round1.exclusion_reason_summary.csv,detailed_generated_audit_csvs,remove,redundant detailed generated research output; summary/recommendation evidence retained
research_output/long1_momentum_candidate_profiles_round1.profile_distribution_summary.csv,detailed_generated_audit_csvs,remove,redundant detailed generated research output; summary/recommendation evidence retained
research_output/long1_momentum_candidate_profiles_round1.recommendation.csv,core_research_summaries,keep,summary-level research evidence retained
research_output/long1_momentum_candidate_profiles_round1.trade_labels_all.csv,detailed_generated_audit_csvs,remove,redundant detailed generated research output; summary/recommendation evidence retained
research_output/long1_momentum_candidate_round1.label_distribution_summary.csv,detailed_generated_audit_csvs,remove,redundant detailed generated research output; summary/recommendation evidence retained
research_output/long1_momentum_candidate_round1.recommendation.csv,core_research_summaries,keep,summary-level research evidence retained
research_output/long1_momentum_candidate_round1.trade_labels_all.csv,detailed_generated_audit_csvs,remove,redundant detailed generated research output; summary/recommendation evidence retained
research_output/long1_nonintact_asymmetry_crosspattern_round1.group_comparison_summary.csv,detailed_generated_audit_csvs,remove,redundant detailed generated research output; summary/recommendation evidence retained
research_output/long1_nonintact_asymmetry_crosspattern_round1.group_distribution_summary.csv,detailed_generated_audit_csvs,remove,redundant detailed generated research output; summary/recommendation evidence retained
research_output/long1_nonintact_asymmetry_crosspattern_round1.recommendation.csv,core_research_summaries,keep,summary-level research evidence retained
research_output/long1_nonintact_asymmetry_crosspattern_round1.trade_labels_all.csv,detailed_generated_audit_csvs,remove,redundant detailed generated research output; summary/recommendation evidence retained
research_output/long1_nonintact_earliest_divergence_round1.group_comparison_summary.csv,detailed_generated_audit_csvs,remove,redundant detailed generated research output; summary/recommendation evidence retained
research_output/long1_nonintact_earliest_divergence_round1.group_distribution_summary.csv,detailed_generated_audit_csvs,remove,redundant detailed generated research output; summary/recommendation evidence retained
research_output/long1_nonintact_earliest_divergence_round1.recommendation.csv,core_research_summaries,keep,summary-level research evidence retained
research_output/long1_nonintact_earliest_divergence_round1.trade_labels_all.csv,detailed_generated_audit_csvs,remove,redundant detailed generated research output; summary/recommendation evidence retained
research_output/long1_orderly_reset_acceptance_persistence_validation_round1.group_comparison_summary.csv,detailed_generated_audit_csvs,remove,redundant detailed generated research output; summary/recommendation evidence retained
research_output/long1_orderly_reset_acceptance_persistence_validation_round1.group_distribution_summary.csv,detailed_generated_audit_csvs,remove,redundant detailed generated research output; summary/recommendation evidence retained
research_output/long1_orderly_reset_acceptance_persistence_validation_round1.recommendation.csv,core_research_summaries,keep,summary-level research evidence retained
research_output/long1_orderly_reset_acceptance_persistence_validation_round1.trade_labels_all.csv,detailed_generated_audit_csvs,remove,redundant detailed generated research output; summary/recommendation evidence retained
research_output/long1_orderly_reset_intact_not_accepted_missing_layer_round1.group_comparison_summary.csv,detailed_generated_audit_csvs,remove,redundant detailed generated research output; summary/recommendation evidence retained
research_output/long1_orderly_reset_intact_not_accepted_missing_layer_round1.group_distribution_summary.csv,detailed_generated_audit_csvs,remove,redundant detailed generated research output; summary/recommendation evidence retained
research_output/long1_orderly_reset_intact_not_accepted_missing_layer_round1.recommendation.csv,core_research_summaries,keep,summary-level research evidence retained
research_output/long1_orderly_reset_intact_not_accepted_missing_layer_round1.trade_labels_all.csv,detailed_generated_audit_csvs,remove,redundant detailed generated research output; summary/recommendation evidence retained
research_output/long1_orderly_reset_late_slice_mode_audit_round1.group_comparison_summary.csv,detailed_generated_audit_csvs,remove,redundant detailed generated research output; summary/recommendation evidence retained
research_output/long1_orderly_reset_late_slice_mode_audit_round1.group_distribution_summary.csv,detailed_generated_audit_csvs,remove,redundant detailed generated research output; summary/recommendation evidence retained
research_output/long1_orderly_reset_late_slice_mode_audit_round1.recommendation.csv,core_research_summaries,keep,summary-level research evidence retained
research_output/long1_orderly_reset_late_slice_mode_audit_round1.trade_labels_all.csv,detailed_generated_audit_csvs,remove,redundant detailed generated research output; summary/recommendation evidence retained
research_output/long1_orderly_reset_loose_missing_good_support_residence_round1.group_comparison_summary.csv,detailed_generated_audit_csvs,remove,redundant detailed generated research output; summary/recommendation evidence retained
research_output/long1_orderly_reset_loose_missing_good_support_residence_round1.group_distribution_summary.csv,detailed_generated_audit_csvs,remove,redundant detailed generated research output; summary/recommendation evidence retained
research_output/long1_orderly_reset_loose_missing_good_support_residence_round1.recommendation.csv,core_research_summaries,keep,summary-level research evidence retained
research_output/long1_orderly_reset_loose_missing_good_support_residence_round1.trade_labels_all.csv,detailed_generated_audit_csvs,remove,redundant detailed generated research output; summary/recommendation evidence retained
research_output/long1_orderly_reset_parent_underprepared_round1.group_comparison_summary.csv,detailed_generated_audit_csvs,remove,redundant detailed generated research output; summary/recommendation evidence retained
research_output/long1_orderly_reset_parent_underprepared_round1.group_distribution_summary.csv,detailed_generated_audit_csvs,remove,redundant detailed generated research output; summary/recommendation evidence retained
research_output/long1_orderly_reset_parent_underprepared_round1.recommendation.csv,core_research_summaries,keep,summary-level research evidence retained
research_output/long1_orderly_reset_parent_underprepared_round1.trade_labels_all.csv,detailed_generated_audit_csvs,remove,redundant detailed generated research output; summary/recommendation evidence retained
research_output/long1_orderly_reset_post2022_accepted_core_alignment_round1.group_comparison_summary.csv,detailed_generated_audit_csvs,remove,redundant detailed generated research output; summary/recommendation evidence retained
research_output/long1_orderly_reset_post2022_accepted_core_alignment_round1.group_distribution_summary.csv,detailed_generated_audit_csvs,remove,redundant detailed generated research output; summary/recommendation evidence retained
research_output/long1_orderly_reset_post2022_accepted_core_alignment_round1.recommendation.csv,core_research_summaries,keep,summary-level research evidence retained
research_output/long1_orderly_reset_post2022_accepted_core_alignment_round1.trade_labels_all.csv,detailed_generated_audit_csvs,remove,redundant detailed generated research output; summary/recommendation evidence retained
research_output/long1_orderly_reset_post2022_positive_relocation_round1.group_comparison_summary.csv,detailed_generated_audit_csvs,remove,redundant detailed generated research output; summary/recommendation evidence retained
research_output/long1_orderly_reset_post2022_positive_relocation_round1.group_distribution_summary.csv,detailed_generated_audit_csvs,remove,redundant detailed generated research output; summary/recommendation evidence retained
research_output/long1_orderly_reset_post2022_positive_relocation_round1.recommendation.csv,core_research_summaries,keep,summary-level research evidence retained
research_output/long1_orderly_reset_post2022_positive_relocation_round1.trade_labels_all.csv,detailed_generated_audit_csvs,remove,redundant detailed generated research output; summary/recommendation evidence retained
research_output/long1_orderly_reset_post2022_scope_audit_round1.group_comparison_summary.csv,detailed_generated_audit_csvs,remove,redundant detailed generated research output; summary/recommendation evidence retained
research_output/long1_orderly_reset_post2022_scope_audit_round1.group_distribution_summary.csv,detailed_generated_audit_csvs,remove,redundant detailed generated research output; summary/recommendation evidence retained
research_output/long1_orderly_reset_post2022_scope_audit_round1.recommendation.csv,core_research_summaries,keep,summary-level research evidence retained
research_output/long1_orderly_reset_post2022_scope_audit_round1.trade_labels_all.csv,detailed_generated_audit_csvs,remove,redundant detailed generated research output; summary/recommendation evidence retained
research_output/long1_orderly_reset_pre_acceptance_gate_round1.group_comparison_summary.csv,detailed_generated_audit_csvs,remove,redundant detailed generated research output; summary/recommendation evidence retained
research_output/long1_orderly_reset_pre_acceptance_gate_round1.group_distribution_summary.csv,detailed_generated_audit_csvs,remove,redundant detailed generated research output; summary/recommendation evidence retained
research_output/long1_orderly_reset_pre_acceptance_gate_round1.recommendation.csv,core_research_summaries,keep,summary-level research evidence retained
research_output/long1_orderly_reset_pre_acceptance_gate_round1.trade_labels_all.csv,detailed_generated_audit_csvs,remove,redundant detailed generated research output; summary/recommendation evidence retained
research_output/long1_orderly_reset_prepost2022_branch_compare_round1.group_comparison_summary.csv,detailed_generated_audit_csvs,remove,redundant detailed generated research output; summary/recommendation evidence retained
research_output/long1_orderly_reset_prepost2022_branch_compare_round1.group_distribution_summary.csv,detailed_generated_audit_csvs,remove,redundant detailed generated research output; summary/recommendation evidence retained
research_output/long1_orderly_reset_prepost2022_branch_compare_round1.recommendation.csv,core_research_summaries,keep,summary-level research evidence retained
research_output/long1_orderly_reset_prepost2022_branch_compare_round1.trade_labels_all.csv,detailed_generated_audit_csvs,remove,redundant detailed generated research output; summary/recommendation evidence retained
research_output/long1_orderly_reset_prepost2022_layer_dropoff_round1.group_comparison_summary.csv,detailed_generated_audit_csvs,remove,redundant detailed generated research output; summary/recommendation evidence retained
research_output/long1_orderly_reset_prepost2022_layer_dropoff_round1.group_distribution_summary.csv,detailed_generated_audit_csvs,remove,redundant detailed generated research output; summary/recommendation evidence retained
research_output/long1_orderly_reset_prepost2022_layer_dropoff_round1.recommendation.csv,core_research_summaries,keep,summary-level research evidence retained
research_output/long1_orderly_reset_prepost2022_layer_dropoff_round1.trade_labels_all.csv,detailed_generated_audit_csvs,remove,redundant detailed generated research output; summary/recommendation evidence retained
research_output/long1_orderly_reset_round1.group_comparison_summary.csv,detailed_generated_audit_csvs,remove,redundant detailed generated research output; summary/recommendation evidence retained
research_output/long1_orderly_reset_round1.group_distribution_summary.csv,detailed_generated_audit_csvs,remove,redundant detailed generated research output; summary/recommendation evidence retained
research_output/long1_orderly_reset_round1.recommendation.csv,core_research_summaries,keep,summary-level research evidence retained
research_output/long1_orderly_reset_round1.trade_labels_all.csv,detailed_generated_audit_csvs,remove,redundant detailed generated research output; summary/recommendation evidence retained
research_output/long1_orderly_reset_round2.group_comparison_summary.csv,detailed_generated_audit_csvs,remove,redundant detailed generated research output; summary/recommendation evidence retained
research_output/long1_orderly_reset_round2.group_distribution_summary.csv,detailed_generated_audit_csvs,remove,redundant detailed generated research output; summary/recommendation evidence retained
research_output/long1_orderly_reset_round2.recommendation.csv,core_research_summaries,keep,summary-level research evidence retained
research_output/long1_orderly_reset_round2.trade_labels_all.csv,detailed_generated_audit_csvs,remove,redundant detailed generated research output; summary/recommendation evidence retained
research_output/long1_orderly_reset_support_acceptance_boundary_round1.group_comparison_summary.csv,detailed_generated_audit_csvs,remove,redundant detailed generated research output; summary/recommendation evidence retained
research_output/long1_orderly_reset_support_acceptance_boundary_round1.group_distribution_summary.csv,detailed_generated_audit_csvs,remove,redundant detailed generated research output; summary/recommendation evidence retained
research_output/long1_orderly_reset_support_acceptance_boundary_round1.recommendation.csv,core_research_summaries,keep,summary-level research evidence retained
research_output/long1_orderly_reset_support_acceptance_boundary_round1.trade_labels_all.csv,detailed_generated_audit_csvs,remove,redundant detailed generated research output; summary/recommendation evidence retained
research_output/long1_orderly_reset_support_residence_nearby_frame_round1.group_comparison_summary.csv,detailed_generated_audit_csvs,remove,redundant detailed generated research output; summary/recommendation evidence retained
research_output/long1_orderly_reset_support_residence_nearby_frame_round1.group_distribution_summary.csv,detailed_generated_audit_csvs,remove,redundant detailed generated research output; summary/recommendation evidence retained
research_output/long1_orderly_reset_support_residence_nearby_frame_round1.recommendation.csv,core_research_summaries,keep,summary-level research evidence retained
research_output/long1_orderly_reset_support_residence_nearby_frame_round1.trade_labels_all.csv,detailed_generated_audit_csvs,remove,redundant detailed generated research output; summary/recommendation evidence retained
research_output/long1_orderly_reset_support_residence_same_family_slice_round1.group_comparison_summary.csv,detailed_generated_audit_csvs,remove,redundant detailed generated research output; summary/recommendation evidence retained
research_output/long1_orderly_reset_support_residence_same_family_slice_round1.group_distribution_summary.csv,detailed_generated_audit_csvs,remove,redundant detailed generated research output; summary/recommendation evidence retained
research_output/long1_orderly_reset_support_residence_same_family_slice_round1.recommendation.csv,core_research_summaries,keep,summary-level research evidence retained
research_output/long1_orderly_reset_support_residence_same_family_slice_round1.trade_labels_all.csv,detailed_generated_audit_csvs,remove,redundant detailed generated research output; summary/recommendation evidence retained
research_output/long1_orderly_reset_support_residence_second_nearby_frame_round1.group_comparison_summary.csv,detailed_generated_audit_csvs,remove,redundant detailed generated research output; summary/recommendation evidence retained
research_output/long1_orderly_reset_support_residence_second_nearby_frame_round1.group_distribution_summary.csv,detailed_generated_audit_csvs,remove,redundant detailed generated research output; summary/recommendation evidence retained
research_output/long1_orderly_reset_support_residence_second_nearby_frame_round1.recommendation.csv,core_research_summaries,keep,summary-level research evidence retained
research_output/long1_orderly_reset_support_residence_second_nearby_frame_round1.trade_labels_all.csv,detailed_generated_audit_csvs,remove,redundant detailed generated research output; summary/recommendation evidence retained
research_output/long1_orderly_reset_support_residence_specificity_round1.group_comparison_summary.csv,detailed_generated_audit_csvs,remove,redundant detailed generated research output; summary/recommendation evidence retained
research_output/long1_orderly_reset_support_residence_specificity_round1.group_distribution_summary.csv,detailed_generated_audit_csvs,remove,redundant detailed generated research output; summary/recommendation evidence retained
research_output/long1_orderly_reset_support_residence_specificity_round1.recommendation.csv,core_research_summaries,keep,summary-level research evidence retained
research_output/long1_orderly_reset_support_residence_specificity_round1.trade_labels_all.csv,detailed_generated_audit_csvs,remove,redundant detailed generated research output; summary/recommendation evidence retained
research_output/long1_orderly_reset_three_layer_same_family_partition_round1.group_comparison_summary.csv,detailed_generated_audit_csvs,remove,redundant detailed generated research output; summary/recommendation evidence retained
research_output/long1_orderly_reset_three_layer_same_family_partition_round1.group_distribution_summary.csv,detailed_generated_audit_csvs,remove,redundant detailed generated research output; summary/recommendation evidence retained
research_output/long1_orderly_reset_three_layer_same_family_partition_round1.recommendation.csv,core_research_summaries,keep,summary-level research evidence retained
research_output/long1_orderly_reset_three_layer_same_family_partition_round1.trade_labels_all.csv,detailed_generated_audit_csvs,remove,redundant detailed generated research output; summary/recommendation evidence retained
research_output/long1_orderly_reset_three_layer_stack_dependency_round1.group_comparison_summary.csv,detailed_generated_audit_csvs,remove,redundant detailed generated research output; summary/recommendation evidence retained
research_output/long1_orderly_reset_three_layer_stack_dependency_round1.group_distribution_summary.csv,detailed_generated_audit_csvs,remove,redundant detailed generated research output; summary/recommendation evidence retained
research_output/long1_orderly_reset_three_layer_stack_dependency_round1.recommendation.csv,core_research_summaries,keep,summary-level research evidence retained
research_output/long1_orderly_reset_three_layer_stack_dependency_round1.trade_labels_all.csv,detailed_generated_audit_csvs,remove,redundant detailed generated research output; summary/recommendation evidence retained
research_output/long1_orderly_reset_three_layer_stack_validation_round1.group_comparison_summary.csv,detailed_generated_audit_csvs,remove,redundant detailed generated research output; summary/recommendation evidence retained
research_output/long1_orderly_reset_three_layer_stack_validation_round1.group_distribution_summary.csv,detailed_generated_audit_csvs,remove,redundant detailed generated research output; summary/recommendation evidence retained
research_output/long1_orderly_reset_three_layer_stack_validation_round1.recommendation.csv,core_research_summaries,keep,summary-level research evidence retained
research_output/long1_orderly_reset_three_layer_stack_validation_round1.trade_labels_all.csv,detailed_generated_audit_csvs,remove,redundant detailed generated research output; summary/recommendation evidence retained
research_output/long1_orderly_reset_three_layer_timeslice_validation_round1.group_comparison_summary.csv,detailed_generated_audit_csvs,remove,redundant detailed generated research output; summary/recommendation evidence retained
research_output/long1_orderly_reset_three_layer_timeslice_validation_round1.group_distribution_summary.csv,detailed_generated_audit_csvs,remove,redundant detailed generated research output; summary/recommendation evidence retained
research_output/long1_orderly_reset_three_layer_timeslice_validation_round1.recommendation.csv,core_research_summaries,keep,summary-level research evidence retained
research_output/long1_orderly_reset_three_layer_timeslice_validation_round1.trade_labels_all.csv,detailed_generated_audit_csvs,remove,redundant detailed generated research output; summary/recommendation evidence retained
research_output/long1_post2022_accepted_side_nearmiss_round1.group_comparison_summary.csv,detailed_generated_audit_csvs,remove,redundant detailed generated research output; summary/recommendation evidence retained
research_output/long1_post2022_accepted_side_nearmiss_round1.group_distribution_summary.csv,detailed_generated_audit_csvs,remove,redundant detailed generated research output; summary/recommendation evidence retained
research_output/long1_post2022_accepted_side_nearmiss_round1.recommendation.csv,core_research_summaries,keep,summary-level research evidence retained
research_output/long1_post2022_accepted_side_nearmiss_round1.trade_labels_all.csv,detailed_generated_audit_csvs,remove,redundant detailed generated research output; summary/recommendation evidence retained
research_output/long1_post2022_accepted_side_recurrence_round1.group_comparison_summary.csv,detailed_generated_audit_csvs,remove,redundant detailed generated research output; summary/recommendation evidence retained
research_output/long1_post2022_accepted_side_recurrence_round1.group_distribution_summary.csv,detailed_generated_audit_csvs,remove,redundant detailed generated research output; summary/recommendation evidence retained
research_output/long1_post2022_accepted_side_recurrence_round1.recommendation.csv,core_research_summaries,keep,summary-level research evidence retained
research_output/long1_post2022_accepted_side_recurrence_round1.trade_labels_all.csv,detailed_generated_audit_csvs,remove,redundant detailed generated research output; summary/recommendation evidence retained
research_output/long1_post2022_survivor_vs_fragility_round1.group_comparison_summary.csv,detailed_generated_audit_csvs,remove,redundant detailed generated research output; summary/recommendation evidence retained
research_output/long1_post2022_survivor_vs_fragility_round1.group_distribution_summary.csv,detailed_generated_audit_csvs,remove,redundant detailed generated research output; summary/recommendation evidence retained
research_output/long1_post2022_survivor_vs_fragility_round1.recommendation.csv,core_research_summaries,keep,summary-level research evidence retained
research_output/long1_post2022_survivor_vs_fragility_round1.trade_labels_all.csv,detailed_generated_audit_csvs,remove,redundant detailed generated research output; summary/recommendation evidence retained
research_output/long1_post2022_upstream_fragility_components_round1.group_comparison_summary.csv,detailed_generated_audit_csvs,remove,redundant detailed generated research output; summary/recommendation evidence retained
research_output/long1_post2022_upstream_fragility_components_round1.group_distribution_summary.csv,detailed_generated_audit_csvs,remove,redundant detailed generated research output; summary/recommendation evidence retained
research_output/long1_post2022_upstream_fragility_components_round1.recommendation.csv,core_research_summaries,keep,summary-level research evidence retained
research_output/long1_post2022_upstream_fragility_components_round1.trade_labels_all.csv,detailed_generated_audit_csvs,remove,redundant detailed generated research output; summary/recommendation evidence retained
research_output/long1_post2022_weak_side_balance_round1.group_comparison_summary.csv,detailed_generated_audit_csvs,remove,redundant detailed generated research output; summary/recommendation evidence retained
research_output/long1_post2022_weak_side_balance_round1.group_distribution_summary.csv,detailed_generated_audit_csvs,remove,redundant detailed generated research output; summary/recommendation evidence retained
research_output/long1_post2022_weak_side_balance_round1.recommendation.csv,core_research_summaries,keep,summary-level research evidence retained
research_output/long1_post2022_weak_side_balance_round1.trade_labels_all.csv,detailed_generated_audit_csvs,remove,redundant detailed generated research output; summary/recommendation evidence retained
research_output/long1_pre2022_accepted_side_partial_buildup_round1.group_comparison_summary.csv,detailed_generated_audit_csvs,remove,redundant detailed generated research output; summary/recommendation evidence retained
research_output/long1_pre2022_accepted_side_partial_buildup_round1.group_distribution_summary.csv,detailed_generated_audit_csvs,remove,redundant detailed generated research output; summary/recommendation evidence retained
research_output/long1_pre2022_accepted_side_partial_buildup_round1.recommendation.csv,core_research_summaries,keep,summary-level research evidence retained
research_output/long1_pre2022_accepted_side_partial_buildup_round1.trade_labels_all.csv,detailed_generated_audit_csvs,remove,redundant detailed generated research output; summary/recommendation evidence retained
research_output/long1_pre2022_compact_completion_separator_round1.group_comparison_summary.csv,detailed_generated_audit_csvs,remove,redundant detailed generated research output; summary/recommendation evidence retained
research_output/long1_pre2022_compact_completion_separator_round1.group_distribution_summary.csv,detailed_generated_audit_csvs,remove,redundant detailed generated research output; summary/recommendation evidence retained
research_output/long1_pre2022_compact_completion_separator_round1.recommendation.csv,core_research_summaries,keep,summary-level research evidence retained
research_output/long1_pre2022_compact_completion_separator_round1.trade_labels_all.csv,detailed_generated_audit_csvs,remove,redundant detailed generated research output; summary/recommendation evidence retained
research_output/long1_pre2022_nonintact_buildup_driver_round1.group_comparison_summary.csv,detailed_generated_audit_csvs,remove,redundant detailed generated research output; summary/recommendation evidence retained
research_output/long1_pre2022_nonintact_buildup_driver_round1.group_distribution_summary.csv,detailed_generated_audit_csvs,remove,redundant detailed generated research output; summary/recommendation evidence retained
research_output/long1_pre2022_nonintact_buildup_driver_round1.recommendation.csv,core_research_summaries,keep,summary-level research evidence retained
research_output/long1_pre2022_nonintact_buildup_driver_round1.trade_labels_all.csv,detailed_generated_audit_csvs,remove,redundant detailed generated research output; summary/recommendation evidence retained
research_output/long1_prepost2022_accepted_side_density_round1.group_comparison_summary.csv,detailed_generated_audit_csvs,remove,redundant detailed generated research output; summary/recommendation evidence retained
research_output/long1_prepost2022_accepted_side_density_round1.group_distribution_summary.csv,detailed_generated_audit_csvs,remove,redundant detailed generated research output; summary/recommendation evidence retained
research_output/long1_prepost2022_accepted_side_density_round1.recommendation.csv,core_research_summaries,keep,summary-level research evidence retained
research_output/long1_prepost2022_accepted_side_density_round1.trade_labels_all.csv,detailed_generated_audit_csvs,remove,redundant detailed generated research output; summary/recommendation evidence retained
research_output/long1_prepost2022_accepted_support_stability_breadth_round1.group_comparison_summary.csv,detailed_generated_audit_csvs,remove,redundant detailed generated research output; summary/recommendation evidence retained
research_output/long1_prepost2022_accepted_support_stability_breadth_round1.group_distribution_summary.csv,detailed_generated_audit_csvs,remove,redundant detailed generated research output; summary/recommendation evidence retained
research_output/long1_prepost2022_accepted_support_stability_breadth_round1.recommendation.csv,core_research_summaries,keep,summary-level research evidence retained
research_output/long1_prepost2022_accepted_support_stability_breadth_round1.trade_labels_all.csv,detailed_generated_audit_csvs,remove,redundant detailed generated research output; summary/recommendation evidence retained
research_output/long1_prepost2022_boundary_breadth_balance_round1.group_comparison_summary.csv,detailed_generated_audit_csvs,remove,redundant detailed generated research output; summary/recommendation evidence retained
research_output/long1_prepost2022_boundary_breadth_balance_round1.group_distribution_summary.csv,detailed_generated_audit_csvs,remove,redundant detailed generated research output; summary/recommendation evidence retained
research_output/long1_prepost2022_boundary_breadth_balance_round1.recommendation.csv,core_research_summaries,keep,summary-level research evidence retained
research_output/long1_prepost2022_boundary_breadth_balance_round1.trade_labels_all.csv,detailed_generated_audit_csvs,remove,redundant detailed generated research output; summary/recommendation evidence retained
research_output/long1_prepost2022_buildup_population_loss_round1.group_comparison_summary.csv,detailed_generated_audit_csvs,remove,redundant detailed generated research output; summary/recommendation evidence retained
research_output/long1_prepost2022_buildup_population_loss_round1.group_distribution_summary.csv,detailed_generated_audit_csvs,remove,redundant detailed generated research output; summary/recommendation evidence retained
research_output/long1_prepost2022_buildup_population_loss_round1.recommendation.csv,core_research_summaries,keep,summary-level research evidence retained
research_output/long1_prepost2022_buildup_population_loss_round1.trade_labels_all.csv,detailed_generated_audit_csvs,remove,redundant detailed generated research output; summary/recommendation evidence retained
research_output/long1_prepost2022_directional_pathway_survival_round1.group_comparison_summary.csv,detailed_generated_audit_csvs,remove,redundant detailed generated research output; summary/recommendation evidence retained
research_output/long1_prepost2022_directional_pathway_survival_round1.group_distribution_summary.csv,detailed_generated_audit_csvs,remove,redundant detailed generated research output; summary/recommendation evidence retained
research_output/long1_prepost2022_directional_pathway_survival_round1.recommendation.csv,core_research_summaries,keep,summary-level research evidence retained
research_output/long1_prepost2022_directional_pathway_survival_round1.trade_labels_all.csv,detailed_generated_audit_csvs,remove,redundant detailed generated research output; summary/recommendation evidence retained
research_output/long1_prepost2022_gate_state_population_round1.group_comparison_summary.csv,detailed_generated_audit_csvs,remove,redundant detailed generated research output; summary/recommendation evidence retained
research_output/long1_prepost2022_gate_state_population_round1.group_distribution_summary.csv,detailed_generated_audit_csvs,remove,redundant detailed generated research output; summary/recommendation evidence retained
research_output/long1_prepost2022_gate_state_population_round1.recommendation.csv,core_research_summaries,keep,summary-level research evidence retained
research_output/long1_prepost2022_gate_state_population_round1.trade_labels_all.csv,detailed_generated_audit_csvs,remove,redundant detailed generated research output; summary/recommendation evidence retained
research_output/long1_reclaim_retest_before_recheck.label_concentration_summary.csv,detailed_generated_audit_csvs,remove,redundant detailed generated research output; summary/recommendation evidence retained
research_output/long1_reclaim_retest_before_recheck.label_distribution_2025_2026_losers.csv,detailed_generated_audit_csvs,remove,redundant detailed generated research output; summary/recommendation evidence retained
research_output/long1_reclaim_retest_before_recheck.label_distribution_all_trades.csv,detailed_generated_audit_csvs,remove,redundant detailed generated research output; summary/recommendation evidence retained
research_output/long1_reclaim_retest_before_recheck.label_distribution_historical_winners.csv,detailed_generated_audit_csvs,remove,redundant detailed generated research output; summary/recommendation evidence retained
research_output/long1_reclaim_retest_before_recheck.recommendation.csv,core_research_summaries,keep,summary-level research evidence retained
research_output/long1_reclaim_retest_before_recheck.trade_labels_2025_2026.csv,detailed_generated_audit_csvs,remove,redundant detailed generated research output; summary/recommendation evidence retained
research_output/long1_reclaim_retest_before_recheck.trade_labels_all.csv,detailed_generated_audit_csvs,remove,redundant detailed generated research output; summary/recommendation evidence retained
research_output/long1_reclaim_retest_reclaim_confirm.label_concentration_summary.csv,detailed_generated_audit_csvs,remove,redundant detailed generated research output; summary/recommendation evidence retained
research_output/long1_reclaim_retest_reclaim_confirm.label_distribution_2025_2026_losers.csv,detailed_generated_audit_csvs,remove,redundant detailed generated research output; summary/recommendation evidence retained
research_output/long1_reclaim_retest_reclaim_confirm.label_distribution_all_trades.csv,detailed_generated_audit_csvs,remove,redundant detailed generated research output; summary/recommendation evidence retained
research_output/long1_reclaim_retest_reclaim_confirm.label_distribution_historical_winners.csv,detailed_generated_audit_csvs,remove,redundant detailed generated research output; summary/recommendation evidence retained
research_output/long1_reclaim_retest_reclaim_confirm.recommendation.csv,core_research_summaries,keep,summary-level research evidence retained
research_output/long1_reclaim_retest_reclaim_confirm.trade_labels_2025_2026.csv,detailed_generated_audit_csvs,remove,redundant detailed generated research output; summary/recommendation evidence retained
research_output/long1_reclaim_retest_reclaim_confirm.trade_labels_all.csv,detailed_generated_audit_csvs,remove,redundant detailed generated research output; summary/recommendation evidence retained
research_output/long1_reclaim_retest_round1.label_concentration_summary.csv,detailed_generated_audit_csvs,remove,redundant detailed generated research output; summary/recommendation evidence retained
research_output/long1_reclaim_retest_round1.label_distribution_2025_2026_losers.csv,detailed_generated_audit_csvs,remove,redundant detailed generated research output; summary/recommendation evidence retained
research_output/long1_reclaim_retest_round1.label_distribution_all_trades.csv,detailed_generated_audit_csvs,remove,redundant detailed generated research output; summary/recommendation evidence retained
research_output/long1_reclaim_retest_round1.label_distribution_historical_winners.csv,detailed_generated_audit_csvs,remove,redundant detailed generated research output; summary/recommendation evidence retained
research_output/long1_reclaim_retest_round1.recommendation.csv,core_research_summaries,keep,summary-level research evidence retained
research_output/long1_reclaim_retest_round1.trade_labels_2025_2026.csv,detailed_generated_audit_csvs,remove,redundant detailed generated research output; summary/recommendation evidence retained
research_output/long1_reclaim_retest_round1.trade_labels_all.csv,detailed_generated_audit_csvs,remove,redundant detailed generated research output; summary/recommendation evidence retained
research_output/long1_sponsored_family_round1.group_comparison_summary.csv,detailed_generated_audit_csvs,remove,redundant detailed generated research output; summary/recommendation evidence retained
research_output/long1_sponsored_family_round1.group_distribution_summary.csv,detailed_generated_audit_csvs,remove,redundant detailed generated research output; summary/recommendation evidence retained
research_output/long1_sponsored_family_round1.recommendation.csv,core_research_summaries,keep,summary-level research evidence retained
research_output/long1_sponsored_family_round1.trade_labels_all.csv,detailed_generated_audit_csvs,remove,redundant detailed generated research output; summary/recommendation evidence retained
research_output/long1_support_acceptance_parent_transition_quality_round1.group_comparison_summary.csv,detailed_generated_audit_csvs,remove,redundant detailed generated research output; summary/recommendation evidence retained
research_output/long1_support_acceptance_parent_transition_quality_round1.group_distribution_summary.csv,detailed_generated_audit_csvs,remove,redundant detailed generated research output; summary/recommendation evidence retained
research_output/long1_support_acceptance_parent_transition_quality_round1.recommendation.csv,core_research_summaries,keep,summary-level research evidence retained
research_output/long1_support_acceptance_parent_transition_quality_round1.trade_labels_all.csv,detailed_generated_audit_csvs,remove,redundant detailed generated research output; summary/recommendation evidence retained
research_output/long1_support_acceptance_parent_underprepared_nonrelease_round1.group_comparison_summary.csv,detailed_generated_audit_csvs,remove,redundant detailed generated research output; summary/recommendation evidence retained
research_output/long1_support_acceptance_parent_underprepared_nonrelease_round1.group_distribution_summary.csv,detailed_generated_audit_csvs,remove,redundant detailed generated research output; summary/recommendation evidence retained
research_output/long1_support_acceptance_parent_underprepared_nonrelease_round1.recommendation.csv,core_research_summaries,keep,summary-level research evidence retained
research_output/long1_support_acceptance_parent_underprepared_nonrelease_round1.trade_labels_all.csv,detailed_generated_audit_csvs,remove,redundant detailed generated research output; summary/recommendation evidence retained
research_output/long1_support_acceptance_parent_underprepared_split_round1.group_comparison_summary.csv,detailed_generated_audit_csvs,remove,redundant detailed generated research output; summary/recommendation evidence retained
research_output/long1_support_acceptance_parent_underprepared_split_round1.group_distribution_summary.csv,detailed_generated_audit_csvs,remove,redundant detailed generated research output; summary/recommendation evidence retained
research_output/long1_support_acceptance_parent_underprepared_split_round1.recommendation.csv,core_research_summaries,keep,summary-level research evidence retained
research_output/long1_support_acceptance_parent_underprepared_split_round1.trade_labels_all.csv,detailed_generated_audit_csvs,remove,redundant detailed generated research output; summary/recommendation evidence retained
research_output/long1_support_accepted_round1.group_comparison_summary.csv,detailed_generated_audit_csvs,remove,redundant detailed generated research output; summary/recommendation evidence retained
research_output/long1_support_accepted_round1.group_distribution_summary.csv,detailed_generated_audit_csvs,remove,redundant detailed generated research output; summary/recommendation evidence retained
research_output/long1_support_accepted_round1.recommendation.csv,core_research_summaries,keep,summary-level research evidence retained
research_output/long1_support_accepted_round1.trade_labels_all.csv,detailed_generated_audit_csvs,remove,redundant detailed generated research output; summary/recommendation evidence retained
research_output/long1_support_anchored_round1.group_comparison_summary.csv,detailed_generated_audit_csvs,remove,redundant detailed generated research output; summary/recommendation evidence retained
research_output/long1_support_anchored_round1.group_distribution_summary.csv,detailed_generated_audit_csvs,remove,redundant detailed generated research output; summary/recommendation evidence retained
research_output/long1_support_anchored_round1.recommendation.csv,core_research_summaries,keep,summary-level research evidence retained
research_output/long1_support_anchored_round1.trade_labels_all.csv,detailed_generated_audit_csvs,remove,redundant detailed generated research output; summary/recommendation evidence retained
research_output/long1_support_contained_round1.group_comparison_summary.csv,detailed_generated_audit_csvs,remove,redundant detailed generated research output; summary/recommendation evidence retained
research_output/long1_support_contained_round1.group_distribution_summary.csv,detailed_generated_audit_csvs,remove,redundant detailed generated research output; summary/recommendation evidence retained
research_output/long1_support_contained_round1.recommendation.csv,core_research_summaries,keep,summary-level research evidence retained
research_output/long1_support_contained_round1.trade_labels_all.csv,detailed_generated_audit_csvs,remove,redundant detailed generated research output; summary/recommendation evidence retained
research_output/long1_support_rejecting_round1.group_comparison_summary.csv,detailed_generated_audit_csvs,remove,redundant detailed generated research output; summary/recommendation evidence retained
research_output/long1_support_rejecting_round1.group_distribution_summary.csv,detailed_generated_audit_csvs,remove,redundant detailed generated research output; summary/recommendation evidence retained
research_output/long1_support_rejecting_round1.recommendation.csv,core_research_summaries,keep,summary-level research evidence retained
research_output/long1_support_rejecting_round1.trade_labels_all.csv,detailed_generated_audit_csvs,remove,redundant detailed generated research output; summary/recommendation evidence retained
research_output/long1_support_releasing_balanced_round1.group_comparison_summary.csv,detailed_generated_audit_csvs,remove,redundant detailed generated research output; summary/recommendation evidence retained
research_output/long1_support_releasing_balanced_round1.group_distribution_summary.csv,detailed_generated_audit_csvs,remove,redundant detailed generated research output; summary/recommendation evidence retained
research_output/long1_support_releasing_balanced_round1.recommendation.csv,core_research_summaries,keep,summary-level research evidence retained
research_output/long1_support_releasing_balanced_round1.trade_labels_all.csv,detailed_generated_audit_csvs,remove,redundant detailed generated research output; summary/recommendation evidence retained
research_output/long1_support_releasing_ceiling_dominant_round1.group_comparison_summary.csv,detailed_generated_audit_csvs,remove,redundant detailed generated research output; summary/recommendation evidence retained
research_output/long1_support_releasing_ceiling_dominant_round1.group_distribution_summary.csv,detailed_generated_audit_csvs,remove,redundant detailed generated research output; summary/recommendation evidence retained
research_output/long1_support_releasing_ceiling_dominant_round1.recommendation.csv,core_research_summaries,keep,summary-level research evidence retained
research_output/long1_support_releasing_ceiling_dominant_round1.trade_labels_all.csv,detailed_generated_audit_csvs,remove,redundant detailed generated research output; summary/recommendation evidence retained
research_output/long1_support_releasing_clearance_controlled_round1.group_comparison_summary.csv,detailed_generated_audit_csvs,remove,redundant detailed generated research output; summary/recommendation evidence retained
research_output/long1_support_releasing_clearance_controlled_round1.group_distribution_summary.csv,detailed_generated_audit_csvs,remove,redundant detailed generated research output; summary/recommendation evidence retained
research_output/long1_support_releasing_clearance_controlled_round1.recommendation.csv,core_research_summaries,keep,summary-level research evidence retained
research_output/long1_support_releasing_clearance_controlled_round1.trade_labels_all.csv,detailed_generated_audit_csvs,remove,redundant detailed generated research output; summary/recommendation evidence retained
research_output/long1_support_releasing_clearance_persistent_round1.group_comparison_summary.csv,detailed_generated_audit_csvs,remove,redundant detailed generated research output; summary/recommendation evidence retained
research_output/long1_support_releasing_clearance_persistent_round1.group_distribution_summary.csv,detailed_generated_audit_csvs,remove,redundant detailed generated research output; summary/recommendation evidence retained
research_output/long1_support_releasing_clearance_persistent_round1.recommendation.csv,core_research_summaries,keep,summary-level research evidence retained
research_output/long1_support_releasing_clearance_persistent_round1.trade_labels_all.csv,detailed_generated_audit_csvs,remove,redundant detailed generated research output; summary/recommendation evidence retained
research_output/long1_support_releasing_first_step_reachable_round1.group_comparison_summary.csv,detailed_generated_audit_csvs,remove,redundant detailed generated research output; summary/recommendation evidence retained
research_output/long1_support_releasing_first_step_reachable_round1.group_distribution_summary.csv,detailed_generated_audit_csvs,remove,redundant detailed generated research output; summary/recommendation evidence retained
research_output/long1_support_releasing_first_step_reachable_round1.recommendation.csv,core_research_summaries,keep,summary-level research evidence retained
research_output/long1_support_releasing_first_step_reachable_round1.trade_labels_all.csv,detailed_generated_audit_csvs,remove,redundant detailed generated research output; summary/recommendation evidence retained
research_output/long1_support_releasing_headroom_round1.group_comparison_summary.csv,detailed_generated_audit_csvs,remove,redundant detailed generated research output; summary/recommendation evidence retained
research_output/long1_support_releasing_headroom_round1.group_distribution_summary.csv,detailed_generated_audit_csvs,remove,redundant detailed generated research output; summary/recommendation evidence retained
research_output/long1_support_releasing_headroom_round1.recommendation.csv,core_research_summaries,keep,summary-level research evidence retained
research_output/long1_support_releasing_headroom_round1.trade_labels_all.csv,detailed_generated_audit_csvs,remove,redundant detailed generated research output; summary/recommendation evidence retained
research_output/long1_support_releasing_ladder_distributed_round1.group_comparison_summary.csv,detailed_generated_audit_csvs,remove,redundant detailed generated research output; summary/recommendation evidence retained
research_output/long1_support_releasing_ladder_distributed_round1.group_distribution_summary.csv,detailed_generated_audit_csvs,remove,redundant detailed generated research output; summary/recommendation evidence retained
research_output/long1_support_releasing_ladder_distributed_round1.recommendation.csv,core_research_summaries,keep,summary-level research evidence retained
research_output/long1_support_releasing_ladder_distributed_round1.trade_labels_all.csv,detailed_generated_audit_csvs,remove,redundant detailed generated research output; summary/recommendation evidence retained
research_output/long1_support_releasing_ladder_gradient_round1.group_comparison_summary.csv,detailed_generated_audit_csvs,remove,redundant detailed generated research output; summary/recommendation evidence retained
research_output/long1_support_releasing_ladder_gradient_round1.group_distribution_summary.csv,detailed_generated_audit_csvs,remove,redundant detailed generated research output; summary/recommendation evidence retained
research_output/long1_support_releasing_ladder_gradient_round1.recommendation.csv,core_research_summaries,keep,summary-level research evidence retained
research_output/long1_support_releasing_ladder_gradient_round1.trade_labels_all.csv,detailed_generated_audit_csvs,remove,redundant detailed generated research output; summary/recommendation evidence retained
research_output/long1_support_releasing_lane_sustained_round1.group_comparison_summary.csv,detailed_generated_audit_csvs,remove,redundant detailed generated research output; summary/recommendation evidence retained
research_output/long1_support_releasing_lane_sustained_round1.group_distribution_summary.csv,detailed_generated_audit_csvs,remove,redundant detailed generated research output; summary/recommendation evidence retained
research_output/long1_support_releasing_lane_sustained_round1.recommendation.csv,core_research_summaries,keep,summary-level research evidence retained
research_output/long1_support_releasing_lane_sustained_round1.trade_labels_all.csv,detailed_generated_audit_csvs,remove,redundant detailed generated research output; summary/recommendation evidence retained
research_output/long1_support_releasing_open_round1.group_comparison_summary.csv,detailed_generated_audit_csvs,remove,redundant detailed generated research output; summary/recommendation evidence retained
research_output/long1_support_releasing_open_round1.group_distribution_summary.csv,detailed_generated_audit_csvs,remove,redundant detailed generated research output; summary/recommendation evidence retained
research_output/long1_support_releasing_open_round1.recommendation.csv,core_research_summaries,keep,summary-level research evidence retained
research_output/long1_support_releasing_open_round1.trade_labels_all.csv,detailed_generated_audit_csvs,remove,redundant detailed generated research output; summary/recommendation evidence retained
research_output/long1_support_releasing_overhead_absorbing_round1.group_comparison_summary.csv,detailed_generated_audit_csvs,remove,redundant detailed generated research output; summary/recommendation evidence retained
research_output/long1_support_releasing_overhead_absorbing_round1.group_distribution_summary.csv,detailed_generated_audit_csvs,remove,redundant detailed generated research output; summary/recommendation evidence retained
research_output/long1_support_releasing_overhead_absorbing_round1.recommendation.csv,core_research_summaries,keep,summary-level research evidence retained
research_output/long1_support_releasing_overhead_absorbing_round1.trade_labels_all.csv,detailed_generated_audit_csvs,remove,redundant detailed generated research output; summary/recommendation evidence retained
research_output/long1_support_releasing_overhead_clean_round1.group_comparison_summary.csv,detailed_generated_audit_csvs,remove,redundant detailed generated research output; summary/recommendation evidence retained
research_output/long1_support_releasing_overhead_clean_round1.group_distribution_summary.csv,detailed_generated_audit_csvs,remove,redundant detailed generated research output; summary/recommendation evidence retained
research_output/long1_support_releasing_overhead_clean_round1.recommendation.csv,core_research_summaries,keep,summary-level research evidence retained
research_output/long1_support_releasing_overhead_clean_round1.trade_labels_all.csv,detailed_generated_audit_csvs,remove,redundant detailed generated research output; summary/recommendation evidence retained
research_output/long1_support_releasing_overhead_staged_round1.group_comparison_summary.csv,detailed_generated_audit_csvs,remove,redundant detailed generated research output; summary/recommendation evidence retained
research_output/long1_support_releasing_overhead_staged_round1.group_distribution_summary.csv,detailed_generated_audit_csvs,remove,redundant detailed generated research output; summary/recommendation evidence retained
research_output/long1_support_releasing_overhead_staged_round1.recommendation.csv,core_research_summaries,keep,summary-level research evidence retained
research_output/long1_support_releasing_overhead_staged_round1.trade_labels_all.csv,detailed_generated_audit_csvs,remove,redundant detailed generated research output; summary/recommendation evidence retained
research_output/long1_support_releasing_round1.group_comparison_summary.csv,detailed_generated_audit_csvs,remove,redundant detailed generated research output; summary/recommendation evidence retained
research_output/long1_support_releasing_round1.group_distribution_summary.csv,detailed_generated_audit_csvs,remove,redundant detailed generated research output; summary/recommendation evidence retained
research_output/long1_support_releasing_round1.recommendation.csv,core_research_summaries,keep,summary-level research evidence retained
research_output/long1_support_releasing_round1.trade_labels_all.csv,detailed_generated_audit_csvs,remove,redundant detailed generated research output; summary/recommendation evidence retained
research_output/long1_support_releasing_transition_failure_modes_round1.group_comparison_summary.csv,detailed_generated_audit_csvs,remove,redundant detailed generated research output; summary/recommendation evidence retained
research_output/long1_support_releasing_transition_failure_modes_round1.group_distribution_summary.csv,detailed_generated_audit_csvs,remove,redundant detailed generated research output; summary/recommendation evidence retained
research_output/long1_support_releasing_transition_failure_modes_round1.recommendation.csv,core_research_summaries,keep,summary-level research evidence retained
research_output/long1_support_releasing_transition_failure_modes_round1.trade_labels_all.csv,detailed_generated_audit_csvs,remove,redundant detailed generated research output; summary/recommendation evidence retained
research_output/long1_support_releasing_transition_intact_round1.group_comparison_summary.csv,detailed_generated_audit_csvs,remove,redundant detailed generated research output; summary/recommendation evidence retained
research_output/long1_support_releasing_transition_intact_round1.group_distribution_summary.csv,detailed_generated_audit_csvs,remove,redundant detailed generated research output; summary/recommendation evidence retained
research_output/long1_support_releasing_transition_intact_round1.recommendation.csv,core_research_summaries,keep,summary-level research evidence retained
research_output/long1_support_releasing_transition_intact_round1.trade_labels_all.csv,detailed_generated_audit_csvs,remove,redundant detailed generated research output; summary/recommendation evidence retained
research_output/long1_support_retained_round1.group_comparison_summary.csv,detailed_generated_audit_csvs,remove,redundant detailed generated research output; summary/recommendation evidence retained
research_output/long1_support_retained_round1.group_distribution_summary.csv,detailed_generated_audit_csvs,remove,redundant detailed generated research output; summary/recommendation evidence retained
research_output/long1_support_retained_round1.recommendation.csv,core_research_summaries,keep,summary-level research evidence retained
research_output/long1_support_retained_round1.trade_labels_all.csv,detailed_generated_audit_csvs,remove,redundant detailed generated research output; summary/recommendation evidence retained
research_output/long1_validation_inventory_round1.note.md,core_research_summaries,keep,summary-level research evidence retained
research_output/long1_validation_inventory_round1.recommendation.csv,core_research_summaries,keep,summary-level research evidence retained
research_output/long1_validation_inventory_round1.stop_marker.md,core_research_summaries,keep,summary-level research evidence retained
research_output/long1_validation_inventory_round1.validation_inventory.csv,detailed_generated_audit_csvs,remove,redundant detailed generated research output; summary/recommendation evidence retained
research_output/long1_weak_background_branch_recurrence_round1.group_comparison_summary.csv,detailed_generated_audit_csvs,remove,redundant detailed generated research output; summary/recommendation evidence retained
research_output/long1_weak_background_branch_recurrence_round1.group_distribution_summary.csv,detailed_generated_audit_csvs,remove,redundant detailed generated research output; summary/recommendation evidence retained
research_output/long1_weak_background_branch_recurrence_round1.recommendation.csv,core_research_summaries,keep,summary-level research evidence retained
research_output/long1_weak_background_branch_recurrence_round1.trade_labels_all.csv,detailed_generated_audit_csvs,remove,redundant detailed generated research output; summary/recommendation evidence retained
research_output/long1_weak_fragility_compactness_round1.group_comparison_summary.csv,detailed_generated_audit_csvs,remove,redundant detailed generated research output; summary/recommendation evidence retained
research_output/long1_weak_fragility_compactness_round1.group_distribution_summary.csv,detailed_generated_audit_csvs,remove,redundant detailed generated research output; summary/recommendation evidence retained
research_output/long1_weak_fragility_compactness_round1.recommendation.csv,core_research_summaries,keep,summary-level research evidence retained
research_output/long1_weak_fragility_compactness_round1.trade_labels_all.csv,detailed_generated_audit_csvs,remove,redundant detailed generated research output; summary/recommendation evidence retained
research_output/long1_weak_ready_submode_round1.group_comparison_summary.csv,detailed_generated_audit_csvs,remove,redundant detailed generated research output; summary/recommendation evidence retained
research_output/long1_weak_ready_submode_round1.group_distribution_summary.csv,detailed_generated_audit_csvs,remove,redundant detailed generated research output; summary/recommendation evidence retained
research_output/long1_weak_ready_submode_round1.recommendation.csv,core_research_summaries,keep,summary-level research evidence retained
research_output/long1_weak_ready_submode_round1.trade_labels_all.csv,detailed_generated_audit_csvs,remove,redundant detailed generated research output; summary/recommendation evidence retained
research_output/long1_weak_transition_stabilizer_round1.group_comparison_summary.csv,detailed_generated_audit_csvs,remove,redundant detailed generated research output; summary/recommendation evidence retained
research_output/long1_weak_transition_stabilizer_round1.group_distribution_summary.csv,detailed_generated_audit_csvs,remove,redundant detailed generated research output; summary/recommendation evidence retained
research_output/long1_weak_transition_stabilizer_round1.recommendation.csv,core_research_summaries,keep,summary-level research evidence retained
research_output/long1_weak_transition_stabilizer_round1.trade_labels_all.csv,detailed_generated_audit_csvs,remove,redundant detailed generated research output; summary/recommendation evidence retained
research_output/long2_candidate_material_inventory_round1.aggregate_summary.csv,detailed_generated_audit_csvs,remove,redundant detailed generated research output; summary/recommendation evidence retained
research_output/long2_candidate_material_inventory_round1.candidate_ranking.csv,detailed_generated_audit_csvs,remove,redundant detailed generated research output; summary/recommendation evidence retained
research_output/long2_candidate_material_inventory_round1.gating_context_summary.csv,detailed_generated_audit_csvs,remove,redundant detailed generated research output; summary/recommendation evidence retained
research_output/long2_candidate_material_inventory_round1.market_inventory.csv,detailed_generated_audit_csvs,remove,redundant detailed generated research output; summary/recommendation evidence retained
research_output/long2_candidate_material_inventory_round1.recommendation.csv,core_research_summaries,keep,summary-level research evidence retained
research_output/long2_exit_instrumentation_audit_round1.compile_status.csv,detailed_generated_audit_csvs,keep,direct Long2/unit-fix or branch-review evidence retained
research_output/long2_exit_instrumentation_audit_round1.exit_event_summary.csv,detailed_generated_audit_csvs,remove,raw Long2 row/event dump; compact Long2 audit outputs and final synthesis retained
research_output/long2_exit_instrumentation_audit_round1.exit_mechanism_inventory.csv,detailed_generated_audit_csvs,keep,direct Long2/unit-fix or branch-review evidence retained
research_output/long2_exit_instrumentation_audit_round1.instrumentation_method.csv,detailed_generated_audit_csvs,keep,direct Long2/unit-fix or branch-review evidence retained
research_output/long2_exit_instrumentation_audit_round1.lifecycle_compression_judgment.csv,detailed_generated_audit_csvs,keep,direct Long2/unit-fix or branch-review evidence retained
research_output/long2_exit_instrumentation_audit_round1.long1_exit_attribution.csv,detailed_generated_audit_csvs,keep,direct Long2/unit-fix or branch-review evidence retained
research_output/long2_exit_instrumentation_audit_round1.long2_interaction_review.csv,detailed_generated_audit_csvs,keep,direct Long2/unit-fix or branch-review evidence retained
research_output/long2_exit_instrumentation_audit_round1.recommendation.csv,core_research_summaries,keep,direct Long2/unit-fix or branch-review evidence retained
research_output/long2_exit_instrumentation_audit_round1.short1_exit_attribution.csv,detailed_generated_audit_csvs,keep,direct Long2/unit-fix or branch-review evidence retained
research_output/long2_exit_instrumentation_audit_round1.short2_zero_review.csv,detailed_generated_audit_csvs,keep,direct Long2/unit-fix or branch-review evidence retained
research_output/long2_option_a_management_exit_audit_round1.compile_status.csv,detailed_generated_audit_csvs,keep,direct Long2/unit-fix or branch-review evidence retained
research_output/long2_option_a_management_exit_audit_round1.exit_mechanism_inventory.csv,detailed_generated_audit_csvs,keep,direct Long2/unit-fix or branch-review evidence retained
research_output/long2_option_a_management_exit_audit_round1.exit_reason_proxy_summary.csv,detailed_generated_audit_csvs,keep,direct Long2/unit-fix or branch-review evidence retained
research_output/long2_option_a_management_exit_audit_round1.per_market_count_duration_delta.csv,detailed_generated_audit_csvs,keep,direct Long2/unit-fix or branch-review evidence retained
research_output/long2_option_a_management_exit_audit_round1.pre_post_lifecycle_summary.csv,detailed_generated_audit_csvs,keep,direct Long2/unit-fix or branch-review evidence retained
research_output/long2_option_a_management_exit_audit_round1.recommendation.csv,core_research_summaries,keep,direct Long2/unit-fix or branch-review evidence retained
research_output/long2_option_a_management_exit_audit_round1.remaining_scale_risk_scan.csv,detailed_generated_audit_csvs,keep,direct Long2/unit-fix or branch-review evidence retained
research_output/long2_option_a_management_exit_audit_round1.risk_interpretation.csv,detailed_generated_audit_csvs,keep,direct Long2/unit-fix or branch-review evidence retained
research_output/long2_option_a_side_effect_audit_round1.before_after_trade_counts.csv,detailed_generated_audit_csvs,remove,redundant detailed generated research output; summary/recommendation evidence retained
research_output/long2_option_a_side_effect_audit_round1.compile_status.csv,detailed_generated_audit_csvs,remove,redundant detailed generated research output; summary/recommendation evidence retained
research_output/long2_option_a_side_effect_audit_round1.management_side_effect_summary.csv,detailed_generated_audit_csvs,remove,redundant detailed generated research output; summary/recommendation evidence retained
research_output/long2_option_a_side_effect_audit_round1.non_atr_scale_scan.csv,detailed_generated_audit_csvs,remove,redundant detailed generated research output; summary/recommendation evidence retained
research_output/long2_option_a_side_effect_audit_round1.recommendation.csv,core_research_summaries,keep,summary-level research evidence retained
research_output/long2_option_a_side_effect_audit_round1.remaining_long2_gates.csv,detailed_generated_audit_csvs,remove,redundant detailed generated research output; summary/recommendation evidence retained
research_output/long2_option_a_side_effect_audit_round1.risk_interpretation.csv,detailed_generated_audit_csvs,remove,redundant detailed generated research output; summary/recommendation evidence retained
research_output/long2_option_a_side_effect_audit_round1.short2_mirror_gate_summary.csv,detailed_generated_audit_csvs,remove,redundant detailed generated research output; summary/recommendation evidence retained
research_output/long2_option_a_trend_fail_scale_audit_post_patch_round1.lifecycle_relevance.csv,detailed_generated_audit_csvs,keep,direct Long2/unit-fix or branch-review evidence retained
research_output/long2_option_a_trend_fail_scale_audit_post_patch_round1.line_evidence.csv,detailed_generated_audit_csvs,keep,direct Long2/unit-fix or branch-review evidence retained
research_output/long2_option_a_trend_fail_scale_audit_post_patch_round1.per_market_disagreement.csv,detailed_generated_audit_csvs,keep,direct Long2/unit-fix or branch-review evidence retained
research_output/long2_option_a_trend_fail_scale_audit_post_patch_round1.recommendation.csv,core_research_summaries,keep,direct Long2/unit-fix or branch-review evidence retained
research_output/long2_option_a_trend_fail_scale_audit_post_patch_round1.runtime_examples.csv,detailed_generated_audit_csvs,keep,direct Long2/unit-fix or branch-review evidence retained
research_output/long2_option_a_trend_fail_scale_audit_post_patch_round1.scope_check.csv,detailed_generated_audit_csvs,keep,direct Long2/unit-fix or branch-review evidence retained
research_output/long2_option_a_trend_fail_scale_audit_post_patch_round1.trigger_disagreement_summary.csv,detailed_generated_audit_csvs,keep,direct Long2/unit-fix or branch-review evidence retained
research_output/long2_option_a_trend_fail_scale_audit_post_patch_round1.unit_consistency_table.csv,detailed_generated_audit_csvs,keep,direct Long2/unit-fix or branch-review evidence retained
research_output/long2_option_a_trend_fail_scale_audit_round1.lifecycle_relevance.csv,detailed_generated_audit_csvs,keep,direct Long2/unit-fix or branch-review evidence retained
research_output/long2_option_a_trend_fail_scale_audit_round1.line_evidence.csv,detailed_generated_audit_csvs,keep,direct Long2/unit-fix or branch-review evidence retained
research_output/long2_option_a_trend_fail_scale_audit_round1.per_market_disagreement.csv,detailed_generated_audit_csvs,keep,direct Long2/unit-fix or branch-review evidence retained
research_output/long2_option_a_trend_fail_scale_audit_round1.recommendation.csv,core_research_summaries,keep,direct Long2/unit-fix or branch-review evidence retained
research_output/long2_option_a_trend_fail_scale_audit_round1.runtime_examples.csv,detailed_generated_audit_csvs,keep,direct Long2/unit-fix or branch-review evidence retained
research_output/long2_option_a_trend_fail_scale_audit_round1.scope_check.csv,detailed_generated_audit_csvs,keep,direct Long2/unit-fix or branch-review evidence retained
research_output/long2_option_a_trend_fail_scale_audit_round1.trigger_disagreement_summary.csv,detailed_generated_audit_csvs,keep,direct Long2/unit-fix or branch-review evidence retained
research_output/long2_option_a_trend_fail_scale_audit_round1.unit_consistency_table.csv,detailed_generated_audit_csvs,keep,direct Long2/unit-fix or branch-review evidence retained
research_output/long2_post_trend_fail_lifecycle_review_round1.compile_status.csv,detailed_generated_audit_csvs,keep,direct Long2/unit-fix or branch-review evidence retained
research_output/long2_post_trend_fail_lifecycle_review_round1.lifecycle_duration_summary.csv,detailed_generated_audit_csvs,keep,direct Long2/unit-fix or branch-review evidence retained
research_output/long2_post_trend_fail_lifecycle_review_round1.lifecycle_interpretation.csv,detailed_generated_audit_csvs,keep,direct Long2/unit-fix or branch-review evidence retained
research_output/long2_post_trend_fail_lifecycle_review_round1.long2_gate_review.csv,detailed_generated_audit_csvs,keep,direct Long2/unit-fix or branch-review evidence retained
research_output/long2_post_trend_fail_lifecycle_review_round1.per_market_count_delta.csv,detailed_generated_audit_csvs,keep,direct Long2/unit-fix or branch-review evidence retained
research_output/long2_post_trend_fail_lifecycle_review_round1.recommendation.csv,core_research_summaries,keep,direct Long2/unit-fix or branch-review evidence retained
research_output/long2_post_trend_fail_lifecycle_review_round1.remaining_scale_risk_scan.csv,detailed_generated_audit_csvs,keep,direct Long2/unit-fix or branch-review evidence retained
research_output/long2_post_trend_fail_lifecycle_review_round1.short2_gate_review.csv,detailed_generated_audit_csvs,keep,direct Long2/unit-fix or branch-review evidence retained
research_output/long2_post_trend_fail_lifecycle_review_round1.three_state_trade_counts.csv,detailed_generated_audit_csvs,keep,direct Long2/unit-fix or branch-review evidence retained
research_output/long2_post_unit_fix_exit_synthesis_round1.exit_attribution_summary.csv,detailed_generated_audit_csvs,keep,direct Long2/unit-fix or branch-review evidence retained
research_output/long2_post_unit_fix_exit_synthesis_round1.fixed_items.csv,core_research_summaries,keep,direct Long2/unit-fix or branch-review evidence retained
research_output/long2_post_unit_fix_exit_synthesis_round1.note.md,core_research_summaries,keep,direct Long2/unit-fix or branch-review evidence retained
research_output/long2_post_unit_fix_exit_synthesis_round1.recommendation.csv,core_research_summaries,keep,direct Long2/unit-fix or branch-review evidence retained
research_output/long2_post_unit_fix_exit_synthesis_round1.scope_rules.csv,core_research_summaries,keep,direct Long2/unit-fix or branch-review evidence retained
research_output/long2_post_unit_fix_exit_synthesis_round1.summary.csv,core_research_summaries,keep,direct Long2/unit-fix or branch-review evidence retained
research_output/long2_runtime_gate_synthesis_scope_note_round1.note.md,core_research_summaries,keep,summary-level research evidence retained
research_output/long2_runtime_gate_synthesis_scope_note_round1.pre_patch_checklist.csv,detailed_generated_audit_csvs,remove,redundant detailed generated research output; summary/recommendation evidence retained
research_output/long2_runtime_gate_synthesis_scope_note_round1.recommendation.csv,core_research_summaries,keep,summary-level research evidence retained
research_output/long2_runtime_gate_synthesis_scope_note_round1.scope_rules.csv,core_research_summaries,keep,summary-level research evidence retained
research_output/long2_runtime_gate_synthesis_scope_note_round1.summary.csv,core_research_summaries,keep,summary-level research evidence retained
research_output/long2_runtime_in_profit_gate_audit_post_patch_round1.before_after_trade_counts.csv,detailed_generated_audit_csvs,remove,redundant detailed generated research output; summary/recommendation evidence retained
research_output/long2_runtime_in_profit_gate_audit_post_patch_round1.candidate_rows_sample.csv,detailed_generated_audit_csvs,remove,raw Long2 row/event dump; compact Long2 audit outputs and final synthesis retained
research_output/long2_runtime_in_profit_gate_audit_post_patch_round1.gate_funnel_summary.csv,detailed_generated_audit_csvs,remove,redundant detailed generated research output; summary/recommendation evidence retained
research_output/long2_runtime_in_profit_gate_audit_round1.candidate_rows_sample.csv,detailed_generated_audit_csvs,remove,raw Long2 row/event dump; compact Long2 audit outputs and final synthesis retained
research_output/long2_runtime_in_profit_gate_audit_round1.gate_funnel_summary.csv,detailed_generated_audit_csvs,remove,redundant detailed generated research output; summary/recommendation evidence retained
research_output/long2_runtime_in_profit_gate_audit_round1.in_profit_distribution.csv,detailed_generated_audit_csvs,remove,redundant detailed generated research output; summary/recommendation evidence retained
research_output/long2_runtime_in_profit_gate_audit_round1.market_ranking.csv,detailed_generated_audit_csvs,remove,redundant detailed generated research output; summary/recommendation evidence retained
research_output/long2_runtime_in_profit_gate_audit_round1.recommendation.csv,core_research_summaries,keep,summary-level research evidence retained
research_output/long2_runtime_in_profit_gate_audit_round1.sequencing_timing_summary.csv,detailed_generated_audit_csvs,remove,redundant detailed generated research output; summary/recommendation evidence retained
research_output/long2_scale_reference_option_a_patch_round1.before_after_trade_counts.csv,detailed_generated_audit_csvs,keep,direct Long2/unit-fix or branch-review evidence retained
research_output/long2_scale_reference_option_a_patch_round1.files_changed.csv,detailed_generated_audit_csvs,keep,direct Long2/unit-fix or branch-review evidence retained
research_output/long2_scale_reference_option_a_patch_round1.patch_summary.csv,detailed_generated_audit_csvs,keep,direct Long2/unit-fix or branch-review evidence retained
research_output/long2_scale_reference_option_a_patch_round1.post_patch_gate_funnel.csv,detailed_generated_audit_csvs,keep,direct Long2/unit-fix or branch-review evidence retained
research_output/long2_scale_reference_option_a_patch_round1.recommendation.csv,core_research_summaries,keep,direct Long2/unit-fix or branch-review evidence retained
research_output/long2_scale_reference_option_a_patch_round1.risk_notes.csv,detailed_generated_audit_csvs,keep,direct Long2/unit-fix or branch-review evidence retained
research_output/long2_scale_reference_option_a_patch_round1.verification_results.csv,detailed_generated_audit_csvs,keep,direct Long2/unit-fix or branch-review evidence retained
research_output/long2_scale_reference_patch_plan_round1.affected_line_inventory.csv,detailed_generated_audit_csvs,remove,redundant detailed generated research output; summary/recommendation evidence retained
research_output/long2_scale_reference_patch_plan_round1.patch_options.csv,detailed_generated_audit_csvs,remove,redundant detailed generated research output; summary/recommendation evidence retained
research_output/long2_scale_reference_patch_plan_round1.recommendation.csv,core_research_summaries,keep,summary-level research evidence retained
research_output/long2_scale_reference_patch_plan_round1.recommended_plan.csv,detailed_generated_audit_csvs,remove,redundant detailed generated research output; summary/recommendation evidence retained
research_output/long2_scale_reference_patch_plan_round1.risk_register.csv,detailed_generated_audit_csvs,remove,redundant detailed generated research output; summary/recommendation evidence retained
research_output/long2_scale_reference_patch_plan_round1.verification_plan.csv,detailed_generated_audit_csvs,remove,redundant detailed generated research output; summary/recommendation evidence retained
research_output/long2_scale_reference_validation_audit_round1.line_evidence.csv,detailed_generated_audit_csvs,remove,redundant detailed generated research output; summary/recommendation evidence retained
research_output/long2_scale_reference_validation_audit_round1.minimal_examples.csv,detailed_generated_audit_csvs,remove,redundant detailed generated research output; summary/recommendation evidence retained
research_output/long2_scale_reference_validation_audit_round1.pre_patch_judgment.csv,detailed_generated_audit_csvs,remove,redundant detailed generated research output; summary/recommendation evidence retained
research_output/long2_scale_reference_validation_audit_round1.recommendation.csv,core_research_summaries,keep,summary-level research evidence retained
research_output/long2_scale_reference_validation_audit_round1.scope_check.csv,detailed_generated_audit_csvs,remove,redundant detailed generated research output; summary/recommendation evidence retained
research_output/long2_scale_reference_validation_audit_round1.unit_consistency_table.csv,detailed_generated_audit_csvs,remove,redundant detailed generated research output; summary/recommendation evidence retained
research_output/long2_trend_fail_scale_patch_plan_round1.affected_line_inventory.csv,detailed_generated_audit_csvs,remove,redundant detailed generated research output; summary/recommendation evidence retained
research_output/long2_trend_fail_scale_patch_plan_round1.patch_options.csv,detailed_generated_audit_csvs,remove,redundant detailed generated research output; summary/recommendation evidence retained
research_output/long2_trend_fail_scale_patch_plan_round1.recommendation.csv,core_research_summaries,keep,summary-level research evidence retained
research_output/long2_trend_fail_scale_patch_plan_round1.recommended_plan.csv,detailed_generated_audit_csvs,remove,redundant detailed generated research output; summary/recommendation evidence retained
research_output/long2_trend_fail_scale_patch_plan_round1.risk_register.csv,detailed_generated_audit_csvs,remove,redundant detailed generated research output; summary/recommendation evidence retained
research_output/long2_trend_fail_scale_patch_plan_round1.verification_plan.csv,detailed_generated_audit_csvs,remove,redundant detailed generated research output; summary/recommendation evidence retained
research_output/long2_trend_fail_scale_patch_round1.before_after_trade_counts.csv,detailed_generated_audit_csvs,keep,direct Long2/unit-fix or branch-review evidence retained
research_output/long2_trend_fail_scale_patch_round1.compile_status.csv,detailed_generated_audit_csvs,keep,direct Long2/unit-fix or branch-review evidence retained
research_output/long2_trend_fail_scale_patch_round1.files_changed.csv,detailed_generated_audit_csvs,keep,direct Long2/unit-fix or branch-review evidence retained
research_output/long2_trend_fail_scale_patch_round1.patch_summary.csv,detailed_generated_audit_csvs,keep,direct Long2/unit-fix or branch-review evidence retained
research_output/long2_trend_fail_scale_patch_round1.post_patch_disagreement_summary.csv,detailed_generated_audit_csvs,keep,direct Long2/unit-fix or branch-review evidence retained
research_output/long2_trend_fail_scale_patch_round1.recommendation.csv,core_research_summaries,keep,direct Long2/unit-fix or branch-review evidence retained
research_output/long2_trend_fail_scale_patch_round1.risk_notes.csv,detailed_generated_audit_csvs,keep,direct Long2/unit-fix or branch-review evidence retained
research_output/long_only_archetypes_round1.archetype_concentration_summary.csv,detailed_generated_audit_csvs,remove,redundant detailed generated research output; summary/recommendation evidence retained
research_output/long_only_archetypes_round1.archetype_distribution_2025_2026_losers.csv,detailed_generated_audit_csvs,remove,redundant detailed generated research output; summary/recommendation evidence retained
research_output/long_only_archetypes_round1.archetype_distribution_all_trades.csv,detailed_generated_audit_csvs,remove,redundant detailed generated research output; summary/recommendation evidence retained
research_output/long_only_archetypes_round1.archetype_distribution_historical_winners.csv,detailed_generated_audit_csvs,remove,redundant detailed generated research output; summary/recommendation evidence retained
research_output/long_only_archetypes_round1.recommendation.csv,core_research_summaries,keep,summary-level research evidence retained
research_output/long_only_archetypes_round1.trade_features_2025_2026.csv,detailed_generated_audit_csvs,remove,redundant detailed generated research output; summary/recommendation evidence retained
research_output/long_only_archetypes_round1.trade_features_all.csv,detailed_generated_audit_csvs,remove,redundant detailed generated research output; summary/recommendation evidence retained
research_output/long_only_candidate_adxweak.equity.csv,detailed_generated_audit_csvs,remove,redundant detailed generated research output; summary/recommendation evidence retained
research_output/long_only_candidate_adxweak.equity.png,caches_runtime_artifacts,remove,generated binary/cache/runtime artifact
research_output/long_only_candidate_adxweak.loss_diagnosis.csv,detailed_generated_audit_csvs,remove,redundant detailed generated research output; summary/recommendation evidence retained
research_output/long_only_candidate_adxweak.trades.csv,detailed_generated_audit_csvs,remove,redundant detailed generated research output; summary/recommendation evidence retained
research_output/long_only_candidate_adxweak.validation.csv,detailed_generated_audit_csvs,remove,redundant detailed generated research output; summary/recommendation evidence retained
research_output/long_only_candidate_after.equity.csv,detailed_generated_audit_csvs,remove,redundant detailed generated research output; summary/recommendation evidence retained
research_output/long_only_candidate_after.equity.png,caches_runtime_artifacts,remove,generated binary/cache/runtime artifact
research_output/long_only_candidate_after.loss_diagnosis.csv,detailed_generated_audit_csvs,remove,redundant detailed generated research output; summary/recommendation evidence retained
research_output/long_only_candidate_after.trades.csv,detailed_generated_audit_csvs,remove,redundant detailed generated research output; summary/recommendation evidence retained
research_output/long_only_candidate_after.validation.csv,detailed_generated_audit_csvs,remove,redundant detailed generated research output; summary/recommendation evidence retained
research_output/long_only_candidate_after_protect.equity.csv,detailed_generated_audit_csvs,remove,redundant detailed generated research output; summary/recommendation evidence retained
research_output/long_only_candidate_after_protect.equity.png,caches_runtime_artifacts,remove,generated binary/cache/runtime artifact
research_output/long_only_candidate_after_protect.loss_diagnosis.csv,detailed_generated_audit_csvs,remove,redundant detailed generated research output; summary/recommendation evidence retained
research_output/long_only_candidate_after_protect.trades.csv,detailed_generated_audit_csvs,remove,redundant detailed generated research output; summary/recommendation evidence retained
research_output/long_only_candidate_after_protect.validation.csv,detailed_generated_audit_csvs,remove,redundant detailed generated research output; summary/recommendation evidence retained
research_output/long_only_candidate_after_tp1broker.equity.csv,detailed_generated_audit_csvs,remove,redundant detailed generated research output; summary/recommendation evidence retained
research_output/long_only_candidate_after_tp1broker.equity.png,caches_runtime_artifacts,remove,generated binary/cache/runtime artifact
research_output/long_only_candidate_after_tp1broker.loss_diagnosis.csv,detailed_generated_audit_csvs,remove,redundant detailed generated research output; summary/recommendation evidence retained
research_output/long_only_candidate_after_tp1broker.runner_analysis_summary.csv,detailed_generated_audit_csvs,remove,redundant detailed generated research output; summary/recommendation evidence retained
research_output/long_only_candidate_after_tp1broker.runner_lifecycle_summary.csv,detailed_generated_audit_csvs,remove,redundant detailed generated research output; summary/recommendation evidence retained
research_output/long_only_candidate_after_tp1broker.runner_stop_path.csv,detailed_generated_audit_csvs,remove,redundant detailed generated research output; summary/recommendation evidence retained
research_output/long_only_candidate_after_tp1broker.trades.csv,detailed_generated_audit_csvs,remove,redundant detailed generated research output; summary/recommendation evidence retained
research_output/long_only_candidate_after_tp1broker.validation.csv,detailed_generated_audit_csvs,remove,redundant detailed generated research output; summary/recommendation evidence retained
research_output/long_only_candidate_after_tp1broker_scaledfix.equity.csv,detailed_generated_audit_csvs,remove,redundant detailed generated research output; summary/recommendation evidence retained
research_output/long_only_candidate_after_tp1broker_scaledfix.equity.png,caches_runtime_artifacts,remove,generated binary/cache/runtime artifact
research_output/long_only_candidate_after_tp1broker_scaledfix.runner_analysis_summary.csv,detailed_generated_audit_csvs,remove,redundant detailed generated research output; summary/recommendation evidence retained
research_output/long_only_candidate_after_tp1broker_scaledfix.runner_lifecycle_summary.csv,detailed_generated_audit_csvs,remove,redundant detailed generated research output; summary/recommendation evidence retained
research_output/long_only_candidate_after_tp1broker_scaledfix.runner_stop_path.csv,detailed_generated_audit_csvs,remove,redundant detailed generated research output; summary/recommendation evidence retained
research_output/long_only_candidate_after_tp1broker_scaledfix.trades.csv,detailed_generated_audit_csvs,remove,redundant detailed generated research output; summary/recommendation evidence retained
research_output/long_only_candidate_after_tp1broker_scaledfix.validation.csv,detailed_generated_audit_csvs,remove,redundant detailed generated research output; summary/recommendation evidence retained
research_output/long_only_candidate_after_tp1broker_split2025.runner_analysis_summary.csv,detailed_generated_audit_csvs,remove,redundant detailed generated research output; summary/recommendation evidence retained
research_output/long_only_candidate_after_tp1broker_split2025.runner_lifecycle_summary.csv,detailed_generated_audit_csvs,remove,redundant detailed generated research output; summary/recommendation evidence retained
research_output/long_only_candidate_after_tp1broker_split2025.runner_stop_path.csv,detailed_generated_audit_csvs,remove,redundant detailed generated research output; summary/recommendation evidence retained
research_output/long_only_candidate_baseline_restore_check.validation.csv,detailed_generated_audit_csvs,remove,redundant detailed generated research output; summary/recommendation evidence retained
research_output/long_only_candidate_before.equity.csv,detailed_generated_audit_csvs,remove,redundant detailed generated research output; summary/recommendation evidence retained
research_output/long_only_candidate_before.equity.png,caches_runtime_artifacts,remove,generated binary/cache/runtime artifact
research_output/long_only_candidate_before.loss_diagnosis.csv,detailed_generated_audit_csvs,remove,redundant detailed generated research output; summary/recommendation evidence retained
research_output/long_only_candidate_before.trades.csv,detailed_generated_audit_csvs,remove,redundant detailed generated research output; summary/recommendation evidence retained
research_output/long_only_candidate_before.validation.csv,detailed_generated_audit_csvs,remove,redundant detailed generated research output; summary/recommendation evidence retained
research_output/long_only_candidate_before_after_adx_revert.validation.csv,detailed_generated_audit_csvs,remove,redundant detailed generated research output; summary/recommendation evidence retained
research_output/long_only_candidate_before_after_atr_revert.validation.csv,detailed_generated_audit_csvs,remove,redundant detailed generated research output; summary/recommendation evidence retained
research_output/long_only_candidate_before_postrevertcheck.validation.csv,detailed_generated_audit_csvs,remove,redundant detailed generated research output; summary/recommendation evidence retained
research_output/long_only_candidate_before_recheck.equity.csv,detailed_generated_audit_csvs,remove,redundant detailed generated research output; summary/recommendation evidence retained
research_output/long_only_candidate_before_recheck.equity.png,caches_runtime_artifacts,remove,generated binary/cache/runtime artifact
research_output/long_only_candidate_before_recheck.trades.csv,detailed_generated_audit_csvs,remove,redundant detailed generated research output; summary/recommendation evidence retained
research_output/long_only_candidate_before_recheck.validation.csv,detailed_generated_audit_csvs,remove,redundant detailed generated research output; summary/recommendation evidence retained
research_output/long_only_candidate_before_restored.validation.csv,detailed_generated_audit_csvs,remove,redundant detailed generated research output; summary/recommendation evidence retained
research_output/long_only_candidate_losscooldown.equity.csv,detailed_generated_audit_csvs,remove,redundant detailed generated research output; summary/recommendation evidence retained
research_output/long_only_candidate_losscooldown.equity.png,caches_runtime_artifacts,remove,generated binary/cache/runtime artifact
research_output/long_only_candidate_losscooldown.loss_diagnosis.csv,detailed_generated_audit_csvs,remove,redundant detailed generated research output; summary/recommendation evidence retained
research_output/long_only_candidate_losscooldown.trades.csv,detailed_generated_audit_csvs,remove,redundant detailed generated research output; summary/recommendation evidence retained
research_output/long_only_candidate_losscooldown.validation.csv,detailed_generated_audit_csvs,remove,redundant detailed generated research output; summary/recommendation evidence retained
research_output/long_only_candidate_reclaim_confirm.equity.csv,detailed_generated_audit_csvs,remove,redundant detailed generated research output; summary/recommendation evidence retained
research_output/long_only_candidate_reclaim_confirm.equity.png,caches_runtime_artifacts,remove,generated binary/cache/runtime artifact
research_output/long_only_candidate_reclaim_confirm.trades.csv,detailed_generated_audit_csvs,remove,redundant detailed generated research output; summary/recommendation evidence retained
research_output/long_only_candidate_reclaim_confirm.validation.csv,detailed_generated_audit_csvs,remove,redundant detailed generated research output; summary/recommendation evidence retained
research_output/long_only_candidate_risingatr.equity.csv,detailed_generated_audit_csvs,remove,redundant detailed generated research output; summary/recommendation evidence retained
research_output/long_only_candidate_risingatr.equity.png,caches_runtime_artifacts,remove,generated binary/cache/runtime artifact
research_output/long_only_candidate_risingatr.loss_diagnosis.csv,detailed_generated_audit_csvs,remove,redundant detailed generated research output; summary/recommendation evidence retained
research_output/long_only_candidate_risingatr.trades.csv,detailed_generated_audit_csvs,remove,redundant detailed generated research output; summary/recommendation evidence retained
research_output/long_only_candidate_risingatr.validation.csv,detailed_generated_audit_csvs,remove,redundant detailed generated research output; summary/recommendation evidence retained
research_output/long_only_candidate_stretchedfilter.equity.csv,detailed_generated_audit_csvs,remove,redundant detailed generated research output; summary/recommendation evidence retained
research_output/long_only_candidate_stretchedfilter.equity.png,caches_runtime_artifacts,remove,generated binary/cache/runtime artifact
research_output/long_only_candidate_stretchedfilter.loss_diagnosis.csv,detailed_generated_audit_csvs,remove,redundant detailed generated research output; summary/recommendation evidence retained
research_output/long_only_candidate_stretchedfilter.trades.csv,detailed_generated_audit_csvs,remove,redundant detailed generated research output; summary/recommendation evidence retained
research_output/long_only_candidate_stretchedfilter.validation.csv,detailed_generated_audit_csvs,remove,redundant detailed generated research output; summary/recommendation evidence retained
research_output/long_only_continuation_round1.label_concentration_summary.csv,detailed_generated_audit_csvs,remove,redundant detailed generated research output; summary/recommendation evidence retained
research_output/long_only_continuation_round1.label_distribution_2025_2026_losers.csv,detailed_generated_audit_csvs,remove,redundant detailed generated research output; summary/recommendation evidence retained
research_output/long_only_continuation_round1.label_distribution_all_trades.csv,detailed_generated_audit_csvs,remove,redundant detailed generated research output; summary/recommendation evidence retained
research_output/long_only_continuation_round1.label_distribution_historical_winners.csv,detailed_generated_audit_csvs,remove,redundant detailed generated research output; summary/recommendation evidence retained
research_output/long_only_continuation_round1.recommendation.csv,core_research_summaries,keep,summary-level research evidence retained
research_output/long_only_continuation_round1.trade_labels_2025_2026.csv,detailed_generated_audit_csvs,remove,redundant detailed generated research output; summary/recommendation evidence retained
research_output/long_only_continuation_round1.trade_labels_all.csv,detailed_generated_audit_csvs,remove,redundant detailed generated research output; summary/recommendation evidence retained
research_output/long_only_paths_round1.label_concentration_summary.csv,detailed_generated_audit_csvs,remove,redundant detailed generated research output; summary/recommendation evidence retained
research_output/long_only_paths_round1.label_distribution_2025_2026_losers.csv,detailed_generated_audit_csvs,remove,redundant detailed generated research output; summary/recommendation evidence retained
research_output/long_only_paths_round1.label_distribution_all_trades.csv,detailed_generated_audit_csvs,remove,redundant detailed generated research output; summary/recommendation evidence retained
research_output/long_only_paths_round1.label_distribution_historical_winners.csv,detailed_generated_audit_csvs,remove,redundant detailed generated research output; summary/recommendation evidence retained
research_output/long_only_paths_round1.recommendation.csv,core_research_summaries,keep,summary-level research evidence retained
research_output/long_only_paths_round1.trade_labels_2025_2026.csv,detailed_generated_audit_csvs,remove,redundant detailed generated research output; summary/recommendation evidence retained
research_output/long_only_paths_round1.trade_labels_all.csv,detailed_generated_audit_csvs,remove,redundant detailed generated research output; summary/recommendation evidence retained
research_output/long_only_reclaim_confirm_2025_2026.loss_diagnosis.csv,detailed_generated_audit_csvs,remove,redundant detailed generated research output; summary/recommendation evidence retained
research_output/long_only_reclaim_round1.label_concentration_summary.csv,detailed_generated_audit_csvs,remove,redundant detailed generated research output; summary/recommendation evidence retained
research_output/long_only_reclaim_round1.label_distribution_2025_2026_losers.csv,detailed_generated_audit_csvs,remove,redundant detailed generated research output; summary/recommendation evidence retained
research_output/long_only_reclaim_round1.label_distribution_all_trades.csv,detailed_generated_audit_csvs,remove,redundant detailed generated research output; summary/recommendation evidence retained
research_output/long_only_reclaim_round1.label_distribution_historical_winners.csv,detailed_generated_audit_csvs,remove,redundant detailed generated research output; summary/recommendation evidence retained
research_output/long_only_reclaim_round1.recommendation.csv,core_research_summaries,keep,summary-level research evidence retained
research_output/long_only_reclaim_round1.trade_labels_2025_2026.csv,detailed_generated_audit_csvs,remove,redundant detailed generated research output; summary/recommendation evidence retained
research_output/long_only_reclaim_round1.trade_labels_all.csv,detailed_generated_audit_csvs,remove,redundant detailed generated research output; summary/recommendation evidence retained
research_output/long_only_reclaim_strength_round1.bucket_summary.csv,detailed_generated_audit_csvs,remove,redundant detailed generated research output; summary/recommendation evidence retained
research_output/long_only_reclaim_strength_round1.focus_reclaim_then_failed_hold.csv,detailed_generated_audit_csvs,remove,redundant detailed generated research output; summary/recommendation evidence retained
research_output/long_only_reclaim_strength_round1.recommendation.csv,core_research_summaries,keep,summary-level research evidence retained
research_output/long_only_reclaim_strength_round1.strict_reclaim_labels_all.csv,detailed_generated_audit_csvs,remove,redundant detailed generated research output; summary/recommendation evidence retained
research_output/long_only_reclaim_strict_round1.label_concentration_summary.csv,detailed_generated_audit_csvs,remove,redundant detailed generated research output; summary/recommendation evidence retained
research_output/long_only_reclaim_strict_round1.label_distribution_2025_2026_losers.csv,detailed_generated_audit_csvs,remove,redundant detailed generated research output; summary/recommendation evidence retained
research_output/long_only_reclaim_strict_round1.label_distribution_all_trades.csv,detailed_generated_audit_csvs,remove,redundant detailed generated research output; summary/recommendation evidence retained
research_output/long_only_reclaim_strict_round1.label_distribution_historical_winners.csv,detailed_generated_audit_csvs,remove,redundant detailed generated research output; summary/recommendation evidence retained
research_output/long_only_reclaim_strict_round1.recommendation.csv,core_research_summaries,keep,summary-level research evidence retained
research_output/long_only_reclaim_strict_round1.trade_labels_2025_2026.csv,detailed_generated_audit_csvs,remove,redundant detailed generated research output; summary/recommendation evidence retained
research_output/long_only_reclaim_strict_round1.trade_labels_all.csv,detailed_generated_audit_csvs,remove,redundant detailed generated research output; summary/recommendation evidence retained
research_output/long_only_regime_round2.recommendation.csv,core_research_summaries,keep,summary-level research evidence retained
research_output/long_only_regime_round2.regime_concentration_summary.csv,detailed_generated_audit_csvs,remove,redundant detailed generated research output; summary/recommendation evidence retained
research_output/long_only_regime_round2.regime_distribution_2025_2026_losers.csv,detailed_generated_audit_csvs,remove,redundant detailed generated research output; summary/recommendation evidence retained
research_output/long_only_regime_round2.regime_distribution_all_trades.csv,detailed_generated_audit_csvs,remove,redundant detailed generated research output; summary/recommendation evidence retained
research_output/long_only_regime_round2.regime_distribution_historical_winners.csv,detailed_generated_audit_csvs,remove,redundant detailed generated research output; summary/recommendation evidence retained
research_output/long_only_regime_round2.trade_regimes.csv,detailed_generated_audit_csvs,remove,redundant detailed generated research output; summary/recommendation evidence retained
research_output/migration_branch_review_round1.changed_files.csv,detailed_generated_audit_csvs,keep,direct Long2/unit-fix or branch-review evidence retained
research_output/migration_branch_review_round1.merge_readiness.csv,core_research_summaries,keep,direct Long2/unit-fix or branch-review evidence retained
research_output/migration_branch_review_round1.recommendation.csv,core_research_summaries,keep,direct Long2/unit-fix or branch-review evidence retained
research_output/migration_branch_review_round1.research_state.csv,core_research_summaries,keep,direct Long2/unit-fix or branch-review evidence retained
research_output/migration_branch_review_round1.source_scope_check.csv,core_research_summaries,keep,direct Long2/unit-fix or branch-review evidence retained
research_output/migration_branch_review_round1.summary.csv,core_research_summaries,keep,direct Long2/unit-fix or branch-review evidence retained
research_output/phase1_entry_frequency_btc4h.summary.json,detailed_generated_audit_csvs,remove,redundant detailed generated research output; summary/recommendation evidence retained
research_output/phase1_entry_frequency_btc4h.top_trials.csv,detailed_generated_audit_csvs,remove,redundant detailed generated research output; summary/recommendation evidence retained
research_output/phase2_directional_quality_btc4h.summary.json,detailed_generated_audit_csvs,remove,redundant detailed generated research output; summary/recommendation evidence retained
research_output/phase2_directional_quality_btc4h.top_trials.csv,detailed_generated_audit_csvs,remove,redundant detailed generated research output; summary/recommendation evidence retained
research_output/phase2_locked_baseline_btc4h.summary.json,detailed_generated_audit_csvs,remove,redundant detailed generated research output; summary/recommendation evidence retained
research_output/phase2_locked_baseline_btc4h.top_trials.csv,detailed_generated_audit_csvs,remove,redundant detailed generated research output; summary/recommendation evidence retained
research_output/phase3_locked_baseline_btc4h.summary.json,detailed_generated_audit_csvs,remove,redundant detailed generated research output; summary/recommendation evidence retained
research_output/phase3_locked_baseline_btc4h.top_trials.csv,detailed_generated_audit_csvs,remove,redundant detailed generated research output; summary/recommendation evidence retained
research_output/phase3_trade_management_btc4h.summary.json,detailed_generated_audit_csvs,remove,redundant detailed generated research output; summary/recommendation evidence retained
research_output/phase3_trade_management_btc4h.top_trials.csv,detailed_generated_audit_csvs,remove,redundant detailed generated research output; summary/recommendation evidence retained
research_output/short1_adverse_dominant_predictor_audit_round1.aggregate_predictor_ranking.csv,detailed_generated_audit_csvs,remove,redundant detailed generated research output; summary/recommendation evidence retained
research_output/short1_adverse_dominant_predictor_audit_round1.contradiction_summary.csv,detailed_generated_audit_csvs,remove,redundant detailed generated research output; summary/recommendation evidence retained
research_output/short1_adverse_dominant_predictor_audit_round1.parent_refinement_recommendation.csv,detailed_generated_audit_csvs,remove,redundant detailed generated research output; summary/recommendation evidence retained
research_output/short1_adverse_dominant_predictor_audit_round1.per_market_predictor_consistency.csv,detailed_generated_audit_csvs,remove,redundant detailed generated research output; summary/recommendation evidence retained
research_output/short1_adverse_dominant_predictor_audit_round1.population_comparison_summary.csv,detailed_generated_audit_csvs,remove,redundant detailed generated research output; summary/recommendation evidence retained
research_output/short1_adverse_dominant_predictor_audit_round1.predictor_profile.csv,detailed_generated_audit_csvs,remove,redundant detailed generated research output; summary/recommendation evidence retained
research_output/short1_adverse_dominant_predictor_audit_round1.recommendation.csv,core_research_summaries,keep,summary-level research evidence retained
research_output/short1_adverse_vs_mixed_chop_audit_round1.adverse_vs_mixed_entry_context.csv,detailed_generated_audit_csvs,remove,redundant detailed generated research output; summary/recommendation evidence retained
research_output/short1_adverse_vs_mixed_chop_audit_round1.adverse_vs_mixed_path_profile.csv,detailed_generated_audit_csvs,remove,redundant detailed generated research output; summary/recommendation evidence retained
research_output/short1_adverse_vs_mixed_chop_audit_round1.per_market_bucket_affinity.csv,detailed_generated_audit_csvs,remove,redundant detailed generated research output; summary/recommendation evidence retained
research_output/short1_adverse_vs_mixed_chop_audit_round1.population_summary.csv,detailed_generated_audit_csvs,remove,redundant detailed generated research output; summary/recommendation evidence retained
research_output/short1_adverse_vs_mixed_chop_audit_round1.recommendation.csv,core_research_summaries,keep,summary-level research evidence retained
research_output/short1_adverse_vs_mixed_chop_audit_round1.structural_interpretation.csv,detailed_generated_audit_csvs,remove,redundant detailed generated research output; summary/recommendation evidence retained
research_output/short1_below_ema20_displacement_antecedent_audit_round1.aggregate_displacement_comparison.csv,detailed_generated_audit_csvs,remove,redundant detailed generated research output; summary/recommendation evidence retained
research_output/short1_below_ema20_displacement_antecedent_audit_round1.contradiction_summary.csv,detailed_generated_audit_csvs,remove,redundant detailed generated research output; summary/recommendation evidence retained
research_output/short1_below_ema20_displacement_antecedent_audit_round1.per_market_displacement_consistency.csv,detailed_generated_audit_csvs,remove,redundant detailed generated research output; summary/recommendation evidence retained
research_output/short1_below_ema20_displacement_antecedent_audit_round1.population_summary.csv,detailed_generated_audit_csvs,remove,redundant detailed generated research output; summary/recommendation evidence retained
research_output/short1_below_ema20_displacement_antecedent_audit_round1.recommendation.csv,core_research_summaries,keep,summary-level research evidence retained
research_output/short1_below_ema20_displacement_antecedent_audit_round1.secondary_field_comparison.csv,detailed_generated_audit_csvs,remove,redundant detailed generated research output; summary/recommendation evidence retained
research_output/short1_combined_antecedent_stability_audit_round1.combined_antecedent_comparison.csv,detailed_generated_audit_csvs,remove,redundant detailed generated research output; summary/recommendation evidence retained
research_output/short1_combined_antecedent_stability_audit_round1.contradiction_impact_summary.csv,detailed_generated_audit_csvs,remove,redundant detailed generated research output; summary/recommendation evidence retained
research_output/short1_combined_antecedent_stability_audit_round1.per_market_combination_consistency.csv,detailed_generated_audit_csvs,remove,redundant detailed generated research output; summary/recommendation evidence retained
research_output/short1_combined_antecedent_stability_audit_round1.population_summary.csv,detailed_generated_audit_csvs,remove,redundant detailed generated research output; summary/recommendation evidence retained
research_output/short1_combined_antecedent_stability_audit_round1.recommendation.csv,core_research_summaries,keep,summary-level research evidence retained
research_output/short1_combined_antecedent_stability_audit_round1.redundancy_correlation_summary.csv,detailed_generated_audit_csvs,remove,redundant detailed generated research output; summary/recommendation evidence retained
research_output/short1_combined_antecedent_stability_audit_round1.standalone_antecedent_recap.csv,detailed_generated_audit_csvs,remove,redundant detailed generated research output; summary/recommendation evidence retained
research_output/short1_cross_market_material_inventory_round1.aggregate_summary.csv,detailed_generated_audit_csvs,remove,redundant detailed generated research output; summary/recommendation evidence retained
research_output/short1_cross_market_material_inventory_round1.candidate_ranking.csv,detailed_generated_audit_csvs,remove,redundant detailed generated research output; summary/recommendation evidence retained
research_output/short1_cross_market_material_inventory_round1.executed_short1_trade_labels_all.csv,detailed_generated_audit_csvs,remove,redundant detailed generated research output; summary/recommendation evidence retained
research_output/short1_cross_market_material_inventory_round1.market_inventory.csv,detailed_generated_audit_csvs,remove,redundant detailed generated research output; summary/recommendation evidence retained
research_output/short1_cross_market_material_inventory_round1.recommendation.csv,core_research_summaries,keep,summary-level research evidence retained
research_output/short1_cross_market_material_inventory_round1.starter_short_signal_labels_all.csv,detailed_generated_audit_csvs,remove,redundant detailed generated research output; summary/recommendation evidence retained
research_output/short1_discovery_handoff_scope_note_round1.note.md,core_research_summaries,keep,summary-level research evidence retained
research_output/short1_discovery_handoff_scope_note_round1.recommendation.csv,core_research_summaries,keep,summary-level research evidence retained
research_output/short1_discovery_handoff_scope_note_round1.scope_rules.csv,core_research_summaries,keep,summary-level research evidence retained
research_output/short1_discovery_handoff_scope_note_round1.summary.csv,core_research_summaries,keep,summary-level research evidence retained
research_output/short1_discovery_stop_marker_round1.closed_work.csv,core_research_summaries,keep,summary-level research evidence retained
research_output/short1_discovery_stop_marker_round1.note.md,core_research_summaries,keep,summary-level research evidence retained
research_output/short1_discovery_stop_marker_round1.recommendation.csv,core_research_summaries,keep,summary-level research evidence retained
research_output/short1_discovery_stop_marker_round1.scope_rules.csv,core_research_summaries,keep,summary-level research evidence retained
research_output/short1_discovery_stop_marker_round1.summary.csv,core_research_summaries,keep,summary-level research evidence retained
research_output/short1_discovery_synthesis_round1.note.md,core_research_summaries,keep,summary-level research evidence retained
research_output/short1_discovery_synthesis_round1.open_questions.csv,core_research_summaries,keep,summary-level research evidence retained
research_output/short1_discovery_synthesis_round1.recommendation.csv,core_research_summaries,keep,summary-level research evidence retained
research_output/short1_discovery_synthesis_round1.summary.csv,core_research_summaries,keep,summary-level research evidence retained
research_output/short1_displacement_cross_bucket_audit_round1.clean_vs_failure_comparison.csv,detailed_generated_audit_csvs,remove,redundant detailed generated research output; summary/recommendation evidence retained
research_output/short1_displacement_cross_bucket_audit_round1.cross_bucket_displacement_profile.csv,detailed_generated_audit_csvs,remove,redundant detailed generated research output; summary/recommendation evidence retained
research_output/short1_displacement_cross_bucket_audit_round1.parent_refinement_recommendation.csv,detailed_generated_audit_csvs,remove,redundant detailed generated research output; summary/recommendation evidence retained
research_output/short1_displacement_cross_bucket_audit_round1.per_market_cross_bucket_consistency.csv,detailed_generated_audit_csvs,remove,redundant detailed generated research output; summary/recommendation evidence retained
research_output/short1_displacement_cross_bucket_audit_round1.population_bucket_summary.csv,detailed_generated_audit_csvs,remove,redundant detailed generated research output; summary/recommendation evidence retained
research_output/short1_displacement_cross_bucket_audit_round1.recommendation.csv,core_research_summaries,keep,summary-level research evidence retained
research_output/short1_displacement_cross_bucket_audit_round1.secondary_context_by_bucket.csv,detailed_generated_audit_csvs,remove,redundant detailed generated research output; summary/recommendation evidence retained
research_output/short1_entry_extension_recurrence_audit_round1.aggregate_summary.csv,detailed_generated_audit_csvs,remove,redundant detailed generated research output; summary/recommendation evidence retained
research_output/short1_entry_extension_recurrence_audit_round1.contradicting_markets.csv,detailed_generated_audit_csvs,remove,redundant detailed generated research output; summary/recommendation evidence retained
research_output/short1_entry_extension_recurrence_audit_round1.executed_short1_labels_all.csv,detailed_generated_audit_csvs,remove,redundant detailed generated research output; summary/recommendation evidence retained
research_output/short1_entry_extension_recurrence_audit_round1.market_recurrence_summary.csv,detailed_generated_audit_csvs,remove,redundant detailed generated research output; summary/recommendation evidence retained
research_output/short1_entry_extension_recurrence_audit_round1.population_summary.csv,detailed_generated_audit_csvs,remove,redundant detailed generated research output; summary/recommendation evidence retained
research_output/short1_entry_extension_recurrence_audit_round1.recommendation.csv,core_research_summaries,keep,summary-level research evidence retained
research_output/short1_entry_extension_recurrence_audit_round1.recurrence_assessment.csv,detailed_generated_audit_csvs,remove,redundant detailed generated research output; summary/recommendation evidence retained
research_output/short1_entry_extension_recurrence_audit_round1.starter_short_signal_labels_all.csv,detailed_generated_audit_csvs,remove,redundant detailed generated research output; summary/recommendation evidence retained
research_output/short1_failure_mode_synthesis_update_round1.bucket_status.csv,detailed_generated_audit_csvs,remove,redundant detailed generated research output; summary/recommendation evidence retained
research_output/short1_failure_mode_synthesis_update_round1.note.md,core_research_summaries,keep,summary-level research evidence retained
research_output/short1_failure_mode_synthesis_update_round1.open_questions.csv,core_research_summaries,keep,summary-level research evidence retained
research_output/short1_failure_mode_synthesis_update_round1.recommendation.csv,core_research_summaries,keep,summary-level research evidence retained
research_output/short1_failure_mode_synthesis_update_round1.summary.csv,core_research_summaries,keep,summary-level research evidence retained
research_output/short1_fil_first_structural_discovery_round1.candidate_separating_fields.csv,detailed_generated_audit_csvs,remove,redundant detailed generated research output; summary/recommendation evidence retained
research_output/short1_fil_first_structural_discovery_round1.executed_short1_trade_labels.csv,detailed_generated_audit_csvs,remove,redundant detailed generated research output; summary/recommendation evidence retained
research_output/short1_fil_first_structural_discovery_round1.executed_winners_vs_losers_profile.csv,detailed_generated_audit_csvs,remove,redundant detailed generated research output; summary/recommendation evidence retained
research_output/short1_fil_first_structural_discovery_round1.failure_mode_summary.csv,detailed_generated_audit_csvs,remove,redundant detailed generated research output; summary/recommendation evidence retained
research_output/short1_fil_first_structural_discovery_round1.population_summary.csv,detailed_generated_audit_csvs,remove,redundant detailed generated research output; summary/recommendation evidence retained
research_output/short1_fil_first_structural_discovery_round1.recommendation.csv,core_research_summaries,keep,summary-level research evidence retained
research_output/short1_fil_first_structural_discovery_round1.starter_favorable_vs_unfavorable_profile.csv,detailed_generated_audit_csvs,remove,redundant detailed generated research output; summary/recommendation evidence retained
research_output/short1_fil_first_structural_discovery_round1.starter_short_signal_labels.csv,detailed_generated_audit_csvs,remove,redundant detailed generated research output; summary/recommendation evidence retained
research_output/short1_fil_followthrough_vs_adverse_excursion_round1.consistent_separator_summary.csv,detailed_generated_audit_csvs,remove,redundant detailed generated research output; summary/recommendation evidence retained
research_output/short1_fil_followthrough_vs_adverse_excursion_round1.executed_context_distribution.csv,detailed_generated_audit_csvs,remove,redundant detailed generated research output; summary/recommendation evidence retained
research_output/short1_fil_followthrough_vs_adverse_excursion_round1.executed_short1_labels.csv,detailed_generated_audit_csvs,remove,redundant detailed generated research output; summary/recommendation evidence retained
research_output/short1_fil_followthrough_vs_adverse_excursion_round1.population_summary.csv,detailed_generated_audit_csvs,remove,redundant detailed generated research output; summary/recommendation evidence retained
research_output/short1_fil_followthrough_vs_adverse_excursion_round1.recommendation.csv,core_research_summaries,keep,summary-level research evidence retained
research_output/short1_fil_followthrough_vs_adverse_excursion_round1.starter_context_distribution.csv,detailed_generated_audit_csvs,remove,redundant detailed generated research output; summary/recommendation evidence retained
research_output/short1_fil_followthrough_vs_adverse_excursion_round1.starter_short_signal_labels.csv,detailed_generated_audit_csvs,remove,redundant detailed generated research output; summary/recommendation evidence retained
research_output/short1_followthrough_antecedent_audit_round1.aggregate_antecedent_comparison.csv,detailed_generated_audit_csvs,remove,redundant detailed generated research output; summary/recommendation evidence retained
research_output/short1_followthrough_antecedent_audit_round1.candidate_antecedent_ranking.csv,detailed_generated_audit_csvs,remove,redundant detailed generated research output; summary/recommendation evidence retained
research_output/short1_followthrough_antecedent_audit_round1.contradictions_weak_fields.csv,detailed_generated_audit_csvs,remove,redundant detailed generated research output; summary/recommendation evidence retained
research_output/short1_followthrough_antecedent_audit_round1.per_market_consistency_summary.csv,detailed_generated_audit_csvs,remove,redundant detailed generated research output; summary/recommendation evidence retained
research_output/short1_followthrough_antecedent_audit_round1.recommendation.csv,core_research_summaries,keep,summary-level research evidence retained
research_output/short1_followthrough_antecedent_audit_round1.top_field_per_market_deltas.csv,detailed_generated_audit_csvs,remove,redundant detailed generated research output; summary/recommendation evidence retained
research_output/short1_path_quality_failure_mode_audit_round1.entry_context_by_bucket.csv,detailed_generated_audit_csvs,remove,redundant detailed generated research output; summary/recommendation evidence retained
research_output/short1_path_quality_failure_mode_audit_round1.failure_mode_summary.csv,detailed_generated_audit_csvs,remove,redundant detailed generated research output; summary/recommendation evidence retained
research_output/short1_path_quality_failure_mode_audit_round1.parent_refinement_recommendation.csv,detailed_generated_audit_csvs,remove,redundant detailed generated research output; summary/recommendation evidence retained
research_output/short1_path_quality_failure_mode_audit_round1.per_market_bucket_summary.csv,detailed_generated_audit_csvs,remove,redundant detailed generated research output; summary/recommendation evidence retained
research_output/short1_path_quality_failure_mode_audit_round1.population_bucket_summary.csv,detailed_generated_audit_csvs,remove,redundant detailed generated research output; summary/recommendation evidence retained
research_output/short1_path_quality_failure_mode_audit_round1.recommendation.csv,core_research_summaries,keep,summary-level research evidence retained
research_output/short1_path_quality_stability_audit_round1.aggregate_path_quality_summary.csv,detailed_generated_audit_csvs,remove,redundant detailed generated research output; summary/recommendation evidence retained
research_output/short1_path_quality_stability_audit_round1.executed_short1_labels_all.csv,detailed_generated_audit_csvs,remove,redundant detailed generated research output; summary/recommendation evidence retained
research_output/short1_path_quality_stability_audit_round1.market_path_quality_summary.csv,detailed_generated_audit_csvs,remove,redundant detailed generated research output; summary/recommendation evidence retained
research_output/short1_path_quality_stability_audit_round1.population_summary.csv,detailed_generated_audit_csvs,remove,redundant detailed generated research output; summary/recommendation evidence retained
research_output/short1_path_quality_stability_audit_round1.recommendation.csv,core_research_summaries,keep,summary-level research evidence retained
research_output/short1_path_quality_stability_audit_round1.stability_assessment.csv,detailed_generated_audit_csvs,remove,redundant detailed generated research output; summary/recommendation evidence retained
research_output/short1_path_quality_stability_audit_round1.starter_short_signal_labels_all.csv,detailed_generated_audit_csvs,remove,redundant detailed generated research output; summary/recommendation evidence retained
research_output/short1_path_quality_stability_audit_round1.weak_or_contradicting_markets.csv,detailed_generated_audit_csvs,remove,redundant detailed generated research output; summary/recommendation evidence retained
research_output/short1_starter_signal_population_inventory_round1.recommendation.csv,core_research_summaries,keep,summary-level research evidence retained
research_output/short1_starter_signal_population_inventory_round1.signal_component_summary.csv,detailed_generated_audit_csvs,remove,redundant detailed generated research output; summary/recommendation evidence retained
research_output/short1_starter_signal_population_inventory_round1.signal_context_summary.csv,detailed_generated_audit_csvs,remove,redundant detailed generated research output; summary/recommendation evidence retained
research_output/short1_starter_signal_population_inventory_round1.signal_numeric_profile_summary.csv,detailed_generated_audit_csvs,remove,redundant detailed generated research output; summary/recommendation evidence retained
research_output/short1_starter_signal_population_inventory_round1.signal_year_summary.csv,detailed_generated_audit_csvs,remove,redundant detailed generated research output; summary/recommendation evidence retained
research_output/short1_starter_signal_population_inventory_round1.starter_short_signal_labels_all.csv,detailed_generated_audit_csvs,remove,redundant detailed generated research output; summary/recommendation evidence retained
research_output/short1_structural_identity_discovery_round1.baseline_tag_summary.csv,detailed_generated_audit_csvs,remove,redundant detailed generated research output; summary/recommendation evidence retained
research_output/short1_structural_identity_discovery_round1.baseline_trades_all.csv,detailed_generated_audit_csvs,remove,redundant detailed generated research output; summary/recommendation evidence retained
research_output/short1_structural_identity_discovery_round1.recommendation.csv,core_research_summaries,keep,summary-level research evidence retained
research_output/short1_structural_identity_discovery_round1.short1_entry_component_summary.csv,detailed_generated_audit_csvs,remove,redundant detailed generated research output; summary/recommendation evidence retained
research_output/short1_structural_identity_discovery_round1.short1_exploratory_archetype_summary.csv,detailed_generated_audit_csvs,remove,redundant detailed generated research output; summary/recommendation evidence retained
research_output/short1_structural_identity_discovery_round1.short1_numeric_profile_summary.csv,detailed_generated_audit_csvs,remove,redundant detailed generated research output; summary/recommendation evidence retained
research_output/short1_structural_identity_discovery_round1.short1_trade_labels_all.csv,detailed_generated_audit_csvs,remove,redundant detailed generated research output; summary/recommendation evidence retained
research_output/short1_structural_identity_discovery_round1.short1_year_summary.csv,detailed_generated_audit_csvs,remove,redundant detailed generated research output; summary/recommendation evidence retained
research_output/short1_unresolved_non_clean_grouping_check_round1.entry_context_comparison.csv,detailed_generated_audit_csvs,remove,redundant detailed generated research output; summary/recommendation evidence retained
research_output/short1_unresolved_non_clean_grouping_check_round1.grouping_judgment.csv,detailed_generated_audit_csvs,remove,redundant detailed generated research output; summary/recommendation evidence retained
research_output/short1_unresolved_non_clean_grouping_check_round1.path_profile_comparison.csv,detailed_generated_audit_csvs,remove,redundant detailed generated research output; summary/recommendation evidence retained
research_output/short1_unresolved_non_clean_grouping_check_round1.per_market_affinity.csv,detailed_generated_audit_csvs,remove,redundant detailed generated research output; summary/recommendation evidence retained
research_output/short1_unresolved_non_clean_grouping_check_round1.population_summary.csv,detailed_generated_audit_csvs,remove,redundant detailed generated research output; summary/recommendation evidence retained
research_output/short1_unresolved_non_clean_grouping_check_round1.recommendation.csv,core_research_summaries,keep,summary-level research evidence retained
research_output/short1_weak_followthrough_audit_round1.clean_vs_weak_entry_context.csv,detailed_generated_audit_csvs,remove,redundant detailed generated research output; summary/recommendation evidence retained
research_output/short1_weak_followthrough_audit_round1.clean_vs_weak_path_profile.csv,detailed_generated_audit_csvs,remove,redundant detailed generated research output; summary/recommendation evidence retained
research_output/short1_weak_followthrough_audit_round1.per_market_bucket_affinity.csv,detailed_generated_audit_csvs,remove,redundant detailed generated research output; summary/recommendation evidence retained
research_output/short1_weak_followthrough_audit_round1.population_summary.csv,detailed_generated_audit_csvs,remove,redundant detailed generated research output; summary/recommendation evidence retained
research_output/short1_weak_followthrough_audit_round1.recommendation.csv,core_research_summaries,keep,summary-level research evidence retained
research_output/short1_weak_followthrough_audit_round1.structural_interpretation.csv,detailed_generated_audit_csvs,remove,redundant detailed generated research output; summary/recommendation evidence retained
research_output/short1_weak_followthrough_audit_round1.weak_vs_reference_bucket_profile.csv,detailed_generated_audit_csvs,remove,redundant detailed generated research output; summary/recommendation evidence retained
research_output/solusdt_unseen_market_frozen_explanation_validation_round1.cross_market_summary.csv,detailed_generated_audit_csvs,remove,redundant detailed generated research output; summary/recommendation evidence retained
research_output/solusdt_unseen_market_frozen_explanation_validation_round1.dataset_quality_summary.csv,detailed_generated_audit_csvs,remove,redundant detailed generated research output; summary/recommendation evidence retained
research_output/solusdt_unseen_market_frozen_explanation_validation_round1.group_comparison_summary.csv,detailed_generated_audit_csvs,remove,redundant detailed generated research output; summary/recommendation evidence retained
research_output/solusdt_unseen_market_frozen_explanation_validation_round1.group_distribution_summary.csv,detailed_generated_audit_csvs,remove,redundant detailed generated research output; summary/recommendation evidence retained
research_output/solusdt_unseen_market_frozen_explanation_validation_round1.recommendation.csv,core_research_summaries,keep,summary-level research evidence retained
research_output/solusdt_unseen_market_frozen_explanation_validation_round1.trade_labels_all.csv,detailed_generated_audit_csvs,remove,redundant detailed generated research output; summary/recommendation evidence retained
research_output/split_leg_mini.detail.csv,detailed_generated_audit_csvs,remove,redundant detailed generated research output; summary/recommendation evidence retained
research_output/split_leg_mini.summary.csv,core_research_summaries,keep,summary-level research evidence retained
research_output/studies/phase1_entry_frequency_btc4h.db,caches_runtime_artifacts,remove,generated binary/cache/runtime artifact
research_output/studies/phase1_entry_frequency_btc4h.db-journal,caches_runtime_artifacts,remove,generated binary/cache/runtime artifact
research_output/studies/phase2_directional_quality_btc4h.db,caches_runtime_artifacts,remove,generated binary/cache/runtime artifact
research_output/studies/phase2_directional_quality_btc4h.db-journal,caches_runtime_artifacts,remove,generated binary/cache/runtime artifact
research_output/studies/phase2_locked_baseline_btc4h.db,caches_runtime_artifacts,remove,generated binary/cache/runtime artifact
research_output/studies/phase2_locked_baseline_btc4h.db-journal,caches_runtime_artifacts,remove,generated binary/cache/runtime artifact
research_output/studies/phase3_locked_baseline_btc4h.db,caches_runtime_artifacts,remove,generated binary/cache/runtime artifact
research_output/studies/phase3_locked_baseline_btc4h.db-journal,caches_runtime_artifacts,remove,generated binary/cache/runtime artifact
research_output/studies/phase3_trade_management_btc4h.db,caches_runtime_artifacts,remove,generated binary/cache/runtime artifact
research_output/studies/phase3_trade_management_btc4h.db-journal,caches_runtime_artifacts,remove,generated binary/cache/runtime artifact
server/__init__.py,app_server_files,keep,source/data/docs or uncertain review item retained
server/config.py,app_server_files,keep,source/data/docs or uncertain review item retained
server/dedup.py,app_server_files,keep,source/data/docs or uncertain review item retained
server/logging_setup.py,app_server_files,keep,source/data/docs or uncertain review item retained
server/main.py,app_server_files,keep,source/data/docs or uncertain review item retained
server/models.py,app_server_files,keep,source/data/docs or uncertain review item retained
server/okx.py,app_server_files,keep,source/data/docs or uncertain review item retained
