EntryTime,open,high,low,close,volume,ema20,ema50,ema200,atr,atr_ma,rsi,cont_high,cont_low,plus_di,minus_di,adx,weekly_ema200,weekly_bull,weekly_bear,daily_ema200,daily_bull,daily_bear,exec_bull_structure,exec_bear_structure,exec_slope_up,exec_slope_down,exec_adx_pass,exec_atr_pass,exec_distance_atr,exec_distance_pass,long_distance_cap_pass,short_distance_cap_pass,short_ema20_gap_atr,short_ema20_proximity_pass,exec_bull_momentum,exec_bear_momentum,short_squeeze_risk,short_squeeze_pass,long_pullback,short_pullback,long_resumption_soft,short_resumption_soft,long_resumption_strong,short_resumption_strong,long_resumption,short_resumption,starter_long_signal,starter_short_signal,add_long_signal,add_short_signal,atr_ratio,di_spread,close_ema20_gap_atr,regime_label,executed_short1,baseline_active_context,blocked_by_open_trade_context,entry_exec_distance_atr,entry_short_ema20_gap_atr,entry_atr_ratio,entry_adx,entry_plus_di,entry_minus_di,entry_di_spread,entry_rsi,entry_exec_bear_structure,entry_exec_slope_down,entry_exec_adx_pass,entry_exec_atr_pass,entry_exec_distance_pass,entry_short_distance_cap_pass,entry_short_ema20_proximity_pass,entry_exec_bear_momentum,entry_short_squeeze_risk,entry_short_squeeze_pass,entry_short_pullback,entry_short_resumption,entry_short_resumption_strong,entry_starter_short_signal,fwd_24bar_short_return,fwd_24bar_mfe_atr,fwd_24bar_mae_atr,followthrough_label,symbol,population
2022-04-29 00:00:00+00:00,18.09,18.2,17.68,17.87,369736.52,17.993550471854796,18.49545702612238,19.90389091928376,0.49027031181667274,0.4788109331017648,45.51183028698741,18.51,17.38,17.434728247990016,19.212271460207443,19.87855506340703,43.69212372897958,False,True,33.24110392010863,False,True,False,True,False,True,True,True,1.2757391403219567,True,True,True,0.2520047999581798,True,False,True,False,True,False,True,False,True,False,False,False,True,False,True,False,False,1.0239329930097323,-1.7775432122174273,0.0,other,True,flat,False,1.2757391403219567,0.2520047999581798,1.0239329930097323,19.87855506340703,17.434728247990016,19.212271460207443,-1.7775432122174273,45.51183028698741,True,True,True,True,True,True,True,True,False,True,True,True,False,True,0.17291550083939572,12.27894052506093,0.34674748991035464,True,FILUSDT,starter_short_followthrough
2022-04-30 16:00:00+00:00,17.62,17.71,17.21,17.5,401764.74,17.65575103700036,18.153565003279365,19.671271315678585,0.49599810104587405,0.47887843376137995,44.19261251757291,18.2,17.0,16.160406101295425,16.826079772128505,18.459568573130937,43.69212372897958,False,True,33.08258547314237,False,True,False,True,False,True,True,True,1.3176764223517008,True,True,True,0.3140153897201219,True,False,True,False,True,False,True,False,True,False,False,False,True,False,True,False,False,1.0357495056731343,-0.6656736708330797,0.0,other,False,Short1,True,1.3176764223517008,0.3140153897201219,1.0357495056731343,18.459568573130937,16.160406101295425,16.826079772128505,-0.6656736708330797,44.19261251757291,True,True,True,True,True,True,True,True,False,True,True,True,False,True,0.10742857142857147,11.391172643778814,0.08064547004445005,True,FILUSDT,starter_short_followthrough
2022-06-07 20:00:00+00:00,7.53,7.66,7.17,7.33,904233.42,7.429176927743003,7.548364384991945,9.539695385984855,0.23910790852614425,0.1916306488208579,45.85836604169658,7.88,7.0,20.645989529442225,20.70895952564547,17.40734072486797,41.8461022439134,False,True,25.604103401510983,False,True,False,True,False,True,True,True,0.9132461838587371,True,True,True,0.4147789521238657,True,False,True,False,True,False,True,False,True,False,False,False,True,False,True,False,False,1.2477539996729308,-0.06296999620324328,0.0,other,False,Short1,True,0.9132461838587371,0.4147789521238657,1.2477539996729308,17.40734072486797,20.645989529442225,20.70895952564547,-0.06296999620324328,45.85836604169658,True,True,True,True,True,True,True,True,False,True,True,True,False,True,0.16780354706684864,5.311409429442346,0.5436875793917355,True,FILUSDT,starter_short_followthrough
2022-06-08 00:00:00+00:00,7.33,7.46,7.14,7.19,592104.36,7.40639817271986,7.534310879698144,9.516315332392967,0.2448859150599911,0.19437131676222516,41.96010437876848,7.88,7.0,18.718935733857737,19.651071276126142,16.33748308605801,41.8461022439134,False,True,25.422271526869086,False,True,False,True,False,True,True,True,1.4060052396798566,True,True,True,0.8836693309488515,True,False,True,False,True,False,True,False,True,False,False,False,True,False,True,False,False,1.2598871023730347,-0.932135542268405,0.0,other,False,Short1,True,1.4060052396798566,0.8836693309488515,1.2598871023730347,16.33748308605801,18.718935733857737,19.651071276126142,-0.932135542268405,41.96010437876848,True,True,True,True,True,True,True,True,False,True,True,True,False,True,0.196105702364395,6.288642609856665,0.8983775156938082,True,FILUSDT,starter_short_followthrough
2022-07-01 00:00:00+00:00,5.4,5.56,5.32,5.32,967091.04,5.475817665434476,5.632625304593314,6.687315459196915,0.20355147795051415,0.20763142769175805,39.20554872697796,5.57,5.08,16.770631141634315,20.01868906407111,29.023926383813667,40.79171847468947,False,True,21.390816718156053,False,True,False,True,False,True,True,True,1.5358537689876999,True,True,True,0.765495131763949,True,False,True,False,True,False,True,False,True,False,False,False,True,False,True,False,False,0.9803500376286925,-3.2480579224367965,0.0,other,False,Short1,True,1.5358537689876999,0.765495131763949,0.9803500376286925,29.023926383813667,16.770631141634315,20.01868906407111,-3.2480579224367965,39.20554872697796,True,True,True,True,True,True,True,True,False,True,True,True,False,True,-0.03759398496240588,0.6386590817660606,1.4247010285550596,False,FILUSDT,starter_short_adverse
2022-07-01 08:00:00+00:00,5.39,5.49,5.25,5.33,897017.38,5.454535549255886,5.611616053951767,6.661029665098811,0.20459285598794333,0.20613117999952607,40.72901083770288,5.57,5.08,17.179791260169967,20.090845121924385,26.680952298850908,40.79171847468947,False,True,21.390816718156053,False,True,False,True,False,True,True,True,1.3764706132669793,True,True,True,0.6086994027945181,True,False,True,False,True,False,True,False,True,False,False,False,True,False,True,False,False,0.9925371600182646,-2.911053861754418,0.0,other,False,Short1,True,1.3764706132669793,0.6086994027945181,0.9925371600182646,26.680952298850908,17.179791260169967,20.090845121924385,-2.911053861754418,40.72901083770288,True,True,True,True,True,True,True,True,False,True,True,True,False,True,-0.015009380863039413,0.6842858677736523,1.5152044214988032,False,FILUSDT,starter_short_adverse
2022-07-01 20:00:00+00:00,5.37,5.45,5.3,5.35,273599.36,5.4261094193225485,5.581349233186117,6.622090441058245,0.1904411459932622,0.20261614521099078,42.92086606039968,5.56,5.08,17.027660314024768,17.281197526871914,22.41414275372528,40.79171847468947,False,True,21.390816718156053,False,True,False,True,False,True,True,True,1.2148069787098554,True,True,True,0.3996479800916638,True,False,True,False,True,False,True,False,True,False,False,False,True,False,True,False,False,0.9399110115087307,-0.2535372128471458,0.0,other,False,Short1,True,1.2148069787098554,0.3996479800916638,0.9399110115087307,22.41414275372528,17.027660314024768,17.281197526871914,-0.2535372128471458,42.92086606039968,True,True,True,True,True,True,True,True,False,True,True,True,False,True,-0.02616822429906553,0.8401545746088928,1.5227801664786256,False,FILUSDT,starter_short_adverse
2022-07-14 00:00:00+00:00,5.29,5.34,5.25,5.27,584114.8,5.28237757031816,5.404141556286676,6.013498127770337,0.14063639659054494,0.1316550252613759,46.40080254292077,5.32,5.0,15.86535737195405,26.60029732743323,35.4425185363465,40.09405220950416,False,True,19.448515417353693,False,True,False,True,False,True,True,True,0.9538182116342363,True,True,True,0.08801114518169266,True,False,True,False,True,False,True,False,True,False,False,False,True,False,True,False,False,1.0682189784350293,-10.73493995547918,0.0,other,False,Short1,True,0.9538182116342363,0.08801114518169266,1.0682189784350293,35.4425185363465,15.86535737195405,26.60029732743323,-10.73493995547918,46.40080254292077,True,True,True,True,True,True,True,True,False,True,True,True,False,True,-0.10056925996204939,0.7821588341761793,5.048479747864462,False,FILUSDT,starter_short_adverse
2022-07-14 04:00:00+00:00,5.27,5.3,5.2,5.22,358445.52,5.276436849335479,5.396920318785239,6.005602624011428,0.13773379683407744,0.13225109488556333,43.454022565990954,5.34,5.0,15.042581961465945,27.813802924587595,35.03948454260283,40.09405220950416,False,True,19.448515417353693,False,True,False,True,False,True,True,True,1.2845091244988194,True,True,True,0.40975309352334394,True,False,True,False,True,False,True,False,True,False,True,False,True,False,True,False,False,1.0414567603637481,-12.77122096312165,0.0,other,False,Short1,True,1.2845091244988194,0.40975309352334394,1.0414567603637481,35.03948454260283,15.042581961465945,27.813802924587595,-12.77122096312165,43.454022565990954,True,True,True,True,True,True,True,True,False,True,True,True,True,True,-0.1302681992337166,0.43562292900615585,5.517890434078015,False,FILUSDT,starter_short_adverse
2022-07-15 20:00:00+00:00,5.34,5.38,5.2,5.23,455184.51,5.313551374060187,5.376509965023035,5.941721716036397,0.12635813702840865,0.1332617721534371,42.80248366845223,5.46,5.16,16.571766006786405,24.331557491996715,21.696425341373846,40.09405220950416,False,True,19.3083311843452,False,True,False,True,False,True,True,True,1.1594818384359016,True,True,True,0.6612267007498042,True,False,True,False,True,False,True,False,True,False,True,False,True,False,True,False,False,0.9481949323240304,-7.759791485210311,0.0,other,False,Short1,True,1.1594818384359016,0.6612267007498042,0.9481949323240304,21.696425341373846,16.571766006786405,24.331557491996715,-7.759791485210311,42.80248366845223,True,True,True,True,True,True,True,True,False,True,True,True,True,True,-0.15487571701720831,0.5539809437382132,8.230574021253414,False,FILUSDT,starter_short_adverse
2022-08-31 12:00:00+00:00,5.82,5.88,5.69,5.8,506577.02,5.838663900460543,6.061905511970575,6.8197470120806845,0.16414506796261083,0.16442148628481376,45.400606608233105,6.11,5.57,15.783744675070894,25.78938067365388,26.07056386605112,37.86757616090341,False,True,14.681677404960935,False,True,False,True,False,True,True,True,1.5955734474473033,True,True,True,0.23554713486335174,True,False,True,False,True,False,True,False,True,False,False,False,True,False,True,False,False,0.9983188430633444,-10.005635998582987,0.0,other,True,flat,False,1.5955734474473033,0.23554713486335174,0.9983188430633444,26.07056386605112,15.783744675070894,25.78938067365388,-10.005635998582987,45.400606608233105,True,True,True,True,True,True,True,True,False,True,True,True,False,True,-0.07068965517241382,1.2793561366573258,6.0921720793206,False,FILUSDT,starter_short_adverse
2022-09-08 04:00:00+00:00,5.86,5.92,5.72,5.8,816488.87,5.901390031976499,5.980749959331874,6.510358687178126,0.17846907022935954,0.19001792457565958,44.15691370730213,6.27,5.52,19.41861024588165,23.62353362844919,18.694119057114534,37.54680425880487,False,True,14.011618209792216,False,True,False,True,False,True,True,True,1.0127803047305797,True,True,True,0.5681098234343782,True,False,True,False,True,False,True,False,True,False,True,False,True,False,True,False,False,0.9392222898334961,-4.204923382567543,0.0,other,True,flat,False,1.0127803047305797,0.5681098234343782,0.9392222898334961,18.694119057114534,19.41861024588165,23.62353362844919,-4.204923382567543,44.15691370730213,True,True,True,True,True,True,True,True,False,True,True,True,True,True,-0.12413793103448272,0.560321179863181,6.667822040371879,False,FILUSDT,starter_short_adverse
2022-10-05 08:00:00+00:00,5.56,5.58,5.47,5.49,369324.35,5.555880296660857,5.598156603884039,5.850439885763127,0.10399588410347423,0.11384873494679379,41.68134418509496,5.66,5.47,13.277182235995907,21.705430439359866,23.293294957546106,36.30625676297596,False,True,12.054415178742355,False,True,False,True,False,True,True,True,1.0400085043406606,True,True,True,0.633489461903193,True,False,True,False,True,False,True,False,True,False,True,False,True,False,True,False,False,0.913456650634509,-8.428248203363959,0.0,other,True,flat,False,1.0400085043406606,0.633489461903193,0.913456650634509,23.293294957546106,13.277182235995907,21.705430439359866,-8.428248203363959,41.68134418509496,True,True,True,True,True,True,True,True,False,True,True,True,True,True,0.01092896174863397,1.3462071235502246,1.5385224269145374,False,FILUSDT,starter_short_adverse
2022-10-06 16:00:00+00:00,5.55,5.59,5.52,5.54,301839.62,5.562889996396257,5.590132519014917,5.828786128293821,0.0952198632246529,0.105055651670374,46.68516586770962,5.66,5.43,16.093456922462302,19.523658430500028,16.340075443411102,36.30625676297596,False,True,11.989993137162829,False,True,False,True,False,True,True,True,0.5264922392992614,True,True,True,0.24039098168260006,True,False,True,False,True,False,True,False,True,False,False,False,True,False,True,False,False,0.9063754468290559,-3.430201508037726,0.0,other,False,Short1,True,0.5264922392992614,0.24039098168260006,0.9063754468290559,16.340075443411102,16.093456922462302,19.523658430500028,-3.430201508037726,46.68516586770962,True,True,True,True,True,True,True,True,False,True,True,True,False,True,0.04512635379061372,3.2556232439508386,0.21004020928714665,True,FILUSDT,starter_short_followthrough
2022-10-06 20:00:00+00:00,5.54,5.56,5.46,5.48,238643.56,5.554995711025185,5.585813596700606,5.825315619554579,0.0955613015657491,0.10383739083677586,40.781883002565614,5.65,5.43,14.89052998605194,22.549116652178864,16.634057186230223,36.30625676297596,False,True,11.989993137162829,False,True,False,True,False,True,True,True,1.1072850093801072,True,True,True,0.7847916446971531,True,False,True,False,True,False,True,False,True,False,True,False,True,False,True,False,False,0.920297599888309,-7.658586666126924,0.0,other,False,Short1,True,1.1072850093801072,0.7847916446971531,0.920297599888309,16.634057186230223,14.89052998605194,22.549116652178864,-7.658586666126924,40.781883002565614,True,True,True,True,True,True,True,True,False,True,True,True,True,True,0.05839416058394165,3.976505068200114,0.5232243510789594,True,FILUSDT,starter_short_followthrough
2022-10-14 12:00:00+00:00,5.17,5.25,5.07,5.07,671620.97,5.146399123440319,5.265459477309467,5.616141752804762,0.12555948391487629,0.10050994661900237,42.70290681606428,5.32,4.72,19.680927640911392,27.62295336409209,32.01189575347919,35.99843331259809,False,True,11.475008645834398,False,True,False,True,False,True,True,True,1.5567081929229647,True,True,True,0.6084695560879648,True,False,True,False,True,False,True,False,True,False,True,False,True,False,True,False,False,1.249224461244894,-7.9420257231806985,0.0,other,False,Short1,True,1.5567081929229647,0.6084695560879648,1.249224461244894,32.01189575347919,19.680927640911392,27.62295336409209,-7.9420257231806985,42.70290681606428,True,True,True,True,True,True,True,True,False,True,True,True,True,True,-0.00986193293885598,0.7964352582700648,1.752157568194131,False,FILUSDT,starter_short_adverse
2022-10-24 12:00:00+00:00,5.04,5.05,4.91,4.97,465319.7,5.009772405131429,5.0514511158311,5.36516632965866,0.09188303362896351,0.08845322866022204,45.55719228614636,5.17,4.92,19.489359147171722,23.31543934849395,21.555934161951285,35.39034671449214,False,True,10.865705855726533,False,True,False,True,False,True,True,True,0.886465244062485,True,True,True,0.43285907703086407,True,False,True,False,True,False,True,False,True,False,True,False,True,False,True,False,False,1.0387753507779403,-3.8260802013222275,0.0,other,False,Short1,True,0.886465244062485,0.43285907703086407,1.0387753507779403,21.555934161951285,19.489359147171722,23.31543934849395,-3.8260802013222275,45.55719228614636,True,True,True,True,True,True,True,True,False,True,True,True,True,True,-0.07042253521126772,0.6530041252478447,5.768203106356001,False,FILUSDT,starter_short_adverse
2022-12-08 20:00:00+00:00,4.44,4.44,4.38,4.4,451085.5,4.43144730349606,4.446868400648158,4.584357438096158,0.0838496821162114,0.0871955740047421,45.14010076699831,4.6,4.19,14.366300875725987,24.848021334200425,29.722161117762536,33.61155750214934,False,True,8.636139541482484,False,True,False,True,False,True,True,True,0.5589574040745916,True,True,True,0.3750438010304563,True,False,True,False,True,False,True,False,True,False,False,False,True,False,True,False,False,0.9616277325228831,-10.481720458474438,0.0,other,True,flat,False,0.5589574040745916,0.3750438010304563,0.9616277325228831,29.722161117762536,14.366300875725987,24.848021334200425,-10.481720458474438,45.14010076699831,True,True,True,True,True,True,True,True,False,True,True,True,False,True,0.03409090909090917,2.7430038396714744,0.8348272555521792,True,FILUSDT,starter_short_followthrough
2022-12-29 20:00:00+00:00,3.004,3.011,2.918,2.977,1031044.85,3.0031492576851386,3.0473812593140908,3.659472310392264,0.06665850147159198,0.06531117334430439,46.095653181936704,3.043,2.907,20.713196216444757,22.59541380306529,17.468142647137014,32.735319212442604,False,True,7.6561147343472955,False,True,False,True,False,True,True,True,1.0558482078101539,True,True,True,0.39228691176447844,True,False,True,False,True,False,True,False,True,False,True,False,True,False,True,False,False,1.0206293664360433,-1.8822175866205342,0.0,other,False,Short1,True,1.0558482078101539,0.39228691176447844,1.0206293664360433,17.468142647137014,20.713196216444757,22.59541380306529,-1.8822175866205342,46.095653181936704,True,True,True,True,True,True,True,True,False,True,True,True,True,True,-0.058448102116224365,0.900110243635921,3.660448324119412,False,FILUSDT,starter_short_adverse
2023-04-03 12:00:00+00:00,5.566,5.601,5.476,5.522,761845.91,5.594026982898797,5.621623633970256,5.819647580715788,0.12694953128480901,0.13578467137528408,44.75092802012343,5.801,5.336,18.512606811030224,26.91650374309547,16.168790685157088,29.159525078878847,False,True,6.388621143127291,False,True,False,True,False,True,True,True,0.7847499156712303,True,True,True,0.5673670644534001,True,False,True,False,True,False,True,False,True,False,False,False,True,False,True,False,False,0.9349327136782889,-8.403896932065244,0.0,other,True,flat,False,0.7847499156712303,0.5673670644534001,0.9349327136782889,16.168790685157088,18.512606811030224,26.91650374309547,-8.403896932065244,44.75092802012343,True,True,True,True,True,True,True,True,False,True,True,True,False,True,-0.07044549076421575,1.1579404706127536,3.371418513076583,False,FILUSDT,starter_short_adverse
2023-04-27 04:00:00+00:00,5.278,5.346,5.218,5.269,750160.27,5.301511507078724,5.442293655545154,5.714483327948145,0.13901046746516388,0.12074690927904208,46.84051262379849,5.55,5.018,20.951324890039775,27.60081563198325,24.564859561544313,28.471524564387238,False,True,6.252875996777276,False,True,False,True,False,True,True,True,1.246623068788556,True,True,True,0.233878122069273,True,False,True,False,True,False,True,False,True,False,False,False,True,False,True,False,False,1.1512548709956238,-6.649490741943474,0.0,other,True,flat,False,1.246623068788556,0.233878122069273,1.1512548709956238,24.564859561544313,20.951324890039775,27.60081563198325,-6.649490741943474,46.84051262379849,True,True,True,True,True,True,True,True,False,True,True,True,False,True,-0.017840197380907252,0.43162217273340614,2.8918685573137983,False,FILUSDT,starter_short_adverse
2023-05-06 00:00:00+00:00,5.264,5.295,5.196,5.208,744520.78,5.272649401432966,5.326503263620285,5.560886267670133,0.07824955723870433,0.08097874641136966,39.00103317899384,5.362,5.1,17.871642705707124,29.055859980527686,19.433387850550787,28.240653673199308,False,True,6.176827224096408,False,True,False,True,False,True,True,True,1.5144272734832842,True,True,True,0.8261951085007396,True,False,True,False,True,False,True,False,True,False,True,False,True,False,True,False,False,0.9662974633022703,-11.184217274820561,0.0,other,False,Short1,True,1.5144272734832842,0.8261951085007396,0.9662974633022703,19.433387850550787,17.871642705707124,29.055859980527686,-11.184217274820561,39.00103317899384,True,True,True,True,True,True,True,True,False,True,True,True,True,True,0.1292242703533026,11.194951523210756,0.16613512534445052,True,FILUSDT,starter_short_followthrough
2023-05-17 04:00:00+00:00,4.464,4.486,4.403,4.415,564918.46,4.439108797551467,4.530975549197341,5.063610351140715,0.08043196674412822,0.08498959822997379,46.009518142930354,4.527,4.372,13.785936570883116,16.836686775640867,27.761192289474394,27.784860674546813,False,True,6.008759400901914,False,True,False,True,False,True,True,True,1.4419086576147564,True,True,True,0.2997414899496621,True,False,True,False,True,False,True,False,True,False,False,False,True,False,True,False,False,0.946374243663171,-3.050750204757751,0.0,other,False,Short1,True,1.4419086576147564,0.2997414899496621,0.946374243663171,27.761192289474394,13.785936570883116,16.836686775640867,-3.050750204757751,46.009518142930354,True,True,True,True,True,True,True,True,False,True,True,True,False,True,-0.019026047565118828,0.42271750121641666,3.1952469944888104,False,FILUSDT,starter_short_adverse
2023-05-24 12:00:00+00:00,4.446,4.458,4.335,4.4,1230700.93,4.454097995267964,4.473023155523351,4.851468308103466,0.0634525731960332,0.0591641934875994,41.953207809996,4.528,4.395,13.552566566131537,28.51731121359001,17.25243551819003,27.552673006143365,False,True,5.904971474898029,False,True,False,True,False,True,True,True,1.1508304840175625,True,True,True,0.8525737025798924,True,False,True,False,True,False,True,False,True,False,True,False,True,False,True,False,False,1.0724826868354527,-14.964744647458472,0.0,other,False,Short1,True,1.1508304840175625,0.8525737025798924,1.0724826868354527,17.25243551819003,13.552566566131537,28.51731121359001,-14.964744647458472,41.953207809996,True,True,True,True,True,True,True,True,False,True,True,True,True,True,-0.030909090909090733,1.0559067446013164,2.7106859712153084,False,FILUSDT,starter_short_adverse
2023-05-25 00:00:00+00:00,4.46,4.476,4.333,4.408,744736.51,4.448181638002695,4.468352694093273,4.839069060205258,0.07210871111941865,0.060668178969481026,44.280277670447305,4.528,4.335,14.975261594369659,28.016212597008007,19.13848678177774,27.552673006143365,False,True,5.890593649277154,False,True,False,True,False,True,True,True,0.836968143742342,True,True,True,0.5572369465341048,True,False,True,False,True,False,True,False,True,False,True,False,True,False,True,False,False,1.188575499450754,-13.040951002638348,0.0,other,False,Short1,True,0.836968143742342,0.5572369465341048,1.188575499450754,19.13848678177774,14.975261594369659,28.016212597008007,-13.040951002638348,44.280277670447305,True,True,True,True,True,True,True,True,False,True,True,True,True,True,-0.05626134301270402,0.4992461998160135,4.340668348400278,False,FILUSDT,starter_short_adverse
2023-05-25 12:00:00+00:00,4.427,4.458,4.4,4.409,453420.91,4.439250173313949,4.462172197023615,4.826496705697584,0.06537348335618175,0.061605298540798034,44.84792294885957,4.528,4.333,16.50319767308989,24.742380460870613,20.630357786538493,27.552673006143365,False,True,5.890593649277154,False,True,False,True,False,True,True,True,0.813360315128247,True,True,True,0.46272849113965797,True,False,True,False,True,False,True,False,True,False,False,False,True,False,True,False,False,1.0611665701593547,-8.239182787780724,0.0,other,False,Short1,True,0.813360315128247,0.46272849113965797,1.0611665701593547,20.630357786538493,16.50319767308989,24.742380460870613,-8.239182787780724,44.84792294885957,True,True,True,True,True,True,True,True,False,True,True,True,False,True,-0.04309367203447503,0.5659787133937568,4.772577258887909,False,FILUSDT,starter_short_adverse
2023-09-12 04:00:00+00:00,3.121,3.136,3.085,3.115,409105.26,3.1226947050595446,3.1777840308786462,3.45394146104833,0.06401784139998215,0.05116974395537925,46.33665605256036,3.147,2.95,16.906876389595755,30.738240906774468,40.3640617463292,24.0769743312798,False,True,4.5581906009994055,False,True,False,True,False,True,True,True,0.9807270833512287,True,True,True,0.12019625921886425,True,False,True,False,True,False,True,False,True,False,False,False,True,False,True,False,False,1.2510877806190828,-13.831364517178713,0.0,other,True,flat,False,0.9807270833512287,0.12019625921886425,1.2510877806190828,40.3640617463292,16.906876389595755,30.738240906774468,-13.831364517178713,46.33665605256036,True,True,True,True,True,True,True,True,False,True,True,True,False,True,-0.082182985553772,0.5935845253290726,5.389122664171803,False,FILUSDT,starter_short_adverse
2023-09-12 16:00:00+00:00,3.136,3.177,3.085,3.11,708324.05,3.123825394882131,3.1721113104977863,3.4443055936372216,0.06677230231623935,0.054702706803924264,45.669568447237694,3.199,2.95,18.789131668606544,26.37683167744569,34.96825153785921,24.0769743312798,False,True,4.5581906009994055,False,True,False,True,False,True,True,True,0.9301957300142492,True,True,True,0.2070528408119423,True,False,True,False,True,False,True,False,True,False,True,False,True,False,True,False,False,1.2206398223688857,-7.587700008839146,0.0,other,False,Short1,True,0.9301957300142492,0.2070528408119423,1.2206398223688857,34.96825153785921,18.789131668606544,26.37683167744569,-7.587700008839146,45.669568447237694,True,True,True,True,True,True,True,True,False,True,True,True,True,True,-0.06688102893890681,0.49421689615716846,5.241694353182104,False,FILUSDT,starter_short_adverse
2023-09-25 16:00:00+00:00,3.231,3.246,3.187,3.208,511709.87,3.232046586267405,3.2550410432756234,3.3519922316094317,0.04663123623094012,0.04665468588352088,42.58710903579012,3.268,3.165,11.001563882884142,16.591391595388615,22.325637015880602,23.66400565562762,False,True,4.400809087153997,False,True,False,True,False,True,True,True,1.0087882517772746,True,True,True,0.5156755044690317,True,False,True,False,True,False,True,False,True,False,False,False,True,False,True,False,False,0.9994973784061196,-5.589827712504473,0.0,other,False,Short1,True,1.0087882517772746,0.5156755044690317,0.9994973784061196,22.325637015880602,11.001563882884142,16.591391595388615,-5.589827712504473,42.58710903579012,True,True,True,True,True,True,True,True,False,True,True,True,False,True,-0.04738154613466324,2.251709551082667,3.495511017394994,False,FILUSDT,starter_short_adverse
2023-09-27 16:00:00+00:00,3.209,3.218,3.172,3.201,211154.27,3.214054498986786,3.236095215734913,3.335364639202243,0.046960241333689555,0.04317944331489742,46.32706717048697,3.283,3.103,17.845648855221004,19.38463802388127,20.56114917718881,23.66400565562762,False,True,4.37685108438864,False,True,False,True,False,True,True,True,0.7473389134764865,True,True,True,0.27799045780074894,True,False,True,False,True,False,True,False,True,False,False,False,True,False,True,False,False,1.0875601380781978,-1.5389891686602652,0.0,other,False,Short1,True,0.7473389134764865,0.27799045780074894,1.0875601380781978,20.56114917718881,17.845648855221004,19.38463802388127,-1.5389891686602652,46.32706717048697,True,True,True,True,True,True,True,True,False,True,True,True,False,True,-0.04654795376444862,0.36200836105593015,4.876465569518148,False,FILUSDT,starter_short_adverse
2024-04-28 20:00:00+00:00,6.09,6.096,5.861,5.899,815904.46,5.989252927129399,6.135469993537173,7.145528888351559,0.1528586829369249,0.16481831771239,43.85021018302945,6.128,5.667,18.25883420949552,27.284842650948228,23.732875684062908,18.98144421646162,False,True,6.557066954570786,False,True,False,True,False,True,True,True,1.5469843714062956,True,True,True,0.5904337614019627,True,False,True,False,True,False,True,False,True,False,True,False,True,False,True,False,False,0.9274374660446734,-9.026008441452706,0.0,other,True,flat,False,1.5469843714062956,0.5904337614019627,0.9274374660446734,23.732875684062908,18.25883420949552,27.284842650948228,-9.026008441452706,43.85021018302945,True,True,True,True,True,True,True,True,False,True,True,True,True,True,-0.0049160874724529435,4.546683162818973,0.8439167309404968,False,FILUSDT,starter_short_adverse
2024-04-29 12:00:00+00:00,5.908,5.957,5.722,5.852,2118647.91,5.9421697991908236,6.092499683041656,7.094496187934019,0.16342843719704053,0.16113356862202138,43.397711051970006,6.128,5.733,15.36295974059523,23.65448675921691,24.018799474479035,18.98144421646162,False,True,6.550519024674559,False,True,False,True,False,True,True,True,1.4715901783463365,True,True,True,0.5517387349308637,True,False,True,False,True,False,True,False,True,False,False,False,True,False,True,False,False,1.0142420266282461,-8.291527018621679,0.0,other,False,Short1,True,1.4715901783463365,0.5517387349308637,1.0142420266282461,24.018799474479035,15.36295974059523,23.65448675921691,-8.291527018621679,43.397711051970006,True,True,True,True,True,True,True,True,False,True,True,True,False,True,-0.03417634996582353,3.9650382217063442,1.548078194585964,False,FILUSDT,starter_short_adverse
2024-04-30 04:00:00+00:00,5.906,5.927,5.846,5.879,633470.98,5.922394148530434,6.06123603885505,7.046892843973941,0.1584884317676143,0.16011768542829952,45.66277804692822,6.128,5.722,17.11963826737634,18.134469507304285,19.792537935035305,18.98144421646162,False,True,6.544225303036006,False,True,False,True,False,True,True,True,1.14983811009157,True,True,True,0.27380010040140695,True,False,True,False,True,False,True,False,True,False,False,False,True,False,True,False,False,0.9898246489366422,-1.0148312399279433,0.0,other,False,Short1,True,1.14983811009157,0.27380010040140695,0.9898246489366422,19.792537935035305,17.11963826737634,18.134469507304285,-1.0148312399279433,45.66277804692822,True,True,True,True,True,True,True,True,False,True,True,True,False,True,-0.02483415546861725,4.2589859239047,1.6468078905764854,False,FILUSDT,starter_short_adverse
2024-05-02 00:00:00+00:00,5.717,5.729,5.548,5.645,724643.69,5.671586717957415,5.8766080184783265,6.890082050220426,0.1939007779947429,0.17016557235926436,46.59718918026052,5.899,5.204,21.077898936835886,22.580584313783366,22.042600285397356,18.98144421646162,False,True,6.526948546459962,False,True,False,True,False,True,True,True,1.1944666796778214,True,True,True,0.1371150659237485,True,False,True,False,True,False,True,False,True,False,False,False,True,False,True,False,False,1.1394830065000885,-1.502685376947479,0.0,other,False,Short1,True,1.1944666796778214,0.1371150659237485,1.1394830065000885,22.042600285397356,21.077898936835886,22.580584313783366,-1.502685376947479,46.59718918026052,True,True,True,True,True,True,True,True,False,True,True,True,False,True,-0.09282550930026573,0.195976521564187,3.3883309123071843,False,FILUSDT,starter_short_adverse
2024-05-02 04:00:00+00:00,5.645,5.69,5.607,5.631,598248.87,5.667721316247185,5.866976331479177,6.877553870616243,0.18597929385226128,0.17182160290503118,46.04711856694832,5.779,5.204,20.405986344724912,21.860769735341695,20.713979497732993,18.98144421646162,False,True,6.526948546459962,False,True,False,True,False,True,True,True,1.2688312047610635,True,True,True,0.19744841206008484,True,False,True,False,True,False,True,False,True,False,False,False,True,False,True,False,False,1.082397618855036,-1.4547833906167824,0.0,other,False,Short1,True,1.2688312047610635,0.19744841206008484,1.082397618855036,20.713979497732993,20.405986344724912,21.860769735341695,-1.4547833906167824,46.04711856694832,True,True,True,True,True,True,True,True,False,True,True,True,False,True,-0.12182560824009943,0.06452331198511296,3.7423520951364084,False,FILUSDT,starter_short_adverse
2024-05-13 16:00:00+00:00,5.666,5.713,5.523,5.593,1312010.24,5.6512540211626865,5.751852407647349,6.355838224634966,0.11867245132760451,0.10981411894389607,44.13671648909152,5.712,5.366,11.781550547209038,27.392229045964523,29.749829048074044,18.724919690505107,False,True,6.456794221255983,False,True,False,True,False,True,True,True,1.3385786327849991,True,True,True,0.4908807436855903,True,False,True,False,True,False,True,False,True,False,True,False,True,False,True,False,False,1.0806666070711195,-15.610678498755485,0.0,other,False,Short1,True,1.3385786327849991,0.4908807436855903,1.0806666070711195,29.749829048074044,11.781550547209038,27.392229045964523,-15.610678498755485,44.13671648909152,True,True,True,True,True,True,True,True,False,True,True,True,True,True,-0.05238691221169321,2.6375118782702054,3.336915986565502,False,FILUSDT,starter_short_adverse
2024-06-28 20:00:00+00:00,4.462,4.477,4.38,4.383,471815.24,4.443251025466205,4.488464798003405,5.112056339070804,0.08859324208284296,0.09695865124378807,44.43738431357878,4.582,4.283,19.68092397759317,21.68731007025074,20.314211480611778,17.96626673681186,False,True,6.068236378229041,False,True,False,True,False,True,True,True,1.1904384073086036,True,True,True,0.6800860206680873,True,False,True,False,True,False,True,False,True,False,True,False,True,False,True,False,False,0.9137218901703621,-2.006386092657568,0.0,other,True,flat,False,1.1904384073086036,0.6800860206680873,0.9137218901703621,20.314211480611778,19.68092397759317,21.68731007025074,-2.006386092657568,44.43738431357878,True,True,True,True,True,True,True,True,False,True,True,True,True,True,-0.007985398129135329,0.9368660413441855,1.9978950520231336,False,FILUSDT,starter_short_adverse
2024-07-08 12:00:00+00:00,3.894,3.903,3.65,3.748,2888248.62,3.776902105973566,3.9488191386132145,4.629528504822151,0.15098758227462322,0.1378076798338323,46.91814456475317,4.019,3.451,24.443752143715777,30.463521530994207,31.315571349007858,17.697336972958254,False,True,5.880151792310441,False,True,False,True,False,True,True,True,1.3300374480330122,True,True,True,0.19142041708434945,True,False,True,False,True,False,True,False,True,False,False,False,True,False,True,False,False,1.0956398254196222,-6.01976938727843,0.0,other,False,Short1,True,1.3300374480330122,0.19142041708434945,1.0956398254196222,31.315571349007858,24.443752143715777,30.463521530994207,-6.01976938727843,46.91814456475317,True,True,True,True,True,True,True,True,False,True,True,True,False,True,-0.07043756670224102,0.2582993873566711,3.2188077501369645,False,FILUSDT,starter_short_adverse
2024-08-16 20:00:00+00:00,3.545,3.575,3.488,3.5,460670.31,3.5709639879530237,3.6299589344211025,3.95815753175485,0.09408415112751035,0.09474357182729695,43.134380622348594,3.678,3.408,16.01800205878159,25.704953829274007,18.543050137337318,17.035775693255978,False,True,5.291121106677345,False,True,False,True,False,True,True,True,1.3813052768576484,True,True,True,0.7542608091010744,True,False,True,False,True,False,True,False,True,False,False,False,True,False,True,False,False,0.9930399425832434,-9.686951770492417,0.0,other,True,flat,False,1.3813052768576484,0.7542608091010744,0.9930399425832434,18.543050137337318,16.01800205878159,25.704953829274007,-9.686951770492417,43.134380622348594,True,True,True,True,True,True,True,True,False,True,True,True,False,True,-0.04342857142857147,0.15943174084305578,2.1789004581884117,False,FILUSDT,starter_short_adverse
2024-09-07 08:00:00+00:00,3.339,3.36,3.33,3.331,438021.82,3.349187842372088,3.450197507481579,3.7117622706089595,0.07865744631999094,0.08554085756873746,45.15175462683468,3.417,3.144,14.364655138969871,27.360586429862177,39.56250618910797,16.6426623219756,False,True,4.968484538465492,False,True,False,True,False,True,True,True,1.515400169446957,True,True,True,0.23122848786747077,True,False,True,False,True,False,True,False,True,False,False,False,True,False,True,False,False,0.919530719653877,-12.995931290892306,0.0,other,True,flat,False,1.515400169446957,0.23122848786747077,0.919530719653877,39.56250618910797,14.364655138969871,27.360586429862177,-12.995931290892306,45.15175462683468,True,True,True,True,True,True,True,True,False,True,True,True,False,True,-0.06784749324527169,0.15256025413261082,4.602234333000423,False,FILUSDT,starter_short_adverse
2024-09-17 16:00:00+00:00,3.516,3.523,3.424,3.452,559265.89,3.5027125570208044,3.5343107609177826,3.636091794075569,0.06639612243207607,0.061874763966961,42.024107410585074,3.532,3.36,15.139745709746185,19.36676205694666,32.28381648175775,16.38012342794871,False,True,4.833759362944432,False,True,False,True,False,True,True,True,1.2396922877836343,True,True,True,0.763787931632362,True,False,True,False,True,False,True,False,True,False,False,False,True,False,True,False,False,1.0730727387910413,-4.227016347200474,0.0,other,False,Short1,True,1.2396922877836343,0.763787931632362,1.0730727387910413,32.28381648175775,15.139745709746185,19.36676205694666,-4.227016347200474,42.024107410585074,True,True,True,True,True,True,True,True,False,True,True,True,False,True,-0.10486674391657014,1.3253786030957606,6.295548364704859,False,FILUSDT,starter_short_adverse
2024-09-18 04:00:00+00:00,3.496,3.5,3.466,3.486,391730.26,3.497524395703023,3.528427488003982,3.6315398163633623,0.0624253939443408,0.062151004531856194,46.66788053567479,3.532,3.36,16.186489343265404,16.492420224833726,26.731651897975386,16.38012342794871,False,True,4.820129916546976,False,True,False,True,False,True,True,True,0.679651105474969,True,True,True,0.18461070046747588,True,False,True,False,True,False,True,False,True,False,False,False,True,False,True,False,False,1.004414882986227,-0.3059308815683224,0.0,other,False,Short1,True,0.679651105474969,0.18461070046747588,1.004414882986227,26.731651897975386,16.186489343265404,16.492420224833726,-0.3059308815683224,46.66788053567479,True,True,True,True,True,True,True,True,False,True,True,True,False,True,-0.0783132530120481,1.9543328810832483,6.3756105464846735,False,FILUSDT,starter_short_adverse
2024-10-08 12:00:00+00:00,3.727,3.743,3.392,3.645,1994723.02,3.698728534458653,3.719805508855121,3.738887707728027,0.0988351724740373,0.07715536237244484,45.12823533678909,3.813,3.644,10.181125616158594,35.03850779148702,22.880699272477294,16.006926177282832,False,True,4.633650768378542,False,True,False,True,False,True,True,True,0.756871334187954,True,True,True,0.5436175514619218,True,False,True,False,True,False,True,False,True,False,True,False,True,False,True,False,False,1.2809890257133332,-24.857382175328425,0.0,other,True,flat,False,0.756871334187954,0.5436175514619218,1.2809890257133332,22.880699272477294,10.181125616158594,35.03850779148702,-24.857382175328425,45.12823533678909,True,True,True,True,True,True,True,True,False,True,True,True,True,True,0.0038408779149520533,2.134867524569017,0.3237713781336903,True,FILUSDT,starter_short_followthrough
2024-11-05 16:00:00+00:00,3.393,3.432,3.332,3.345,690772.21,3.3720810754347683,3.4583821807566792,3.6098420590304867,0.07392618690065056,0.07172681467749734,44.36495854498194,3.433,3.2,16.961346513553877,23.338561025475332,33.03684546838158,15.524537848398033,False,True,4.3875891639199365,False,True,False,True,False,True,True,True,1.5337214796301266,True,True,True,0.36632587950413825,True,False,True,False,True,False,True,False,True,False,False,False,True,False,True,False,False,1.0306631799145436,-6.377214511921455,0.0,other,True,flat,False,1.5337214796301266,0.36632587950413825,1.0306631799145436,33.03684546838158,16.961346513553877,23.338561025475332,-6.377214511921455,44.36495854498194,True,True,True,True,True,True,True,True,False,True,True,True,False,True,-0.15934230194319876,0.12174305719427198,8.57612202901839,False,FILUSDT,starter_short_adverse
2025-02-26 12:00:00+00:00,3.182,3.214,3.073,3.176,2253542.08,3.1868509158545817,3.274562424514345,3.7414694822926324,0.10797849775956847,0.09636347455675029,46.69608770119966,3.222,2.8,14.567070890838767,27.040995404071875,29.271929037104485,13.966438405526807,False,True,4.621520715428354,False,True,False,True,False,True,True,True,0.9127967749080003,True,True,True,0.10049145042509154,True,False,True,False,True,False,True,False,True,False,False,False,True,False,True,False,False,1.1205334620430054,-12.473924513233108,0.0,other,True,flat,False,0.9127967749080003,0.10049145042509154,1.1205334620430054,29.271929037104485,14.567070890838767,27.040995404071875,-12.473924513233108,46.69608770119966,True,True,True,True,True,True,True,True,False,True,True,True,False,True,-0.03935768261964735,1.6947818667331274,1.9170483410587793,False,FILUSDT,starter_short_adverse
2025-03-07 00:00:00+00:00,3.086,3.114,2.908,3.03,3259899.74,3.104191354416771,3.1564357641688954,3.5106782381099078,0.11251890095036236,0.12378214276434807,42.983544906473306,3.202,3.003,13.029434809786887,30.138072379674217,24.803485276150752,13.861429068158381,False,True,4.498838106935132,False,True,False,True,False,True,True,True,1.1236846707618715,True,True,True,0.6593679265450775,True,False,True,False,True,False,True,False,True,False,True,False,True,False,True,False,False,0.9090075388707056,-17.10863756988733,0.0,other,False,Short1,True,1.1236846707618715,0.6593679265450775,0.9090075388707056,24.803485276150752,13.029434809786887,30.138072379674217,-17.10863756988733,42.983544906473306,True,True,True,True,True,True,True,True,False,True,True,True,True,True,0.13531353135313523,5.252450877215011,1.7419295633403444,True,FILUSDT,starter_short_followthrough
2025-03-08 04:00:00+00:00,3.135,3.164,3.073,3.079,616318.13,3.118623420501394,3.1511411009444084,3.4853201957672404,0.10758011660541267,0.11462012455344547,46.21591330069583,3.226,2.908,14.781660446945052,22.671654450563835,24.455979173490842,13.861429068158381,False,True,4.485088474030305,False,True,False,True,False,True,True,True,0.6705802449444319,True,True,True,0.36831546341157545,True,False,True,False,True,False,True,False,True,False,False,False,True,False,True,False,False,0.9385796519113869,-7.889994003618783,0.0,other,False,Short1,True,0.6705802449444319,0.36831546341157545,0.9385796519113869,24.455979173490842,14.781660446945052,22.671654450563835,-7.889994003618783,46.21591330069583,True,True,True,True,True,True,True,True,False,True,True,True,False,True,0.10198116271516727,5.949054715635063,0.6506778595225834,True,FILUSDT,starter_short_followthrough
2025-03-12 12:00:00+00:00,2.794,2.87,2.693,2.759,2583542.86,2.8034900887288745,2.9336508405974153,3.337597703686446,0.11590861611148445,0.1099059302810685,43.68160528195467,2.81,2.439,17.065120991189726,29.107856573595274,37.45876001366798,13.758986987878199,False,True,4.419680283004761,False,True,False,True,False,True,True,True,1.506797738223627,True,True,True,0.38383763193309706,True,False,True,False,True,False,True,False,True,False,False,False,True,False,True,False,False,1.0546165781506507,-12.042735582405548,0.0,other,False,Short1,True,1.506797738223627,0.38383763193309706,1.0546165781506507,37.45876001366798,17.065120991189726,29.107856573595274,-12.042735582405548,43.68160528195467,True,True,True,True,True,True,True,True,False,True,True,True,False,True,-0.033345415005436786,0.8196112005049379,1.9066744769641242,False,FILUSDT,starter_short_adverse
2025-03-13 00:00:00+00:00,2.788,2.809,2.761,2.774,568614.87,2.7973677268752133,2.9162690951854517,3.321117765800057,0.10237617696681173,0.11150802799836279,45.105660379249365,2.87,2.572,15.469352455898523,27.013901698306356,35.26886825802093,13.758986987878199,False,True,4.403454608547002,False,True,False,True,False,True,True,True,1.3896699349456316,True,True,True,0.22825356022806564,True,False,True,False,True,False,True,False,True,False,False,False,True,False,True,False,False,0.9181058871233456,-11.544549242407832,0.0,other,False,Short1,True,1.3896699349456316,0.22825356022806564,0.9181058871233456,35.26886825802093,15.469352455898523,27.013901698306356,-11.544549242407832,45.105660379249365,True,True,True,True,True,True,True,True,False,True,True,True,False,True,-0.04938716654650325,1.0744687217189175,2.012186878855429,False,FILUSDT,starter_short_adverse
2025-04-02 04:00:00+00:00,2.829,2.834,2.763,2.792,817678.04,2.8236357106346555,2.87241187595132,3.0425411919000966,0.06779206361864476,0.0657659852334493,43.46134254758438,2.945,2.725,15.818249377295242,18.68785122107678,28.402872317735287,13.437574122861836,False,True,4.136870963422812,False,True,False,True,False,True,True,True,1.1861547157446994,True,True,True,0.46665802670675627,True,False,True,False,True,False,True,False,True,False,False,False,True,False,True,False,False,1.0308073904466495,-2.8696018437815383,0.0,other,False,Short1,True,1.1861547157446994,0.46665802670675627,1.0308073904466495,28.402872317735287,15.818249377295242,18.68785122107678,-2.8696018437815383,43.46134254758438,True,True,True,True,True,True,True,True,False,True,True,True,False,True,0.049426934097421174,2.758434985132529,9.83890981328021,False,FILUSDT,starter_short_adverse
2025-04-02 08:00:00+00:00,2.793,2.82,2.776,2.784,594033.44,2.8198608810504027,2.868944743561072,3.0399686427269614,0.06609263050302727,0.06570412914534578,42.39992847064834,2.945,2.751,15.06605510594375,17.799200758115976,26.96811114904536,13.437574122861836,False,True,4.136870963422812,False,True,False,True,False,True,True,True,1.285237747606091,True,True,True,0.5425851683836416,True,False,True,False,True,False,True,False,True,False,False,False,True,False,True,False,False,1.005912891057761,-2.733145652172226,0.0,other,False,Short1,True,1.285237747606091,0.5425851683836416,1.005912891057761,26.96811114904536,15.06605510594375,17.799200758115976,-2.733145652172226,42.39992847064834,True,True,True,True,True,True,True,True,False,True,True,True,False,True,0.052442528735632155,2.7083201052468473,10.212938944366618,False,FILUSDT,starter_short_adverse
2025-06-04 16:00:00+00:00,2.627,2.629,2.591,2.591,355196.88,2.6111868110702807,2.658410298748451,2.774672713742855,0.059144896203660306,0.06276427543548264,45.74913063609164,2.687,2.4,14.426405251063962,33.173958105355766,32.22032508230601,12.515388332520423,False,True,3.4865444813625657,False,True,False,True,False,True,True,True,1.1397483650377729,True,True,True,0.3413111251521856,True,False,True,False,True,False,True,False,True,False,False,False,True,False,True,False,False,0.9423337685855577,-18.747552854291804,0.0,other,True,flat,False,1.1397483650377729,0.3413111251521856,0.9423337685855577,32.22032508230601,14.426405251063962,33.173958105355766,-18.747552854291804,45.74913063609164,True,True,True,True,True,True,True,True,False,True,True,True,False,True,0.03280586646082609,4.598875261584565,0.1859839260199584,True,FILUSDT,starter_short_followthrough
2025-06-17 04:00:00+00:00,2.482,2.485,2.443,2.446,354729.53,2.4689985986259106,2.498517755965972,2.6332564539743504,0.054339378791851606,0.05376542101616342,45.88159746869826,2.57,2.366,18.06494434881561,24.38349517613177,21.476678720045584,12.317628953643261,False,True,3.3674285717397763,False,True,False,True,False,True,True,True,0.9664769295052597,True,True,True,0.4232399990071141,True,False,True,False,True,False,True,False,True,False,False,False,True,False,True,False,False,1.0106752214497798,-6.318550827316159,0.0,other,False,Short1,True,0.9664769295052597,0.4232399990071141,1.0106752214497798,21.476678720045584,18.06494434881561,24.38349517613177,-6.318550827316159,45.88159746869826,True,True,True,True,True,True,True,True,False,True,True,True,False,True,0.06295993458708109,4.839952274894945,0.036805720721630464,True,FILUSDT,starter_short_followthrough
2025-06-19 00:00:00+00:00,2.392,2.418,2.37,2.386,400114.03,2.4125639735073365,2.4587322905355538,2.607711310367232,0.05631751588063322,0.05400143472516407,43.84707358230741,2.448,2.314,12.992548642061744,24.31978128823015,31.44462874836493,12.317628953643261,False,True,3.348123483811462,False,True,False,True,False,True,True,True,1.291468371753329,True,True,True,0.47168226602252145,True,False,True,False,True,False,True,False,True,False,False,False,True,False,True,False,False,1.0428892522440683,-11.327232646168406,0.0,other,False,Short1,True,1.291468371753329,0.47168226602252145,1.0428892522440683,31.44462874836493,12.992548642061744,24.31978128823015,-11.327232646168406,43.84707358230741,True,True,True,True,True,True,True,True,False,True,True,True,False,True,0.12573344509639575,7.49322823283688,0.24859051009411068,True,FILUSDT,starter_short_followthrough
2025-06-28 00:00:00+00:00,2.212,2.217,2.193,2.195,557449.05,2.2148605776861285,2.2511133193973354,2.451415293469842,0.04964454398385992,0.05368141057353881,45.02026429442887,2.28,2.14,15.494668745258771,19.572564162681655,17.985872784360875,12.219155033706512,False,True,3.251947648608381,False,True,False,True,False,True,True,True,1.13030183972641,True,True,True,0.40005559709815497,True,False,True,False,True,False,True,False,True,False,False,False,True,False,True,False,False,0.9247995433326265,-4.077895417422884,0.0,other,False,Short1,True,1.13030183972641,0.40005559709815497,0.9247995433326265,17.985872784360875,15.494668745258771,19.572564162681655,-4.077895417422884,45.02026429442887,True,True,True,True,True,True,True,True,False,True,True,True,False,True,-0.004555808656036552,0.3021480065337366,4.532220098006147,False,FILUSDT,starter_short_adverse
2025-08-21 08:00:00+00:00,2.432,2.436,2.39,2.4,612798.01,2.4328793396363184,2.4735370556822813,2.5109757406640365,0.05194969704828656,0.056277068449463584,42.20205221319361,2.463,2.315,12.900798015109018,24.513818878736924,23.60661249678235,11.471363655876509,False,True,2.9456946494320735,False,True,False,True,False,True,True,True,1.41554349419843,True,True,True,0.6329072449788801,True,False,True,False,True,False,True,False,True,False,True,False,True,False,True,False,False,0.9231059555800606,-11.613020863627906,0.0,other,True,flat,False,1.41554349419843,0.6329072449788801,0.9231059555800606,23.60661249678235,12.900798015109018,24.513818878736924,-11.613020863627906,42.20205221319361,True,True,True,True,True,True,True,True,False,True,True,True,True,True,0.039583333333333234,2.406173800856127,4.100120156658842,False,FILUSDT,starter_short_adverse
2025-08-22 00:00:00+00:00,2.393,2.419,2.374,2.386,517518.36,2.4182016876751184,2.4609343323478896,2.506164184094153,0.049890391956375256,0.05497227072014601,40.98118954310946,2.463,2.315,9.987204564692352,22.214732390607523,26.813078888062325,11.471363655876509,False,True,2.940185249935237,False,True,False,True,False,True,True,True,1.5019792270506303,True,True,True,0.64544868084572,True,False,True,False,True,False,True,False,True,False,False,False,True,False,True,False,False,0.9075555967181765,-12.227527825915171,0.0,other,False,Short1,True,1.5019792270506303,0.64544868084572,0.9075555967181765,26.813078888062325,9.987204564692352,22.214732390607523,-12.227527825915171,40.98118954310946,True,True,True,True,True,True,True,True,False,True,True,True,False,True,0.0666387259010898,5.010984884997555,4.549974275577777,True,FILUSDT,starter_short_followthrough
2025-08-26 20:00:00+00:00,2.346,2.358,2.321,2.324,629963.71,2.3380916890692696,2.398817771424405,2.477570698348225,0.0630369356160852,0.061651004340163865,46.05951972603274,2.42,2.136,21.351203235219117,25.10428755786868,20.97637907023977,11.382683420494654,False,True,2.9200393826979347,False,True,False,True,False,True,True,True,1.1868878252596058,True,True,True,0.22354654349146263,True,False,True,False,True,False,True,False,True,False,False,False,True,False,True,False,False,1.0224802708529184,-3.7530843226495634,0.0,other,True,flat,False,1.1868878252596058,0.22354654349146263,1.0224802708529184,20.97637907023977,21.351203235219117,25.10428755786868,-3.7530843226495634,46.05951972603274,True,True,True,True,True,True,True,True,False,True,True,True,False,True,0.014199655765920792,1.5229166688030316,1.2373697934024723,True,FILUSDT,starter_short_followthrough
2025-08-27 04:00:00+00:00,2.329,2.34,2.292,2.298,611503.1,2.333490022117928,2.3922335521683955,2.474320319429917,0.0602359291791755,0.062242702721875987,43.316782649798455,2.358,2.136,19.266040396626927,25.930524759118487,19.965694449656123,11.382683420494654,False,True,2.914108642571587,False,True,False,True,False,True,True,True,1.5644077123487532,True,True,True,0.5891836085463363,True,False,True,False,True,False,True,False,True,False,True,False,True,False,True,False,False,0.9677588945379266,-6.66448436249156,0.0,other,False,Short1,True,1.5644077123487532,0.5891836085463363,0.9677588945379266,19.965694449656123,19.266040396626927,25.930524759118487,-6.66448436249156,43.316782649798455,True,True,True,True,True,True,True,True,False,True,True,True,True,True,-0.0026109660574411588,1.1620971229941603,1.7265442970199008,False,FILUSDT,starter_short_adverse
2025-09-30 04:00:00+00:00,2.19,2.204,2.174,2.181,531887.23,2.1890004951130067,2.2317034041669697,2.3527708396959977,0.03721660389654306,0.038693145672246264,46.50398821174886,2.233,2.124,19.249370976982192,22.672339578332455,28.41124924399714,10.944607492592706,False,True,2.7552132571958814,False,True,False,True,False,True,True,True,1.3623866462377374,True,True,True,0.2149711224389752,True,False,True,False,True,False,True,False,True,False,False,False,True,False,True,False,False,0.9618397070062388,-3.422968601350263,0.0,other,True,flat,False,1.3623866462377374,0.2149711224389752,0.9618397070062388,28.41124924399714,19.249370976982192,22.672339578332455,-3.422968601350263,46.50398821174886,True,True,True,True,True,True,True,True,False,True,True,True,False,True,-0.08253094910591478,1.3703560954076572,6.744301567594525,False,FILUSDT,starter_short_adverse
2025-09-30 08:00:00+00:00,2.182,2.19,2.161,2.177,621532.36,2.1878575908165296,2.2295581726310103,2.351021876116933,0.03662970361821855,0.03826149240994296,45.59482940933965,2.233,2.146,18.160809151875952,23.925230165484997,27.360213825293,10.944607492592706,False,True,2.7552132571958814,False,True,False,True,False,True,True,True,1.4348511573778977,True,True,True,0.2964149240653245,True,False,True,False,True,False,True,False,True,False,False,False,True,False,True,False,False,0.9573516690295029,-5.764421013609045,0.0,other,False,Short1,True,1.4348511573778977,0.2964149240653245,0.9573516690295029,27.360213825293,18.160809151875952,23.925230165484997,-5.764421013609045,45.59482940933965,True,True,True,True,True,True,True,True,False,True,True,True,False,True,-0.06384933394579687,1.2831116650538148,6.961563289121736,False,FILUSDT,starter_short_adverse
2025-10-01 00:00:00+00:00,2.188,2.196,2.165,2.165,625038.13,2.183018860931407,2.221186318801381,2.3440336603601053,0.03719864028113135,0.0375420706143373,44.42239502470588,2.233,2.13,15.791693623191751,24.201724695420193,25.974144522406203,10.944607492592706,False,True,2.7495693441889575,False,True,False,True,False,True,True,True,1.5104401229923747,True,True,True,0.48439568745600187,True,False,True,False,True,False,True,False,True,False,True,False,True,False,True,False,False,0.9908521206319719,-8.410031072228442,0.0,other,False,Short1,True,1.5104401229923747,0.48439568745600187,0.9908521206319719,25.974144522406203,15.791693623191751,24.201724695420193,-8.410031072228442,44.42239502470588,True,True,True,True,True,True,True,True,False,True,True,True,True,True,-0.07990762124711319,0.026882703035442136,7.177681710463838,False,FILUSDT,starter_short_adverse
2025-10-22 04:00:00+00:00,1.559,1.571,1.526,1.541,1677943.16,1.5625847409619955,1.6087077636319604,1.9571631052628118,0.04720500561330046,0.04582996423126941,46.13418215430222,1.653,1.517,20.20149012496391,28.888746706563214,23.522759012046286,10.682216888567556,False,True,2.5866853250420374,False,True,False,True,False,True,True,True,1.4343344048429307,True,True,True,0.45725534149526464,True,False,True,False,True,False,True,False,True,False,True,False,True,False,True,False,False,1.0300031083396062,-8.687256581599303,0.0,other,True,flat,False,1.4343344048429307,0.45725534149526464,1.0300031083396062,23.522759012046286,20.20149012496391,28.888746706563214,-8.687256581599303,46.13418215430222,True,True,True,True,True,True,True,True,False,True,True,True,True,True,-0.019467878001297876,1.715919719691283,1.1863148679347157,False,FILUSDT,starter_short_adverse
2025-10-22 16:00:00+00:00,1.546,1.556,1.512,1.527,1236202.4,1.5549226582721443,1.6001482814568795,1.9446272782237437,0.04641924101035755,0.045655332148724095,44.64528742919572,1.653,1.494,19.163069009124754,28.99824916138372,23.084982359632985,10.682216888567556,False,True,2.5866853250420374,False,True,False,True,False,True,True,True,1.5758181276716257,True,True,True,0.6015319868309341,True,False,True,False,True,False,True,False,True,False,False,False,True,False,True,False,False,1.0167320841987304,-9.835180152258964,0.0,other,False,Short1,True,1.5758181276716257,0.6015319868309341,1.0167320841987304,23.084982359632985,19.163069009124754,28.99824916138372,-9.835180152258964,44.64528742919572,True,True,True,True,True,True,True,True,False,True,True,True,False,True,-0.0779305828421742,1.4433669862256087,2.6497632732201493,False,FILUSDT,starter_short_adverse
2025-12-02 20:00:00+00:00,1.538,1.548,1.522,1.531,981008.49,1.532872521593994,1.5947822388119808,1.7821102855854407,0.042418812090989126,0.04115582926783993,46.94035958928099,1.578,1.429,21.89758126552355,22.235784139208263,24.053147589524194,10.16899005423777,False,True,2.3297498003328507,False,True,False,True,False,True,True,True,1.5036309521154623,True,True,True,0.04414365942114312,True,False,True,False,True,False,True,False,True,False,False,False,True,False,True,False,False,1.0306878234655357,-0.3382028736847147,0.0,other,True,flat,False,1.5036309521154623,0.04414365942114312,1.0306878234655357,24.053147589524194,21.89758126552355,22.235784139208263,-0.3382028736847147,46.94035958928099,True,True,True,True,True,True,True,True,False,True,True,True,False,True,0.025473546701502238,2.1452745966766655,2.145274596676671,False,FILUSDT,starter_short_adverse
2025-12-04 16:00:00+00:00,1.594,1.595,1.514,1.545,1943742.24,1.5655793074322144,1.5899659322085622,1.7611345523617987,0.041565995513398235,0.041201121037691,44.97288302019556,1.622,1.524,18.123229711745058,25.471206802864952,17.608860606715236,10.16899005423777,False,True,2.314580130268588,False,True,False,True,False,True,True,True,1.0817961088906942,True,True,True,0.4950995922996964,True,False,True,False,True,False,True,False,True,False,True,False,True,False,True,False,False,1.008855935627903,-7.347977091119894,0.0,other,False,Short1,True,1.0817961088906942,0.4950995922996964,1.008855935627903,17.608860606715236,18.123229711745058,25.471206802864952,-7.347977091119894,44.97288302019556,True,True,True,True,True,True,True,True,False,True,True,True,True,True,0.029773462783171407,3.0553821322302572,0.7698600648139238,True,FILUSDT,starter_short_followthrough
2025-12-05 08:00:00+00:00,1.561,1.562,1.517,1.528,1081391.64,1.5588616004847444,1.5833976016325093,1.7526872046322293,0.03937459386344668,0.04088728180855615,41.8450440588546,1.622,1.514,17.039431444619396,24.616822953677246,16.56276670647583,10.16899005423777,False,True,2.3069226165345724,False,True,False,True,False,True,True,True,1.4069377280342574,True,True,True,0.7837947634907467,True,False,True,False,True,False,True,False,True,False,True,False,True,False,True,False,False,0.963003460288893,-7.5773915090578505,0.0,other,False,Short1,True,1.4069377280342574,0.7837947634907467,0.963003460288893,16.56276670647583,17.039431444619396,24.616822953677246,-7.5773915090578505,41.8450440588546,True,True,True,True,True,True,True,True,False,True,True,True,True,True,0.03926701570680632,2.793679609280195,0.3301621356422021,True,FILUSDT,starter_short_followthrough
2025-12-10 08:00:00+00:00,1.499,1.506,1.478,1.488,1490582.27,1.505907736827753,1.5236170124297972,1.6858720496552637,0.03727058170934386,0.03622111348055067,45.90933424881653,1.595,1.465,21.60791600239365,23.091398147540488,20.927035513950912,10.08343791439461,False,True,2.2674149570659456,False,True,False,True,False,True,True,True,0.955633392243725,True,True,True,0.48047913411728155,True,False,True,False,True,False,True,False,True,False,False,False,True,False,True,False,False,1.0289739361369086,-1.4834821451468372,0.0,other,False,Short1,True,0.955633392243725,0.48047913411728155,1.0289739361369086,20.927035513950912,21.60791600239365,23.091398147540488,-1.4834821451468372,45.90933424881653,True,True,True,True,True,True,True,True,False,True,True,True,False,True,0.11155913978494619,5.017361989633732,1.7708336434001415,True,FILUSDT,starter_short_followthrough
2025-12-27 04:00:00+00:00,1.252,1.258,1.236,1.243,1316057.65,1.2567326481953043,1.2775565380535459,1.4349532137258887,0.03135667993277824,0.03152613827773908,45.27923322141527,1.298,1.2,16.117737234583576,18.69278988301058,17.178260879707015,9.911188951955175,False,True,2.115901510315337,False,True,False,True,False,True,True,True,1.102047095790348,True,True,True,0.4379496880646779,True,False,True,False,True,False,True,False,True,False,False,False,True,False,True,False,False,0.9946248302450512,-2.575052648427004,0.0,other,False,Short1,True,1.102047095790348,0.4379496880646779,0.9946248302450512,17.178260879707015,16.117737234583576,18.69278988301058,-2.575052648427004,45.27923322141527,True,True,True,True,True,True,True,True,False,True,True,True,False,True,-0.07401448109412699,0.6378226279974658,4.337193870382761,False,FILUSDT,starter_short_adverse
2025-12-27 08:00:00+00:00,1.243,1.256,1.223,1.242,2320753.97,1.2553295388433705,1.2761621640122303,1.4330332812510043,0.03147405993757979,0.03141355697218629,45.06152732825535,1.298,1.2,14.9106540279318,20.24313219032982,17.03474231268756,9.911188951955175,False,True,2.115901510315337,False,True,False,True,False,True,True,True,1.0854069694212185,True,True,True,0.42350872019072267,True,False,True,False,True,False,True,False,True,False,False,False,True,False,True,False,False,1.0019260144735302,-5.33247816239802,0.0,other,False,Short1,True,1.0854069694212185,0.42350872019072267,1.0019260144735302,17.03474231268756,14.9106540279318,20.24313219032982,-5.33247816239802,45.06152732825535,True,True,True,True,True,True,True,True,False,True,True,True,False,True,-0.07407407407407414,0.15886097980101802,4.352790846547987,False,FILUSDT,starter_short_adverse
2026-03-09 20:00:00+00:00,0.953,0.958,0.932,0.939,736887.45,0.9546847827009254,0.9700164017941697,1.01180664080181,0.025394540931591734,0.022946025260894787,42.21245554605279,0.98,0.92,16.065610856403573,17.455216811430056,22.419705623758247,9.002147831182338,False,True,1.6163414395457545,False,True,False,True,False,True,True,True,1.2213806848378277,True,True,True,0.6176438764212113,True,False,True,False,True,False,True,False,True,False,False,False,True,False,True,False,False,1.1067076168032366,-1.3896059550264823,0.0,other,True,flat,False,1.2213806848378277,0.6176438764212113,1.1067076168032366,22.419705623758247,16.065610856403573,17.455216811430056,-1.3896059550264823,42.21245554605279,True,True,True,True,True,True,True,True,False,True,True,True,False,True,0.0745473908413205,3.622825876153115,0.6694352162456851,True,FILUSDT,starter_short_followthrough
2026-03-10 00:00:00+00:00,0.939,0.956,0.934,0.936,929922.22,0.9529052795865516,0.9686824252532219,1.0110523458684588,0.025152073722192317,0.022942737742259446,41.31834956756132,0.98,0.92,15.061878114680162,16.364665522461802,21.11440523144909,9.002147831182338,False,True,1.6096017237293787,False,True,False,True,False,True,True,True,1.299392869717351,True,True,True,0.6721226954593237,True,False,True,False,True,False,True,False,True,False,False,False,True,False,True,False,False,1.0962978352781054,-1.30278740778164,0.0,other,False,Short1,True,1.299392869717351,0.6721226954593237,1.0962978352781054,21.11440523144909,15.061878114680162,16.364665522461802,-1.30278740778164,41.31834956756132,True,True,True,True,True,True,True,True,False,True,True,True,False,True,0.06410256410256415,3.5384756335805867,0.5963722977944764,True,FILUSDT,starter_short_followthrough
2026-03-30 12:00:00+00:00,0.845,0.849,0.825,0.831,1457707.32,0.8337537287491283,0.8594405795723828,0.9209404285580267,0.02111971993748669,0.019839474207387,46.66891552101297,0.863,0.775,19.13686240532711,26.92101963197831,33.76513507999272,8.762456149522395,False,True,1.4786641540590262,False,True,False,True,False,True,True,True,1.3466362080825678,True,True,True,0.13038661295127396,True,False,True,False,True,False,True,False,True,False,True,False,True,False,True,False,False,1.0645302247789916,-7.7841572266512,0.0,other,True,flat,False,1.3466362080825678,0.13038661295127396,1.0645302247789916,33.76513507999272,19.13686240532711,26.92101963197831,-7.7841572266512,46.66891552101297,True,True,True,True,True,True,True,True,False,True,True,True,True,True,-0.009626955475330936,1.515171607138651,1.278426043523241,False,FILUSDT,starter_short_adverse
2026-03-31 12:00:00+00:00,0.829,0.837,0.819,0.819,1179908.67,0.8300022718065768,0.8521336122162717,0.9153563039124565,0.020880226785786025,0.01986707111958604,44.357464422773305,0.863,0.775,17.75986372725023,24.19280995680282,27.713080449318,8.762456149522395,False,True,1.4720704808843095,False,True,False,True,False,True,True,True,1.5868415873158563,True,True,True,0.5269230032533239,True,False,True,False,True,False,True,False,True,False,False,False,True,False,True,False,False,1.0509967302226628,-6.432946229552588,0.0,other,False,Short1,True,1.5868415873158563,0.5269230032533239,1.0509967302226628,27.713080449318,17.75986372725023,24.19280995680282,-6.432946229552588,44.357464422773305,True,True,True,True,True,True,True,True,False,True,True,True,False,True,-0.024420024420024444,0.9578440026146975,1.8677958050986705,False,FILUSDT,starter_short_adverse
2022-11-10 16:00:00+00:00,6.06,6.18,5.84,5.96,1655560.58,6.1670149359820305,6.42748965535715,6.448311505985169,0.3391642831528161,0.28483337413352966,42.77518353984219,6.38,5.32,15.144603511831047,24.24080396280602,38.011677931278435,13.633785173383364,False,True,9.551502881905204,False,True,False,True,False,True,True,True,1.378357564692374,True,True,True,0.6103677370083116,True,False,True,False,True,False,True,False,True,False,False,False,True,False,True,False,False,1.1907462887190183,-9.096200450974973,0.0,other,True,flat,False,1.378357564692374,0.6103677370083116,1.1907462887190183,38.011677931278435,15.144603511831047,24.24080396280602,-9.096200450974973,42.77518353984219,True,True,True,True,True,True,True,True,False,True,True,True,False,True,0.040268456375838965,1.5331803076850075,0.3538108402350023,True,DOTUSDT,starter_short_followthrough
2022-12-09 12:00:00+00:00,5.4,5.42,5.31,5.35,823135.28,5.392630801481414,5.4232180869318025,5.631615788129091,0.07816965885814521,0.08342379603165971,44.12744433277262,5.47,5.25,17.109133607025914,23.012987845454152,19.33835882085344,13.325979882053186,False,True,8.531496211837515,False,True,False,True,False,True,True,True,0.9366560888371283,True,True,True,0.5453625115439841,True,False,True,False,True,False,True,False,True,False,True,False,True,False,True,False,False,0.9370187233925374,-5.903854238428238,0.0,other,True,flat,False,0.9366560888371283,0.5453625115439841,0.9370187233925374,19.33835882085344,17.109133607025914,23.012987845454152,-5.903854238428238,44.12744433277262,True,True,True,True,True,True,True,True,False,True,True,True,True,True,0.016822429906542032,4.605367418236951,0.12792687272881303,True,DOTUSDT,starter_short_followthrough
2023-04-28 08:00:00+00:00,5.937,5.939,5.838,5.847,557624.9,5.93492695776658,6.030781765811407,6.220609090689687,0.1287543729688697,0.126165437825561,43.947070527388696,6.208,5.6,18.308410371960115,24.223820912384078,23.28819722034609,11.989568994832045,False,True,6.682133815835092,False,True,False,True,False,True,True,True,1.427382709990299,True,True,True,0.6829046325893595,True,False,True,False,True,False,True,False,True,False,True,False,True,False,True,False,False,1.020520161368506,-5.915410540423963,0.0,other,True,flat,False,1.427382709990299,0.6829046325893595,1.020520161368506,23.28819722034609,18.308410371960115,24.223820912384078,-5.915410540423963,43.947070527388696,True,True,True,True,True,True,True,True,False,True,True,True,True,True,0.0304429622028392,1.949448350470296,1.8640143590154148,True,DOTUSDT,starter_short_followthrough
2023-05-07 20:00:00+00:00,5.673,5.7,5.607,5.632,313511.54,5.69429333014295,5.760181067876322,6.022742400600209,0.08060954216722103,0.08661164259376052,42.31022625113,5.831,5.584,11.486473395493938,27.45889009023341,30.038660925786516,11.868816706624685,False,True,6.605747349613992,False,True,False,True,False,True,True,True,1.5901475734772923,True,True,True,0.7727786124095066,True,False,True,False,True,False,True,False,True,False,True,False,True,False,True,False,False,0.9307009976165506,-15.972416694739472,0.0,other,False,Short1,True,1.5901475734772923,0.7727786124095066,0.9307009976165506,30.038660925786516,11.486473395493938,27.45889009023341,-15.972416694739472,42.31022625113,True,True,True,True,True,True,True,True,False,True,True,True,True,True,0.06285511363636366,5.731331397982643,0.19848766746260263,True,DOTUSDT,starter_short_followthrough
2023-05-17 04:00:00+00:00,5.346,5.377,5.281,5.298,483401.21,5.322859534713624,5.3776922962346365,5.729681132646381,0.07391842466446041,0.07749520095502681,45.78398398096742,5.409,5.232,15.23156933009122,21.610926442164242,32.43368323360498,11.806758828946828,False,True,6.488065976972124,False,True,False,True,False,True,True,True,1.0781113991049665,True,True,True,0.33631039658203266,True,False,True,False,True,False,True,False,True,False,False,False,True,False,True,False,False,0.9538451898119198,-6.379357112073022,0.0,other,False,Short1,True,1.0781113991049665,0.33631039658203266,0.9538451898119198,32.43368323360498,15.23156933009122,21.610926442164242,-6.379357112073022,45.78398398096742,True,True,True,True,True,True,True,True,False,True,True,True,False,True,-0.015855039637599024,1.0416888664704071,2.2863041354999805,False,DOTUSDT,starter_short_adverse
2023-05-22 12:00:00+00:00,5.319,5.337,5.288,5.308,344654.62,5.333548019010143,5.355508744167132,5.626447313164943,0.0561585410146376,0.06210753570688495,44.83723447707192,5.433,5.224,14.671566657888436,22.612220804809738,20.216294197783814,11.742482621693625,False,True,6.433163470614189,False,True,False,True,False,True,True,True,0.8459753994454552,True,True,True,0.4549266869928891,True,False,True,False,True,False,True,False,True,False,False,False,True,False,True,False,False,0.9042146073815666,-7.940654146921302,0.0,other,False,Short1,True,0.8459753994454552,0.4549266869928891,0.9042146073815666,20.216294197783814,14.671566657888436,22.612220804809738,-7.940654146921302,44.83723447707192,True,True,True,True,True,True,True,True,False,True,True,True,False,True,0.008289374529012735,2.9915307086808274,2.528555718051656,True,DOTUSDT,starter_short_followthrough
2023-06-03 16:00:00+00:00,5.292,5.3,5.24,5.253,237968.37,5.283534787660131,5.312488051314989,5.468294403508994,0.057723415387882906,0.062114785733569725,42.63990082076809,5.435,5.16,20.9684657708742,21.87089492445367,20.523668392629737,11.67810966028374,False,True,6.3087315172423635,False,True,False,True,False,True,True,True,1.0305705391000861,True,True,True,0.5289844243440407,True,False,True,False,True,False,True,False,True,False,True,False,True,False,True,False,False,0.9293023344792202,-0.9024291535794688,0.0,other,True,flat,False,1.0305705391000861,0.5289844243440407,0.9293023344792202,20.523668392629737,20.9684657708742,21.87089492445367,-0.9024291535794688,42.63990082076809,True,True,True,True,True,True,True,True,False,True,True,True,True,True,0.03978678850180859,6.115369259215737,2.2694429828817664,True,DOTUSDT,starter_short_followthrough
2023-06-07 00:00:00+00:00,5.202,5.212,5.137,5.173,271838.93,5.189620684789907,5.24847753155091,5.421446856391499,0.08168946160760257,0.06777206995718228,46.615451137446286,5.32,4.9,20.031616960102482,34.44070179366021,28.617524001727283,11.61665583281823,False,True,6.266420547677319,False,True,False,True,False,True,True,True,0.9239567756422298,True,True,True,0.2034617986558042,True,False,True,False,True,False,True,False,True,False,True,False,True,False,True,False,False,1.2053558591203302,-14.409084833557728,0.0,other,True,flat,False,0.9239567756422298,0.2034617986558042,1.2053558591203302,28.617524001727283,20.031616960102482,34.44070179366021,-14.409084833557728,46.615451137446286,True,True,True,True,True,True,True,True,False,True,True,True,True,True,0.13241832592306196,11.910961106266441,0.46517628164247465,True,DOTUSDT,starter_short_followthrough
2023-06-07 04:00:00+00:00,5.173,5.211,5.157,5.172,224405.94,5.187942524333726,5.245478412666561,5.418964798118946,0.07971164292134526,0.06873120781738355,46.52585163846876,5.31,4.9,19.062313036070684,32.77416097164396,28.462852511551336,11.61665583281823,False,True,6.266420547677319,False,True,False,True,False,True,True,True,0.9218027627289683,True,True,True,0.20000245571977107,True,False,True,False,True,False,True,False,True,False,False,False,True,False,True,False,False,1.1597590883770927,-13.711847935573275,0.0,other,False,Short1,True,0.9218027627289683,0.20000245571977107,1.1597590883770927,28.462852511551336,19.062313036070684,32.77416097164396,-13.711847935573275,46.52585163846876,True,True,True,True,True,True,True,True,False,True,True,True,False,True,0.14114462490332552,12.193952657068072,0.23835915687684678,True,DOTUSDT,starter_short_followthrough
2023-06-07 08:00:00+00:00,5.172,5.191,5.068,5.138,619149.44,5.1831860934448,5.241263572954147,5.416169128485922,0.08280366842696348,0.06979683583042759,43.46673320177112,5.27,4.9,17.03974520615038,36.97409411555008,29.065934656094242,11.61665583281823,False,True,6.266420547677319,False,True,False,True,False,True,True,True,1.247089349009101,True,True,True,0.5457015891108334,True,False,True,False,True,False,True,False,True,False,True,False,True,False,True,False,False,1.1863527542729326,-19.934348909399702,0.0,other,False,Short1,True,1.247089349009101,0.5457015891108334,1.1863527542729326,29.065934656094242,17.03974520615038,36.97409411555008,-19.934348909399702,43.46673320177112,True,True,True,True,True,True,True,True,False,True,True,True,True,True,0.12611911249513424,11.32800053209427,0.04830703851639889,True,DOTUSDT,starter_short_followthrough
2023-09-07 08:00:00+00:00,4.254,4.268,4.241,4.241,215521.43,4.257517460727923,4.308764381949871,4.578536499175916,0.04694728762020653,0.05045432774362674,44.756237725219314,4.289,4.171,8.86101884709495,24.337427353185227,37.25082859437879,10.809934810179886,False,True,5.4194472696738245,False,True,False,True,False,True,True,True,1.4434142073993819,True,True,True,0.35182992597030127,True,False,True,False,True,False,True,False,True,False,True,False,True,False,True,False,False,0.9304907967213336,-15.476408506090277,0.0,other,True,flat,False,1.4434142073993819,0.35182992597030127,0.9304907967213336,37.25082859437879,8.86101884709495,24.337427353185227,-15.476408506090277,44.756237725219314,True,True,True,True,True,True,True,True,False,True,True,True,True,True,0.054468285781655246,5.964135825378021,1.938344143247862,True,DOTUSDT,starter_short_followthrough
2023-09-08 08:00:00+00:00,4.297,4.297,4.204,4.234,487037.68,4.265731745881664,4.301784520195428,4.560926615110618,0.04757399279461595,0.0483110382753847,43.340277150390236,4.332,4.171,13.15048995111911,28.89794213691541,33.57549210451198,10.809934810179886,False,True,5.408248789378562,False,True,False,True,False,True,True,True,1.4248230222773945,True,True,True,0.6669977443065251,True,False,True,False,True,False,True,False,True,False,True,False,True,False,True,False,False,0.9847437457964077,-15.747452185796302,0.0,other,False,Short1,True,1.4248230222773945,0.6669977443065251,0.9847437457964077,33.57549210451198,13.15048995111911,28.89794213691541,-15.747452185796302,43.340277150390236,True,True,True,True,True,True,True,True,False,True,True,True,True,True,0.04511100614076519,6.852483486248271,0.9248750717635617,True,DOTUSDT,starter_short_followthrough
2023-09-19 04:00:00+00:00,4.11,4.126,4.094,4.098,288312.21,4.121381108462573,4.123472018148487,4.343991951604035,0.05440150156652339,0.054988728856865586,46.886388260504305,4.22,4.014,18.38687481943029,23.750404989554895,19.286611999075387,10.67912201227528,False,True,5.272541950301313,False,True,False,True,False,True,True,True,0.46822270369392494,True,True,True,0.42978792476861777,True,False,True,False,True,False,True,False,True,False,False,False,True,False,True,False,False,0.9893209517195654,-5.363530170124605,0.0,other,False,Short1,True,0.46822270369392494,0.42978792476861777,0.9893209517195654,19.286611999075387,18.38687481943029,23.750404989554895,-5.363530170124605,46.886388260504305,True,True,True,True,True,True,True,True,False,True,True,True,False,True,0.020253782332845336,2.24258515825736,1.3234928802830348,True,DOTUSDT,starter_short_followthrough
2023-09-27 12:00:00+00:00,4.061,4.075,3.978,4.008,580599.92,4.030704769532481,4.049567380735141,4.227250039144235,0.04356138308858837,0.03885853011105113,44.79041800147885,4.092,3.974,17.887807409746113,20.77190490709256,20.84951234481274,10.61335960419294,False,True,5.178751688143841,False,True,False,True,False,True,True,True,0.954225458145064,True,True,True,0.5212132380257055,True,False,True,False,True,False,True,False,True,False,False,False,True,False,True,False,False,1.1210249838091477,-2.8840974973464455,0.0,other,False,Short1,True,0.954225458145064,0.5212132380257055,1.1210249838091477,20.84951234481274,17.887807409746113,20.77190490709256,-2.8840974973464455,44.79041800147885,True,True,True,True,True,True,True,True,False,True,True,True,False,True,-0.04590818363273457,0.9412006022999889,4.843739685007276,False,DOTUSDT,starter_short_adverse
2023-10-05 12:00:00+00:00,4.049,4.074,4.0,4.023,498127.15,4.070916277142556,4.086224573599078,4.17777704583154,0.053250389428630036,0.054127938594410216,39.11152774614194,4.088,3.958,13.022308750317572,25.51180176801472,34.34689039417528,10.547485379275598,False,True,5.095314863189613,False,True,False,True,False,True,True,True,1.187307253101247,True,True,True,0.8998296098243105,True,False,True,False,True,False,True,False,True,False,True,False,True,False,True,False,False,0.9837875007146346,-12.489493017697148,0.0,other,True,flat,False,1.187307253101247,0.8998296098243105,0.9837875007146346,34.34689039417528,13.022308750317572,25.51180176801472,-12.489493017697148,39.11152774614194,True,True,True,True,True,True,True,True,False,True,True,True,True,True,0.043748446433010124,4.1877628012257135,1.7089076901862825,True,DOTUSDT,starter_short_followthrough
2024-04-28 08:00:00+00:00,6.93,6.94,6.805,6.813,430072.08,6.858838617329974,6.971409568577141,7.722641480200573,0.154856491938569,0.16895473282592013,45.38682828566552,6.951,6.511,16.67433493867612,26.877458908814635,33.17325916105445,9.639358736138332,False,True,7.362582631825238,False,True,False,True,False,True,True,True,1.0229443182787719,True,True,True,0.29600707568758905,True,False,True,False,True,False,True,False,True,False,True,False,True,False,True,False,False,0.9165561055819784,-10.203123970138513,0.0,other,True,flat,False,1.0229443182787719,0.29600707568758905,0.9165561055819784,33.17325916105445,16.67433493867612,26.877458908814635,-10.203123970138513,45.38682828566552,True,True,True,True,True,True,True,True,False,True,True,True,True,True,-0.034346103038309116,4.991718398907331,1.8533288233976768,False,DOTUSDT,starter_short_adverse
2024-04-28 20:00:00+00:00,6.862,6.887,6.69,6.728,524161.71,6.8462032260302665,6.953456802689254,7.695784457360626,0.14852358337792856,0.16398121283474726,41.29508293843268,6.951,6.586,15.259372066778592,29.851747702007025,31.643978202285997,9.639358736138332,False,True,7.362582631825238,False,True,False,True,False,True,True,True,1.5179865551423142,True,True,True,0.7958549298496959,True,False,True,False,True,False,True,False,True,False,True,False,True,False,True,False,False,0.905735363279718,-14.592375635228432,0.0,other,False,Short1,True,1.5179865551423142,0.7958549298496959,0.905735363279718,31.643978202285997,15.259372066778592,29.851747702007025,-14.592375635228432,41.29508293843268,True,True,True,True,True,True,True,True,False,True,True,True,True,True,-0.08100475624256837,4.632260980731497,4.585130418427545,False,DOTUSDT,starter_short_adverse
2024-05-01 12:00:00+00:00,6.499,6.647,6.474,6.493,1493673.91,6.512416716555748,6.712789991027005,7.512303675658826,0.1947820886856158,0.1610411867113481,46.93093260331159,6.669,6.04,20.83945683058848,26.254198244335477,32.933404472416015,9.639358736138332,False,True,7.3394237763657335,False,True,False,True,False,True,True,True,1.1283891271016846,True,True,True,0.0996843020155046,True,False,True,False,True,False,True,False,True,False,False,False,True,False,True,False,False,1.2095172214220282,-5.414741413746995,0.0,other,False,Short1,True,1.1283891271016846,0.0996843020155046,1.2095172214220282,32.933404472416015,20.83945683058848,26.254198244335477,-5.414741413746995,46.93093260331159,True,True,True,True,True,True,True,True,False,True,True,True,False,True,-0.1155090097027568,0.2875007675391845,4.702691126176654,False,DOTUSDT,starter_short_adverse
2024-05-13 16:00:00+00:00,6.764,6.826,6.642,6.705,561973.07,6.747918047116211,6.8588646907722755,7.229601896109447,0.13400621891336778,0.1328994783288461,45.52247432983991,6.793,6.431,12.453957723620563,23.633510392061364,37.4026627657665,9.587420937843472,False,True,7.300489975126674,False,True,False,True,False,True,True,True,1.1481906736861645,True,True,True,0.32026907007917554,True,False,True,False,True,False,True,False,True,False,False,False,True,False,True,False,False,1.0083276518345932,-11.1795526684408,0.0,other,False,Short1,True,1.1481906736861645,0.32026907007917554,1.0083276518345932,37.4026627657665,12.453957723620563,23.633510392061364,-11.1795526684408,45.52247432983991,True,True,True,True,True,True,True,True,False,True,True,True,False,True,-0.07367636092468303,1.8208110189105526,4.432630103413401,False,DOTUSDT,starter_short_adverse
2024-06-03 20:00:00+00:00,7.098,7.115,7.001,7.009,286828.56,7.077277455970275,7.144017763233022,7.204821967133074,0.1113454752448227,0.11223987464676835,42.98275507614619,7.191,6.917,15.081967268158389,23.85101107166471,19.203108284109497,9.512077534821415,False,True,7.278136504820586,False,True,False,True,False,True,True,True,1.2126021550148267,True,True,True,0.6132036871740754,True,False,True,False,True,False,True,False,True,False,True,False,True,False,True,False,False,0.992031357797214,-8.769043803506323,0.0,other,True,flat,False,1.2126021550148267,0.6132036871740754,0.992031357797214,19.203108284109497,15.081967268158389,23.85101107166471,-8.769043803506323,42.98275507614619,True,True,True,True,True,True,True,True,False,True,True,True,True,True,0.04993579683264382,8.585889977998473,2.5955253176166897,True,DOTUSDT,starter_short_followthrough
2024-06-13 08:00:00+00:00,6.528,6.538,6.448,6.47,641207.46,6.525738129690779,6.657547338067903,6.989281819509785,0.1494798772861915,0.13237727322651932,45.56379674952578,6.931,6.243,22.46448041962732,26.542700431468994,32.48251176433412,9.486962335469958,False,True,7.22981732873444,False,True,False,True,False,True,True,True,1.2546661227773699,True,True,True,0.3728804886831933,True,False,True,False,True,False,True,False,True,False,True,False,True,False,True,False,False,1.1291959234604176,-4.0782200118416725,0.0,other,False,Short1,True,1.2546661227773699,0.3728804886831933,1.1291959234604176,32.48251176433412,22.46448041962732,26.542700431468994,-4.0782200118416725,45.56379674952578,True,True,True,True,True,True,True,True,False,True,True,True,True,True,0.04095826893353936,3.1442359234758146,0.6823660940309239,True,DOTUSDT,starter_short_followthrough
2024-06-14 08:00:00+00:00,6.438,6.488,6.398,6.404,608783.55,6.468965201919239,6.602517322865927,6.954937656895062,0.14325217237873428,0.14071270434263447,44.71953605275144,6.931,6.296,18.46740010610085,23.431852825843322,26.693436631184863,9.486962335469958,False,True,7.221152479692307,False,True,False,True,False,True,True,True,1.385789266365056,True,True,True,0.45350238562164763,True,False,True,False,True,False,True,False,True,False,False,False,True,False,True,False,False,1.0180471837846015,-4.9644527197424715,0.0,other,False,Short1,True,1.385789266365056,0.45350238562164763,1.0180471837846015,26.693436631184863,18.46740010610085,23.431852825843322,-4.9644527197424715,44.71953605275144,True,True,True,True,True,True,True,True,False,True,True,True,False,True,0.08385384134915677,6.589777902314983,0.1675367263300421,True,DOTUSDT,starter_short_followthrough
2024-07-05 16:00:00+00:00,5.866,5.918,5.756,5.794,1665884.94,5.8566657256627135,5.99626363300531,6.260789178814267,0.2401815196864311,0.1662192778533116,46.51740270901223,6.134,4.915,18.00017432726843,31.645118917253136,40.2583127529149,9.38948452952463,False,True,6.987688984700934,False,True,False,True,False,True,True,True,0.8421282089870025,True,True,True,0.26090985578127374,True,False,True,False,True,False,True,False,True,False,False,False,True,False,True,False,False,1.44496789294435,-13.644944589984707,0.0,other,True,flat,False,0.8421282089870025,0.26090985578127374,1.44496789294435,40.2583127529149,18.00017432726843,31.645118917253136,-13.644944589984707,46.51740270901223,True,True,True,True,True,True,True,True,False,True,True,True,False,True,-0.048671039005868146,0.6786533793807449,2.16086566808962,False,DOTUSDT,starter_short_adverse
2024-07-26 08:00:00+00:00,5.862,5.891,5.822,5.823,446927.24,5.8615045762305,6.015502736532223,6.15804812202098,0.12238785733218956,0.12258561162413303,44.05364271739589,5.93,5.54,14.356965742800961,28.80420766184884,39.265611964944746,9.293713561580882,False,True,6.82185678457225,False,True,False,True,False,True,True,True,1.572890813912405,True,True,True,0.3146110820944344,True,False,True,False,True,False,True,False,True,False,False,False,True,False,True,False,False,0.9983868066625158,-14.447241919047878,0.0,other,False,Short1,True,1.572890813912405,0.3146110820944344,0.9983868066625158,39.265611964944746,14.356965742800961,28.80420766184884,-14.447241919047878,44.05364271739589,True,True,True,True,True,True,True,True,False,True,True,True,False,True,0.02335565859522585,1.7648809670204877,0.972318680904803,True,DOTUSDT,starter_short_followthrough
2024-07-26 12:00:00+00:00,5.823,5.889,5.771,5.819,529824.26,5.857456521351404,6.007796746864293,6.154674508866543,0.1220744389513189,0.12237949650812355,43.81661680683758,5.891,5.54,13.365695888929197,29.79956257486935,39.18035222722691,9.293713561580882,False,True,6.82185678457225,False,True,False,True,False,True,True,True,1.5465706702087059,True,True,True,0.3150251738346276,True,False,True,False,True,False,True,False,True,False,True,False,True,False,True,False,False,0.9975072821386841,-16.433866685940153,0.0,other,False,Short1,True,1.5465706702087059,0.3150251738346276,0.9975072821386841,39.18035222722691,13.365695888929197,29.79956257486935,-16.433866685940153,43.81661680683758,True,True,True,True,True,True,True,True,False,True,True,True,True,True,0.029558343357965235,1.7366452946348705,1.007581939811744,True,DOTUSDT,starter_short_followthrough
2024-07-27 00:00:00+00:00,5.867,5.869,5.814,5.826,168553.24,5.854857605004781,5.989722666786057,6.145618113967078,0.10892148045774334,0.12015581407738614,44.67824401750275,5.891,5.54,12.115364756667551,27.396127500862704,38.97371771672305,9.293713561580882,False,True,6.812355722039193,False,True,False,True,False,True,True,True,1.503125610283772,True,True,True,0.2649395223376274,True,False,True,False,True,False,True,False,True,False,False,False,True,False,True,False,False,0.9065019557654751,-15.280762744195153,0.0,other,False,Short1,True,1.503125610283772,0.2649395223376274,0.9065019557654751,38.97371771672305,12.115364756667551,27.396127500862704,-15.280762744195153,44.67824401750275,True,True,True,True,True,True,True,True,False,True,True,True,False,True,0.053381393752145546,3.2500476353453105,1.064987360734629,True,DOTUSDT,starter_short_followthrough
2024-07-27 20:00:00+00:00,5.837,5.893,5.715,5.825,518606.07,5.851525646622044,5.96404203756477,6.13114767576435,0.11027119511884352,0.11727456951760232,44.790778040024705,5.942,5.767,9.754514291058584,26.574085075006874,38.71426163928434,9.293713561580882,False,True,6.812355722039193,False,True,False,True,False,True,True,True,1.2609098633139768,True,True,True,0.24054918959984564,True,False,True,False,True,False,True,False,True,False,False,False,True,False,True,False,False,0.940282241686612,-16.81957078394829,0.0,other,False,Short1,True,1.2609098633139768,0.24054918959984564,0.940282241686612,38.71426163928434,9.754514291058584,26.574085075006874,-16.81957078394829,44.790778040024705,True,True,True,True,True,True,True,True,False,True,True,True,False,True,0.07484978540772531,4.443590182113365,0.4987703265637422,True,DOTUSDT,starter_short_followthrough
2024-09-04 16:00:00+00:00,4.156,4.197,4.095,4.124,503456.87,4.147551232551301,4.253387697628237,4.642443969256525,0.09741223606054077,0.08951016248657531,46.302627884170896,4.285,3.868,15.427821250939225,27.458713923915987,33.882757306015456,9.048315820052578,False,True,6.11296376270789,False,True,False,True,False,True,True,True,1.3282489229363763,True,True,True,0.24176872951221795,True,False,True,False,True,False,True,False,True,False,False,False,True,False,True,False,False,1.088281300742255,-12.030892672976762,0.0,other,False,Short1,True,1.3282489229363763,0.24176872951221795,1.088281300742255,33.882757306015456,15.427821250939225,27.458713923915987,-12.030892672976762,46.302627884170896,True,True,True,True,True,True,True,True,False,True,True,True,False,True,-0.00024248302618824782,3.141289147800935,0.7801894615453365,False,DOTUSDT,starter_short_adverse
2024-09-04 20:00:00+00:00,4.123,4.181,4.098,4.111,451978.29,4.1440701627845105,4.247803866348698,4.637155969562431,0.096382790627645,0.09018086516610566,45.39118387638663,4.285,3.868,14.47884540496293,25.769709634098792,33.46633490425821,9.048315820052578,False,True,6.11296376270789,False,True,False,True,False,True,True,True,1.4193806327647391,True,True,True,0.34311273381023416,True,False,True,False,True,False,True,False,True,False,False,False,True,False,True,False,False,1.0687720776476908,-11.290864229135861,0.0,other,False,Short1,True,1.4193806327647391,0.34311273381023416,1.0687720776476908,33.46633490425821,14.47884540496293,25.769709634098792,-11.290864229135861,45.39118387638663,True,True,True,True,True,True,True,True,False,True,True,True,False,True,-0.0121624908781318,3.03996178251307,1.0064037300469943,False,DOTUSDT,starter_short_adverse
2024-10-09 04:00:00+00:00,4.114,4.15,4.102,4.113,289716.61,4.148946844189039,4.225567972874855,4.373156205107411,0.07322231986939817,0.07357745745343523,43.06545445649749,4.255,4.045,8.86805117990391,19.601432936693985,32.65516443728105,8.8188378730799,False,True,5.583698326053531,False,True,False,True,False,True,True,True,1.537345075594912,True,True,True,0.4909274146620146,True,False,True,False,True,False,True,False,True,False,False,False,True,False,True,False,False,0.9951732827372866,-10.733381756790076,0.0,other,True,flat,False,1.537345075594912,0.4909274146620146,0.9951732827372866,32.65516443728105,8.86805117990391,19.601432936693985,-10.733381756790076,43.06545445649749,True,True,True,True,True,True,True,True,False,True,True,True,False,True,-0.018964259664478334,2.212440145149035,2.0485556899527984,False,DOTUSDT,starter_short_adverse
2024-10-13 12:00:00+00:00,4.158,4.186,4.086,4.106,494763.82,4.156364324080242,4.171213812298426,4.317758589648086,0.057767335019767434,0.06309851574243211,43.23946469679775,4.263,4.152,14.094187369623567,25.65999427553113,21.968041206111536,8.772789735039305,False,True,5.526268215642546,False,True,False,True,False,True,True,True,1.1289046357445824,True,True,True,0.871847802274549,True,False,True,False,True,False,True,False,True,False,True,False,True,False,True,False,True,0.9155102040050113,-11.565806905907563,0.0,other,False,Short1,True,1.1289046357445824,0.871847802274549,0.9155102040050113,21.968041206111536,14.094187369623567,25.65999427553113,-11.565806905907563,43.23946469679775,True,True,True,True,True,True,True,True,False,True,True,True,True,True,-0.03214807598636156,0.19041903172850236,7.426342237411515,False,DOTUSDT,starter_short_adverse
2025-02-17 12:00:00+00:00,4.952,5.07,4.891,4.903,1173729.6,4.9855717198730325,5.011254643509736,5.604009095839546,0.1312930318458186,0.13951257994711472,42.907030664327735,5.069,4.79,16.3504103396176,17.673080411672142,17.886186609770807,8.385401649994908,False,True,6.148710141545868,False,True,False,True,False,True,True,True,0.8245269530896614,True,True,True,0.6289116696611851,True,False,True,False,True,False,True,False,True,False,False,False,True,False,True,False,False,0.9410838212266455,-1.3226700720545423,0.0,other,True,flat,False,0.8245269530896614,0.6289116696611851,0.9410838212266455,17.886186609770807,16.3504103396176,17.673080411672142,-1.3226700720545423,42.907030664327735,True,True,True,True,True,True,True,True,False,True,True,True,False,True,-0.06179889863348988,2.6124768022936307,3.3208159935860797,False,DOTUSDT,starter_short_adverse
2025-02-19 12:00:00+00:00,4.839,4.894,4.786,4.825,1337844.8,4.847187274606302,4.9263081413014715,5.511920753934647,0.12976586403644388,0.1327065824428028,46.24513345212453,4.933,4.56,15.8413307132341,19.84142854388786,24.212746656085894,8.385401649994908,False,True,6.122581825087447,False,True,False,True,False,True,True,True,0.7806994701859316,True,True,True,0.17097928466049228,True,False,True,False,True,False,True,False,True,False,False,False,True,False,True,False,False,0.9778404480604691,-4.000097830653761,0.0,other,False,Short1,True,0.7806994701859316,0.17097928466049228,0.9778404480604691,24.212746656085894,15.8413307132341,19.84142854388786,-4.000097830653761,46.24513345212453,True,True,True,True,True,True,True,True,False,True,True,True,False,True,-0.026528497409326446,0.12329899021445671,3.96098006063942,False,DOTUSDT,starter_short_adverse
2025-03-01 04:00:00+00:00,4.728,4.77,4.616,4.62,943292.04,4.740611942617926,4.795944101296139,5.211098730478698,0.17654834217332854,0.17861892981506716,43.58764641788628,5.17,4.454,18.74689066932229,22.272838835084272,17.004166919478802,8.350522031586998,False,True,6.000697762581576,False,True,False,True,False,True,True,True,0.9965774763458475,True,True,True,0.6831666677419939,True,False,True,False,True,False,True,False,True,False,True,False,True,False,True,False,False,0.9884077928141076,-3.5259481657619816,0.0,other,False,Short1,True,0.9965774763458475,0.6831666677419939,0.9884077928141076,17.004166919478802,18.74689066932229,22.272838835084272,-3.5259481657619816,43.58764641788628,True,True,True,True,True,True,True,True,False,True,True,True,True,True,0.060606060606060656,3.4154951135593046,3.5684277305843493,False,DOTUSDT,starter_short_adverse
2025-03-07 00:00:00+00:00,4.431,4.477,4.213,4.376,3518465.78,4.476293339618951,4.583679365975421,5.015688936992005,0.16588063588497953,0.1834667989022862,43.172000799006646,4.664,4.31,15.24692021529088,28.822437610221545,19.262138086271477,8.316715842217974,False,True,5.919246141302673,False,True,False,True,False,True,True,True,1.2519807683847064,True,True,True,0.6046114972002711,True,False,True,False,True,False,True,False,True,False,False,False,True,False,True,False,False,0.9041452561306582,-13.575517394930666,0.0,other,False,Short1,True,1.2519807683847064,0.6046114972002711,0.9041452561306582,19.262138086271477,15.24692021529088,28.822437610221545,-13.575517394930666,43.172000799006646,True,True,True,True,True,True,True,True,False,True,True,True,False,True,0.11174588665447904,4.376641047502396,1.814557789666966,True,DOTUSDT,starter_short_followthrough
2025-03-07 20:00:00+00:00,4.554,4.579,4.372,4.413,1790583.9,4.5002543526561025,4.5760491563560075,4.992670059417816,0.1662515282688049,0.1749034079268061,44.977503315769304,4.677,4.213,17.296308269173686,26.03728177121663,17.731656741679565,8.316715842217974,False,True,5.919246141302673,False,True,False,True,False,True,True,True,0.9807377896242861,True,True,True,0.524833386884868,True,False,True,False,True,False,True,False,True,False,True,False,True,False,True,False,False,0.9505333843373605,-8.740973502042944,0.0,other,False,Short1,True,0.9807377896242861,0.524833386884868,0.9505333843373605,17.731656741679565,17.296308269173686,26.03728177121663,-8.740973502042944,44.977503315769304,True,True,True,True,True,True,True,True,False,True,True,True,True,True,0.08406979379107193,4.589431495428653,0.19849441592286118,True,DOTUSDT,starter_short_followthrough
2025-03-11 20:00:00+00:00,4.106,4.115,4.033,4.042,596605.73,4.107688339358832,4.290173953055733,4.810774641573999,0.15625162810599774,0.14743136791486525,43.55405915259635,4.285,3.65,14.79857799157705,32.431284913597615,38.167137785521376,8.285753495529239,False,True,5.8496712291220545,False,True,False,True,False,True,True,True,1.5882967496977218,True,True,True,0.42040099136932374,True,False,True,False,True,False,True,False,True,False,False,False,True,False,True,False,False,1.059826211449288,-17.632706922020567,0.0,other,False,Short1,True,1.5882967496977218,0.42040099136932374,1.059826211449288,38.167137785521376,14.79857799157705,32.431284913597615,-17.632706922020567,43.55405915259635,True,True,True,True,True,True,True,True,False,True,True,True,False,True,-0.07595249876298872,1.3823855957102091,2.4767741923141307,False,DOTUSDT,starter_short_adverse
2025-04-02 00:00:00+00:00,4.171,4.176,4.063,4.108,638988.35,4.142968672734311,4.252261010804544,4.469233294793587,0.09891730404393345,0.09749654925432885,44.415904521955376,4.282,3.949,17.664945362307584,18.847132277673097,28.79834687464402,8.167205303784073,False,True,5.549147909191976,False,True,False,True,False,True,True,True,1.4584001474653168,True,True,True,0.3535142114142126,True,False,True,False,True,False,True,False,True,False,True,False,True,False,True,False,False,1.0145723597447376,-1.182186915365513,0.0,other,True,flat,False,1.4584001474653168,0.3535142114142126,1.0145723597447376,28.79834687464402,17.664945362307584,18.847132277673097,-1.182186915365513,44.415904521955376,True,True,True,True,True,True,True,True,False,True,True,True,True,True,0.043086660175267674,2.6587865747249824,1.3344480146908742,True,DOTUSDT,starter_short_followthrough
2025-04-04 00:00:00+00:00,4.06,4.074,3.986,4.019,411369.95,4.064811272326212,4.170320128302161,4.42079252415822,0.11497672437417523,0.10713053249218407,44.86032383665583,4.24,3.845,16.415289004275376,23.064895293420022,23.31658821933255,8.167205303784073,False,True,5.518714743494257,False,True,False,True,False,True,True,True,1.3160935756850352,True,True,True,0.39843953265815474,True,False,True,False,True,False,True,False,True,False,False,False,True,False,True,False,False,1.0732395489825797,-6.649606289144646,0.0,other,False,Short1,True,1.3160935756850352,0.39843953265815474,1.0732395489825797,23.31658821933255,16.415289004275376,23.064895293420022,-6.649606289144646,44.86032383665583,True,True,True,True,True,True,True,True,False,True,True,True,False,True,0.09181388405075895,6.409993013903748,0.9741102002133248,True,DOTUSDT,starter_short_followthrough
2025-04-04 08:00:00+00:00,4.084,4.131,3.946,4.021,945411.08,4.062119885056151,4.161136727433099,4.41347696218385,0.11997993071038582,0.10945795913866893,45.50363796532955,4.236,3.845,16.872148762451072,19.05826869210413,21.402288272435086,8.167205303784073,False,True,5.518714743494257,False,True,False,True,False,True,True,True,1.1680014032627544,True,True,True,0.34272302719867886,True,False,True,False,True,False,True,False,True,False,False,False,True,False,True,False,False,1.0961279714560266,-2.1861199296530565,0.0,other,False,Short1,True,1.1680014032627544,0.34272302719867886,1.0961279714560266,21.402288272435086,16.872148762451072,19.05826869210413,-2.1861199296530565,45.50363796532955,True,True,True,True,True,True,True,True,False,True,True,True,False,True,0.08704302412335242,6.159363450407709,0.8584769085141984,True,DOTUSDT,starter_short_followthrough
2025-04-04 20:00:00+00:00,4.044,4.078,4.011,4.035,373057.81,4.057498573760948,4.1479707566906905,4.402584664448984,0.11429369816717119,0.11274935722582206,46.60814970875292,4.131,3.845,14.180863195093824,16.580734660395898,18.471399232176427,8.167205303784073,False,True,5.518714743494257,False,True,False,True,False,True,True,True,0.9884250706933478,True,True,True,0.19684876875748938,True,False,True,False,True,False,True,False,True,False,False,False,True,False,True,False,False,1.0136971152594336,-2.3998714653020734,0.0,other,False,Short1,True,0.9884250706933478,0.19684876875748938,1.0136971152594336,18.471399232176427,14.180863195093824,16.580734660395898,-2.3998714653020734,46.60814970875292,True,True,True,True,True,True,True,True,False,True,True,True,False,True,0.16282527881040892,6.588289748911859,0.2974792184103611,True,DOTUSDT,starter_short_followthrough
2025-04-05 00:00:00+00:00,4.034,4.069,4.015,4.024,214901.98,4.054308233402763,4.143109158389095,4.398817652862427,0.10998700544094471,0.1132422602811205,45.78531378022326,4.131,3.845,13.683553399615802,15.999263585652743,17.70926482861606,8.167205303784073,False,True,5.50395141271322,False,True,False,True,False,True,True,True,1.0829384608807073,True,True,True,0.27556194735237216,True,False,True,False,True,False,True,False,True,False,False,False,True,False,True,False,False,0.9712540633497184,-2.3157101860369416,0.0,other,False,Short1,True,1.0829384608807073,0.27556194735237216,0.9712540633497184,17.70926482861606,13.683553399615802,15.999263585652743,-2.3157101860369416,45.78531378022326,True,True,True,True,True,True,True,True,False,True,True,True,False,True,0.16625248508946322,7.037194956776813,0.0545518988897448,True,DOTUSDT,starter_short_followthrough
2025-04-10 00:00:00+00:00,3.643,3.65,3.506,3.552,824778.08,3.5804938368899015,3.766828140548097,4.202577243224681,0.15059942460140394,0.1345601838789238,46.62671392301707,3.753,3.25,21.052954343339703,25.426599527843646,28.37157998889331,8.126158484840948,False,True,5.413471319133973,False,True,False,True,False,True,True,True,1.4264871271367012,True,True,True,0.18920282707133165,True,False,True,False,True,False,True,False,True,False,True,False,True,False,True,False,False,1.1191975238151586,-4.373645184503943,0.0,other,False,Short1,True,1.4264871271367012,0.18920282707133165,1.1191975238151586,28.37157998889331,21.052954343339703,25.426599527843646,-4.373645184503943,46.62671392301707,True,True,True,True,True,True,True,True,False,True,True,True,True,True,-0.03913288288288282,1.0823414527075206,1.7529947454894772,False,DOTUSDT,starter_short_adverse
2025-04-11 04:00:00+00:00,3.531,3.543,3.478,3.504,1434510.11,3.5341990123302653,3.6988523202707495,4.154310712914754,0.1264493812082313,0.13902358281819166,46.2339479744937,3.753,3.339,18.815312638078638,23.296715903154237,23.08588163281564,8.126158484840948,False,True,5.39406364431672,False,True,False,True,False,True,True,True,1.540951156968299,True,True,True,0.23882293485117917,True,False,True,False,True,False,True,False,True,False,False,False,True,False,True,False,False,0.9095534631242794,-4.481403265075599,0.0,other,False,Short1,True,1.540951156968299,0.23882293485117917,0.9095534631242794,23.08588163281564,18.815312638078638,23.296715903154237,-4.481403265075599,46.2339479744937,True,True,True,True,True,True,True,True,False,True,True,True,False,True,-0.05479452054794525,0.15025775388107088,2.467390484783883,False,DOTUSDT,starter_short_adverse
2025-05-07 12:00:00+00:00,3.978,3.98,3.915,3.921,410656.02,3.961201348878718,4.018504854560528,4.02748547329306,0.07396994672836618,0.0754078311797989,42.77623271638225,4.007,3.823,13.69083292177374,23.209252836748092,28.807502683092068,7.957762770727565,False,True,5.061383740873739,False,True,False,True,False,True,True,True,1.3181685113088903,True,True,True,0.5434821931986271,True,False,True,False,True,False,True,False,True,False,True,False,True,False,True,False,False,0.9809318948849716,-9.518419914974352,0.0,other,True,flat,False,1.3181685113088903,0.5434821931986271,0.9809318948849716,28.807502683092068,13.69083292177374,23.209252836748092,-9.518419914974352,42.77623271638225,True,True,True,True,True,True,True,True,False,True,True,True,True,True,-0.2879367508288702,0.5542791608402922,19.48088465294787,False,DOTUSDT,starter_short_adverse
2025-06-04 12:00:00+00:00,4.13,4.137,4.038,4.108,2192086.85,4.133837602259463,4.225494849380009,4.3926139581218,0.08066816475021651,0.0881682750618415,45.770049325167655,4.223,4.036,15.621850009581228,29.286589459631617,22.39471946013858,7.825518207179863,False,True,4.944272358127151,False,True,False,True,False,True,True,True,1.4565206701283517,True,True,True,0.32029490616859974,True,False,True,False,True,False,True,False,True,False,True,False,True,False,True,False,False,0.9149341380857867,-13.664739450050389,0.0,other,True,flat,False,1.4565206701283517,0.32029490616859974,0.9149341380857867,22.39471946013858,15.621850009581228,29.286589459631617,-13.664739450050389,45.770049325167655,True,True,True,True,True,True,True,True,False,True,True,True,True,True,0.007789678675754632,4.537105822765322,0.0,True,DOTUSDT,starter_short_followthrough
2025-06-16 20:00:00+00:00,3.973,3.991,3.836,3.847,1034528.85,3.8717982108389792,3.9397272667964436,4.171790441673544,0.07499230563282001,0.0794115568642747,46.0739097771126,3.991,3.735,20.20538396384166,25.730811800420046,28.46225867195,7.750666184563,False,True,4.835038128081564,False,True,False,True,False,True,True,True,1.236490410769048,True,True,True,0.3306767358293682,True,False,True,False,True,False,True,False,True,False,True,False,True,False,True,False,False,0.944350024027261,-5.5254278365783875,0.0,other,False,Short1,True,1.236490410769048,0.3306767358293682,0.944350024027261,28.46225867195,20.20538396384166,25.730811800420046,-5.5254278365783875,46.0739097771126,True,True,True,True,True,True,True,True,False,True,True,True,True,True,0.1065765531583052,6.894040603730116,0.6667350680590032,True,DOTUSDT,starter_short_followthrough
2025-06-17 04:00:00+00:00,3.873,3.875,3.825,3.833,376534.79,3.8682066986686428,3.933027746089297,4.165475935761838,0.0764576512854417,0.07736277096970626,45.056429439150094,3.991,3.735,17.088088888577442,27.226261705190943,27.692978556744617,7.750666184563,False,True,4.825206902926523,False,True,False,True,False,True,True,True,1.3082764694910678,True,True,True,0.46047319106369505,True,False,True,False,True,False,True,False,True,False,False,False,True,False,True,False,False,0.988300319741404,-10.138172816613501,0.0,other,False,Short1,True,1.3082764694910678,0.46047319106369505,0.988300319741404,27.692978556744617,17.088088888577442,27.226261705190943,-10.138172816613501,45.056429439150094,True,True,True,True,True,True,True,True,False,True,True,True,False,True,0.091834072528046,6.578805280352319,0.03923740723867749,True,DOTUSDT,starter_short_followthrough
2025-06-25 12:00:00+00:00,3.424,3.465,3.351,3.362,1261223.43,3.382348662233131,3.4721469606266124,3.8795739229309456,0.08447132793549805,0.0892182213271896,45.94200335947734,3.525,3.278,18.68691837457967,22.111932809754002,29.301536561415052,7.711565028497697,False,True,4.719828067122896,False,True,False,True,False,True,True,True,1.3039567782185226,True,True,True,0.24089430970789238,True,False,True,False,True,False,True,False,True,False,True,False,True,False,True,False,False,0.9467945749077055,-3.425014435174333,0.0,other,False,Short1,True,1.3039567782185226,0.24089430970789238,0.9467945749077055,29.301536561415052,18.68691837457967,22.111932809754002,-3.425014435174333,45.94200335947734,True,True,True,True,True,True,True,True,False,True,True,True,True,True,-0.01160023795359896,1.0772886164342936,0.9352285791022937,False,DOTUSDT,starter_short_adverse
2025-06-25 20:00:00+00:00,3.395,3.417,3.341,3.352,432786.86,3.380634619197642,3.4645662639232975,3.8695606277564516,0.08277374704642433,0.08908662961375022,45.21845323311712,3.525,3.346,16.44315035235531,20.2890361709462,26.636824728253774,7.711565028497697,False,True,4.719828067122896,False,True,False,True,False,True,True,True,1.359927125929963,True,True,True,0.345938419117143,True,False,True,False,True,False,True,False,True,False,False,False,True,False,True,False,False,0.9291377101738338,-3.84588581859089,0.0,other,False,Short1,True,1.359927125929963,0.345938419117143,0.9291377101738338,26.636824728253774,16.44315035235531,20.2890361709462,-3.84588581859089,45.21845323311712,True,True,True,True,True,True,True,True,False,True,True,True,False,True,-0.056384248210023885,0.9785711398877527,2.778658792273867,False,DOTUSDT,starter_short_adverse
2025-06-26 08:00:00+00:00,3.374,3.382,3.311,3.328,647686.63,3.374992425556271,3.452735587250092,3.854515187427245,0.08162059849161597,0.08816979783579054,42.86741901912513,3.525,3.333,14.558629251972063,18.480589744223156,22.9806142507156,7.711565028497697,False,True,4.706217837599286,False,True,False,True,False,True,True,True,1.528236616188316,True,True,True,0.5757422320432761,True,False,True,False,True,False,True,False,True,False,True,False,True,False,True,False,False,0.925720603824317,-3.9219604922510936,0.0,other,False,Short1,True,1.528236616188316,0.5757422320432761,0.925720603824317,22.9806142507156,14.558629251972063,18.480589744223156,-3.9219604922510936,42.86741901912513,True,True,True,True,True,True,True,True,False,True,True,True,True,True,-0.027644230769230796,0.6983531247428301,3.1119595383277026,False,DOTUSDT,starter_short_adverse
2025-08-06 08:00:00+00:00,3.635,3.643,3.595,3.607,517163.37,3.6271827107692736,3.7165717488666328,3.8672991544902686,0.08083236663514115,0.08483313338771051,46.86389638899531,3.757,3.538,13.258024049958998,16.444392191277167,22.11783488565625,7.484132272742203,False,True,4.410242011121385,False,True,False,True,False,True,True,True,1.355543001248676,True,True,True,0.2496860058591815,True,False,True,False,True,False,True,False,True,False,False,False,True,False,True,False,False,0.9528395734920604,-3.1863681413181695,0.0,other,True,flat,False,1.355543001248676,0.2496860058591815,0.9528395734920604,22.11783488565625,13.258024049958998,16.444392191277167,-3.1863681413181695,46.86389638899531,True,True,True,True,True,True,True,True,False,True,True,True,False,True,-0.10673690047130573,0.4577374329148362,7.101115851165225,False,DOTUSDT,starter_short_adverse
2025-10-21 20:00:00+00:00,3.132,3.136,2.997,3.006,1510869.62,3.046849071987392,3.127702533961614,3.6023877864550014,0.08664987269117948,0.08371687756645049,46.20644591296845,3.19,2.95,22.177080152218174,29.637145545342534,26.011318109022817,7.116350206425835,False,True,4.1207128034949685,False,True,False,True,False,True,True,True,1.4045321727749374,True,True,True,0.47142679750931027,True,False,True,False,True,False,True,False,True,False,True,False,True,False,True,False,False,1.0350346932421233,-7.46006539312436,0.0,other,True,flat,False,1.4045321727749374,0.47142679750931027,1.0350346932421233,26.011318109022817,22.177080152218174,29.637145545342534,-7.46006539312436,46.20644591296845,True,True,True,True,True,True,True,True,False,True,True,True,True,True,-0.027944111776447133,1.9850000312523073,1.3733430448780546,False,DOTUSDT,starter_short_adverse
2025-11-06 00:00:00+00:00,2.671,2.683,2.616,2.659,1491133.53,2.6661200118814508,2.795851108988977,3.1850448659538317,0.09550070103350884,0.09494901693363526,46.22558416297302,2.685,2.343,15.123605527305589,26.672429511574688,36.9028514209726,7.036869298400276,False,True,3.945172517757866,False,True,False,True,False,True,True,True,1.4329853865780455,True,True,True,0.07455455095510465,True,False,True,False,True,False,True,False,True,False,False,False,True,False,True,False,False,1.0058103192396313,-11.548823984269099,0.0,other,False,Short1,True,1.4329853865780455,0.07455455095510465,1.0058103192396313,36.9028514209726,15.123605527305589,26.672429511574688,-11.548823984269099,46.22558416297302,True,True,True,True,True,True,True,True,False,True,True,True,False,True,-0.22527265889432127,1.3821888066945616,9.151765280689773,False,DOTUSDT,starter_short_adverse
2025-11-18 20:00:00+00:00,2.782,2.787,2.733,2.755,447362.31,2.7818371710616505,2.859382763713235,3.051523664185939,0.08116872888505856,0.08704921641745975,44.982839803178,2.867,2.617,13.54781442013515,24.703290412868427,36.26520109475821,6.959093960197752,False,True,3.8340523888704574,False,True,False,True,False,True,True,True,1.2859972694786121,True,True,True,0.3306343641238267,True,False,True,False,True,False,True,False,True,False,False,False,True,False,True,False,False,0.9324464047533723,-11.155475992733276,0.0,other,False,Short1,True,1.2859972694786121,0.3306343641238267,0.9324464047533723,36.26520109475821,13.54781442013515,24.703290412868427,-11.155475992733276,44.982839803178,True,True,True,True,True,True,True,True,False,True,True,True,False,True,0.16116152450090743,6.1969678090227145,0.8008010091182426,True,DOTUSDT,starter_short_followthrough
2025-11-28 16:00:00+00:00,2.352,2.352,2.26,2.3,1328473.1,2.323632400266978,2.3889393218855184,2.750163331945966,0.05843027131906286,0.06261239347298188,45.73798856922432,2.39,2.293,17.6774440687138,23.751898376719666,22.63994425178978,6.917550736713197,False,True,3.699360831688484,False,True,False,True,False,True,True,True,1.5221445986423503,True,True,True,0.404454741240749,True,False,True,False,True,False,True,False,True,False,True,False,True,False,True,False,False,0.9332061606026343,-6.0744543080058655,0.0,other,False,Short1,True,1.5221445986423503,0.404454741240749,0.9332061606026343,22.63994425178978,17.6774440687138,23.751898376719666,-6.0744543080058655,45.73798856922432,True,True,True,True,True,True,True,True,False,True,True,True,True,True,0.028695652173912976,5.80178719603859,0.03422883301498079,True,DOTUSDT,starter_short_followthrough
2025-12-08 08:00:00+00:00,2.137,2.179,2.126,2.131,1142016.26,2.1480469722756728,2.1968379518723657,2.5042499494652706,0.0504664074580528,0.04968191960751393,44.6211800844614,2.164,2.04,19.944470548477938,27.282732611597,25.563876536116197,6.824807077165896,False,True,3.5568451506569256,False,True,False,True,False,True,True,True,1.30458963077746,True,True,True,0.33778850396359716,True,False,True,False,True,False,True,False,True,False,False,False,True,False,True,False,False,1.0157902081227197,-7.338262063119064,0.0,other,False,Short1,True,1.30458963077746,0.33778850396359716,1.0157902081227197,25.563876536116197,19.944470548477938,27.282732611597,-7.338262063119064,44.6211800844614,True,True,True,True,True,True,True,True,False,True,True,True,False,True,0.03941811356170795,2.4372648301196436,5.191572239767055,False,DOTUSDT,starter_short_adverse
2025-12-08 16:00:00+00:00,2.132,2.155,2.11,2.124,1260131.68,2.1443740521349612,2.1915386091678393,2.496799243800257,0.05017766765515778,0.0496032878248462,43.46902889128132,2.179,2.04,17.295975613082238,25.845874114874142,24.64662776963896,6.824807077165896,False,True,3.5568451506569256,False,True,False,True,False,True,True,True,1.3459894077180536,True,True,True,0.4060382454397893,True,False,True,False,True,False,True,False,True,False,False,False,True,False,True,False,False,1.0115794709483727,-8.549898501791905,0.0,other,False,Short1,True,1.3459894077180536,0.4060382454397893,1.0115794709483727,24.64662776963896,17.295975613082238,25.845874114874142,-8.549898501791905,43.46902889128132,True,True,True,True,True,True,True,True,False,True,True,True,False,True,0.06497175141242943,3.567324038059401,5.3609506493741765,False,DOTUSDT,starter_short_adverse
2026-04-01 16:00:00+00:00,1.276,1.284,1.256,1.265,965755.67,1.268885746439357,1.3064317378387411,1.4183737094586377,0.026599011888895057,0.025122016243249595,46.494285382259,1.303,1.226,17.063390612785767,18.787299792050696,30.29157285030251,6.064886188445912,False,True,2.2310662162063397,False,True,False,True,False,True,True,True,1.5576419910560189,True,True,True,0.14608611987497955,True,False,True,False,True,False,True,False,True,False,False,False,True,False,True,False,False,1.058792878379829,-1.723909179264929,0.0,other,True,flat,False,1.5576419910560189,0.14608611987497955,1.058792878379829,30.29157285030251,17.063390612785767,18.787299792050696,-1.723909179264929,46.494285382259,True,True,True,True,True,True,True,True,False,True,True,True,False,True,0.03003952569169946,2.2933182726786594,0.18797690759661595,True,DOTUSDT,starter_short_followthrough
2026-04-03 16:00:00+00:00,1.249,1.257,1.237,1.243,510929.46,1.248032920280257,1.2801286807953127,1.3978260886122218,0.02335513975003779,0.025780323746688,45.836734866795396,1.269,1.204,18.081370584648543,19.06691063331729,21.33924744357908,6.064886188445912,False,True,2.21155954624854,False,True,False,True,False,True,True,True,1.589743465151072,True,True,True,0.21549519010044332,True,False,True,False,True,False,True,False,True,False,True,False,True,False,True,False,False,0.9059288773686648,-0.9855400486687458,0.0,other,False,Short1,True,1.589743465151072,0.21549519010044332,0.9059288773686648,21.33924744357908,18.081370584648543,19.06691063331729,-0.9855400486687458,45.836734866795396,True,True,True,True,True,True,True,True,False,True,True,True,True,True,0.0072405470635560085,1.6270508507635262,3.1684674462236995,False,DOTUSDT,starter_short_adverse
2026-04-14 00:00:00+00:00,1.23,1.231,1.203,1.206,1174900.95,1.2306312033979065,1.2521463824965027,1.3327050290575726,0.033842558872341666,0.028434435632101674,42.499944854072695,1.248,1.148,21.683647831837494,22.15363742993058,18.250264680518978,5.96960287984571,False,True,2.11288952777599,False,True,False,True,False,True,True,True,1.3635606772694877,True,True,True,0.7278174056169495,True,False,True,False,True,False,True,False,True,False,False,False,True,False,True,False,False,1.190196257460949,-0.46998959809308616,0.0,other,False,Short1,True,1.3635606772694877,0.7278174056169495,1.190196257460949,18.250264680518978,21.683647831837494,22.15363742993058,-0.46998959809308616,42.499944854072695,True,True,True,True,True,True,True,True,False,True,True,True,False,True,-0.1011608623548923,1.7433669901426563,4.402740364936544,False,DOTUSDT,starter_short_adverse
2026-04-15 20:00:00+00:00,1.193,1.196,1.175,1.182,1226790.15,1.1919195726770002,1.2236673315380107,1.3159673877757265,0.02832894109811863,0.03037202758151194,44.67670616434642,1.217,1.147,17.946558936646525,22.033736900131558,19.431055788362492,5.96960287984571,False,True,2.1034776916787163,False,True,False,True,False,True,True,True,1.4708397110112215,True,True,True,0.35015684640817907,True,False,True,False,True,False,True,False,True,False,False,False,True,False,True,False,False,0.9327313108118941,-4.087177963485033,0.0,other,False,Short1,True,1.4708397110112215,0.35015684640817907,0.9327313108118941,19.431055788362492,17.946558936646525,22.033736900131558,-4.087177963485033,44.67670616434642,True,True,True,True,True,True,True,True,False,True,True,True,False,True,-0.049069373942470434,0.3882954877099316,6.106829033983527,False,DOTUSDT,starter_short_adverse
2026-05-01 16:00:00+00:00,1.214,1.218,1.205,1.211,700313.29,1.2166271641843212,1.2320241536725938,1.276257531231556,0.01857550858062862,0.019135086267032305,45.20831098365626,1.229,1.193,19.940589793629695,21.120950766725873,17.63099856120338,5.8758019268030495,False,True,1.9777704384314523,False,True,False,True,False,True,True,True,1.1318211601763966,True,True,True,0.3029345958360105,True,False,True,False,True,False,True,False,True,False,False,False,True,False,True,False,False,0.97075645865429,-1.1803609730961782,0.0,other,False,Short1,True,1.1318211601763966,0.3029345958360105,0.97075645865429,17.63099856120338,19.940589793629695,21.120950766725873,-1.1803609730961782,45.20831098365626,True,True,True,True,True,True,True,True,False,True,True,True,False,True,-0.05202312138728319,0.8613492293118444,4.575917780719167,False,DOTUSDT,starter_short_adverse
2023-05-23 16:00:00+00:00,10.557,10.571,10.456,10.483,113697.61,10.53043491429233,10.636422947500117,10.966734030294026,0.11475664569022341,0.12689918283768573,43.505847980324525,10.623,10.325,14.532314776743144,17.58534413323093,26.543473790273,13.193101697884664,False,True,11.916565826949657,False,True,False,True,False,True,True,True,1.336941722000744,True,True,True,0.4133522203182608,True,False,True,False,True,False,True,False,True,False,False,False,True,False,True,False,False,0.904313511908161,-3.0530293564877855,0.0,other,True,flat,False,1.336941722000744,0.4133522203182608,0.904313511908161,26.543473790273,14.532314776743144,17.58534413323093,-3.0530293564877855,43.505847980324525,True,True,True,True,True,True,True,True,False,True,True,True,False,True,-0.0022894209672802758,2.4660881145300952,1.1066897192414065,False,ATOMUSDT,starter_short_adverse
2023-05-25 12:00:00+00:00,10.498,10.557,10.407,10.426,154447.35,10.453253780321083,10.556720348281894,10.908923246753346,0.12341852014815871,0.11851124004056482,45.81484212748587,10.535,10.2,14.300432797700564,23.155149152089137,31.01495420612047,13.193101697884664,False,True,11.887916024678436,False,True,False,True,False,True,True,True,1.0591631476780787,True,True,True,0.22082407314854674,True,False,True,False,True,False,True,False,True,False,False,False,True,False,True,False,False,1.0414077188451847,-8.854716354388573,0.0,other,False,Short1,True,1.0591631476780787,0.22082407314854674,1.0414077188451847,31.01495420612047,14.300432797700564,23.155149152089137,-8.854716354388573,45.81484212748587,True,True,True,True,True,True,True,True,False,True,True,True,False,True,-0.03222712449645121,0.0648200933733222,4.399663837713746,False,ATOMUSDT,starter_short_adverse
2023-06-20 00:00:00+00:00,8.604,8.667,8.57,8.574,109596.72,8.649701974146428,8.765601728253506,9.646134278926784,0.1416969849746435,0.15544529176226168,43.65748098607057,8.809,8.34,12.370238825099833,27.844659228039344,29.013676165672106,13.07347023639706,False,True,11.364055380790328,False,True,False,True,False,True,True,True,1.3521934026175133,True,True,True,0.534252540094447,True,False,True,False,True,False,True,False,True,False,False,False,True,False,True,False,False,0.9115553347949267,-15.474420402939511,0.0,other,False,Short1,True,1.3521934026175133,0.534252540094447,0.9115553347949267,29.013676165672106,12.370238825099833,27.844659228039344,-15.474420402939511,43.65748098607057,True,True,True,True,True,True,True,True,False,True,True,True,False,True,-0.09015628644739908,2.1948243997968833,6.026945457963154,False,ATOMUSDT,starter_short_adverse
2023-07-27 04:00:00+00:00,9.025,9.088,8.972,9.004,120330.96,9.025328873191851,9.160394068972439,9.344373372259229,0.12112292655297595,0.13317786120667124,44.79735439892339,9.065,8.777,13.186294469026198,22.591712437517643,32.645246347025314,12.88900691997014,False,True,10.73019125694947,False,True,False,True,False,True,True,True,1.291201207097951,True,True,True,0.1760927827525951,True,False,True,False,True,False,True,False,True,False,False,False,True,False,True,False,False,0.909482442919038,-9.405417968491445,0.0,other,True,flat,False,1.291201207097951,0.1760927827525951,0.909482442919038,32.645246347025314,13.186294469026198,22.591712437517643,-9.405417968491445,44.79735439892339,True,True,True,True,True,True,True,True,False,True,True,True,False,True,0.0013327410039980763,1.320972045123269,0.9246804315862883,True,ATOMUSDT,starter_short_followthrough
2023-07-27 12:00:00+00:00,9.056,9.064,8.946,8.96,139334.11,9.021749939279497,9.148602137486668,9.337707925913659,0.12082538054822936,0.13182606399962982,42.377265357754546,9.105,8.777,12.33102166167324,21.83312991309713,31.633097418664057,12.88900691997014,False,True,10.73019125694947,False,True,False,True,False,True,True,True,1.5609480113442171,True,True,True,0.5110676167483481,True,False,True,False,True,False,True,False,True,False,True,False,True,False,True,False,False,0.9165515292072185,-9.502108251423891,0.0,other,False,Short1,True,1.5609480113442171,0.5110676167483481,0.9165515292072185,31.633097418664057,12.33102166167324,21.83312991309713,-9.502108251423891,42.377265357754546,True,True,True,True,True,True,True,True,False,True,True,True,True,True,0.008258928571428752,0.9600631876652621,1.2911194592739472,False,ATOMUSDT,starter_short_adverse
2023-08-02 12:00:00+00:00,8.922,8.966,8.788,8.836,263969.33,8.903757960483256,8.98043355075797,9.218765510337114,0.11893530855521071,0.10680166219303285,44.36987908573952,9.025,8.59,15.170267239501555,31.29382387056095,27.37625886463601,12.853076502856009,False,True,10.628110477257223,False,True,False,True,False,True,True,True,1.21438748940499,True,True,True,0.5697043317611784,True,False,True,False,True,False,True,False,True,False,True,False,True,False,True,False,False,1.1136091528261758,-16.123556631059394,0.0,other,False,Short1,True,1.21438748940499,0.5697043317611784,1.1136091528261758,27.37625886463601,15.170267239501555,31.29382387056095,-16.123556631059394,44.36987908573952,True,True,True,True,True,True,True,True,False,True,True,True,True,True,0.041195110909914075,3.9349122282114455,0.22701416701219246,True,ATOMUSDT,starter_short_followthrough
2023-08-08 00:00:00+00:00,8.501,8.526,8.471,8.5,74644.43,8.516199073011542,8.647737684627854,9.029657496999256,0.09993819335168938,0.10390272362606287,45.41833977971227,8.592,8.265,14.272883464737436,25.529095317185,32.42625866337306,12.8148170351659,False,True,10.507058462247443,False,True,False,True,False,True,True,True,1.4782905281062577,True,True,True,0.16209091307600834,True,False,True,False,True,False,True,False,True,False,False,False,True,False,True,False,False,0.9618438272259204,-11.256211852447564,0.0,other,False,Short1,True,1.4782905281062577,0.16209091307600834,0.9618438272259204,32.42625866337306,14.272883464737436,25.529095317185,-11.256211852447564,45.41833977971227,True,True,True,True,True,True,True,True,False,True,True,True,False,True,0.01776470588235292,1.9011750525785114,1.7811008387314604,True,ATOMUSDT,starter_short_followthrough
2023-08-09 00:00:00+00:00,8.522,8.559,8.47,8.483,95415.86,8.525969665891866,8.62480953838719,9.001226651121211,0.10615273319812445,0.10045018972919353,44.43905585728035,8.667,8.265,15.732671186506732,21.587114908291138,26.410347664604593,12.8148170351659,False,True,10.487296686503688,False,True,False,True,False,True,True,True,1.3359009618952977,True,True,True,0.4047909516532794,True,False,True,False,True,False,True,False,True,False,True,False,True,False,True,False,False,1.0567698625986128,-5.854443721784406,0.0,other,False,Short1,True,1.3359009618952977,0.4047909516532794,1.0567698625986128,26.410347664604593,15.732671186506732,21.587114908291138,-5.854443721784406,44.43905585728035,True,True,True,True,True,True,True,True,False,True,True,True,True,True,0.006247789697041238,1.6297272315834885,1.8369757812646281,False,ATOMUSDT,starter_short_adverse
2023-08-09 16:00:00+00:00,8.545,8.555,8.472,8.478,108102.38,8.529200666536545,8.611954656440217,8.983098815501448,0.10299932873989058,0.10081077725050751,44.34336583544814,8.678,8.448,19.507233889860927,20.285476499892184,21.560610515366882,12.8148170351659,False,True,10.487296686503688,False,True,False,True,False,True,True,True,1.3005391207791213,True,True,True,0.4970970894950626,True,False,True,False,True,False,True,False,True,False,True,False,True,False,True,False,False,1.0217094992130125,-0.7782426100312563,0.0,other,False,Short1,True,1.3005391207791213,0.4970970894950626,1.0217094992130125,21.560610515366882,19.507233889860927,20.285476499892184,-0.7782426100312563,44.34336583544814,True,True,True,True,True,True,True,True,False,True,True,True,True,True,-0.0018872375560273667,1.6310785910484733,0.8835009034846041,False,ATOMUSDT,starter_short_adverse
2023-08-10 00:00:00+00:00,8.546,8.546,8.469,8.475,121780.02,8.525400092108146,8.604061180358693,8.973727288747131,0.10207084978082408,0.10143760895579476,44.89167649965565,8.678,8.433,16.973014737153395,20.184408575836166,19.78109843543844,12.8148170351659,False,True,10.467970351314596,False,True,False,True,False,True,True,True,1.2644274113111182,True,True,True,0.49377557075668893,True,False,True,False,True,False,True,False,True,False,False,False,True,False,True,False,False,1.0062426631655452,-3.2113938386827705,0.0,other,False,Short1,True,1.2644274113111182,0.49377557075668893,1.0062426631655452,19.78109843543844,16.973014737153395,20.184408575836166,-3.2113938386827705,44.89167649965565,True,True,True,True,True,True,True,True,False,True,True,True,False,True,0.00448377581120947,1.616524211900874,0.9209289449617265,True,ATOMUSDT,starter_short_followthrough
2023-08-10 16:00:00+00:00,8.479,8.508,8.43,8.442,124108.07,8.50226599721117,8.582037823354101,8.95338887859641,0.09678010570049245,0.10183755204566991,43.21628836751123,8.678,8.42,19.339631972219582,20.34603262787072,17.002785443996853,12.8148170351659,False,True,10.467970351314596,False,True,False,True,False,True,True,True,1.4469691094105543,True,True,True,0.6227105950646138,True,False,True,False,True,False,True,False,True,False,True,False,True,False,True,False,False,0.9503380998110657,-1.006400655651138,0.0,other,False,Short1,True,1.4469691094105543,0.6227105950646138,0.9503380998110657,17.002785443996853,19.339631972219582,20.34603262787072,-1.006400655651138,43.21628836751123,True,True,True,True,True,True,True,True,False,True,True,True,True,True,-0.0037905709547500625,1.3639166752772829,1.3742493773627111,False,ATOMUSDT,starter_short_adverse
2023-09-27 20:00:00+00:00,7.007,7.02,6.943,6.97,82662.23,7.016353001251621,7.058684113576004,7.169508132212004,0.10116277984768399,0.0926581401221596,45.07934099459356,7.135,6.866,12.520451570468602,15.088671732847267,18.41741579396525,12.452834306910576,False,True,9.22444830866754,False,True,False,True,False,True,True,True,0.8766476535098368,True,True,True,0.45820213048131353,True,False,True,False,True,False,True,False,True,False,False,False,True,False,True,False,False,1.0917851331174135,-2.5682201623786653,0.0,other,True,flat,False,0.8766476535098368,0.45820213048131353,1.0917851331174135,18.41741579396525,12.520451570468602,15.088671732847267,-2.5682201623786653,45.07934099459356,True,True,True,True,True,True,True,True,False,True,True,True,False,True,-0.08536585365853668,0.3558621071327131,6.880000737899205,False,ATOMUSDT,starter_short_adverse
2023-09-28 00:00:00+00:00,6.971,7.026,6.945,6.954,90848.16,7.010414620180037,7.0545788542200825,7.167363772687507,0.0997225812871351,0.09310755868486251,43.993717198682845,7.135,6.866,12.223802483813584,14.21325572906549,17.639403552231503,12.452834306910576,False,True,9.202015987188261,False,True,False,True,False,True,True,True,1.008586550026038,True,True,True,0.5657156027439811,True,False,True,False,True,False,True,False,True,False,False,False,True,False,True,False,False,1.0710471061180133,-1.989453245251907,0.0,other,False,Short1,True,1.008586550026038,0.5657156027439811,1.0710471061180133,17.639403552231503,12.223802483813584,14.21325572906549,-1.989453245251907,43.993717198682845,True,True,True,True,True,True,True,True,False,True,True,True,False,True,-0.08426804716709813,0.20055638093054168,7.139807161127442,False,ATOMUSDT,starter_short_adverse
2024-02-02 16:00:00+00:00,9.237,9.26,9.1,9.136,220035.26,9.24502995107934,9.365738444876893,9.791172990268738,0.15108477700646358,0.15565997053753883,39.36204987205405,9.284,8.963,12.419618239449337,23.267829904562085,33.128084928107825,11.890613911133187,False,True,9.400929911407275,False,True,False,True,False,True,True,True,1.5205929374808242,True,True,True,0.7216474964560902,True,False,True,False,True,False,True,False,True,False,False,False,True,False,True,False,False,0.9706077708014733,-10.848211665112748,0.0,other,True,flat,False,1.5205929374808242,0.7216474964560902,0.9706077708014733,33.128084928107825,12.419618239449337,23.267829904562085,-10.848211665112748,39.36204987205405,True,True,True,True,True,True,True,True,False,True,True,True,False,True,-0.0036120840630474225,1.9393085511683574,0.6486424505614368,False,ATOMUSDT,starter_short_adverse
2024-02-05 12:00:00+00:00,9.163,9.18,9.011,9.031,264192.8,9.102783444116088,9.225423105019,9.681181652044149,0.12265840410515104,0.12886127641618925,43.50879765567683,9.168,8.843,14.651108917117028,24.266340493873287,36.53899600808167,11.866120240375643,False,True,9.390843883218281,False,True,False,True,False,True,True,True,1.585077732238613,True,True,True,0.5852305403757759,True,False,True,False,True,False,True,False,True,False,True,False,True,False,True,False,False,0.9518639541408507,-9.615231576756258,0.0,other,False,Short1,True,1.585077732238613,0.5852305403757759,0.9518639541408507,36.53899600808167,14.651108917117028,24.266340493873287,-9.615231576756258,43.50879765567683,True,True,True,True,True,True,True,True,False,True,True,True,True,True,-0.12534603033994016,0.4973161068336307,9.522380537404604,False,ATOMUSDT,starter_short_adverse
2024-04-28 08:00:00+00:00,8.467,8.477,8.291,8.312,158919.23,8.374502827073174,8.486561988094724,9.61347770866687,0.1690551718631289,0.1853274195244004,45.10524926772138,8.524,8.0,17.150023772962115,26.250308891368405,28.25939517654994,11.742924886652599,False,True,10.125507645475778,False,True,False,True,False,True,True,True,1.0325740772725631,True,True,True,0.3697185148750045,True,False,True,False,True,False,True,False,True,False,True,False,True,False,True,False,False,0.9121973008471687,-9.10028511840629,0.0,other,True,flat,False,1.0325740772725631,0.3697185148750045,0.9121973008471687,28.25939517654994,17.150023772962115,26.250308891368405,-9.10028511840629,45.10524926772138,True,True,True,True,True,True,True,True,False,True,True,True,True,True,-0.07025986525505311,3.9986945832530045,4.6612001946795445,False,ATOMUSDT,starter_short_adverse
2024-04-30 00:00:00+00:00,8.151,8.235,8.027,8.15,249833.11,8.221248147676597,8.372267858661697,9.473702394423054,0.16896921433552956,0.17210982965508242,43.95038384762045,8.477,7.928,15.7893954956377,22.89403800473311,28.507825018203945,11.742924886652599,False,True,10.086892162780288,False,True,False,True,False,True,True,True,1.3154340542788454,True,True,True,0.4216634844209926,True,False,True,False,True,False,True,False,True,False,False,False,True,False,True,False,False,0.9817522606009963,-7.104642509095408,0.0,other,False,Short1,True,1.3154340542788454,0.4216634844209926,0.9817522606009963,28.507825018203945,15.7893954956377,22.89403800473311,-7.104642509095408,43.95038384762045,True,True,True,True,True,True,True,True,False,True,True,True,False,True,-0.07423312883435587,3.0419742556139724,5.622325958819592,False,ATOMUSDT,starter_short_adverse
2024-05-13 16:00:00+00:00,8.549,8.629,8.417,8.514,215839.49,8.625178637378864,8.74704438292095,9.096485842052529,0.15965614970969347,0.1709170561419851,42.25986075141962,8.681,8.262,12.546642482169306,27.824300728796068,33.60500453786667,11.684063227056994,False,True,9.931967382375138,False,True,False,True,False,True,True,True,1.4596643057264096,True,True,True,0.6963630125179879,True,False,True,False,True,False,True,False,True,False,False,False,True,False,True,False,False,0.9341147882693643,-15.277658246626762,0.0,other,True,flat,False,1.4596643057264096,0.6963630125179879,0.9341147882693643,33.60500453786667,12.546642482169306,27.824300728796068,-15.277658246626762,42.25986075141962,True,True,True,True,True,True,True,True,False,True,True,True,False,True,-0.020202020202020273,3.30084372545784,1.7913497257703002,False,ATOMUSDT,starter_short_adverse
2024-06-03 20:00:00+00:00,8.426,8.442,8.323,8.339,121754.15,8.390599030160907,8.445999280062834,8.657659510480324,0.1151326626512699,0.11777414826491858,44.11314922930069,8.498,8.171,14.893952574203938,22.092780820781524,24.140134434384276,11.585873598651398,False,True,9.660313664277963,False,True,False,True,False,True,True,True,0.9293564276101909,True,True,True,0.44817021488677466,True,False,True,False,True,False,True,False,True,False,True,False,True,False,True,False,False,0.9775716007921621,-7.198828246577586,0.0,other,False,Short1,True,0.9293564276101909,0.44817021488677466,0.9775716007921621,24.140134434384276,14.893952574203938,22.092780820781524,-7.198828246577586,44.11314922930069,True,True,True,True,True,True,True,True,False,True,True,True,True,True,0.02842067394171964,7.2872456927473515,4.08224728914332,True,ATOMUSDT,starter_short_followthrough
2024-06-04 04:00:00+00:00,8.385,8.398,8.312,8.337,116183.58,8.385356575709949,8.439577190092605,8.651822238918127,0.1121807142248195,0.11462464824883292,44.59504818632355,8.498,8.171,13.689550237453547,21.620022512520716,24.027554193974105,11.585873598651398,False,True,9.647166264633405,False,True,False,True,False,True,True,True,0.9143923784174851,True,True,True,0.43105961701258655,True,False,True,False,True,False,True,False,True,False,False,False,True,False,True,False,False,0.9786788089529573,-7.930472275067169,0.0,other,False,Short1,True,0.9143923784174851,0.43105961701258655,0.9786788089529573,24.027554193974105,13.689550237453547,21.620022512520716,-7.930472275067169,44.59504818632355,True,True,True,True,True,True,True,True,False,True,True,True,False,True,0.026748230778457355,7.4611755307831436,4.20749683456349,True,ATOMUSDT,starter_short_followthrough
2024-06-20 12:00:00+00:00,7.004,7.021,6.861,6.878,563500.66,6.907826519280563,7.130998711349958,7.906081262792298,0.16229660395451465,0.16944229610077935,46.95079818881651,7.117,6.477,18.84725699410241,29.67261715961793,43.24713548460682,11.51655049083424,False,True,9.346374189626564,False,True,False,True,False,True,True,True,1.5588663298269871,True,True,True,0.18377783979338014,True,False,True,False,True,False,True,False,True,False,True,False,True,False,True,False,False,0.9578281674015167,-10.82536016551552,0.0,other,False,Short1,True,1.5588663298269871,0.18377783979338014,0.9578281674015167,43.24713548460682,18.84725699410241,29.67261715961793,-10.82536016551552,46.95079818881651,True,True,True,True,True,True,True,True,False,True,True,True,True,True,0.03562082000581566,3.167041006871926,0.44979376167635976,True,ATOMUSDT,starter_short_followthrough
2024-07-09 12:00:00+00:00,5.883,5.927,5.81,5.867,440680.6,5.910218197517397,6.110286510813903,6.882961971769269,0.16485557174180437,0.17755515586276155,45.79699405206166,6.227,5.587,21.513813392165623,26.34103313778054,21.38409249318429,11.379569024696304,False,True,8.855778489853432,False,True,False,True,False,True,True,True,1.4757554642735171,True,True,True,0.2621579426207364,True,False,True,False,True,False,True,False,True,False,False,False,True,False,True,False,False,0.9284752726033305,-4.827219745614915,0.0,other,False,Short1,True,1.4757554642735171,0.2621579426207364,0.9284752726033305,21.38409249318429,21.513813392165623,26.34103313778054,-4.827219745614915,45.79699405206166,True,True,True,True,True,True,True,True,False,True,True,True,False,True,-0.05761036304755413,0.19410930223285508,2.353575289573365,False,ATOMUSDT,starter_short_adverse
2024-10-18 08:00:00+00:00,4.379,4.389,4.339,4.341,311314.04,4.376550488896454,4.394342153944748,4.489174374759527,0.07737264120552008,0.08248492869673683,45.806226676965196,4.47,4.235,15.774880613336467,20.47934381101555,18.08027333120946,10.550352263361034,False,True,6.272811909881311,False,True,False,True,False,True,True,True,0.6894188063589297,True,True,True,0.4594710525910988,True,False,True,False,True,False,True,False,True,False,False,False,True,False,True,False,False,0.9380215565195851,-4.7044631976790825,0.0,other,True,flat,False,0.6894188063589297,0.4594710525910988,0.9380215565195851,18.08027333120946,15.774880613336467,20.47934381101555,-4.7044631976790825,45.806226676965196,True,True,True,True,True,True,True,True,False,True,True,True,False,True,-0.10412347385395068,0.5945253940318951,10.856550673625845,False,ATOMUSDT,starter_short_adverse
2024-10-18 16:00:00+00:00,4.374,4.397,4.295,4.309,1133786.2,4.369897338983265,4.390228954871718,4.48624698435316,0.07904069573333115,0.08288981096810474,43.38168312800934,4.469,4.235,13.314761215591808,21.074613590420547,18.487267270109424,10.550352263361034,False,True,6.272811909881311,False,True,False,True,False,True,True,True,1.0276852211140655,True,True,True,0.7704555029313216,True,False,True,False,True,False,True,False,True,False,True,False,True,False,True,False,False,0.9535634695046573,-7.759852374828739,0.0,other,False,Short1,True,1.0276852211140655,0.7704555029313216,0.9535634695046573,18.487267270109424,13.314761215591808,21.074613590420547,-7.759852374828739,43.38168312800934,True,True,True,True,True,True,True,True,False,True,True,True,True,True,-0.11301926200974706,0.12651710498270355,11.032291554491984,False,ATOMUSDT,starter_short_adverse
2025-01-15 08:00:00+00:00,6.389,6.467,6.171,6.226,378714.09,6.316116983599335,6.489733941179454,6.943092273188604,0.19647166834562496,0.18993530635915912,44.25209917898845,6.433,5.976,12.66229500067645,19.96784100147919,29.509477524964627,10.070466753080174,False,True,6.611450164118795,False,True,False,True,False,True,True,True,1.3423510035833954,True,True,True,0.4586767362345866,True,False,True,False,True,False,True,False,True,False,True,False,True,False,True,False,False,1.0344136227843068,-7.305546000802741,0.0,other,True,flat,False,1.3423510035833954,0.4586767362345866,1.0344136227843068,29.509477524964627,12.66229500067645,19.96784100147919,-7.305546000802741,44.25209917898845,True,True,True,True,True,True,True,True,False,True,True,True,True,True,0.024092515258593055,0.9975993060495852,4.835302758913814,False,ATOMUSDT,starter_short_adverse
2025-01-29 20:00:00+00:00,5.853,5.981,5.792,5.823,459374.07,5.903013626731905,6.04232277927935,6.498423048415056,0.1835459280239147,0.1841403677750279,45.22591539651188,6.067,5.611,15.438632579199641,24.55033274476341,19.020456711468515,9.993312539014578,False,True,6.563848008060765,False,True,False,True,False,True,True,True,1.194920430219369,True,True,True,0.4359324534918558,True,False,True,False,True,False,True,False,True,False,False,False,True,False,True,False,False,0.9967718118612674,-9.111700165563768,0.0,other,True,flat,False,1.194920430219369,0.4359324534918558,0.9967718118612674,19.020456711468515,15.438632579199641,24.55033274476341,-9.111700165563768,45.22591539651188,True,True,True,True,True,True,True,True,False,True,True,True,False,True,0.16160054954490824,6.42346039867681,3.230798996111406,True,ATOMUSDT,starter_short_followthrough
2025-02-19 12:00:00+00:00,4.69,4.707,4.606,4.625,324863.41,4.6975798106948945,4.773273785066817,5.339847545766568,0.1269591491705996,0.1244307794610984,43.0352143255577,4.905,4.444,13.554559659171787,22.371567649113185,21.153231049358933,9.85100462067349,False,True,6.261020276582365,False,True,False,True,False,True,True,True,1.1678857808630756,True,True,True,0.5716784585360317,True,False,True,False,True,False,True,False,True,False,False,False,True,False,True,False,False,1.0203194878345327,-8.817007989941398,0.0,other,False,Short1,True,1.1678857808630756,0.5716784585360317,1.0203194878345327,21.153231049358933,13.554559659171787,22.371567649113185,-8.817007989941398,43.0352143255577,True,True,True,True,True,True,True,True,False,True,True,True,False,True,-0.05145945945945955,0.047259295916813444,3.6074595883166243,False,ATOMUSDT,starter_short_adverse
2025-02-26 16:00:00+00:00,4.59,4.629,4.432,4.499,986777.96,4.555363596719095,4.664628373843197,5.115486042249233,0.15465644847932106,0.13347066732275192,44.34733870106828,4.658,4.107,16.05343504189926,20.376582042235995,26.86722732734711,9.80039760952251,False,True,6.156688573239201,False,True,False,True,False,True,True,True,1.070943859578821,True,True,True,0.36444388367441366,True,False,True,False,True,False,True,False,True,False,False,False,True,False,True,False,False,1.158729866131101,-4.323147000336736,0.0,other,False,Short1,True,1.070943859578821,0.36444388367441366,1.158729866131101,26.86722732734711,16.05343504189926,20.376582042235995,-4.323147000336736,44.34733870106828,True,True,True,True,True,True,True,True,False,True,True,True,False,True,-0.08001778172927325,1.8815898261035573,2.7738901560083438,False,ATOMUSDT,starter_short_adverse
2025-03-07 20:00:00+00:00,4.395,4.415,4.235,4.263,525872.07,4.318306361110896,4.389802822715277,4.813177530000837,0.1420310830429855,0.1496181777522593,45.559240184489866,4.444,4.071,14.751606134099696,25.77291964665909,26.29426609550024,9.751418528830744,False,True,6.010762652244097,False,True,False,True,False,True,True,True,0.8927821994915027,True,True,True,0.38939617952612043,True,False,True,False,True,False,True,False,True,False,False,False,True,False,True,False,False,0.9492902879632937,-11.021313512559395,0.0,other,False,Short1,True,0.8927821994915027,0.38939617952612043,0.9492902879632937,26.29426609550024,14.751606134099696,25.77291964665909,-11.021313512559395,45.559240184489866,True,True,True,True,True,True,True,True,False,True,True,True,False,True,0.08890452732817265,6.1747047280810845,0.09152926050747265,True,ATOMUSDT,starter_short_followthrough
2025-03-12 12:00:00+00:00,3.889,3.976,3.753,3.818,866012.64,3.8659488152191974,4.040667793372729,4.58983438608826,0.15399530663782635,0.13809611434368713,45.45107000997018,3.993,3.386,19.669717683588015,26.964285821059633,31.431974985945374,9.703215359389642,False,True,5.909078755458628,False,True,False,True,False,True,True,True,1.445938829138541,True,True,True,0.3113654322723336,True,False,True,False,True,False,True,False,True,False,True,False,True,False,True,False,False,1.1151313515930654,-7.294568137471618,0.0,other,False,Short1,True,1.445938829138541,0.3113654322723336,1.1151313515930654,31.431974985945374,19.669717683588015,26.964285821059633,-7.294568137471618,45.45107000997018,True,True,True,True,True,True,True,True,False,True,True,True,True,True,-0.21058145625982186,0.22078594953522257,5.870308775877641,False,ATOMUSDT,starter_short_adverse
2025-03-13 04:00:00+00:00,3.868,3.878,3.784,3.826,199961.55,3.866700991604224,4.015459380423865,4.561655107800102,0.13655073284264263,0.1436753350627355,45.86349748302357,3.993,3.579,16.49198164475628,27.622286491961535,28.267275094876613,9.703215359389642,False,True,5.8889585688371495,False,True,False,True,False,True,True,True,1.3874651309428896,True,True,True,0.29806498110212654,True,False,True,False,True,False,True,False,True,False,True,False,True,False,True,False,False,0.9504117932491202,-11.130304847205256,0.0,other,False,Short1,True,1.3874651309428896,0.29806498110212654,0.9504117932491202,28.267275094876613,16.49198164475628,27.622286491961535,-11.130304847205256,45.86349748302357,True,True,True,True,True,True,True,True,False,True,True,True,True,True,-0.20569785676947214,0.24899170654163338,6.847271929894867,False,ATOMUSDT,starter_short_adverse
2025-03-13 16:00:00+00:00,3.906,3.907,3.792,3.845,441691.25,3.871465943355293,4.000867574669526,4.541719114739709,0.1306818367548418,0.14517646178310128,46.93500812644657,3.976,3.753,18.006384816915574,28.083084100180645,26.047816784611907,9.703215359389642,False,True,5.8889585688371495,False,True,False,True,False,True,True,True,1.1927256192605555,True,True,True,0.2025219725442249,True,False,True,False,True,False,True,False,True,False,True,False,True,False,True,False,False,0.9001585735715548,-10.076699283265071,0.0,other,False,Short1,True,1.1927256192605555,0.2025219725442249,0.9001585735715548,26.047816784611907,18.006384816915574,28.083084100180645,-10.076699283265071,46.93500812644657,True,True,True,True,True,True,True,True,False,True,True,True,True,True,-0.20208062418725609,0.24486953041555273,7.00939030814519,False,ATOMUSDT,starter_short_adverse
2025-03-31 16:00:00+00:00,4.397,4.436,4.355,4.369,269814.4,4.398755009278627,4.53603975434614,4.592396735016239,0.11602640118881251,0.10995099520274028,43.55201704837176,4.466,4.178,17.252152559245385,21.613286153193595,35.14475124206869,9.54684487712063,False,True,5.6800892252053705,False,True,False,True,False,True,True,True,1.4396702184558186,True,True,True,0.2564503334909644,True,False,True,False,True,False,True,False,True,False,False,False,True,False,True,False,False,1.0552555797686933,-4.36113359394821,0.0,other,True,flat,False,1.4396702184558186,0.2564503334909644,1.0552555797686933,35.14475124206869,17.252152559245385,21.613286153193595,-4.36113359394821,43.55201704837176,True,True,True,True,True,True,True,True,False,True,True,True,False,True,-0.14579995422293443,1.9478325422868614,6.231340389705313,False,ATOMUSDT,starter_short_adverse
2025-04-01 20:00:00+00:00,4.407,4.428,4.366,4.372,144842.99,4.410100084111772,4.508047526894682,4.580832215811208,0.10742146483855639,0.1098108501961577,44.27190714692884,4.545,4.178,18.33913562377767,19.58910377324168,23.16310539266796,9.54684487712063,False,True,5.667103262765516,False,True,False,True,False,True,True,True,1.2664836315455932,True,True,True,0.3546785008846451,True,False,True,False,True,False,True,False,True,False,True,False,True,False,True,False,False,0.9782408992068352,-1.24996814946401,0.0,other,False,Short1,True,1.2664836315455932,0.3546785008846451,0.9782408992068352,23.16310539266796,18.33913562377767,19.58910377324168,-1.24996814946401,44.27190714692884,True,True,True,True,True,True,True,True,False,True,True,True,True,True,-0.09881061299176587,2.131789957846544,6.702571046504412,False,ATOMUSDT,starter_short_adverse
2025-04-03 08:00:00+00:00,4.399,4.427,4.282,4.326,264120.26,4.3930816111590225,4.470066587281452,4.563780456404965,0.1448240881028544,0.11667638706790615,45.67570050252984,4.608,4.143,14.442732944700568,25.384164372578677,21.19398658439017,9.54684487712063,False,True,5.639876198826197,False,True,False,True,False,True,True,True,0.9947695108505428,True,True,True,0.4631937410258808,True,False,True,False,True,False,True,False,True,False,True,False,True,False,True,False,False,1.2412459088107193,-10.94143142787811,0.0,other,False,Short1,True,0.9947695108505428,0.4631937410258808,1.2412459088107193,21.19398658439017,14.442732944700568,25.384164372578677,-10.94143142787811,45.67570050252984,True,True,True,True,True,True,True,True,False,True,True,True,True,True,0.042071197411003125,1.9679046747913342,5.2891753715444425,False,ATOMUSDT,starter_short_adverse
2025-04-10 12:00:00+00:00,4.381,4.457,4.229,4.245,710382.06,4.372206290762201,4.447745544852652,4.543538625617462,0.1598663348347792,0.17305670547940652,43.02733048317448,4.585,4.013,19.062280801901277,27.849203376238812,18.91227657188076,9.494776768890576,False,True,5.566652496387085,False,True,False,True,False,True,True,True,1.2682191348302834,True,True,True,0.7957040542254753,True,False,True,False,True,False,True,False,True,False,True,False,True,False,True,False,False,0.9237800661460243,-8.786922574337535,0.0,other,True,flat,False,1.2682191348302834,0.7957040542254753,0.9237800661460243,18.91227657188076,19.062280801901277,27.849203376238812,-8.786922574337535,43.02733048317448,True,True,True,True,True,True,True,True,False,True,True,True,True,True,0.02661955241460552,1.21351377824792,1.0821540393654137,True,ATOMUSDT,starter_short_followthrough
2025-05-07 12:00:00+00:00,4.135,4.162,4.115,4.118,256818.09,4.128513716843283,4.216416623804339,4.3280977642010585,0.07127785320406664,0.07149285220386412,44.26813935086979,4.191,3.981,17.982856229148247,18.10277323822448,25.80516042985799,9.290242854300715,False,True,5.2586052831583485,False,True,False,True,False,True,True,True,1.3807461838472324,True,True,True,0.1475032758517916,True,False,True,False,True,False,True,False,True,False,True,False,True,False,True,False,False,0.9969927203465824,-0.11991700907623226,0.0,other,True,flat,False,1.3807461838472324,0.1475032758517916,0.9969927203465824,25.80516042985799,17.982856229148247,18.10277323822448,-0.11991700907623226,44.26813935086979,True,True,True,True,True,True,True,True,False,True,True,True,True,True,-0.2719766877124818,0.47700651003979566,18.2665434138765,False,ATOMUSDT,starter_short_adverse
2025-06-06 16:00:00+00:00,4.257,4.285,4.226,4.256,253556.54,4.269126547908914,4.382597784890484,4.5792575151651675,0.08689496105404629,0.08408744542396514,46.32146015748955,4.361,4.029,18.97389297680947,26.068540923532467,30.590927490427504,9.113849265803589,False,True,5.123263410734235,False,True,False,True,False,True,True,True,1.4569059397097055,True,True,True,0.1510622451484752,True,False,True,False,True,False,True,False,True,False,False,False,True,False,True,False,False,1.0333880475964727,-7.094647946722997,0.0,other,True,flat,False,1.4569059397097055,0.1510622451484752,1.0333880475964727,30.590927490427504,18.97389297680947,26.068540923532467,-7.094647946722997,46.32146015748955,True,True,True,True,True,True,True,True,False,True,True,True,False,True,-0.08012218045112786,0.9666843621433332,4.200473716456127,False,ATOMUSDT,starter_short_adverse
2025-06-17 04:00:00+00:00,4.178,4.181,4.13,4.132,75568.72,4.168422976336623,4.227722389224847,4.429565408809067,0.08108330456343298,0.07856905198968023,45.61043205050535,4.297,4.008,16.962957853908218,27.322721587886214,26.69072434801673,9.018849701123436,False,True,5.034031004460421,False,True,False,True,False,True,True,True,1.1805437597817923,True,True,True,0.4492043896426136,True,False,True,False,True,False,True,False,True,False,False,False,True,False,True,False,False,1.0320005461448483,-10.359763733977996,0.0,other,True,flat,False,1.1805437597817923,0.4492043896426136,1.0320005461448483,26.69072434801673,16.962957853908218,27.322721587886214,-10.359763733977996,45.61043205050535,True,True,True,True,True,True,True,True,False,True,True,True,False,True,0.0399322362052274,3.7615635135022467,0.012332995126241005,True,ATOMUSDT,starter_short_followthrough
2025-09-29 12:00:00+00:00,4.104,4.134,4.008,4.092,541926.02,4.105959046339401,4.173810890199992,4.388457489945235,0.06784451187802257,0.06925022023774043,46.93662019783295,4.187,4.023,18.40654057633844,26.504705435696287,26.39364090846408,8.387080811123218,False,True,4.658556344947368,False,True,False,True,False,True,True,True,1.205858630792131,True,True,True,0.20575056040639525,True,False,True,False,True,False,True,False,True,False,False,False,True,False,True,False,False,0.9797010268719439,-8.098164859357848,0.0,other,True,flat,False,1.205858630792131,0.20575056040639525,0.9797010268719439,26.39364090846408,18.40654057633844,26.504705435696287,-8.098164859357848,46.93662019783295,True,True,True,True,True,True,True,True,False,True,True,True,False,True,-0.05254154447702854,1.7097919461570552,3.375365135085922,False,ATOMUSDT,starter_short_adverse
2025-09-30 00:00:00+00:00,4.113,4.113,4.044,4.069,236256.56,4.103672724202781,4.165244268201061,4.379888366243453,0.06714154249125938,0.06769033668451743,44.1292694701274,4.187,4.008,19.43576768381364,28.571134592264382,23.927729015569376,8.387080811123218,False,True,4.653127923604608,False,True,False,True,False,True,True,True,1.4334533379776042,True,True,True,0.5164123866724488,True,False,True,False,True,False,True,False,True,False,True,False,True,False,True,False,False,0.991892576989005,-9.135366908450742,0.0,other,False,Short1,True,1.4334533379776042,0.5164123866724488,0.991892576989005,23.927729015569376,19.43576768381364,28.571134592264382,-9.135366908450742,44.1292694701274,True,True,True,True,True,True,True,True,False,True,True,True,True,True,-0.03883017940525937,1.3851335037783337,4.229870054548888,False,ATOMUSDT,starter_short_adverse
2025-10-12 20:00:00+00:00,3.527,3.55,3.451,3.483,447392.73,3.49403531910061,3.764719446588126,4.141007410536795,0.23353278921759277,0.2197944367278331,45.701325870926006,3.529,3.036,16.15858336042352,55.122861885457084,51.7267846740776,8.303485488014914,False,True,4.575880146482822,False,True,False,True,False,True,True,True,1.2063378660100508,True,True,True,0.04725383162502278,True,False,True,False,True,False,True,False,True,False,False,False,True,False,True,False,False,1.062505460530703,-38.96427852503356,0.0,other,False,Short1,True,1.2063378660100508,0.04725383162502278,1.062505460530703,51.7267846740776,16.15858336042352,55.122861885457084,-38.96427852503356,45.701325870926006,True,True,True,True,True,True,True,True,False,True,True,True,False,True,0.06517370083261564,1.2289494805484869,0.7964620326899602,True,ATOMUSDT,starter_short_followthrough
2025-10-24 12:00:00+00:00,3.155,3.221,3.133,3.143,427257.39,3.180360823576934,3.248899704014753,3.696862755133215,0.06754872587303101,0.07404782003517088,43.31292814864551,3.235,3.028,18.43219504251351,23.296558153667583,25.204244450625836,8.255520458283423,False,True,4.4302763400813925,False,True,False,True,False,True,True,True,1.567752798384519,True,True,True,0.5530944232339794,True,False,True,False,True,False,True,False,True,False,False,False,True,False,True,False,False,0.912231120928976,-4.8643631111540735,0.0,other,False,Short1,True,1.567752798384519,0.5530944232339794,0.912231120928976,25.204244450625836,18.43219504251351,23.296558153667583,-4.8643631111540735,43.31292814864551,True,True,True,True,True,True,True,True,False,True,True,True,False,True,-0.007317849188673284,0.3849073341349339,2.116990337742156,False,ATOMUSDT,starter_short_adverse
2025-10-29 20:00:00+00:00,3.143,3.177,3.085,3.095,231479.99,3.1469994336796803,3.185763791683236,3.552148407491177,0.06269262704758137,0.053340265887106456,40.64068926591099,3.218,3.034,12.684862674035756,24.829891937321488,22.71095406151364,8.205495379096522,False,True,4.368952938602274,False,True,False,True,False,True,True,True,1.4477586274116323,True,True,True,0.8294345942819471,True,False,True,False,True,False,True,False,True,False,False,False,True,False,True,False,False,1.1753339809042007,-12.145029263285732,0.0,other,False,Short1,True,1.4477586274116323,0.8294345942819471,1.1753339809042007,22.71095406151364,12.684862674035756,24.829891937321488,-12.145029263285732,40.64068926591099,True,True,True,True,True,True,True,True,False,True,True,True,False,True,0.013247172859450845,3.8441521969894494,0.9410995005077857,True,ATOMUSDT,starter_short_followthrough
2025-11-16 08:00:00+00:00,2.872,2.883,2.81,2.814,287182.12,2.881625864778881,2.900438323293113,3.1174647022733035,0.0886353905634726,0.09467497649613124,43.685619603449005,3.0,2.767,14.983585871718331,21.20499888592038,16.08178687337566,8.054379155312848,False,True,4.1237436453528655,False,True,False,True,False,True,True,True,0.9752123022599387,True,True,True,0.7629668504755277,True,False,True,False,True,False,True,False,True,False,True,False,True,False,True,False,False,0.9362071567780591,-6.221413014202048,0.0,other,False,Short1,True,0.9752123022599387,0.7629668504755277,0.9362071567780591,16.08178687337566,14.983585871718331,21.20499888592038,-6.221413014202048,43.685619603449005,True,True,True,True,True,True,True,True,False,True,True,True,True,True,-0.07675906183368861,2.200024152433317,3.689271271003565,False,ATOMUSDT,starter_short_adverse
2025-11-19 12:00:00+00:00,2.752,2.789,2.715,2.719,324231.66,2.767872136583228,2.822622288009933,3.0551918045844233,0.08157401770139747,0.08722166188852246,43.55075497169907,2.822,2.644,18.950767193805028,23.159927206514126,16.076108331002633,8.054379155312848,False,True,4.0829848534393145,False,True,False,True,False,True,True,True,1.270285452768108,True,True,True,0.5991140066451679,True,False,True,False,True,False,True,False,True,False,False,False,True,False,True,False,False,0.9352495232853598,-4.2091600127090985,0.0,other,False,Short1,True,1.270285452768108,0.5991140066451679,0.9352495232853598,16.076108331002633,18.950767193805028,23.159927206514126,-4.2091600127090985,43.55075497169907,True,True,True,True,True,True,True,True,False,True,True,True,False,True,0.06656859139389483,3.4447242874392074,5.173215833805508,False,ATOMUSDT,starter_short_adverse
2025-12-03 12:00:00+00:00,2.374,2.375,2.311,2.337,525485.92,2.3529035151907163,2.412440849855681,2.7174471579412347,0.05246440353609052,0.04978271925077319,46.62079280423666,2.432,2.213,21.25649766978075,31.21888634411364,23.195900590355357,7.9469847511087375,False,True,3.874547745752549,False,True,False,True,False,True,True,True,1.4379435344916247,True,True,True,0.3031296292118519,True,False,True,False,True,False,True,False,True,False,True,False,True,False,True,False,False,1.0538677743135874,-9.962388674332889,0.0,other,True,flat,False,1.4379435344916247,0.3031296292118519,1.0538677743135874,23.195900590355357,21.25649766978075,31.21888634411364,-9.962388674332889,46.62079280423666,True,True,True,True,True,True,True,True,False,True,True,True,True,True,0.059050064184852515,3.869290153281846,1.5248434101603239,True,ATOMUSDT,starter_short_followthrough
2025-12-04 16:00:00+00:00,2.368,2.374,2.284,2.321,295243.16,2.356848247430351,2.4002552845806355,2.6935130267011926,0.051524950837221334,0.05230752735781714,43.93181131078711,2.417,2.311,17.10148688964991,29.988139475790188,19.447666105226954,7.9469847511087375,False,True,3.859805977138096,False,True,False,True,False,True,True,True,1.5381923377475943,True,True,True,0.6957453980616786,True,False,True,False,True,False,True,False,True,False,True,False,True,False,True,False,False,0.9850389311036921,-12.88665258614028,0.0,other,False,Short1,True,1.5381923377475943,0.6957453980616786,0.9850389311036921,19.447666105226954,17.10148688964991,29.988139475790188,-12.88665258614028,43.93181131078711,True,True,True,True,True,True,True,True,False,True,True,True,True,True,0.036191296854803996,3.6293096249771195,0.32993723863428126,True,ATOMUSDT,starter_short_followthrough
2025-12-08 08:00:00+00:00,2.25,2.271,2.234,2.234,193717.34,2.2385298502441953,2.2994906368368366,2.6022424347487627,0.045850382920210514,0.04585064829303033,46.76603151130566,2.283,2.134,19.207140583135125,25.8882004760079,30.13514739143559,7.891552067018104,False,True,3.795951291169858,False,True,False,True,False,True,True,True,1.4283552866026088,True,True,True,0.09879634488719945,True,False,True,False,True,False,True,False,True,False,False,False,True,False,True,False,False,0.9999942122340753,-6.681059892872774,0.0,other,False,Short1,True,1.4283552866026088,0.09879634488719945,0.9999942122340753,30.13514739143559,19.207140583135125,25.8882004760079,-6.681059892872774,46.76603151130566,True,True,True,True,True,True,True,True,False,True,True,True,False,True,0.022381378692927403,1.613945081522562,4.078482841144858,False,ATOMUSDT,starter_short_adverse
2025-12-08 12:00:00+00:00,2.236,2.253,2.213,2.231,351772.7,2.23781272164951,2.296804729509902,2.598548480174148,0.04543249842590976,0.04576131627209958,46.27522676242267,2.271,2.134,17.999248734247786,27.561753891734863,29.481805106731652,7.891552067018104,False,True,3.795951291169858,False,True,False,True,False,True,True,True,1.448406576565782,True,True,True,0.14995260849719705,True,False,True,False,True,False,True,False,True,False,True,False,True,False,True,False,False,0.9928145020078826,-9.562505157487077,0.0,other,False,Short1,True,1.448406576565782,0.14995260849719705,0.9928145020078826,29.481805106731652,17.999248734247786,27.561753891734863,-9.562505157487077,46.27522676242267,True,True,True,True,True,True,True,True,False,True,True,True,True,True,0.05737337516808592,3.081494631608437,4.182028428611458,False,ATOMUSDT,starter_short_adverse
2025-12-09 00:00:00+00:00,2.249,2.262,2.214,2.231,105271.05,2.238064513313248,2.290258027622185,2.5879215334323056,0.04433826495689639,0.04505643653418469,46.441028889471355,2.271,2.134,17.406094904583945,26.47847087324135,27.101012185647917,7.891552067018104,False,True,3.780558741008964,False,True,False,True,False,True,True,True,1.3364985679929775,True,True,True,0.15933220030409131,True,False,True,False,True,False,True,False,True,False,True,False,True,False,True,False,False,0.9840606219104031,-9.072375968657404,0.0,other,False,Short1,True,1.3364985679929775,0.15933220030409131,0.9840606219104031,27.101012185647917,17.406094904583945,26.47847087324135,-9.072375968657404,46.441028889471355,True,True,True,True,True,True,True,True,False,True,True,True,True,True,0.028686687584043056,3.6086211347138706,4.285237597472729,False,ATOMUSDT,starter_short_adverse
2026-02-04 20:00:00+00:00,2.035,2.038,1.976,1.995,311288.84,2.01639567071421,2.0691480200925363,2.234025758054358,0.06057249180380244,0.05964737178517275,45.63728997838624,2.106,1.889,14.733149730097134,26.070893888317606,36.83717986081207,7.456804354435596,False,True,3.104030292854611,False,True,False,True,False,True,True,True,1.2241203537194014,True,True,True,0.35322421246119,True,False,True,False,True,False,True,False,True,False,False,False,True,False,True,False,False,1.015509820314659,-11.337744158220472,0.0,other,True,flat,False,1.2241203537194014,0.35322421246119,1.015509820314659,36.83717986081207,14.733149730097134,26.070893888317606,-11.337744158220472,45.63728997838624,True,True,True,True,True,True,True,True,False,True,True,True,False,True,0.022556390977443684,5.629618162391561,1.0235669386166442,True,ATOMUSDT,starter_short_followthrough
2026-02-05 08:00:00+00:00,2.012,2.032,1.943,1.979,631303.44,2.010770964844916,2.0607724586762775,2.2269694923931636,0.06273351475690742,0.05980505678280777,43.571426187814005,2.106,1.889,13.255167285577457,25.506197151634236,34.39312491500955,7.456804354435596,False,True,3.092995165562525,False,True,False,True,False,True,True,True,1.303489195418843,True,True,True,0.5064432459751126,True,False,True,False,True,False,True,False,True,False,True,False,True,False,True,False,False,1.0489667284279127,-12.25102986605678,0.0,other,False,Short1,True,1.303489195418843,0.5064432459751126,1.0489667284279127,34.39312491500955,13.255167285577457,25.506197151634236,-12.25102986605678,43.571426187814005,True,True,True,True,True,True,True,True,False,True,True,True,True,True,0.034360788276907556,5.180643891217897,1.131771434696828,True,ATOMUSDT,starter_short_followthrough
2026-03-21 08:00:00+00:00,1.853,1.86,1.835,1.838,88431.68,1.8538277281773892,1.8658302302164216,1.927771166315991,0.03337041182435583,0.03512615622943144,44.6361061159595,1.857,1.785,19.293868681674468,20.081871962918694,21.121955961356424,7.1368665223827925,False,True,2.687902029929853,False,True,False,True,False,True,True,True,0.8339792257555912,True,True,True,0.4743042507445777,True,False,True,False,True,False,True,False,True,False,False,False,True,False,True,False,False,0.9500160395117611,-0.7880032812442259,0.0,other,True,flat,False,0.8339792257555912,0.4743042507445777,0.9500160395117611,21.121955961356424,19.293868681674468,20.081871962918694,-0.7880032812442259,44.6361061159595,True,True,True,True,True,True,True,True,False,True,True,True,False,True,0.021218715995647522,2.637066646440729,0.41953333011557054,True,ATOMUSDT,starter_short_followthrough
2026-03-31 08:00:00+00:00,1.698,1.709,1.666,1.677,432976.03,1.6803929938860847,1.713706692477706,1.8339844632147055,0.026521761099366065,0.024995531004869398,46.89124331503169,1.713,1.607,20.01017318904908,24.15402792393779,25.803388876264545,7.031481080985149,False,True,2.5961446914620083,False,True,False,True,False,True,True,True,1.3840216846905897,True,True,True,0.1279324503894165,True,False,True,False,True,False,True,False,True,False,True,False,True,False,True,False,False,1.0610601188748237,-4.143854734888709,0.0,other,False,Short1,True,1.3840216846905897,0.1279324503894165,1.0610601188748237,25.803388876264545,20.01017318904908,24.15402792393779,-4.143854734888709,46.89124331503169,True,True,True,True,True,True,True,True,False,True,True,True,True,True,-0.014907573047107877,2.37540786842793,2.413112755228378,False,ATOMUSDT,starter_short_adverse
2026-04-01 20:00:00+00:00,1.693,1.695,1.671,1.676,114570.23,1.6913730114262422,1.7094522374544365,1.82244557481421,0.027623049426568874,0.025622797001079577,44.86317026497644,1.741,1.666,18.38439947725363,21.801654345143824,16.631534514164827,7.031481080985149,False,True,2.58729748060169,False,True,False,True,False,True,True,True,1.2110262316752398,True,True,True,0.5565283973121347,True,False,True,False,True,False,True,False,True,False,True,False,True,False,True,False,False,1.0780653425699396,-3.4172548678901933,0.0,other,False,Short1,True,1.2110262316752398,0.5565283973121347,1.0780653425699396,16.631534514164827,18.38439947725363,21.801654345143824,-3.4172548678901933,44.86317026497644,True,True,True,True,True,True,True,True,False,True,True,True,True,True,-0.013126491646778055,2.244502373455044,1.918687512792226,False,ATOMUSDT,starter_short_adverse
2020-10-16 16:00:00+00:00,3.1955,3.2375,3.0257,3.045,2467874.73,3.1729225625515576,3.271504716214668,3.5876853997316562,0.1549007799810886,0.14273269692764878,41.37646079744463,3.3803,2.8813,18.201899501999304,21.87583941922845,20.522449912196446,5.204390579441103,False,True,3.596365371393009,False,True,False,True,False,True,True,True,1.4622567829698574,True,True,True,0.8258354965493097,True,False,True,False,True,False,True,False,True,False,True,False,True,False,True,False,False,1.0852508452187926,-3.673939917229145,0.0,other,True,flat,False,1.4622567829698574,0.8258354965493097,1.0852508452187926,20.522449912196446,18.201899501999304,21.87583941922845,-3.673939917229145,41.37646079744463,True,True,True,True,True,True,True,True,False,True,True,True,True,True,0.07139573070607555,1.5764930301178177,1.5881133718631595,False,UNIUSDT,starter_short_adverse
2020-10-27 04:00:00+00:00,2.8296,2.8866,2.79,2.8023,995322.4,2.8443383473753756,2.9510048260077424,3.3029861303058263,0.10307661191865883,0.0867944009298381,43.49021365691593,2.9372,2.52,19.9065022600206,28.839720128138836,23.322765405430424,5.167109436312149,False,True,3.532201262686852,False,True,False,True,False,True,True,True,1.4426631147431437,True,True,True,0.4078359444773919,True,False,True,False,True,False,True,False,True,False,False,False,True,False,True,False,False,1.1875951768131074,-8.933217868118238,0.0,other,False,Short1,True,1.4426631147431437,0.4078359444773919,1.1875951768131074,23.322765405430424,19.9065022600206,28.839720128138836,-8.933217868118238,43.49021365691593,True,True,True,True,True,True,True,True,False,True,True,True,False,True,0.161510188059808,5.523076374000857,1.0749286180208968,True,UNIUSDT,starter_short_followthrough
2020-10-27 12:00:00+00:00,2.8261,2.9131,2.7944,2.8016,1597689.79,2.838730937420659,2.9404547432697385,3.2933032337378045,0.10402167048088438,0.08809478957725837,43.821100832940004,2.89,2.52,22.096564428403223,27.924735094000347,22.553565917016904,5.167109436312149,False,True,3.532201262686852,False,True,False,True,False,True,True,True,1.3348636166658676,True,True,True,0.3569538659493279,True,False,True,False,True,False,True,False,True,False,False,False,True,False,True,False,False,1.1807925415345737,-5.828170665597124,0.0,other,False,Short1,True,1.3348636166658676,0.3569538659493279,1.1807925415345737,22.553565917016904,22.096564428403223,27.924735094000347,-5.828170665597124,43.821100832940004,True,True,True,True,True,True,True,True,False,True,True,True,False,True,0.1547687035979441,5.466168706687797,1.0420905518905337,True,UNIUSDT,starter_short_followthrough
2020-10-27 20:00:00+00:00,2.8517,2.8551,2.7599,2.8096,592617.15,2.837211946505347,2.932039384310128,3.2841556882069947,0.10373501179219115,0.09009782876814625,45.172018555516196,2.9131,2.52,19.105299548252468,26.960738398895657,21.437532633340822,5.167109436312149,False,True,3.532201262686852,False,True,False,True,False,True,True,True,1.180309156906507,True,True,True,0.26617769669377295,True,False,True,False,True,False,True,False,True,False,False,False,True,False,True,False,False,1.1513597298680551,-7.855438850643189,0.0,other,False,Short1,True,1.180309156906507,0.26617769669377295,1.1513597298680551,21.437532633340822,19.105299548252468,26.960738398895657,-7.855438850643189,45.172018555516196,True,True,True,True,True,True,True,True,False,True,True,True,False,True,0.1934083143507973,5.558393352815955,0.4791053583679386,True,UNIUSDT,starter_short_followthrough
2020-10-28 00:00:00+00:00,2.8086,2.8593,2.764,2.7797,1284661.16,2.8317346182667427,2.92606529080777,3.279136228622846,0.10313251094989181,0.09116798385613581,42.79170540160359,2.9131,2.52,18.135164113442066,25.18122584630679,21.068173350824598,5.167109436312149,False,True,3.52501120037156,False,True,False,True,False,True,True,True,1.4191964246743016,True,True,True,0.5045413690356503,True,False,True,False,True,False,True,False,True,False,False,False,True,False,True,False,False,1.1312360610347179,-7.046061732864725,0.0,other,False,Short1,True,1.4191964246743016,0.5045413690356503,1.1312360610347179,21.068173350824598,18.135164113442066,25.18122584630679,-7.046061732864725,42.79170540160359,True,True,True,True,True,True,True,True,False,True,True,True,False,True,0.17649386624455882,5.300947247038529,0.18228975351074655,True,UNIUSDT,starter_short_followthrough
2022-08-31 20:00:00+00:00,6.23,6.27,6.1,6.15,187194.87,6.2305728777569405,6.4646478561779706,7.25673596325115,0.2040641938415403,0.19828197757066296,44.8444273495578,6.46,5.94,14.845069015305445,19.255338721169494,27.812611135898972,11.445775576231142,False,True,8.744614967272424,False,True,False,True,False,True,True,True,1.5419062514333124,True,True,True,0.39484084022847477,True,False,True,False,True,False,True,False,True,False,False,False,True,False,True,False,False,1.0291615826194627,-4.410269705864049,0.0,other,True,flat,False,1.5419062514333124,0.39484084022847477,1.0291615826194627,27.812611135898972,14.845069015305445,19.255338721169494,-4.410269705864049,44.8444273495578,True,True,True,True,True,True,True,True,False,True,True,True,False,True,-0.05365853658536586,0.980083748329234,2.69523030790539,False,UNIUSDT,starter_short_adverse
2022-09-08 04:00:00+00:00,6.11,6.16,5.98,6.06,150588.94,6.136360093203203,6.255140641682389,6.897177124591095,0.18014694750247753,0.18013207674380932,44.79252671216409,6.55,5.71,21.401520702024232,24.16741619324245,16.996808846409,11.389001689900484,False,True,8.554356077697431,False,True,False,True,False,True,True,True,1.083230353818266,True,True,True,0.4238766976729007,True,False,True,False,True,False,True,False,True,False,False,False,True,False,True,False,False,1.0000825547505865,-2.7658954912182168,0.0,other,False,Short1,True,1.083230353818266,0.4238766976729007,1.0000825547505865,16.996808846409,21.401520702024232,24.16741619324245,-2.7658954912182168,44.79252671216409,True,True,True,True,True,True,True,True,False,True,True,True,False,True,-0.1039603960396041,0.610612622223236,3.7191859717233697,False,UNIUSDT,starter_short_adverse
2022-10-15 08:00:00+00:00,6.2,6.2,5.99,6.13,330723.48,6.182028851356401,6.282468030837846,6.351084530298268,0.20138619290829055,0.1846460078774412,46.865309923135065,6.53,5.97,20.08904683900379,26.857548767258745,21.02725832641687,11.12956364459598,False,True,7.829469247541848,False,True,False,True,False,True,True,True,0.7570927710385709,True,True,True,0.2583536170232624,True,False,True,False,True,False,True,False,True,False,True,False,True,False,True,False,False,1.0906609637721527,-6.768501928254956,0.0,other,True,flat,False,0.7570927710385709,0.2583536170232624,1.0906609637721527,21.02725832641687,20.08904683900379,26.857548767258745,-6.768501928254956,46.865309923135065,True,True,True,True,True,True,True,True,False,True,True,True,True,True,-0.05872756933115829,0.7944933944546173,2.631759369130919,False,UNIUSDT,starter_short_adverse
2022-11-12 00:00:00+00:00,6.1,6.19,5.76,5.78,718024.9,5.913352675053903,6.318751614540971,6.5510586450025885,0.3929087845790275,0.3901982949508914,44.47715783760854,6.25,5.35,14.749646098581406,21.021896165495303,34.642689495799864,10.94720022601607,False,True,7.518728219930906,False,True,False,True,False,True,True,True,1.3711875012369672,True,True,True,0.3393985583620391,True,False,True,False,True,False,True,False,True,False,True,False,True,False,True,False,False,1.0069464414970783,-6.272250066913896,0.0,other,True,flat,False,1.3711875012369672,0.3393985583620391,1.0069464414970783,34.642689495799864,14.749646098581406,21.021896165495303,-6.272250066913896,44.47715783760854,True,True,True,True,True,True,True,True,False,True,True,True,True,True,-0.10380622837370236,1.2725599926092586,1.8579375892095162,False,UNIUSDT,starter_short_adverse
2022-12-23 12:00:00+00:00,5.332,5.354,5.252,5.271,192354.42,5.305635867520282,5.422623626649322,5.748471342001792,0.10164452387583336,0.10519485214520448,46.374797969882366,5.411,5.128,21.737898345763078,23.920617123661984,20.599708884842617,10.657918188745176,False,True,6.915804014231347,False,True,False,True,False,True,True,True,1.491704824497407,True,True,True,0.3407548798456906,True,False,True,False,True,False,True,False,True,False,True,False,True,False,True,False,False,0.966249980897635,-2.1827187778989057,0.0,other,True,flat,False,1.491704824497407,0.3407548798456906,0.966249980897635,20.599708884842617,21.737898345763078,23.920617123661984,-2.1827187778989057,46.374797969882366,True,True,True,True,True,True,True,True,False,True,True,True,True,True,0.014228799089356892,2.1742440376814463,0.5804542906027403,True,UNIUSDT,starter_short_followthrough
2022-12-29 16:00:00+00:00,5.111,5.125,5.05,5.085,76128.49,5.112277822181569,5.200277084471477,5.563844089796158,0.08432737009095198,0.07823851576994176,45.231011501249164,5.203,4.943,17.61845447340094,20.644064416730767,16.775278039627796,10.604884176916865,False,True,6.813812055210989,False,True,False,True,False,True,True,True,1.3670186126656592,True,True,True,0.32347530999897306,True,False,True,False,True,False,True,False,True,False,False,False,True,False,True,False,False,1.0778242565198237,-3.025609943329826,0.0,other,False,Short1,True,1.3670186126656592,0.32347530999897306,1.0778242565198237,16.775278039627796,17.61845447340094,20.644064416730767,-3.025609943329826,45.231011501249164,True,True,True,True,True,True,True,True,False,True,True,True,False,True,-0.06843657817109142,1.600903714350328,4.5062474922453735,False,UNIUSDT,starter_short_adverse
2022-12-30 16:00:00+00:00,5.094,5.114,5.05,5.052,78030.43,5.081459080110353,5.166666801194398,5.533465064139966,0.08481562448221748,0.08378630417797282,45.089416916700515,5.146,4.944,17.232710971815756,21.829108256396488,18.82267491142629,10.604884176916865,False,True,6.79624178600491,False,True,False,True,False,True,True,True,1.351953745485181,True,True,True,0.3473308165823805,True,False,True,False,True,False,True,False,True,False,False,False,True,False,True,False,False,1.0122850663284808,-4.596397284580732,0.0,other,False,Short1,True,1.351953745485181,0.3473308165823805,1.0122850663284808,18.82267491142629,17.232710971815756,21.829108256396488,-4.596397284580732,45.089416916700515,True,True,True,True,True,True,True,True,False,True,True,True,False,True,-0.053246239113222515,0.0,4.869385829807693,False,UNIUSDT,starter_short_adverse
2023-04-27 04:00:00+00:00,5.431,5.471,5.361,5.389,162787.47,5.428246429156511,5.574172466753664,5.893250968368096,0.13209568231680274,0.10735331746529204,46.247190250583444,5.683,5.129,23.939641847997052,30.171997272773133,31.713650944821083,9.92362826156007,False,True,6.364541712074536,False,True,False,True,False,True,True,True,1.4018055965642235,True,True,True,0.2971060709038668,True,False,True,False,True,False,True,False,True,False,False,False,True,False,True,False,False,1.2304760154199246,-6.232355424776081,0.0,other,True,flat,False,1.4018055965642235,0.2971060709038668,1.2304760154199246,31.713650944821083,23.939641847997052,30.171997272773133,-6.232355424776081,46.247190250583444,True,True,True,True,True,True,True,True,False,True,True,True,False,True,0.00037112636852860786,0.3633729669141077,2.1272459104763346,False,UNIUSDT,starter_short_adverse
2023-05-04 08:00:00+00:00,5.346,5.38,5.324,5.327,95250.45,5.339941702282596,5.42048320822989,5.728741207349814,0.0717146432731959,0.0774049385175528,46.47177791409571,5.398,5.18,19.339546272643652,23.552114079429533,30.305822265933045,9.878905592290817,False,True,6.3031185970012205,False,True,False,True,False,True,True,True,1.3035442130523784,True,True,True,0.18046108426273472,True,False,True,False,True,False,True,False,True,False,True,False,True,False,True,False,False,0.9264866641155393,-4.212567806785881,0.0,other,False,Short1,True,1.3035442130523784,0.18046108426273472,0.9264866641155393,30.305822265933045,19.339546272643652,23.552114079429533,-4.212567806785881,46.47177791409571,True,True,True,True,True,True,True,True,False,True,True,True,True,True,0.04167448845504027,4.55973822186214,3.98802792493142,True,UNIUSDT,starter_short_followthrough
2023-05-11 16:00:00+00:00,5.105,5.122,4.925,5.023,323953.47,5.084496961325721,5.179195384801172,5.531223816140909,0.10634530777894285,0.09697455829014442,41.405401980112444,5.199,4.85,13.181481502858093,30.525079318290928,34.642157270976796,9.834807029183446,False,True,6.228493047879124,False,True,False,True,False,True,True,True,1.4687567139854607,True,True,True,0.5782762080443956,True,False,True,False,True,False,True,False,True,False,False,False,True,False,True,False,False,1.0966310097619778,-17.343597815432837,0.0,other,False,Short1,True,1.4687567139854607,0.5782762080443956,1.0966310097619778,34.642157270976796,13.181481502858093,30.525079318290928,-17.343597815432837,41.405401980112444,True,True,True,True,True,True,True,True,False,True,True,True,False,True,-0.02289468445152304,1.1189962442664785,1.8618592971828876,False,UNIUSDT,starter_short_adverse
2023-08-30 12:00:00+00:00,4.692,4.732,4.637,4.651,324751.89,4.686228331741689,4.743929706532535,5.2826176731620595,0.07807859029114618,0.07023297608070245,46.56786338906565,4.871,4.566,23.003471550146823,23.11559764044875,21.176221143761897,9.174501180430362,False,True,5.645305360300763,False,True,False,True,False,True,True,True,1.190207279434876,True,True,True,0.45119067352941217,True,False,True,False,True,False,True,False,True,False,True,False,True,False,True,False,False,1.1117084117498963,-0.11212609030192766,0.0,other,True,flat,False,1.190207279434876,0.45119067352941217,1.1117084117498963,21.176221143761897,23.003471550146823,23.11559764044875,-0.11212609030192766,46.56786338906565,True,True,True,True,True,True,True,True,False,True,True,True,True,True,0.04708664803268102,5.302349830552022,0.3842282485907297,True,UNIUSDT,starter_short_followthrough
2023-09-04 12:00:00+00:00,4.416,4.45,4.372,4.41,195476.38,4.427297174856268,4.516940565613084,5.0610205573222995,0.06832495546582089,0.07212293785838639,45.410414844032964,4.503,4.352,19.142701392291464,22.57450972277292,18.220925466343456,9.129829526893742,False,True,5.585358165100739,False,True,False,True,False,True,True,True,1.5651757821720134,True,True,True,0.2531604263528726,True,False,True,False,True,False,True,False,True,False,True,False,True,False,True,False,False,0.9473401596587364,-3.4318083304814557,0.0,other,False,Short1,True,1.5651757821720134,0.2531604263528726,0.9473401596587364,18.220925466343456,19.142701392291464,22.57450972277292,-3.4318083304814557,45.410414844032964,True,True,True,True,True,True,True,True,False,True,True,True,True,True,0.010430839002267633,2.0051238828620064,1.8587644753538215,True,UNIUSDT,starter_short_followthrough
2023-09-06 00:00:00+00:00,4.38,4.41,4.361,4.377,161367.54,4.387985271825112,4.47003496934654,5.000892612387961,0.06607213851859166,0.06880209051030563,46.38417194896,4.472,4.273,18.104440849172132,20.25639478800069,17.923601681930215,9.129829526893742,False,True,5.562110905575466,False,True,False,True,False,True,True,True,1.408081703309204,True,True,True,0.16626178706205127,True,False,True,False,True,False,True,False,True,False,False,False,True,False,True,False,False,0.9603216708756102,-2.1519539388285587,0.0,other,False,Short1,True,1.408081703309204,0.16626178706205127,0.9603216708756102,17.923601681930215,18.104440849172132,20.25639478800069,-2.1519539388285587,46.38417194896,True,True,True,True,True,True,True,True,False,True,True,True,False,True,0.022389764679003853,1.9372764809781802,2.4215956012227253,False,UNIUSDT,starter_short_adverse
2023-09-06 04:00:00+00:00,4.377,4.39,4.348,4.366,101444.11,4.385891436413197,4.465955166627069,4.994575272961216,0.06435270005297795,0.06847694118814095,45.04078882041871,4.455,4.273,17.260446385803807,20.755021239831372,17.299952124071186,9.129829526893742,False,True,5.562110905575466,False,True,False,True,False,True,True,True,1.553239670515481,True,True,True,0.30910026147810366,True,False,True,False,True,False,True,False,True,False,False,False,True,False,True,False,False,0.9397718259080585,-3.494574854027565,0.0,other,False,Short1,True,1.553239670515481,0.30910026147810366,0.9397718259080585,17.299952124071186,17.260446385803807,20.755021239831372,-3.494574854027565,45.04078882041871,True,True,True,True,True,True,True,True,False,True,True,True,False,True,0.027256069628950934,3.822683427385045,2.6572311629383942,True,UNIUSDT,starter_short_followthrough
2023-09-23 00:00:00+00:00,4.261,4.315,4.239,4.249,176552.93,4.287531410251202,4.312301073511017,4.56118067761879,0.05742333818878223,0.06193341077040335,40.58294503349668,4.327,4.198,16.816890971771556,19.533292754476612,22.40806063593564,9.034489173399646,False,True,5.366370037652074,False,True,False,True,False,True,True,True,1.102357952491584,True,True,True,0.6710061007691442,True,False,True,False,True,False,True,False,True,False,False,False,True,False,True,False,False,0.9271786823054093,-2.7164017827050557,0.0,other,False,Short1,True,1.102357952491584,0.6710061007691442,0.9271786823054093,22.40806063593564,16.816890971771556,19.533292754476612,-2.7164017827050557,40.58294503349668,True,True,True,True,True,True,True,True,False,True,True,True,False,True,-0.013650270651918268,0.8533115897739944,1.1841875123394419,False,UNIUSDT,starter_short_adverse
2023-10-09 04:00:00+00:00,4.352,4.368,4.31,4.321,65737.28,4.348853719810877,4.364984577110212,4.441630947853167,0.05339021031351095,0.057804735783841175,44.40834356873771,4.384,4.279,11.418854846488186,20.73999927771209,23.140941741920688,8.897259272485387,False,True,5.217827210643704,False,True,False,True,False,True,True,True,0.8238322503682165,True,True,True,0.5217008820028634,True,False,True,False,True,False,True,False,True,False,False,False,True,False,True,False,False,0.9236303840772113,-9.321144431223905,0.0,other,True,flat,False,0.8238322503682165,0.5217008820028634,0.9236303840772113,23.140941741920688,11.418854846488186,20.73999927771209,-9.321144431223905,44.40834356873771,True,True,True,True,True,True,True,True,False,True,True,True,False,True,0.06827123351076139,6.574238946408034,0.11238015293005627,True,UNIUSDT,starter_short_followthrough
2024-05-02 16:00:00+00:00,7.172,7.177,7.044,7.126,191106.87,7.175677756809695,7.441354262843311,8.68945432687719,0.21750572287109401,0.22235822119031767,45.314849929685124,7.214,6.536,18.037894109931795,23.408158294656687,29.04218755144831,8.60052778938417,False,True,8.20308075146261,False,True,False,True,False,True,True,True,1.449866507789348,True,True,True,0.22839746997892413,True,False,True,False,True,False,True,False,True,False,False,False,True,False,True,False,False,0.9781771130689593,-5.370264184724892,0.0,other,True,flat,False,1.449866507789348,0.22839746997892413,0.9781771130689593,29.04218755144831,18.037894109931795,23.408158294656687,-5.370264184724892,45.314849929685124,True,True,True,True,True,True,True,True,False,True,True,True,False,True,-0.0573954532697165,0.8137716914460248,3.7838084862151193,False,UNIUSDT,starter_short_adverse
2024-05-02 20:00:00+00:00,7.127,7.181,7.046,7.107,99271.58,7.169137018065915,7.4282423309671035,8.673708512679408,0.21161245695173014,0.2227469196767236,44.70231244049449,7.214,6.536,17.35095247340147,22.341484197752038,27.86581731108813,8.60052778938417,False,True,8.20308075146261,False,True,False,True,False,True,True,True,1.5180690947715818,True,True,True,0.29363591804091493,True,False,True,False,True,False,True,False,True,False,False,False,True,False,True,False,False,0.9500129441019741,-4.990531724350568,0.0,other,False,Short1,True,1.5180690947715818,0.29363591804091493,0.9500129441019741,27.86581731108813,17.35095247340147,22.341484197752038,-4.990531724350568,44.70231244049449,True,True,True,True,True,True,True,True,False,True,True,True,False,True,-0.051639228929224706,0.7466479160819959,3.9789718059559416,False,UNIUSDT,starter_short_adverse
2024-05-13 16:00:00+00:00,7.116,7.192,6.987,7.03,275378.74,7.126708316348753,7.247782957687902,8.024581561442986,0.13987743903498226,0.13644521092976977,42.089222025441245,7.217,6.837,15.059728017410032,26.618280599133808,24.43842968956154,8.582803024365798,False,True,8.112574292089146,False,True,False,True,False,True,True,True,1.5569555690352337,True,True,True,0.6913789458539271,True,False,True,False,True,False,True,False,True,False,True,False,True,False,True,False,False,1.0251546249357122,-11.558552581723776,0.0,other,False,Short1,True,1.5569555690352337,0.6913789458539271,1.0251546249357122,24.43842968956154,15.059728017410032,26.618280599133808,-11.558552581723776,42.089222025441245,True,True,True,True,True,True,True,True,False,True,True,True,True,True,-0.07155049786628735,2.108989141030976,4.110741546077328,False,UNIUSDT,starter_short_adverse
2024-07-19 16:00:00+00:00,7.932,8.032,7.895,7.914,489953.46,7.966482814226102,8.074624104211283,8.63322636732653,0.2010270265117447,0.2135502807535242,46.42796828159482,8.053,7.55,19.34993143426865,21.819770220970863,19.365058729621925,8.646285042812412,False,True,8.649082203935697,False,True,False,True,False,True,True,True,0.7990174604801173,True,True,True,0.26107342448820325,True,False,True,False,True,False,True,False,True,False,False,False,True,False,True,False,False,0.9413568823342657,-2.469838786702212,0.0,other,True,flat,False,0.7990174604801173,0.26107342448820325,0.9413568823342657,19.365058729621925,19.34993143426865,21.819770220970863,-2.469838786702212,46.42796828159482,True,True,True,True,True,True,True,True,False,True,True,True,False,True,0.02110184483194337,1.795778439666215,1.3630008101621742,True,UNIUSDT,starter_short_followthrough
2024-07-22 12:00:00+00:00,7.983,8.016,7.861,7.912,298256.0,7.971085815164514,8.024457541818132,8.530012758674026,0.18728954245438212,0.18756036567335793,46.74914530633321,8.188,7.621,13.244216398079784,23.86242016436105,16.294218292571195,8.644093151839154,False,True,8.631202047884566,False,True,False,True,False,True,True,True,0.6004475228269772,True,True,True,0.31547845325590257,True,False,True,False,True,False,True,False,True,False,False,False,True,False,True,False,False,0.9985560743710243,-10.618203766281267,0.0,other,False,Short1,True,0.6004475228269772,0.31547845325590257,0.9985560743710243,16.294218292571195,13.244216398079784,23.86242016436105,-10.618203766281267,46.74914530633321,True,True,True,True,True,True,True,True,False,True,True,True,False,True,0.03766430738119313,4.693267912777866,0.5232539880002622,True,UNIUSDT,starter_short_followthrough
2024-07-22 20:00:00+00:00,7.995,7.998,7.744,7.812,214512.59,7.957909250055304,8.014978299848265,8.517587962086338,0.18772414629995196,0.18549822346325245,43.201317585566144,8.188,7.621,11.39331991139935,25.626282594846003,18.69378648839751,8.644093151839154,False,True,8.631202047884566,False,True,False,True,False,True,True,True,1.0812583455510234,True,True,True,0.7772535016468546,True,False,True,False,True,False,True,False,True,False,True,False,True,False,True,False,False,1.011999698946661,-14.232962683446653,0.0,other,False,Short1,True,1.0812583455510234,0.7772535016468546,1.011999698946661,18.69378648839751,11.39331991139935,25.626282594846003,-14.232962683446653,43.201317585566144,True,True,True,True,True,True,True,True,False,True,True,True,True,True,0.017281105990783495,4.1497059134592496,1.0547391153593446,True,UNIUSDT,starter_short_followthrough
2024-07-23 12:00:00+00:00,7.925,7.947,7.715,7.845,407135.17,7.919813829507547,7.9893542379514795,8.491072372826624,0.20393404681572597,0.18633038604576097,46.55489604578625,8.188,7.617,9.304624572332463,22.792759028764806,24.70128192813557,8.644093151839154,False,True,8.623050783726512,False,True,False,True,False,True,True,True,0.7078476605817452,True,True,True,0.36685306193697215,True,False,True,False,True,False,True,False,True,False,False,False,True,False,True,False,False,1.0944755235232633,-13.488134456432343,0.0,other,False,Short1,True,0.7078476605817452,0.36685306193697215,1.0944755235232633,24.70128192813557,9.304624572332463,22.792759028764806,-13.488134456432343,46.55489604578625,True,True,True,True,True,True,True,True,False,True,True,True,False,True,0.012746972594008877,3.981679433516658,0.16672056741325827,True,UNIUSDT,starter_short_followthrough
2024-08-31 00:00:00+00:00,5.892,5.93,5.849,5.889,94813.12,5.899018268101697,6.134627415078199,6.588043591369982,0.1565302635433855,0.16459243142563598,46.267232566072806,6.007,5.586,12.055160744825363,26.005452499700695,38.24304864423811,8.552406841543746,False,True,7.947271815718644,False,True,False,True,False,True,True,True,1.5692008019274728,True,True,True,0.06400211610785515,True,False,True,False,True,False,True,False,True,False,False,False,True,False,True,False,False,0.9510173838953645,-13.950291754875332,0.0,other,False,Short1,True,1.5692008019274728,0.06400211610785515,0.9510173838953645,38.24304864423811,12.055160744825363,26.005452499700695,-13.950291754875332,46.267232566072806,True,True,True,True,True,True,True,True,False,True,True,True,False,True,-0.03599932076753264,2.2104351718803517,2.7087413666973057,False,UNIUSDT,starter_short_adverse
2025-05-01 12:00:00+00:00,5.357,5.427,5.288,5.345,1030469.75,5.37720513819091,5.481817049459812,5.724202148621059,0.1351082677251233,0.1405219034568914,45.330906154131696,5.398,5.059,17.03607617983211,23.721675148309007,27.445014961015335,8.724105224781074,False,True,8.386046872872505,False,True,False,True,False,True,True,True,1.0126474993977808,True,True,True,0.23836541414646534,True,False,True,False,True,False,True,False,True,False,False,False,True,False,True,False,False,0.9614747907721812,-6.685598968476896,0.0,other,True,flat,False,1.0126474993977808,0.23836541414646534,0.9614747907721812,27.445014961015335,17.03607617983211,23.721675148309007,-6.685598968476896,45.330906154131696,True,True,True,True,True,True,True,True,False,True,True,True,False,True,0.07502338634237601,3.13822393802446,0.6587309681230626,True,UNIUSDT,starter_short_followthrough
2025-05-01 20:00:00+00:00,5.349,5.396,5.297,5.317,261784.35,5.369213276387569,5.470424735006923,5.716473881526262,0.12960355737523388,0.13882832491946245,43.698346765041514,5.434,5.059,15.671409064456691,23.857844586472755,26.156804454306574,8.724105224781074,False,True,8.386046872872505,False,True,False,True,False,True,True,True,1.1838003378466002,True,True,True,0.4028691607314353,True,False,True,False,True,False,True,False,True,False,True,False,True,False,True,False,False,0.9335526986327892,-8.186435522016064,0.0,other,False,Short1,True,1.1838003378466002,0.4028691607314353,0.9335526986327892,26.156804454306574,15.671409064456691,23.857844586472755,-8.186435522016064,43.698346765041514,True,True,True,True,True,True,True,True,False,True,True,True,True,True,0.06432198608237738,3.2946626516101825,0.4938136058619476,True,UNIUSDT,starter_short_followthrough
2025-10-09 00:00:00+00:00,8.073,8.093,7.831,7.926,520791.38,7.997094372956897,8.030140729056825,8.559151640545544,0.17946873664590804,0.1713124946784611,46.11637346704401,8.208,7.696,21.048368408833106,25.136047750881634,19.382029621207096,8.630808360352276,False,True,8.66647430956649,False,True,False,True,False,True,True,True,0.5802722580161388,True,True,True,0.39613792510929724,True,False,True,False,True,False,True,False,True,False,True,False,True,False,True,False,False,1.047610315772679,-4.087679342048528,0.0,other,True,flat,False,0.5802722580161388,0.39613792510929724,1.047610315772679,19.382029621207096,21.048368408833106,25.136047750881634,-4.087679342048528,46.11637346704401,True,True,True,True,True,True,True,True,False,True,True,True,True,True,0.17209184960888213,33.0196785844211,3.755528748886231,True,UNIUSDT,starter_short_followthrough
2025-10-12 20:00:00+00:00,6.655,6.705,6.538,6.619,1149525.13,6.665039069923751,7.234989619388883,8.204794635830554,0.41618570222310214,0.4138085681057085,45.21325156210682,6.701,5.651,18.90215196584771,48.12649422787574,46.203637700046116,8.625118724925885,False,True,8.602267814105803,False,True,False,True,False,True,True,True,1.4800835687014384,True,True,True,0.11062145979025424,True,False,True,False,True,False,True,False,True,False,False,False,True,False,True,False,False,1.005744526093975,-29.224342262028028,0.0,other,False,Short1,True,1.4800835687014384,0.11062145979025424,1.005744526093975,46.203637700046116,18.90215196584771,48.12649422787574,-29.224342262028028,45.21325156210682,True,True,True,True,True,True,True,True,False,True,True,True,False,True,0.0513672760235685,0.9563038755873604,1.2037895519328348,False,UNIUSDT,starter_short_adverse
2025-10-23 08:00:00+00:00,6.178,6.222,6.156,6.165,478080.77,6.212804402320032,6.3496983043118,7.335540182361121,0.16361088624302644,0.17350342231368474,46.28131014241111,6.642,5.861,19.7713826952356,28.43177522607143,22.015182552338686,8.605157344578364,False,True,8.371889898761728,False,True,False,True,False,True,True,True,1.1288876220464343,True,True,True,0.29218350574193075,True,False,True,False,True,False,True,False,True,False,False,False,True,False,True,False,False,0.942983625690258,-8.660392530835828,0.0,other,False,Short1,True,1.1288876220464343,0.29218350574193075,0.942983625690258,22.015182552338686,19.7713826952356,28.43177522607143,-8.660392530835828,46.28131014241111,True,True,True,True,True,True,True,True,False,True,True,True,False,True,-0.07656123276561225,0.31171519922118823,4.419021353665066,False,UNIUSDT,starter_short_adverse
2025-11-05 20:00:00+00:00,5.451,5.486,5.322,5.346,781142.64,5.354204466204436,5.635954142951882,6.525007969182325,0.19182688476068865,0.17518411547026436,46.851033218541076,5.493,4.736,15.168852874176187,24.99740838542248,50.817013417649186,8.562739734230536,False,True,8.082827954809,False,True,False,True,False,True,True,True,1.5115406962564761,True,True,True,0.04277015818023334,True,False,True,False,True,False,True,False,True,False,False,False,True,False,True,False,False,1.0950015887327937,-9.828555511246295,0.0,other,False,Short1,True,1.5115406962564761,0.04277015818023334,1.0950015887327937,50.817013417649186,15.168852874176187,24.99740838542248,-9.828555511246295,46.851033218541076,True,True,True,True,True,True,True,True,False,True,True,True,False,True,-0.2297044519266741,1.2511280694539213,7.475490214987174,False,UNIUSDT,starter_short_adverse
2025-11-06 00:00:00+00:00,5.345,5.373,5.257,5.338,605213.64,5.352661183708776,5.624269666757691,6.513196944613346,0.18641067870635378,0.17827453579381689,46.555538892835216,5.493,4.736,14.494616924660404,26.376966317969305,49.26382660981168,8.562739734230536,False,True,8.055595835855677,False,True,False,True,False,True,True,True,1.535693495374486,True,True,True,0.07864991324810748,True,False,True,False,True,False,True,False,True,False,False,False,True,False,True,False,False,1.0456382784917009,-11.882349393308901,0.0,other,False,Short1,True,1.535693495374486,0.07864991324810748,1.0456382784917009,49.26382660981168,14.494616924660404,26.376966317969305,-11.882349393308901,46.555538892835216,True,True,True,True,True,True,True,True,False,True,True,True,False,True,-0.25721243911577374,1.244563893066779,7.7356083353547165,False,UNIUSDT,starter_short_adverse
2025-11-26 00:00:00+00:00,6.232,6.32,6.154,6.161,719833.38,6.234212888754914,6.5144241038920345,6.744829991528393,0.22373705229730612,0.2481961498830741,45.29149385954149,6.418,5.881,16.76400877871752,23.429519745667864,25.279230335303854,8.502999508637041,False,True,7.845849945937742,False,True,False,True,False,True,True,True,1.5796404764571501,True,True,True,0.32722737697298404,True,False,True,False,True,False,True,False,True,False,False,False,True,False,True,False,False,0.901452550342579,-6.665510966950343,0.0,other,True,flat,False,1.5796404764571501,0.32722737697298404,0.901452550342579,25.279230335303854,16.76400877871752,23.429519745667864,-6.665510966950343,45.29149385954149,True,True,True,True,True,True,True,True,False,True,True,True,False,True,0.006654763837039358,0.8179244256638633,1.2246518723054576,False,UNIUSDT,starter_short_adverse
2025-12-08 12:00:00+00:00,5.698,5.74,5.578,5.6,622198.3,5.637159736688976,5.781535942453807,6.274583290324449,0.14974169797322057,0.14342254799890378,46.18339151011173,5.772,5.316,16.055451063112667,27.148077437683458,29.76590545070201,8.45519406800662,False,True,7.624510152402654,False,True,False,True,False,True,True,True,1.2123272602817226,True,True,True,0.2481589109242102,True,False,True,False,True,False,True,False,True,False,True,False,True,False,True,False,False,1.0440596688769264,-11.092626374570791,0.0,other,True,flat,False,1.2123272602817226,0.2481589109242102,1.0440596688769264,29.76590545070201,16.055451063112667,27.148077437683458,-11.092626374570791,46.18339151011173,True,True,True,True,True,True,True,True,False,True,True,True,True,True,0.05553571428571428,2.337358295900937,2.510990626453583,False,UNIUSDT,starter_short_adverse
2025-12-08 16:00:00+00:00,5.6,5.665,5.554,5.598,493287.83,5.633430237956692,5.774338454514442,6.26785111828142,0.14697443383227624,0.14312450885612493,46.083074014522595,5.772,5.316,15.189335867070547,26.849951440243032,29.621013953538274,8.45519406800662,False,True,7.624510152402654,False,True,False,True,False,True,True,True,1.199789990112673,True,True,True,0.24106395264039307,True,False,True,False,True,False,True,False,True,False,False,False,True,False,True,False,False,1.0268991314410127,-11.660615573172485,0.0,other,False,Short1,True,1.199789990112673,0.24106395264039307,1.0268991314410127,29.621013953538274,15.189335867070547,26.849951440243032,-11.660615573172485,46.083074014522595,True,True,True,True,True,True,True,True,False,True,True,True,False,True,0.044122901036084294,2.639914915016964,2.5718758708154974,True,UNIUSDT,starter_short_followthrough
2025-12-10 08:00:00+00:00,5.614,5.676,5.527,5.558,593740.22,5.632101483933127,5.725811002429867,6.206625137705042,0.1533774113911229,0.14518124599997648,45.39361725011602,5.976,5.427,23.46887645605776,24.785269439425797,22.430277477969707,8.45519406800662,False,True,7.586042141167237,False,True,False,True,False,True,True,True,1.0941050635020682,True,True,True,0.48313166365915017,True,False,True,False,True,False,True,False,True,False,True,False,True,False,True,False,False,1.056454711727352,-1.3163929833680363,0.0,other,False,Short1,True,1.0941050635020682,0.48313166365915017,1.056454711727352,22.430277477969707,23.46887645605776,24.785269439425797,-1.3163929833680363,45.39361725011602,True,True,True,True,True,True,True,True,False,True,True,True,True,True,0.027347966894566415,2.2689129829722843,2.5297075787162253,False,UNIUSDT,starter_short_adverse
2026-01-29 00:00:00+00:00,4.821,4.834,4.689,4.714,372014.4,4.770924712012287,4.848252077707147,5.287997933304991,0.09154588098965785,0.09285857583764663,43.63261769116648,4.878,4.631,16.42770299651081,21.095745811159723,19.907242699276207,8.265137177038936,False,True,6.74339890060178,False,True,False,True,False,True,True,True,1.4665004722857307,True,True,True,0.621816201853121,True,False,True,False,True,False,True,False,True,False,True,False,True,False,True,False,False,0.9858635044082101,-4.6680428146489135,0.0,other,True,flat,False,1.4665004722857307,0.621816201853121,0.9858635044082101,19.907242699276207,16.42770299651081,21.095745811159723,-4.6680428146489135,43.63261769116648,True,True,True,True,True,True,True,True,False,True,True,True,True,True,0.18370810352142564,12.16876158661744,0.40416892163810075,True,UNIUSDT,starter_short_followthrough
2026-02-24 16:00:00+00:00,3.361,3.403,3.342,3.344,563389.86,3.4020771133937084,3.448825959321781,3.8842211133116633,0.08940871900328029,0.08767059487908489,42.31861122752905,3.566,3.259,17.06543845062486,23.22607627402787,17.27260415556729,8.091954055179226,False,True,6.020628364220364,False,True,False,True,False,True,True,True,1.1724355352628992,True,True,True,0.6495687897237159,True,False,True,False,True,False,True,False,True,False,False,False,True,False,True,False,False,1.01982562256584,-6.160637823403011,0.0,other,True,flat,False,1.1724355352628992,0.6495687897237159,1.01982562256584,17.27260415556729,17.06543845062486,23.22607627402787,-6.160637823403011,42.31861122752905,True,True,True,True,True,True,True,True,False,True,True,True,False,True,-0.1348684210526316,0.3914607030519651,10.625361939982,False,UNIUSDT,starter_short_adverse
2020-04-14 04:00:00+00:00,0.03343,0.03363,0.03284,0.03294,26483309.9,0.03329318480566625,0.03347873995677373,0.034352961768823645,0.0008038928085833942,0.0008445391065366257,45.51799339326299,0.03489,0.03189,19.980261833845532,24.881080196173667,22.283893674839273,0.04969665188209955,False,True,0.04336612137742198,False,True,False,True,False,True,True,True,0.6701639211365644,True,True,True,0.43934315855944955,True,False,True,False,True,False,True,False,True,False,True,False,True,False,True,False,False,0.951871621291857,-4.900818362328135,0.0,other,True,flat,False,0.6701639211365644,0.43934315855944955,0.951871621291857,22.283893674839273,19.980261833845532,24.881080196173667,-4.900818362328135,45.51799339326299,True,True,True,True,True,True,True,True,False,True,True,True,True,True,-0.06314511232544037,2.5500912287204938,2.7740016780715697,False,ADAUSDT,starter_short_adverse
2022-12-27 16:00:00+00:00,0.2605,0.2607,0.2563,0.259,14095327.4,0.26056894132166936,0.2627868721974496,0.29222336905218815,0.0031687304419458088,0.0031494312086141384,46.25844545210776,0.2665,0.2576,18.969275416947593,25.71226784923226,18.56937755084481,0.6525173789419099,False,True,0.46651726155734347,False,True,False,True,False,True,True,True,1.1950755253022471,True,True,True,0.49513246721797993,True,False,True,False,True,False,True,False,True,False,True,False,True,False,True,False,False,1.006127847237585,-6.742992432284666,0.0,other,True,flat,False,1.1950755253022471,0.49513246721797993,1.006127847237585,18.56937755084481,18.969275416947593,25.71226784923226,-6.742992432284666,46.25844545210776,True,True,True,True,True,True,True,True,False,True,True,True,True,True,0.04015444015444023,6.248559277210563,0.6627259839465716,True,ADAUSDT,starter_short_followthrough
2023-05-12 12:00:00+00:00,0.3645,0.3676,0.359,0.3594,19318643.5,0.36302902892968775,0.37113675683501973,0.3858245384672145,0.007650760275777612,0.00725826143957887,43.875959583152024,0.3723,0.3485,16.447809020212127,21.061007490708704,28.296182458683578,0.6020970487276175,False,True,0.3962910213486971,False,True,False,True,False,True,True,True,1.53406412068333,True,True,True,0.4743357259771024,True,False,True,False,True,False,True,False,True,False,False,False,True,False,True,False,False,1.0540761502552758,-4.613198470496577,0.0,other,True,flat,False,1.53406412068333,0.4743357259771024,1.0540761502552758,28.296182458683578,16.447809020212127,21.061007490708704,-4.613198470496577,43.875959583152024,True,True,True,True,True,True,True,True,False,True,True,True,False,True,-0.02198107957707295,0.7973063826496641,2.1435778156482828,False,ADAUSDT,starter_short_adverse
2023-05-24 08:00:00+00:00,0.3662,0.3692,0.3646,0.3654,6748814.8,0.3674031381242766,0.36782081551261353,0.37674504986529095,0.004855695638829809,0.004643913430481906,45.99001486924342,0.3757,0.3619,18.006854833333982,18.296832989965374,20.518610946411,0.5975712340452559,False,True,0.3931363326312407,False,True,False,True,False,True,True,True,0.49855174061052326,True,True,True,0.4125337074791096,True,False,True,False,True,False,True,False,True,False,False,False,True,False,True,False,False,1.0456042541529302,-0.2899781566313919,0.0,other,False,Short1,True,0.49855174061052326,0.4125337074791096,1.0456042541529302,20.518610946411,18.006854833333982,18.296832989965374,-0.2899781566313919,45.99001486924342,True,True,True,True,True,True,True,True,False,True,True,True,False,True,-0.027367268746579115,2.4507302115146254,2.7184570413439473,False,ADAUSDT,starter_short_adverse
2023-06-29 12:00:00+00:00,0.2775,0.2782,0.2727,0.2743,23012858.9,0.27816508133281026,0.28146296140959587,0.30421438714409443,0.006459847306684203,0.006522780475296962,43.36197981795754,0.2897,0.2599,16.21690782062671,26.745365477035357,26.719119858925,0.584523473644945,False,True,0.3683461962009221,False,True,False,True,False,True,True,True,1.1088437651125507,True,True,True,0.5983239462658743,True,False,True,False,True,False,True,False,True,False,False,False,True,False,True,False,False,0.990351788037157,-10.528457656408648,0.0,other,True,flat,False,1.1088437651125507,0.5983239462658743,0.990351788037157,26.719119858925,16.21690782062671,26.745365477035357,-10.528457656408648,43.36197981795754,True,True,True,True,True,True,True,True,False,True,True,True,False,True,-0.07692307692307696,1.099097186500586,3.931981484100696,False,ADAUSDT,starter_short_adverse
2023-07-07 16:00:00+00:00,0.2841,0.2855,0.2811,0.283,16279194.5,0.28523415349242026,0.28649525525007036,0.2979290563624452,0.006137085179520616,0.006246465736780041,45.39146094736799,0.2937,0.2761,14.796110632233896,20.397814959750708,18.402192555580545,0.5816137873400201,False,True,0.362106849752278,False,True,False,True,False,True,True,True,0.5695301837644378,True,True,True,0.3640414670918424,True,False,True,False,True,False,True,False,True,False,False,False,True,False,True,False,False,0.9824892087992451,-5.601704327516812,0.0,other,False,Short1,True,0.5695301837644378,0.3640414670918424,0.9824892087992451,18.402192555580545,14.796110632233896,20.397814959750708,-5.601704327516812,45.39146094736799,True,True,True,True,True,True,True,True,False,True,True,True,False,True,-0.023674911660777526,0.7984246359087869,1.808676216038287,False,ADAUSDT,starter_short_adverse
2023-07-08 00:00:00+00:00,0.2844,0.2866,0.283,0.2833,12738695.4,0.28497807122622154,0.28629100648036104,0.2976502156137025,0.005721262221117268,0.0062197587220195255,46.040155482260445,0.2937,0.2761,15.432982622390188,18.866206294517646,17.63786870980217,0.5816137873400201,False,True,0.36133364726718076,False,True,False,True,False,True,True,True,0.522787868264663,True,True,True,0.2933043725959208,True,False,True,False,True,False,True,False,True,False,False,False,True,False,True,False,False,0.9198527590568019,-3.4332236721274576,0.0,other,False,Short1,True,0.522787868264663,0.2933043725959208,0.9198527590568019,17.63786870980217,15.432982622390188,18.866206294517646,-3.4332236721274576,46.040155482260445,True,True,True,True,True,True,True,True,False,True,True,True,False,True,-0.03494528768090371,0.9088903460510342,2.1149179206187596,False,ADAUSDT,starter_short_adverse
2023-08-08 04:00:00+00:00,0.2914,0.2937,0.2902,0.291,26053306.2,0.2926752186748056,0.2970852294583651,0.3032784419234987,0.0038353079683608746,0.0037801277353127676,42.32455291906563,0.2961,0.2818,14.871628312585983,25.672009347946737,32.71798053311466,0.5681143453031297,False,True,0.346727059090861,False,True,False,True,False,True,True,True,1.5866338527609258,True,True,True,0.4367885678608452,True,False,True,False,True,False,True,False,True,False,False,False,True,False,True,False,False,1.0145974519677285,-10.800381035360754,0.0,other,True,flat,False,1.5866338527609258,0.4367885678608452,1.0145974519677285,32.71798053311466,14.871628312585983,25.672009347946737,-10.800381035360754,42.32455291906563,True,True,True,True,True,True,True,True,False,True,True,True,False,True,-0.010652920962199285,0.20858820376343068,3.0245289545698677,False,ADAUSDT,starter_short_adverse
2023-08-14 16:00:00+00:00,0.2917,0.2923,0.2878,0.2899,8008408.3,0.292015581191181,0.2942062288842402,0.30040445143763733,0.0027235629464877464,0.0026089603348802767,40.120028954492476,0.2936,0.2868,15.270580351557022,22.442031558420634,18.378629747964865,0.5653699239568298,False,True,0.34370927335408036,False,True,False,True,False,True,True,True,1.5811012885872282,True,True,True,0.7767697067215594,True,False,True,False,True,False,True,False,True,False,False,False,True,False,True,False,False,1.0439265442541612,-7.171451206863612,0.0,other,True,flat,False,1.5811012885872282,0.7767697067215594,1.0439265442541612,18.378629747964865,15.270580351557022,22.442031558420634,-7.171451206863612,40.120028954492476,True,True,True,True,True,True,True,True,False,True,True,True,False,True,0.09279061745429451,19.05592087266763,0.5874657687142202,True,ADAUSDT,starter_short_followthrough
2023-08-24 12:00:00+00:00,0.2672,0.2672,0.2622,0.2626,12612076.0,0.2644104724580371,0.26840807130566957,0.2859677205649346,0.0043623937276644036,0.004618499921027027,45.85885430759851,0.2714,0.25,18.901386665764715,27.481945928604237,31.25837621817809,0.5626239545642246,False,True,0.33663343509401317,False,True,False,True,False,True,True,True,1.331395483364399,True,True,True,0.41501812331974686,True,False,True,False,True,False,True,False,True,False,True,False,True,False,True,False,False,0.9445477540885889,-8.580559262839522,0.0,other,False,Short1,True,1.331395483364399,0.41501812331974686,0.9445477540885889,31.25837621817809,18.901386665764715,27.481945928604237,-8.580559262839522,45.85885430759851,True,True,True,True,True,True,True,True,False,True,True,True,True,True,-0.011424219345011434,1.146159726090788,1.9713947288761529,False,ADAUSDT,starter_short_adverse
2023-08-25 12:00:00+00:00,0.263,0.2657,0.2593,0.2605,23342751.0,0.2637159215025545,0.2672601031324232,0.2846364142209594,0.00463545729859504,0.004559977669316218,43.03166638024439,0.2714,0.2596,17.734486153960177,22.249456016744315,23.27624227463244,0.5626239545642246,False,True,0.3359296198194459,False,True,False,True,False,True,True,True,1.458346544249716,True,True,True,0.6937657485334233,True,False,True,False,True,False,True,False,True,False,True,False,True,False,True,False,False,1.0165526313399997,-4.514969862784138,0.0,other,False,Short1,True,1.458346544249716,0.6937657485334233,1.0165526313399997,23.27624227463244,17.734486153960177,22.249456016744315,-4.514969862784138,43.03166638024439,True,True,True,True,True,True,True,True,False,True,True,True,True,True,-0.051055662188099725,0.6256124936970024,4.249850388217547,False,ADAUSDT,starter_short_adverse
2023-09-05 00:00:00+00:00,0.2562,0.2565,0.2538,0.2555,7804341.4,0.2564038443769513,0.25891501651518994,0.2730144044277173,0.0030684193638759153,0.0033851362683321477,44.50531210085418,0.26,0.2531,14.227422681270868,21.622927960031763,19.540023568364614,0.5567668479665816,False,True,0.32810355271898173,False,True,False,True,False,True,True,True,1.1129562521324383,True,True,True,0.2945635096662887,True,False,True,False,True,False,True,False,True,False,False,False,True,False,True,False,False,0.9064389497642651,-7.395505278760895,0.0,other,False,Short1,True,1.1129562521324383,0.2945635096662887,0.9064389497642651,19.540023568364614,14.227422681270868,21.622927960031763,-7.395505278760895,44.50531210085418,True,True,True,True,True,True,True,True,False,True,True,True,False,True,0.0031311154598826726,1.1080623594114132,1.8576339554838264,False,ADAUSDT,starter_short_adverse
2023-09-12 16:00:00+00:00,0.2489,0.2513,0.2456,0.2471,10871558.2,0.24790509820505774,0.2515966650604557,0.2652345105693846,0.004332901487291621,0.003274032132739659,45.972883282858184,0.2527,0.2367,19.419085466989284,28.5352251070254,36.292337462039086,0.5537731479868145,False,True,0.32303093904727626,False,True,False,True,False,True,True,True,1.0377953603709669,True,True,True,0.18581041074187857,True,False,True,False,True,False,True,False,True,False,True,False,True,False,True,False,False,1.3234144662062057,-9.116139640036117,0.0,other,False,Short1,True,1.0377953603709669,0.18581041074187857,1.3234144662062057,36.292337462039086,19.419085466989284,28.5352251070254,-9.116139640036117,45.972883282858184,True,True,True,True,True,True,True,True,False,True,True,True,True,True,-0.006070416835289362,0.8539312538842766,1.8694170693142358,False,ADAUSDT,starter_short_adverse
2023-09-12 20:00:00+00:00,0.2472,0.2479,0.2453,0.2455,5919688.9,0.2476760412331475,0.2513575801561241,0.26503814728013697,0.004209122809627936,0.0033608869804011123,42.94438098052767,0.2527,0.2367,18.562279488680133,27.785296452444438,35.12143299755245,0.5537731479868145,False,True,0.32303093904727626,False,True,False,True,False,True,True,True,1.3916391659386784,True,True,True,0.5169821199253252,True,False,True,False,True,False,True,False,True,False,True,False,True,False,True,False,False,1.2523845146157189,-9.223016963764305,0.0,other,False,Short1,True,1.3916391659386784,0.5169821199253252,1.2523845146157189,35.12143299755245,18.562279488680133,27.785296452444438,-9.223016963764305,42.94438098052767,True,True,True,True,True,True,True,True,False,True,True,True,True,True,-0.01955193482688402,0.4989163051257275,2.304518171295034,False,ADAUSDT,starter_short_adverse
2023-09-25 16:00:00+00:00,0.2451,0.2463,0.2445,0.245,6051129.2,0.24534931613668565,0.2472993439849605,0.25612972862355277,0.0025329422944251924,0.0026121459424729263,46.73935482828082,0.2463,0.2404,8.282191012412659,19.321560802575572,35.36678141232343,0.5477192800531137,False,True,0.31393549836809054,False,True,False,True,False,True,True,True,0.9077759055234647,True,True,True,0.13790923601160146,True,False,True,False,True,False,True,False,True,False,False,False,True,False,True,False,False,0.9696787048687059,-11.039369790162914,0.0,other,False,Short1,True,0.9077759055234647,0.13790923601160146,0.9696787048687059,35.36678141232343,8.282191012412659,19.321560802575572,-11.039369790162914,46.73935482828082,True,True,True,True,True,True,True,True,False,True,True,True,False,True,-0.015102040816326568,0.9475146770150261,4.303295824776612,False,ADAUSDT,starter_short_adverse
2023-09-26 12:00:00+00:00,0.2458,0.2462,0.2446,0.2448,5859285.9,0.24551141064746712,0.24702700075447054,0.2556266384707762,0.0023092990333715355,0.002491463235963066,45.56178787688477,0.2479,0.2404,11.055909569038757,18.51575946361487,32.218002018245244,0.5477192800531137,False,True,0.3132585282350747,False,True,False,True,False,True,True,True,0.9643622251983395,True,True,True,0.3080634587321003,True,False,True,False,True,False,True,False,True,False,True,False,True,False,True,False,False,0.9268846515725865,-7.459849894576113,0.0,other,False,Short1,True,0.9643622251983395,0.3080634587321003,0.9268846515725865,32.218002018245244,11.055909569038757,18.51575946361487,-7.459849894576113,45.56178787688477,True,True,True,True,True,True,True,True,False,True,True,True,True,True,-0.033088235294117745,0.9526700389200002,4.80665337818733,False,ADAUSDT,starter_short_adverse
2023-09-26 16:00:00+00:00,0.2448,0.246,0.2439,0.2446,4379918.9,0.24542460963342264,0.24693182425429522,0.2555169206750471,0.0022943491024164254,0.002470287290537133,44.8140314760339,0.2479,0.2404,10.33309609936704,19.484503094702628,32.10895143663614,0.5477192800531137,False,True,0.3132585282350747,False,True,False,True,False,True,True,True,1.016333674696371,True,True,True,0.3594089637684775,True,False,True,False,True,False,True,False,True,False,False,False,True,False,True,False,False,0.9287782482650219,-9.151406995335588,0.0,other,False,Short1,True,1.016333674696371,0.3594089637684775,0.9287782482650219,32.10895143663614,10.33309609936704,19.484503094702628,-9.151406995335588,44.8140314760339,True,True,True,True,True,True,True,True,False,True,True,True,False,True,-0.03802125919869175,0.8717069245885847,4.9251441239255005,False,ADAUSDT,starter_short_adverse
2023-09-27 04:00:00+00:00,0.2459,0.2461,0.2443,0.2448,3438124.8,0.24540334709811532,0.24675374623405466,0.25521686369701657,0.0022507598316358936,0.0024173564786115456,45.94720929174433,0.2479,0.2428,9.612219147855836,18.999939682058333,32.40942247076048,0.5477192800531137,False,True,0.31258431402378045,False,True,False,True,False,True,True,True,0.8680385204114168,True,True,True,0.26806373991346816,True,False,True,False,True,False,True,False,True,False,False,False,True,False,True,False,False,0.9310831280162122,-9.387720534202497,0.0,other,False,Short1,True,0.8680385204114168,0.26806373991346816,0.9310831280162122,32.40942247076048,9.612219147855836,18.999939682058333,-9.387720534202497,45.94720929174433,True,True,True,True,True,True,True,True,False,True,True,True,False,True,-0.04493464052287597,0.9774476908098095,5.153815096997237,False,ADAUSDT,starter_short_adverse
2023-09-27 12:00:00+00:00,0.2477,0.2482,0.2428,0.2442,13040509.1,0.24547802336149577,0.24668548431678788,0.2550322076004444,0.002598359242584013,0.002422057371864037,44.97817931741093,0.2484,0.243,13.05038756839493,18.31447527378452,29.421384408538575,0.5477192800531137,False,True,0.31258431402378045,False,True,False,True,False,True,True,True,0.956559153197047,True,True,True,0.4918578388047682,True,False,True,False,True,False,True,False,True,False,True,False,True,False,True,False,False,1.0727901298986542,-5.26408770538959,0.0,other,False,Short1,True,0.956559153197047,0.4918578388047682,1.0727901298986542,29.421384408538575,13.05038756839493,18.31447527378452,-5.26408770538959,44.97817931741093,True,True,True,True,True,True,True,True,False,True,True,True,True,True,-0.06633906633906642,0.6157732055590682,7.4277642920563105,False,ADAUSDT,starter_short_adverse
2023-09-28 00:00:00+00:00,0.2447,0.246,0.2436,0.2439,5339472.5,0.24517583006548965,0.24641855805373333,0.2547159462438624,0.002485858329430419,0.00245474855903254,44.11143432570566,0.2484,0.2426,13.71304838102251,15.82272939174583,26.10951719476794,0.5477192800531137,False,True,0.31190785318772296,False,True,False,True,False,True,True,True,1.013154299227664,True,True,True,0.5132352276012351,True,False,True,False,True,False,True,False,True,False,True,False,True,False,True,False,False,1.012673302234319,-2.1096810107233193,0.0,other,False,Short1,True,1.013154299227664,0.5132352276012351,1.012673302234319,26.10951719476794,13.71304838102251,15.82272939174583,-2.1096810107233193,44.11143432570566,True,True,True,True,True,True,True,True,False,True,True,True,True,True,-0.08528085280852803,0.2413653235570727,9.65461294228264,False,ADAUSDT,starter_short_adverse
2024-04-28 08:00:00+00:00,0.4749,0.4761,0.4668,0.4678,9549876.1,0.47008608071659597,0.4788030337898781,0.5331592218369248,0.01048883582011615,0.011410716104946013,45.52342773873976,0.4785,0.444,19.2053654103753,22.09985226193511,23.30792358418248,0.5339822720149779,False,True,0.5191155757871895,False,True,False,True,False,True,True,True,1.0490233595587215,True,True,True,0.2179537134342005,True,False,True,False,True,False,True,False,True,False,True,False,True,False,True,False,False,0.9192092523947493,-2.894486851559808,0.0,other,True,flat,False,1.0490233595587215,0.2179537134342005,0.9192092523947493,23.30792358418248,19.2053654103753,22.09985226193511,-2.894486851559808,45.52342773873976,True,True,True,True,True,True,True,True,False,True,True,True,True,True,0.03142368533561349,4.709769591898613,0.48623127365754854,True,ADAUSDT,starter_short_followthrough
2024-04-28 12:00:00+00:00,0.4678,0.4729,0.4669,0.4674,9150262.2,0.4698302635054916,0.4783558559941966,0.532504901221632,0.010168204690107855,0.011293164954592727,45.182429164988335,0.4785,0.444,18.395894009964938,21.168383478234354,22.143611716300878,0.5339822720149779,False,True,0.5191155757871895,False,True,False,True,False,True,True,True,1.0774621802071944,True,True,True,0.23900615492682992,True,False,True,False,True,False,True,False,True,False,False,False,True,False,True,False,False,0.9003857404892176,-2.7724894682694163,0.0,other,False,Short1,True,1.0774621802071944,0.23900615492682992,0.9003857404892176,22.143611716300878,18.395894009964938,21.168383478234354,-2.7724894682694163,45.182429164988335,True,True,True,True,True,True,True,True,False,True,True,True,False,True,0.020967051775780864,4.818943116641788,0.5113980450313772,True,ADAUSDT,starter_short_followthrough
2024-04-30 00:00:00+00:00,0.4572,0.4632,0.4508,0.4571,13342450.3,0.4617830045643517,0.47175259107238166,0.5259776023639148,0.010019706892285818,0.010521446130338485,42.38505062453748,0.4761,0.4463,15.394500858045932,20.317784359466792,23.344074961905747,0.5339822720149779,False,True,0.5179190989517214,False,True,False,True,False,True,True,True,1.4623772162100563,True,True,True,0.4673793968920505,True,False,True,False,True,False,True,False,True,False,False,False,True,False,True,False,False,0.9523127114051454,-4.92328350142086,0.0,other,False,Short1,True,1.4623772162100563,0.4673793968920505,0.9523127114051454,23.344074961905747,15.394500858045932,20.317784359466792,-4.92328350142086,42.38505062453748,True,True,True,True,True,True,True,True,False,True,True,True,False,True,-0.021220739444322876,3.862388432719043,1.646754758136027,False,ADAUSDT,starter_short_adverse
2024-05-02 00:00:00+00:00,0.4501,0.4513,0.4386,0.4455,14480897.6,0.4464046787587986,0.4593802662089098,0.5161548333838808,0.013000640654446392,0.010873607119710667,46.925012872420105,0.4579,0.4184,17.88699457138656,19.52428521481496,24.435186459000608,0.5339822720149779,False,True,0.5164885036901838,False,True,False,True,False,True,True,True,1.0676601698211368,True,True,True,0.06958724441700183,True,False,True,False,True,False,True,False,True,False,False,False,True,False,True,False,False,1.1956143450208014,-1.6372906434284005,0.0,other,False,Short1,True,1.0676601698211368,0.06958724441700183,1.1956143450208014,24.435186459000608,17.88699457138656,19.52428521481496,-1.6372906434284005,46.925012872420105,True,True,True,True,True,True,True,True,False,True,True,True,False,True,-0.025140291806958447,0.33844485952276177,2.338346302157254,False,ADAUSDT,starter_short_adverse
2024-05-02 04:00:00+00:00,0.4456,0.4479,0.4411,0.4446,9143182.5,0.44623280459129394,0.45880064792620745,0.5154428449920014,0.012557737750557366,0.01099692089687419,46.329025983722985,0.4579,0.4184,17.19515269951511,18.769115419461098,23.002420464375916,0.5339822720149779,False,True,0.5164885036901838,False,True,False,True,False,True,True,True,1.1308285145210306,True,True,True,0.13002378483508903,True,False,True,False,True,False,True,False,True,False,False,False,True,False,True,False,False,1.1419321706794152,-1.573962719945989,0.0,other,False,Short1,True,1.1308285145210306,0.13002378483508903,1.1419321706794152,23.002420464375916,17.19515269951511,18.769115419461098,-1.573962719945989,46.329025983722985,True,True,True,True,True,True,True,True,False,True,True,True,False,True,-0.049707602339181305,0.04777930642590134,2.4924871518845637,False,ADAUSDT,starter_short_adverse
2024-05-13 16:00:00+00:00,0.4451,0.4494,0.4388,0.4415,15770839.1,0.44403416142409896,0.4491248288034484,0.48392126876880953,0.008651019637777115,0.008399930190960074,46.330102247591064,0.4532,0.4251,15.382514083373811,23.4978580553603,22.592449640972127,0.5325003676657791,False,True,0.509839904568535,False,True,False,True,False,True,True,True,0.8813792041521241,True,True,True,0.29293210860750185,True,False,True,False,True,False,True,False,True,False,False,False,True,False,True,False,False,1.0298918492307545,-8.115343971986489,0.0,other,False,Short1,True,0.8813792041521241,0.29293210860750185,1.0298918492307545,22.592449640972127,15.382514083373811,23.4978580553603,-8.115343971986489,46.330102247591064,True,True,True,True,True,True,True,True,False,True,True,True,False,True,-0.09513023782559452,1.8148149764267691,5.687190881541218,False,ADAUSDT,starter_short_adverse
2024-05-29 04:00:00+00:00,0.461,0.4639,0.4592,0.4592,12007249.9,0.4612653150222044,0.4649367529087961,0.47387030417876863,0.006996810908598254,0.007345822941590143,46.00942880331961,0.475,0.452,17.479835461645127,17.49071975115088,21.15288055944834,0.5309167114658677,False,True,0.5034362186504879,False,True,False,True,False,True,True,True,0.819909667952626,True,True,True,0.2951794823647998,True,False,True,False,True,False,True,False,True,False,False,False,True,False,True,False,False,0.9524883684555105,-0.010884289505753486,0.0,other,True,flat,False,0.819909667952626,0.2951794823647998,0.9524883684555105,21.15288055944834,17.479835461645127,17.49071975115088,-0.010884289505753486,46.00942880331961,True,True,True,True,True,True,True,True,False,True,True,True,False,True,0.01589721254355395,2.286756096314952,0.7146112800984225,True,ADAUSDT,starter_short_followthrough
2024-05-29 12:00:00+00:00,0.4602,0.4637,0.4551,0.4556,19758818.1,0.46063396535831247,0.46439213523030354,0.47355384064214795,0.007264086956903595,0.007287393250656806,42.267651562224295,0.4695,0.452,14.517340936321618,18.452601192034805,19.883194851889336,0.5309167114658677,False,True,0.5034362186504879,False,True,False,True,False,True,True,True,1.210356550309151,True,True,True,0.6929935431910431,True,False,True,False,True,False,True,False,True,False,False,False,True,False,True,False,False,0.9968018339409486,-3.935260255713187,0.0,other,False,Short1,True,1.210356550309151,0.6929935431910431,0.9968018339409486,19.883194851889336,14.517340936321618,18.452601192034805,-3.935260255713187,42.267651562224295,True,True,True,True,True,True,True,True,False,True,True,True,False,True,0.010316066725197501,1.7070280234208088,0.19272897038622172,True,ADAUSDT,starter_short_followthrough
2024-07-07 04:00:00+00:00,0.3704,0.3713,0.3631,0.365,10697188.9,0.3676849118463986,0.3787339428977605,0.4038764267239858,0.011069530014428113,0.011819826491329071,45.640850019719,0.3733,0.3423,20.071352901876516,26.628559622449266,30.192783579867392,0.5246051229440226,False,True,0.4730916108713455,False,True,False,True,False,True,True,True,1.2406979230246995,True,True,True,0.24254975982711954,True,False,True,False,True,False,True,False,True,False,True,False,True,False,True,False,False,0.9365222088960976,-6.557206720572751,0.0,other,True,flat,False,1.2406979230246995,0.24254975982711954,0.9365222088960976,30.192783579867392,20.071352901876516,26.628559622449266,-6.557206720572751,45.640850019719,True,True,True,True,True,True,True,True,False,True,True,True,True,True,-0.07616438356164382,3.1527987145354004,2.7824126191315286,False,ADAUSDT,starter_short_adverse
2024-07-31 12:00:00+00:00,0.4032,0.4069,0.3997,0.4022,10259255.7,0.4063995365927944,0.4111768698286946,0.41239735929094273,0.007717544149888744,0.008010586347536824,43.2037502580185,0.4086,0.394,17.001293320546527,21.76714402683837,19.997116919868564,0.52118058390845,False,True,0.4603947131042068,False,True,False,True,False,True,True,True,1.1631769970274835,True,True,True,0.5441545278176236,True,False,True,False,True,False,True,False,True,False,False,False,True,False,True,False,False,0.9634181338375826,-4.765850706291843,0.0,other,True,flat,False,1.1631769970274835,0.5441545278176236,0.9634181338375826,19.997116919868564,17.001293320546527,21.76714402683837,-4.765850706291843,43.2037502580185,True,True,True,True,True,True,True,True,False,True,True,True,False,True,0.13600198906016914,7.269151806641589,0.401682185393741,True,ADAUSDT,starter_short_followthrough
2024-08-29 16:00:00+00:00,0.3645,0.3654,0.3491,0.3542,31337318.9,0.3608077706070165,0.36346830785436723,0.36511252353482315,0.009467248776280275,0.008563597651500028,42.68732190071763,0.3676,0.3406,15.796495165011072,25.963104153002,26.61070427288522,0.5145872906361083,False,True,0.4330865875799953,False,True,False,True,False,True,True,True,0.9789864060178187,True,True,True,0.6979610194222369,True,False,True,False,True,False,True,False,True,False,True,False,True,False,True,False,False,1.1055223705683979,-10.166608987990928,0.0,other,True,flat,False,0.9789864060178187,0.6979610194222369,1.1055223705683979,26.61070427288522,15.796495165011072,25.963104153002,-10.166608987990928,42.68732190071763,True,True,True,True,True,True,True,True,False,True,True,True,True,True,0.06578204404291357,3.0843173861828963,0.8344557311933138,True,ADAUSDT,starter_short_followthrough
2024-08-30 00:00:00+00:00,0.3577,0.3621,0.3534,0.3558,10356653.9,0.3600716670955396,0.3629540204376531,0.3649478241752069,0.009175842057098808,0.008677821444405638,44.49289966725636,0.3676,0.3406,17.088928242064725,23.097507074047535,25.627683392164332,0.5145872906361083,False,True,0.4323374673055675,False,True,False,True,False,True,True,True,0.7796581930176615,True,True,True,0.4655340696753682,True,False,True,False,True,False,True,False,True,False,False,False,True,False,True,False,False,1.057390050703824,-6.00857883198281,0.0,other,False,Short1,True,0.7796581930176615,0.4655340696753682,1.057390050703824,25.627683392164332,17.088928242064725,23.097507074047535,-6.00857883198281,44.49289966725636,True,True,True,True,True,True,True,True,False,True,True,True,False,True,0.05817875210792579,3.3566401653755418,0.4032327471392676,True,ADAUSDT,starter_short_followthrough
2024-08-30 08:00:00+00:00,0.3555,0.3595,0.3508,0.3513,15775936.1,0.35884233973126944,0.3622161488161496,0.3647189521339167,0.008785292385967848,0.008788427674002822,40.88305213770136,0.3676,0.3406,15.389877711563493,23.484114947704224,24.576303857922703,0.5145872906361083,False,True,0.4323374673055675,False,True,False,True,False,True,True,True,1.2425481516796448,True,True,True,0.8585189200209558,True,False,True,False,True,False,True,False,True,False,True,False,True,False,True,False,False,0.9996432481268238,-8.094237236140732,0.0,other,False,Short1,True,1.2425481516796448,0.8585189200209558,0.9996432481268238,24.576303857922703,15.389877711563493,23.484114947704224,-8.094237236140732,40.88305213770136,True,True,True,True,True,True,True,True,False,True,True,True,True,True,0.06006262453743241,2.9936396928583955,0.3756277941609424,True,ADAUSDT,starter_short_followthrough
2024-10-08 04:00:00+00:00,0.3558,0.357,0.3494,0.3521,8873171.6,0.3549092859066074,0.35905186688762464,0.36020328111404937,0.007306816337322586,0.007144553813382885,46.08007977776738,0.3685,0.3488,15.180604352851491,20.132711844146773,20.030055187185013,0.5054230410919379,False,True,0.40689439222618057,False,True,False,True,False,True,True,True,0.9514221470320909,True,True,True,0.384474684584284,True,False,True,False,True,False,True,False,True,False,False,False,True,False,True,False,False,1.0227113586345669,-4.952107491295282,0.0,other,True,flat,False,0.9514221470320909,0.384474684584284,1.0227113586345669,20.030055187185013,15.180604352851491,20.132711844146773,-4.952107491295282,46.08007977776738,True,True,True,True,True,True,True,True,False,True,True,True,False,True,-0.003408122692416867,2.8192853151073454,0.39688968028209615,False,ADAUSDT,starter_short_adverse
2026-03-09 08:00:00+00:00,0.2551,0.2587,0.2535,0.2549,15054100.9,0.2569420533877125,0.2637433665252798,0.28245803382077567,0.006094781965525822,0.006337105323178227,43.762273968156514,0.2594,0.2458,14.28573963361741,20.476492136294315,23.909098176067282,0.5758056287209986,False,True,0.4617088890229974,False,True,False,True,False,True,True,True,1.4509734023794285,True,True,True,0.3350494569392336,True,False,True,False,True,False,True,False,True,False,False,False,True,False,True,False,False,0.9617611913808506,-6.190752502676904,0.0,other,True,flat,False,1.4509734023794285,0.3350494569392336,0.9617611913808506,23.909098176067282,14.28573963361741,20.476492136294315,-6.190752502676904,43.762273968156514,True,True,True,True,True,True,True,True,False,True,True,True,False,True,-0.07610827775598263,0.09844486700160815,3.4455703450563395,False,ADAUSDT,starter_short_adverse
2026-03-09 20:00:00+00:00,0.2595,0.2601,0.2547,0.2552,13721995.6,0.25691531629265946,0.26296451989304753,0.28170161815239675,0.006140100575167725,0.006156102549206475,45.08742970516741,0.2629,0.2458,15.782439697146321,16.738946100152667,20.200534707863397,0.5758056287209986,False,True,0.4617088890229974,False,True,False,True,False,True,True,True,1.2645590732584135,True,True,True,0.27936289832070355,True,False,True,False,True,False,True,False,True,False,False,False,True,False,True,False,False,0.997400632313896,-0.9565064030063457,0.0,other,False,Short1,True,1.2645590732584135,0.27936289832070355,0.997400632313896,20.200534707863397,15.782439697146321,16.738946100152667,-0.9565064030063457,45.08742970516741,True,True,True,True,True,True,True,True,False,True,True,True,False,True,-0.040752351097178764,0.03257275635008873,4.2996038382121915,False,ADAUSDT,starter_short_adverse
2019-01-22 16:00:00+00:00,0.31971,0.3202,0.31601,0.3174,7023211.7,0.3182419960610607,0.3223994606963742,0.3366758546057907,0.00545650852130409,0.005197811761085695,46.87890626327603,0.32163,0.30611,17.36296763002637,25.5383193903074,16.47606707687772,0.3599314427860697,False,True,0.35631408077926435,False,True,False,True,False,True,True,True,0.9162380443198382,True,True,True,0.15431040889485012,True,False,True,False,True,False,True,False,True,False,False,False,True,False,True,False,False,1.0497703210714886,-8.175351760281032,0.0,other,True,flat,False,0.9162380443198382,0.15431040889485012,1.0497703210714886,16.47606707687772,17.36296763002637,25.5383193903074,-8.175351760281032,46.87890626327603,True,True,True,True,True,True,True,True,False,True,True,True,False,True,0.01446124763705116,1.3561785839988827,0.39035951134021163,True,XRPUSDT,starter_short_followthrough
2019-01-23 04:00:00+00:00,0.31807,0.31808,0.31531,0.31586,5579722.0,0.31795268880064953,0.3218072457159595,0.3360996835000932,0.004897186305140337,0.005175738680431951,44.24287898555955,0.3212,0.30611,15.489525605343612,25.48110980976815,17.371184735890274,0.3599314427860697,False,True,0.3559290650501175,False,True,False,True,False,True,True,True,1.214420964486683,True,True,True,0.4273247269463616,True,False,True,False,True,False,True,False,True,False,True,False,True,False,True,False,False,0.9461811361642456,-9.991584204424537,0.0,other,False,Short1,True,1.214420964486683,0.4273247269463616,0.9461811361642456,17.371184735890274,15.489525605343612,25.48110980976815,-9.991584204424537,44.24287898555955,True,True,True,True,True,True,True,True,False,True,True,True,True,True,0.01535490407142394,1.1966054862664752,0.6636463874344876,True,XRPUSDT,starter_short_followthrough
2019-01-23 12:00:00+00:00,0.31865,0.31911,0.31395,0.31514,9387721.3,0.31773283595699425,0.3214215520815143,0.33571784921876174,0.004929410640656718,0.005180330800984694,43.834837777385864,0.3202,0.30611,13.268455684623914,23.66242057072932,18.84587863208448,0.3599314427860697,False,True,0.3559290650501175,False,True,False,True,False,True,True,True,1.2743008321736131,True,True,True,0.5259930945109592,True,False,True,False,True,False,True,False,True,False,False,False,True,False,True,False,False,0.9515629078590347,-10.393964886105406,0.0,other,False,Short1,True,1.2743008321736131,0.5259930945109592,0.9515629078590347,18.84587863208448,13.268455684623914,23.66242057072932,-10.393964886105406,43.834837777385864,True,True,True,True,True,True,True,True,False,True,True,True,False,True,0.024560512787967156,2.51957098026334,0.756682750111296,True,XRPUSDT,starter_short_followthrough
2019-01-23 16:00:00+00:00,0.31502,0.31844,0.31341,0.31341,4659837.9,0.3173211372944234,0.3211073735685137,0.3354958805698188,0.004936595594895523,0.0051723428866286445,41.20187300877959,0.3202,0.30611,12.302776708803465,22.721604834446797,19.624555721775206,0.3599314427860697,False,True,0.3559290650501175,False,True,False,True,False,True,True,True,1.559247343750991,True,True,True,0.7922741936705386,True,False,True,False,True,False,True,False,True,False,True,False,True,False,True,False,False,0.9544215654490797,-10.418828125643332,0.0,other,False,Short1,True,1.559247343750991,0.7922741936705386,0.9544215654490797,19.624555721775206,12.302776708803465,22.721604834446797,-10.418828125643332,41.20187300877959,True,True,True,True,True,True,True,True,False,True,True,True,True,True,0.018569924380204994,2.1654599398527954,1.1060253762016978,True,XRPUSDT,starter_short_followthrough
2019-02-03 12:00:00+00:00,0.30649,0.307,0.3,0.30399,9590918.7,0.3065214164535754,0.3068544899732798,0.3213682891174703,0.007732972957948798,0.008134138443268414,46.83499793254811,0.31377,0.289,18.556158101543907,29.845241562552243,18.9442775506137,0.3589744903782368,False,True,0.35093771893593634,False,True,False,True,False,True,True,True,0.370425448124111,True,True,True,0.32735358927814956,True,False,True,False,True,False,True,False,True,False,False,False,True,False,True,False,False,0.9506812567652313,-11.289083461008335,0.0,other,True,flat,False,0.370425448124111,0.32735358927814956,0.9506812567652313,18.9442775506137,18.556158101543907,29.845241562552243,-11.289083461008335,46.83499793254811,True,True,True,True,True,True,True,True,False,True,True,True,False,True,0.03457350570742447,2.0561302989759205,0.21595833957797508,True,XRPUSDT,starter_short_followthrough
2019-03-23 08:00:00+00:00,0.31153,0.31195,0.30923,0.311,6260739.0,0.31193263346428196,0.3129945087396893,0.313338936952281,0.003752322457025357,0.0038213903115384036,45.836421164027925,0.31264,0.30467,15.759103943488014,30.806051342256254,31.047391119209074,0.3559002454643369,False,True,0.33593475664738953,False,True,False,True,False,True,True,True,0.5315398030238736,True,True,True,0.24854832572712976,True,False,True,False,True,False,True,False,True,False,False,False,True,False,True,False,False,0.9819259879566603,-15.04694739876824,0.0,other,True,flat,False,0.5315398030238736,0.24854832572712976,0.9819259879566603,31.047391119209074,15.759103943488014,30.806051342256254,-15.04694739876824,45.836421164027925,True,True,True,True,True,True,True,True,False,True,True,True,False,True,0.004855305466237979,4.5305274785676914,0.34645210130224113,True,XRPUSDT,starter_short_followthrough
2019-03-28 08:00:00+00:00,0.30598,0.30634,0.30418,0.3048,5660783.1,0.3059112715146938,0.30781023538432484,0.31137777414568724,0.0033877426933848448,0.003407232909159748,46.561682872711884,0.31097,0.29753,19.673760377816052,24.14108900649032,28.54473136551961,0.3554972579472789,False,True,0.33453186023406273,False,True,False,True,False,True,True,True,0.8885667114574045,True,True,True,0.3280271305326,True,False,True,False,True,False,True,False,True,False,True,False,True,False,True,False,False,0.9942797524282807,-4.467328628674267,0.0,other,False,Short1,True,0.8885667114574045,0.3280271305326,0.9942797524282807,28.54473136551961,19.673760377816052,24.14108900649032,-4.467328628674267,46.561682872711884,True,True,True,True,True,True,True,True,False,True,True,True,True,True,-0.02339238845144347,0.0619881788572814,3.9967616272744664,False,XRPUSDT,starter_short_adverse
2019-04-27 00:00:00+00:00,0.3034,0.30499,0.29929,0.30049,6838924.0,0.30262723770369293,0.31154669427614357,0.32171458015238097,0.007349709334739514,0.0068698256523221715,44.86987306325676,0.30581,0.28455,14.450716511574578,23.647293450953956,35.086841429802405,0.3543615835932113,False,True,0.3325911156844806,False,True,False,True,False,True,True,True,1.5043716387371193,True,True,True,0.2907921397096581,True,False,True,False,True,False,True,False,True,False,False,False,True,False,True,False,False,1.0698538371574438,-9.196576939379378,0.0,other,True,flat,False,1.5043716387371193,0.2907921397096581,1.0698538371574438,35.086841429802405,14.450716511574578,23.647293450953956,-9.196576939379378,44.86987306325676,True,True,True,True,True,True,True,True,False,True,True,True,False,True,-0.018602948517421676,1.4830518464831615,1.6327176291557808,False,XRPUSDT,starter_short_adverse
2019-07-24 16:00:00+00:00,0.31797,0.31818,0.30977,0.31335,13663664.7,0.315670302985681,0.3208330380589005,0.3582850667819792,0.007526494785193853,0.007812637128742857,46.40218114794543,0.32135,0.30251,17.207284184933837,19.11589146969138,23.02031576949252,0.3569689181381795,False,True,0.3603920956978412,False,True,False,True,False,True,True,True,0.9942261666906554,True,True,True,0.3082846732645701,True,False,True,False,True,False,True,False,True,False,False,False,True,False,True,False,False,0.9633744228954036,-1.9086072847575437,0.0,other,True,flat,False,0.9942261666906554,0.3082846732645701,0.9633744228954036,23.02031576949252,17.207284184933837,19.11589146969138,-1.9086072847575437,46.40218114794543,True,True,True,True,True,True,True,True,False,True,True,True,False,True,0.012509972873783418,1.0562685854296052,1.7086306929087653,False,XRPUSDT,starter_short_adverse
2019-07-25 16:00:00+00:00,0.31585,0.31724,0.31117,0.31308,8832666.5,0.3159575715345491,0.3198893970920114,0.3558492480263451,0.006842692165576578,0.0074730241818022,45.81225565784961,0.323,0.30251,16.42747935816174,18.60645208340874,17.097289159111455,0.3569689181381795,False,True,0.3599452091734846,False,True,False,True,False,True,True,True,0.9951342143180602,True,True,True,0.4205320749375879,True,False,True,False,True,False,True,False,True,False,True,False,True,False,True,False,False,0.9156523515927375,-2.178972725247,0.0,other,False,Short1,True,0.9951342143180602,0.4205320749375879,0.9156523515927375,17.097289159111455,16.42747935816174,18.60645208340874,-2.178972725247,45.81225565784961,True,True,True,True,True,True,True,True,False,True,True,True,True,True,0.01137089561773351,1.911528340526757,1.9188354060486392,False,XRPUSDT,starter_short_adverse
2019-07-29 04:00:00+00:00,0.31204,0.3127,0.30988,0.31174,4184571.7,0.31263638163940705,0.3158687928423214,0.3477651931686878,0.00572990677023891,0.006175256942139145,46.803625583633014,0.31478,0.3,12.07963502096354,28.0743131047317,21.62838121110611,0.3567080333805857,False,True,0.3581644897421134,False,True,False,True,False,True,True,True,0.7205689390560923,True,True,True,0.15643913162127315,True,False,True,False,True,False,True,False,True,False,False,False,True,False,True,False,False,0.9278815155267105,-15.99467808376816,0.0,other,False,Short1,True,0.7205689390560923,0.15643913162127315,0.9278815155267105,21.62838121110611,12.07963502096354,28.0743131047317,-15.99467808376816,46.803625583633014,True,True,True,True,True,True,True,True,False,True,True,True,False,True,-0.016039006864694953,1.001761499822918,2.048898956083795,False,XRPUSDT,starter_short_adverse
2019-08-12 04:00:00+00:00,0.30299,0.30304,0.298,0.30036,3959074.5,0.30172399476718004,0.30617087940089177,0.3262340577222103,0.005000077952227894,0.004849363864111059,45.33699274254561,0.30605,0.29237,20.742970581059026,24.720618030699004,16.063924987249123,0.35588551595021356,False,True,0.3520473716775052,False,True,False,True,False,True,True,True,1.1621577616210146,True,True,True,0.27279470044507276,True,False,True,False,True,False,True,False,True,False,False,False,True,False,True,False,False,1.0310791461189852,-3.977647449639978,0.0,other,False,Short1,True,1.1621577616210146,0.27279470044507276,1.0310791461189852,16.063924987249123,20.742970581059026,24.720618030699004,-3.977647449639978,45.33699274254561,True,True,True,True,True,True,True,True,False,True,True,True,False,True,0.13373951258489825,11.471821149196687,0.3279948864135682,True,XRPUSDT,starter_short_followthrough
2019-08-24 08:00:00+00:00,0.27189,0.27189,0.2637,0.26798,13045517.3,0.2716839788528973,0.2743597683903244,0.2996599489140252,0.005242721310576124,0.005653831950183545,43.675586924360985,0.27815,0.26727,15.914532578090528,27.47738171886473,18.756235241589934,0.355360883950709,False,True,0.34335873570660075,False,True,False,True,False,True,True,True,1.216881083771229,True,True,True,0.7064992841456746,True,False,True,False,True,False,True,False,True,False,True,False,True,False,True,False,False,0.9272863708667403,-11.562849140774203,0.0,other,False,Short1,True,1.216881083771229,0.7064992841456746,0.9272863708667403,18.756235241589934,15.914532578090528,27.47738171886473,-11.562849140774203,43.675586924360985,True,True,True,True,True,True,True,True,False,True,True,True,True,True,0.004813792074035426,0.5436108141492708,2.233572853925585,False,XRPUSDT,starter_short_adverse
2019-10-02 00:00:00+00:00,0.24787,0.24901,0.24501,0.24573,9301964.4,0.24859197789842324,0.25099985451975354,0.263661286574978,0.006465177987028464,0.006503941658532554,45.891247432944624,0.26192,0.23794,20.67476653639522,24.06227405372209,21.867686873475197,0.3502655823195078,False,True,0.31697474600264086,False,True,False,True,False,True,True,True,0.8151136024911938,True,True,True,0.442675809415522,True,False,True,False,True,False,True,False,True,False,True,False,True,False,True,False,False,0.9940399724445197,-3.387507517326867,0.0,other,True,flat,False,0.8151136024911938,0.442675809415522,0.9940399724445197,21.867686873475197,20.67476653639522,24.06227405372209,-3.387507517326867,45.891247432944624,True,True,True,True,True,True,True,True,False,True,True,True,True,True,-0.02608554104097982,0.6403536002112199,1.6875018788174845,False,XRPUSDT,starter_short_adverse
2020-06-17 16:00:00+00:00,0.19087,0.19271,0.18945,0.19,20632843.2,0.19179907825018028,0.19382965627468884,0.198639468983936,0.003076207521686846,0.002682006731443869,44.53550120840512,0.19895,0.19003,17.6692291226091,23.100213163032713,28.759487977963175,0.31075764712396836,False,True,0.21821081589153826,False,True,False,True,False,True,True,True,1.244927804021765,True,True,True,0.5848364382106919,True,False,True,False,True,False,True,False,True,False,True,False,True,False,True,False,False,1.146979791520045,-5.430984040423613,0.0,other,True,flat,False,1.244927804021765,0.5848364382106919,1.146979791520045,28.759487977963175,17.6692291226091,23.100213163032713,-5.430984040423613,44.53550120840512,True,True,True,True,True,True,True,True,False,True,True,True,True,True,0.016736842105263095,1.6643870622852026,1.1702721531692775,True,XRPUSDT,starter_short_followthrough
2020-06-26 12:00:00+00:00,0.18552,0.18694,0.18125,0.18284,45400747.3,0.1839261798378355,0.18648379232373527,0.19367377163909577,0.0030078831812622784,0.002216957146296202,45.61609494883976,0.18565,0.17848,15.688403668819728,21.449510266789698,37.64138036326829,0.30955826755059557,False,True,0.21555956337369117,False,True,False,True,False,True,True,True,1.2114141754022927,True,True,True,0.3611110446715106,True,False,True,False,True,False,True,False,True,False,False,False,True,False,True,False,False,1.356761986260064,-5.76110659796997,0.0,other,False,Short1,True,1.2114141754022927,0.3611110446715106,1.356761986260064,37.64138036326829,15.688403668819728,21.449510266789698,-5.76110659796997,45.61609494883976,True,True,True,True,True,True,True,True,False,True,True,True,False,True,0.03494858893021224,4.601242523717939,0.3790040807108717,True,XRPUSDT,starter_short_followthrough
2020-06-26 20:00:00+00:00,0.18324,0.18398,0.18236,0.18249,9901866.6,0.18373027419831886,0.1862049540058779,0.19345970472710655,0.0028372564164965562,0.0023273635598166234,44.91053085865293,0.18694,0.17848,15.121178776401655,19.606965858131392,34.40762725508881,0.30955826755059557,False,True,0.21555956337369117,False,True,False,True,False,True,True,True,1.30934729208053,True,True,True,0.43713856495576714,True,False,True,False,True,False,True,False,True,False,False,False,True,False,True,False,False,1.2190860360124003,-4.485787081729738,0.0,other,False,Short1,True,1.30934729208053,0.43713856495576714,1.2190860360124003,34.40762725508881,15.121178776401655,19.606965858131392,-4.485787081729738,44.91053085865293,True,True,True,True,True,True,True,True,False,True,True,True,False,True,0.039235026576798726,4.754593177255883,0.35597769525784734,True,XRPUSDT,starter_short_followthrough
2020-06-29 20:00:00+00:00,0.17756,0.17939,0.17661,0.17726,26232693.2,0.17830649670642154,0.18170869725351443,0.1908466726046999,0.0028674310687120718,0.0030302938731576337,44.12223499548468,0.17983,0.17389,16.918059780179963,21.102833589356244,31.701010900358632,0.3083290310575548,False,True,0.21445397948047779,False,True,False,True,False,True,True,True,1.5514574359106037,True,True,True,0.36495967343046964,True,False,True,False,True,False,True,False,True,False,False,False,True,False,True,False,False,0.9462551121235462,-4.184773809176281,0.0,other,False,Short1,True,1.5514574359106037,0.36495967343046964,0.9462551121235462,31.701010900358632,16.918059780179963,21.102833589356244,-4.184773809176281,44.12223499548468,True,True,True,True,True,True,True,True,False,True,True,True,False,True,0.005979916506826162,1.8343945761746185,0.48475446024386254,True,XRPUSDT,starter_short_followthrough
2021-01-28 16:00:00+00:00,0.2634,0.2653,0.25795,0.26024,99944292.5,0.26188436900229084,0.2693634203728257,0.3016079738884332,0.008010297900364314,0.008303433256621093,45.65091969371769,0.26871,0.24388,17.117880104524087,22.446571747293905,22.03654196125274,0.3075487638112168,False,True,0.31416541668328524,False,True,False,True,False,True,True,True,1.1389614326841344,True,True,True,0.20528187874461273,True,False,True,False,True,False,True,False,True,False,False,False,True,False,True,False,False,0.964697090083426,-5.328691642769819,0.0,other,True,flat,False,1.1389614326841344,0.20528187874461273,0.964697090083426,22.03654196125274,17.117880104524087,22.446571747293905,-5.328691642769819,45.65091969371769,True,True,True,True,True,True,True,True,False,True,True,True,False,True,-0.5066477098063324,0.13607483935777986,61.76549313821374,False,XRPUSDT,starter_short_adverse
2022-12-07 00:00:00+00:00,0.3914,0.3925,0.3847,0.3856,49343577.0,0.3889689366662241,0.39065652549862573,0.40035049431219877,0.005951498730381129,0.006104985726332059,44.6578724933478,0.3942,0.38,14.710809792575317,22.822186903982224,24.692925034904803,0.5301820231015206,False,True,0.45047902649540517,False,True,False,True,False,True,True,True,0.8496222090770595,True,True,True,0.5660652583233227,True,False,True,False,True,False,True,False,True,False,True,False,True,False,True,False,False,0.9748587461410583,-8.111377111406908,0.0,other,True,flat,False,0.8496222090770595,0.5660652583233227,0.9748587461410583,24.692925034904803,14.710809792575317,22.822186903982224,-8.111377111406908,44.6578724933478,True,True,True,True,True,True,True,True,False,True,True,True,True,True,-0.004408713692946004,2.066706313354501,1.7810639773624186,False,XRPUSDT,starter_short_adverse
2022-12-15 00:00:00+00:00,0.3852,0.3867,0.3769,0.3814,52605933.0,0.38620390173543295,0.38659883687021146,0.3948266966624327,0.006638522380479904,0.005385911551102032,44.579067446929486,0.397,0.3768,17.16831712779416,25.04428818321983,21.421771053513353,0.5287822019761323,False,True,0.4456546159051838,False,True,False,True,False,True,True,True,0.7831316326503994,True,True,True,0.7236402108936866,True,False,True,False,True,False,True,False,True,False,False,False,True,False,True,False,False,1.2325717415692743,-7.875971055425669,0.0,other,False,Short1,True,0.7831316326503994,0.7236402108936866,1.2325717415692743,21.421771053513353,17.16831712779416,25.04428818321983,-7.875971055425669,44.579067446929486,True,True,True,True,True,True,True,True,False,True,True,True,False,True,0.10461457787100155,6.597853782762072,0.2862082691152432,True,XRPUSDT,starter_short_followthrough
2023-01-05 08:00:00+00:00,0.345,0.3455,0.337,0.3418,68953231.0,0.3453024168910495,0.34610966852924585,0.36137481242391817,0.007186378634884339,0.007256803127204331,44.710241486146025,0.3605,0.339,20.42993101168223,25.725928645627416,22.54273841795716,0.5237559492839147,False,True,0.42757758228384857,False,True,False,True,False,True,True,True,0.5996996189883085,True,True,True,0.4873688221836769,True,False,True,False,True,False,True,False,True,False,True,False,True,False,True,False,False,0.9902953833684719,-5.295997633945188,0.0,other,False,Short1,True,0.5996996189883085,0.4873688221836769,0.9902953833684719,22.54273841795716,20.42993101168223,25.725928645627416,-5.295997633945188,44.710241486146025,True,True,True,True,True,True,True,True,False,True,True,True,True,True,-0.0251609128145114,1.488927948780728,1.7672322382724535,False,XRPUSDT,starter_short_adverse
2023-02-28 00:00:00+00:00,0.3785,0.3792,0.3719,0.3757,72582534.0,0.37849846706229967,0.3829956252272748,0.38841485909627504,0.005121955604677604,0.005513030327122601,40.81743244320741,0.3807,0.3708,13.178105471007754,23.06050557369748,33.91728260007679,0.5127441807770667,False,True,0.4116867903286183,False,True,False,True,False,True,True,True,1.4243827534569296,True,True,True,0.5463669110571759,True,False,True,False,True,False,True,False,True,False,False,False,True,False,True,False,False,0.9290635640945024,-9.882400102689726,0.0,other,True,flat,False,1.4243827534569296,0.5463669110571759,0.9290635640945024,33.91728260007679,13.178105471007754,23.06050557369748,-9.882400102689726,40.81743244320741,True,True,True,True,True,True,True,True,False,True,True,True,False,True,0.0002661698163427974,4.256186832250406,1.7766651455724178,True,XRPUSDT,starter_short_followthrough
2023-02-28 20:00:00+00:00,0.3802,0.3819,0.3741,0.3762,61412905.0,0.37813760188459916,0.3820016161315253,0.38788124541998065,0.005240177199841514,0.00520868462405607,44.06357282769207,0.3827,0.3708,15.600780987529951,20.823090070589128,28.61825536483076,0.5127441807770667,False,True,0.4116867903286183,False,True,False,True,False,True,True,True,1.1071412111217853,True,True,True,0.36975884797517616,True,False,True,False,True,False,True,False,True,False,True,False,True,False,True,False,False,1.0060461667500462,-5.2223090830591765,0.0,other,False,Short1,True,1.1071412111217853,0.36975884797517616,1.0060461667500462,28.61825536483076,15.600780987529951,20.823090070589128,-5.2223090830591765,44.06357282769207,True,True,True,True,True,True,True,True,False,True,True,True,True,True,0.007177033492822915,4.255581280853334,1.6411658751272948,True,XRPUSDT,starter_short_followthrough
2023-03-02 12:00:00+00:00,0.3783,0.3789,0.3742,0.3758,54413004.0,0.37882403600299697,0.3811480351050043,0.387083166202585,0.004926384972796029,0.005109359958379909,43.83514543752365,0.3848,0.3726,16.69981855148641,20.60079518140966,17.9932994728426,0.5127441807770667,False,True,0.4110567358185098,False,True,False,True,False,True,True,True,1.0855901709948816,True,True,True,0.6138448415412033,True,False,True,False,True,False,True,False,True,False,True,False,True,False,True,False,False,0.9641882765993457,-3.9009766299232496,0.0,other,False,Short1,True,1.0855901709948816,0.6138448415412033,0.9641882765993457,17.9932994728426,16.69981855148641,20.60079518140966,-3.9009766299232496,43.83514543752365,True,True,True,True,True,True,True,True,False,True,True,True,True,True,0.022352315061202815,4.445450390282922,1.0961384523985191,True,XRPUSDT,starter_short_followthrough
2023-03-04 16:00:00+00:00,0.3751,0.3792,0.3714,0.3729,35338398.0,0.3746935400518793,0.37779529941132983,0.3853376926755927,0.0056081434153188075,0.00562668383916583,46.06500093272749,0.3806,0.3539,17.343185512381414,22.445531725261624,20.344991209568715,0.5127441807770667,False,True,0.41038831205041476,False,True,False,True,False,True,True,True,0.8728912670025823,True,True,True,0.31980994761656945,True,False,True,False,True,False,True,False,True,False,True,False,True,False,True,False,False,0.9967049110316155,-5.10234621288021,0.0,other,False,Short1,True,0.8728912670025823,0.31980994761656945,0.9967049110316155,20.344991209568715,17.343185512381414,22.445531725261624,-5.10234621288021,46.06500093272749,True,True,True,True,True,True,True,True,False,True,True,True,True,True,-0.06141056583534453,2.4963698256643374,5.153220568692802,False,XRPUSDT,starter_short_adverse
2023-03-05 04:00:00+00:00,0.3743,0.3751,0.3724,0.3728,15510677.0,0.3743776256576871,0.37730845135312624,0.3849877638073319,0.00550786847064702,0.0056906502895945075,46.01375719526388,0.3806,0.3652,17.63094997766697,22.100203648435052,19.19198136876365,0.5114024476350064,False,True,0.4100212641693161,False,True,False,True,False,True,True,True,0.8185473885502214,True,True,True,0.2864312512353389,True,False,True,False,True,False,True,False,True,False,False,False,True,False,True,False,False,0.9678803283199973,-4.469253670768083,0.0,other,False,Short1,True,0.8185473885502214,0.2864312512353389,0.9678803283199973,19.19198136876365,17.63094997766697,22.100203648435052,-4.469253670768083,46.01375719526388,True,True,True,True,True,True,True,True,False,True,True,True,False,True,-0.04747854077253217,2.5236622976886673,5.265194721796486,False,XRPUSDT,starter_short_adverse
2023-03-07 00:00:00+00:00,0.3696,0.371,0.3669,0.3682,87865502.0,0.3698499056139394,0.37384898367115305,0.3831781197140891,0.005435562898448572,0.0055349352291193575,45.55851839570789,0.3743,0.3589,17.489045216861975,26.164381449993936,23.83552206453837,0.5114024476350064,False,True,0.4091922844080366,False,True,False,True,False,True,True,True,1.0392637849458721,True,True,True,0.3035390528569304,True,False,True,False,True,False,True,False,True,False,True,False,True,False,True,False,False,0.9820463426296325,-8.675336233131961,0.0,other,False,Short1,True,1.0392637849458721,0.3035390528569304,0.9820463426296325,23.83552206453837,17.489045216861975,26.164381449993936,-8.675336233131961,45.55851839570789,True,True,True,True,True,True,True,True,False,True,True,True,True,True,-0.0016295491580662395,2.0421068079569524,6.181512499761549,False,XRPUSDT,starter_short_adverse
2023-03-13 08:00:00+00:00,0.3675,0.3679,0.3553,0.3601,79514849.0,0.3655722351536457,0.3703210754032324,0.3796351506802057,0.008562403137879203,0.008462673826417503,43.67500948323499,0.376,0.3473,15.976967967746097,28.993741328125928,28.90926750004072,0.50996361731028,False,True,0.40714481321178586,False,True,False,True,False,True,True,True,1.1937157406213934,True,True,True,0.6391003863666599,True,False,True,False,True,False,True,False,True,False,True,False,True,False,True,False,False,1.011784610101642,-13.016773360379831,0.0,other,False,Short1,True,1.1937157406213934,0.6391003863666599,1.011784610101642,28.90926750004072,15.976967967746097,28.993741328125928,-13.016773360379831,43.67500948323499,True,True,True,True,True,True,True,True,False,True,True,True,True,True,-0.04720910858094978,0.4788375335730233,3.141641378808382,False,XRPUSDT,starter_short_adverse
2023-05-13 12:00:00+00:00,0.4264,0.4272,0.4227,0.4255,20980884.0,0.42659848282308127,0.4351733498881932,0.4583537304708972,0.00756479115957517,0.008024018875381582,46.17560649261386,0.4446,0.4155,22.22607965220928,25.544274687178053,26.63199501596691,0.5062270600488233,False,True,0.43489134784411665,False,True,False,True,False,True,True,True,1.278733237195728,True,True,True,0.1452099337456093,True,False,True,False,True,False,True,False,True,False,False,False,True,False,True,False,False,0.9427683654614317,-3.318195034968774,0.0,other,True,flat,False,1.278733237195728,0.1452099337456093,0.9427683654614317,26.63199501596691,22.22607965220928,25.544274687178053,-3.318195034968774,46.17560649261386,True,True,True,True,True,True,True,True,False,True,True,True,False,True,-0.03595769682726213,1.0707499822711408,4.772107945677559,False,XRPUSDT,starter_short_adverse
2023-09-12 16:00:00+00:00,0.4827,0.4867,0.4774,0.482,51139852.0,0.48608110043695546,0.4950368620256002,0.5336811226783436,0.008620020019070257,0.006214180409598843,42.246017090827635,0.4982,0.459,13.990036401532686,26.049667242076083,45.641078226459825,0.5129896963419408,False,True,0.5223976808896916,False,True,False,True,False,True,True,True,1.5123934743490728,True,True,True,0.47344442680257925,True,False,True,False,True,False,True,False,True,False,False,False,True,False,True,False,False,1.3871531643586,-12.059630840543397,0.0,other,True,flat,False,1.5123934743490728,0.47344442680257925,1.3871531643586,45.641078226459825,13.990036401532686,26.049667242076083,-12.059630840543397,42.246017090827635,True,True,True,True,True,True,True,True,False,True,True,True,False,True,-0.03775933609958505,1.1252874098366903,3.0858397012016576,False,XRPUSDT,starter_short_adverse
2023-09-13 16:00:00+00:00,0.4832,0.4847,0.4795,0.4818,41226478.0,0.48347797661160474,0.49186508708181503,0.5305610987077527,0.008262223357219956,0.007390822811482063,45.20521455397793,0.4897,0.47,16.89130594786612,19.093425135530087,34.851285984957855,0.5129896963419408,False,True,0.521979793517655,False,True,False,True,False,True,True,True,1.218205638681946,True,True,True,0.20309020212318935,True,False,True,False,True,False,True,False,True,False,False,False,True,False,True,False,False,1.1179030492226283,-2.2021191876639676,0.0,other,False,Short1,True,1.218205638681946,0.20309020212318935,1.1179030492226283,34.851285984957855,16.89130594786612,19.093425135530087,-2.2021191876639676,45.20521455397793,True,True,True,True,True,True,True,True,False,True,True,True,False,True,-0.03154836031548359,0.2299623137565865,3.243678951934993,False,XRPUSDT,starter_short_adverse
2023-09-14 04:00:00+00:00,0.485,0.4853,0.4799,0.4813,40942256.0,0.4833714114651762,0.490874662310035,0.5291591968519594,0.007586955071360145,0.007860267025082395,44.963413850016586,0.4897,0.4723,16.25146156387299,17.777649246712485,28.548529236779924,0.5129896963419408,False,True,0.5215939249254395,False,True,False,True,False,True,True,True,1.2619901159265097,True,True,True,0.27302276680081194,True,False,True,False,True,False,True,False,True,False,False,False,True,False,True,False,False,0.9652286680783105,-1.5261876828394954,0.0,other,False,Short1,True,1.2619901159265097,0.27302276680081194,0.9652286680783105,28.548529236779924,16.25146156387299,17.777649246712485,-1.5261876828394954,44.963413850016586,True,True,True,True,True,True,True,True,False,True,True,True,False,True,-0.020569291502181633,0.1318051827899815,3.5982814901664977,False,XRPUSDT,starter_short_adverse
2023-09-26 04:00:00+00:00,0.5057,0.5065,0.4987,0.5019,48822014.0,0.5052110624457988,0.5055670486582213,0.5169792420504491,0.006271927955587328,0.0061771509317975525,44.19843346682137,0.5115,0.4912,16.617311112312198,20.22057371470795,17.62542546366892,0.512627315285196,False,True,0.5196854955162867,False,True,False,True,False,True,True,True,0.5846764637904582,True,True,True,0.5279178060151613,True,False,True,False,True,False,True,False,True,False,False,False,True,False,True,False,False,1.0153431614082635,-3.603262602395752,0.0,other,True,flat,False,0.5846764637904582,0.5279178060151613,1.0153431614082635,17.62542546366892,16.617311112312198,20.22057371470795,-3.603262602395752,44.19843346682137,True,True,True,True,True,True,True,True,False,True,True,True,False,True,-0.026499302649930223,1.0682520665804787,7.57342883023469,False,XRPUSDT,starter_short_adverse
2019-01-21 12:00:00+00:00,31.05,31.22,30.5,30.75,26273.90504,31.16267058185867,31.543152967055114,31.739683320852283,0.8426679692428222,0.8525502204447439,45.027925662895534,33.2,28.45,18.664043209818395,29.198006340408934,23.506566704936272,38.21333333333333,False,True,31.728138867419517,False,True,False,True,False,True,True,True,0.9412401989929682,True,True,True,0.4897190790691551,True,False,True,False,True,False,True,False,True,False,False,False,True,False,True,False,False,0.9884085993236075,-10.53396313059054,0.0,other,True,flat,False,0.9412401989929682,0.4897190790691551,0.9884085993236075,23.506566704936272,18.664043209818395,29.198006340408934,-10.53396313059054,45.027925662895534,True,True,True,True,True,True,True,True,False,True,True,True,False,True,-0.05495934959349586,1.507117923493824,2.7887615119767633,False,LTCUSDT,starter_short_adverse
2019-01-22 00:00:00+00:00,30.82,31.1,30.29,30.62,27696.77998,31.042271625199074,31.447733702882502,31.70895178307926,0.7832367086102336,0.842914480436262,44.078635949053925,32.94,28.45,17.536521254140887,27.183807992186296,23.419875607728926,38.21333333333333,False,True,31.719102659783502,False,True,False,True,False,True,True,True,1.0568116813003086,True,True,True,0.5391366627189209,True,False,True,False,True,False,True,False,True,False,False,False,True,False,True,False,False,0.9292006802455911,-9.647286738045409,0.0,other,False,Short1,True,1.0568116813003086,0.5391366627189209,0.9292006802455911,23.419875607728926,17.536521254140887,27.183807992186296,-9.647286738045409,44.078635949053925,True,True,True,True,True,True,True,True,False,True,True,True,False,True,-0.07544088830829519,1.455498685732955,3.166348018085726,False,LTCUSDT,starter_short_adverse
2022-09-22 12:00:00+00:00,53.45,53.76,52.14,52.77,137167.644,52.92278040860296,54.709366170185824,57.105560572287175,1.6396520776642036,1.5818289709163162,46.8421592087697,55.52,50.23,20.41265411940452,23.134857209622645,22.61920180188085,100.41086489816458,False,True,76.73085527963843,False,True,False,True,False,True,True,True,1.182791274200427,True,True,True,0.093178553355419,True,False,True,False,True,False,True,False,True,False,False,False,True,False,True,False,False,1.03655458827157,-2.722203090218123,0.0,other,True,flat,False,1.182791274200427,0.093178553355419,1.03655458827157,22.61920180188085,20.41265411940452,23.134857209622645,-2.722203090218123,46.8421592087697,True,True,True,True,True,True,True,True,False,True,True,True,False,True,-0.005874549933674344,0.8355431122629766,1.94553469205758,False,LTCUSDT,starter_short_adverse
2022-09-23 08:00:00+00:00,53.57,53.67,52.06,52.56,107562.268,53.1157273502691,54.478921461593025,56.92728261670415,1.6080337226902766,1.590022917531445,45.263766765690896,55.52,50.23,18.45531209035519,21.837935015604728,17.09525198141284,100.41086489816458,False,True,76.50039900819924,False,True,False,True,False,True,True,True,1.1933340915155832,True,True,True,0.3455943382451895,True,False,True,False,True,False,True,False,True,False,True,False,True,False,True,False,False,1.0113273871465913,-3.382622925249539,0.0,other,False,Short1,True,1.1933340915155832,0.3455943382451895,1.0113273871465913,17.09525198141284,18.45531209035519,21.837935015604728,-3.382622925249539,45.263766765690896,True,True,True,True,True,True,True,True,False,True,True,True,True,True,-0.04547184170471843,0.7213779062166045,2.1143835182210746,False,LTCUSDT,starter_short_adverse
2022-09-23 12:00:00+00:00,52.56,53.3,51.4,52.33,116099.775,53.040896174052996,54.394650031726634,56.8815385110653,1.6288884567838282,1.5946998519934847,44.073464061301166,54.75,50.23,16.917668743724754,22.912634731768463,16.949253173431625,100.41086489816458,False,True,76.50039900819924,False,True,False,True,False,True,True,True,1.267520819567474,True,True,True,0.43643023627083244,True,False,True,False,True,False,True,False,True,False,False,False,True,False,True,False,False,1.021438896321214,-5.99496598804371,0.0,other,False,Short1,True,1.267520819567474,0.43643023627083244,1.021438896321214,16.949253173431625,16.917668743724754,22.912634731768463,-5.99496598804371,44.073464061301166,True,True,True,True,True,True,True,True,False,True,True,True,False,True,-0.0382189948404357,0.3315144126358452,2.228513551607631,False,LTCUSDT,starter_short_adverse
2022-10-12 08:00:00+00:00,52.48,52.98,52.09,52.18,110702.498,52.64996010965597,53.11432077135472,54.53482620513656,0.7444887635394328,0.6921430810664198,42.161097463954604,53.56,51.27,18.056133231151403,18.790015464284867,18.852056426197564,98.98967051153123,False,True,72.50050678183749,False,True,False,True,False,True,True,True,1.2549830395193502,True,True,True,0.6312521191343403,True,False,True,False,True,False,True,False,True,False,False,False,True,False,True,False,False,1.0756284125420448,-0.733882233133464,0.0,other,True,flat,False,1.2549830395193502,0.6312521191343403,1.0756284125420448,18.852056426197564,18.056133231151403,18.790015464284867,-0.733882233133464,42.161097463954604,True,True,True,True,True,True,True,True,False,True,True,True,False,True,0.022997316979685756,5.184765961609505,0.5238494106289405,True,LTCUSDT,starter_short_followthrough
2022-10-14 12:00:00+00:00,51.89,52.46,51.12,51.24,81178.211,51.80386707913117,52.45669018310841,54.165040396484436,1.0540349052839313,0.8602136611425578,43.31765197148248,52.57,48.32,13.176571345723726,24.67723338978751,27.101976528410802,98.98967051153123,False,True,72.08787676214813,False,True,False,True,False,True,True,True,1.15431678496516,True,True,True,0.5349605371743159,True,False,True,False,True,False,True,False,True,False,True,False,True,False,True,False,False,1.2253175610858529,-11.500662044063784,0.0,other,True,flat,False,1.15431678496516,0.5349605371743159,1.2253175610858529,27.101976528410802,13.176571345723726,24.67723338978751,-11.500662044063784,43.31765197148248,True,True,True,True,True,True,True,True,False,True,True,True,True,True,-0.0025370804059327763,0.9297604804994726,0.910785776815807,False,LTCUSDT,starter_short_adverse
2022-10-15 12:00:00+00:00,51.46,51.67,51.28,51.44,32099.099,51.61741796209512,52.227663148209764,54.00282894398377,0.8310379028852014,0.9129674976022228,45.60527901813097,52.57,50.9,13.752380431814375,22.327392027482635,27.777002846899887,98.98967051153123,False,True,71.88113171973869,False,True,False,True,False,True,True,True,0.9478065266038453,True,True,True,0.21348961518982423,True,False,True,False,True,False,True,False,True,False,False,False,True,False,True,False,False,0.9102601188627222,-8.57501159566826,0.0,other,False,Short1,True,0.9478065266038453,0.21348961518982423,0.9102601188627222,27.777002846899887,13.752380431814375,22.327392027482635,-8.57501159566826,45.60527901813097,True,True,True,True,True,True,True,True,False,True,True,True,False,True,-0.0029160186625195508,1.4199111687965975,0.9145190578690015,False,LTCUSDT,starter_short_adverse
2022-10-18 16:00:00+00:00,51.37,51.65,50.75,51.27,43558.547,51.516377973020504,51.79478803354772,53.545713807230584,0.704440006043888,0.7248405280911145,46.01120444310948,52.2,51.05,13.607166184562965,19.377976876772127,17.408536878647503,98.54101707360554,False,True,71.27044172093187,False,True,False,True,False,True,True,True,0.744971933798745,True,True,True,0.3497501148524359,True,False,True,False,True,False,True,False,True,False,False,False,True,False,True,False,False,0.9718551581256751,-5.770810692209162,0.0,other,False,Short1,True,0.744971933798745,0.3497501148524359,0.9718551581256751,17.408536878647503,13.607166184562965,19.377976876772127,-5.770810692209162,46.01120444310948,True,True,True,True,True,True,True,True,False,True,True,True,False,True,-0.02067485859176897,2.455851435405589,1.7176764374801967,False,LTCUSDT,starter_short_adverse
2023-06-20 12:00:00+00:00,77.22,77.33,75.68,76.64,67209.229,77.01934213230541,77.8201659291817,83.57523667542677,1.0744954468965338,1.1925125035053366,46.25861490412242,78.33,76.05,16.165289489141763,27.962475758648246,18.994220959584815,93.65663202300995,False,True,84.38265057836234,False,True,False,True,False,True,True,True,1.0983442811138677,True,True,True,0.3530421030643403,True,False,True,False,True,False,True,False,True,False,True,False,True,False,True,False,False,0.9010349524538342,-11.797186269506483,0.0,other,True,flat,False,1.0983442811138677,0.3530421030643403,0.9010349524538342,18.994220959584815,16.165289489141763,27.962475758648246,-11.797186269506483,46.25861490412242,True,True,True,True,True,True,True,True,False,True,True,True,True,True,-0.14183194154488524,0.2605874234355533,15.9702863791217,False,LTCUSDT,starter_short_adverse
2023-09-07 04:00:00+00:00,63.29,63.34,62.92,63.21,72324.711,63.30290930506814,64.10316356002127,70.96640399631652,0.7578210700295037,0.8056576768876831,45.535643156788986,63.91,61.36,13.070893016165197,24.264694365898237,29.33236260906149,92.86402146439434,False,True,82.80434900588011,False,True,False,True,False,True,True,True,1.1785942557475984,True,True,True,0.12260058309611666,True,False,True,False,True,False,True,False,True,False,False,False,True,False,True,False,False,0.9406241531229792,-11.19380134973304,0.0,other,True,flat,False,1.1785942557475984,0.12260058309611666,0.9406241531229792,29.33236260906149,13.070893016165197,24.264694365898237,-11.19380134973304,45.535643156788986,True,True,True,True,True,True,True,True,False,True,True,True,False,True,0.028634709697832657,4.209436931960474,1.689053063607958,True,LTCUSDT,starter_short_followthrough
2023-09-07 08:00:00+00:00,63.21,63.27,62.84,62.9,50623.578,63.264536990299746,64.05598067531456,70.88614126998502,0.7344052793131106,0.7977892713957057,41.449859888796745,63.91,61.36,12.52424233983176,24.02798013059473,29.48519821584288,92.86402146439434,False,True,82.80434900588011,False,True,False,True,False,True,True,True,1.5740364453748865,True,True,True,0.49637032925566493,True,False,True,False,True,False,True,False,True,False,True,False,True,False,True,False,False,0.9205504581783772,-11.50373779076297,0.0,other,False,Short1,True,1.5740364453748865,0.49637032925566493,0.9205504581783772,29.48519821584288,12.52424233983176,24.02798013059473,-11.50373779076297,41.449859888796745,True,True,True,True,True,True,True,True,False,True,True,True,True,True,0.04928457869634342,5.310419341821275,2.165017116280977,True,LTCUSDT,starter_short_followthrough
2023-09-08 08:00:00+00:00,63.36,63.37,61.51,62.56,140360.27,63.2145717741594,63.864703591631994,70.43627767866487,0.8442919180990746,0.7714840760806823,39.49961322827146,64.49,61.36,16.43301198995681,31.581364413405755,25.206569016382396,92.86402146439434,False,True,82.61435548343354,False,True,False,True,False,True,True,True,1.545322848250798,True,True,True,0.7752908207781621,True,False,True,False,True,False,True,False,True,False,True,False,True,False,True,False,False,1.09437374571394,-15.148352423448944,0.0,other,False,Short1,True,1.545322848250798,0.7752908207781621,1.09437374571394,25.206569016382396,16.43301198995681,31.581364413405755,-15.148352423448944,39.49961322827146,True,True,True,True,True,True,True,True,False,True,True,True,True,True,0.027813299232736604,5.779991369557742,0.8764741011214543,True,LTCUSDT,starter_short_followthrough
2023-09-12 12:00:00+00:00,60.82,60.96,60.24,60.5,75166.324,60.82562756889514,62.070437294333736,68.40925949252593,1.1366403041443576,0.8392773467470883,45.305336024379436,61.66,57.68,21.057052736849226,27.114041115843538,36.41160021159395,92.57612075330584,False,True,81.78216623004869,False,True,False,True,False,True,True,True,1.3816484323208416,True,True,True,0.28648251140475783,True,False,True,False,True,False,True,False,True,False,False,False,True,False,True,False,False,1.3543083326981278,-6.056988378994312,0.0,other,False,Short1,True,1.3816484323208416,0.28648251140475783,1.3543083326981278,36.41160021159395,21.057052736849226,27.114041115843538,-6.056988378994312,45.305336024379436,True,True,True,True,True,True,True,True,False,True,True,True,False,True,-0.06595041322314041,0.7654136465404663,5.7625969940690425,False,LTCUSDT,starter_short_adverse
2023-09-12 16:00:00+00:00,60.51,61.53,59.77,60.35,116455.161,60.780329705190844,62.00296916514418,68.32906785578439,1.1811659967054746,0.8654361076937249,44.38270362048823,61.66,57.68,22.26285804392722,24.22822970473501,34.11272990750048,92.57612075330584,False,True,81.78216623004869,False,True,False,True,False,True,True,True,1.3994384953128212,True,True,True,0.36432618818279977,True,False,True,False,True,False,True,False,True,False,False,False,True,False,True,False,False,1.3648217195988377,-1.96537166080779,0.0,other,False,Short1,True,1.3994384953128212,0.36432618818279977,1.3648217195988377,34.11272990750048,22.26285804392722,24.22822970473501,-1.96537166080779,44.38270362048823,True,True,True,True,True,True,True,True,False,True,True,True,False,True,-0.07174813587406803,0.6095671582218193,5.6723610556752675,False,LTCUSDT,starter_short_adverse
2023-09-25 08:00:00+00:00,64.45,64.56,63.95,63.95,50840.556,64.53815323527053,64.58560676997371,66.32665458166187,0.7982920729462641,0.8864269017687281,42.2547194352995,65.26,62.56,12.730915284012745,27.679654889257836,19.004605613496793,91.97732328288073,False,True,79.64656416623227,False,True,False,True,False,True,True,True,0.7962082945755248,True,True,True,0.736764469049307,True,False,True,False,True,False,True,False,True,False,True,False,True,False,True,False,False,0.900572930890743,-14.948739605245091,0.0,other,False,Short1,True,0.7962082945755248,0.736764469049307,0.900572930890743,19.004605613496793,12.730915284012745,27.679654889257836,-14.948739605245091,42.2547194352995,True,True,True,True,True,True,True,True,False,True,True,True,True,True,-0.027365129007036745,1.164987141319893,3.1943195810384135,False,LTCUSDT,starter_short_adverse
2023-10-05 20:00:00+00:00,64.92,65.28,64.65,64.8,37104.668,64.9997553994032,65.24674437388532,65.84532997641264,0.8520991566626372,0.9281362773320941,46.26651946726529,65.16,63.72,14.092946770557994,26.66570246626301,28.265787869910767,91.6947628522053,False,True,78.27766128744844,False,True,False,True,False,True,True,True,0.5242868396150734,True,True,True,0.23442741122473476,True,False,True,False,True,False,True,False,True,False,False,False,True,False,True,False,False,0.9180754782174619,-12.572755695705016,0.0,other,True,flat,False,0.5242868396150734,0.23442741122473476,0.9180754782174619,28.265787869910767,14.092946770557994,26.66570246626301,-12.572755695705016,46.26651946726529,True,True,True,True,True,True,True,True,False,True,True,True,False,True,0.026697530864197485,3.8610529939798717,1.7251513377356864,True,LTCUSDT,starter_short_followthrough
2024-01-09 12:00:00+00:00,65.97,66.1,64.16,65.03,188660.303,65.88002008983779,67.37995908390201,70.455056810361,1.505335431499706,1.4464790236375982,44.274791799720354,68.37,61.0,17.008465171607796,33.29558823711671,39.65649490424358,88.8827033353506,False,True,73.33078988263757,False,True,False,True,False,True,True,True,1.5610866752540569,True,True,True,0.5646715489789161,True,False,True,False,True,False,True,False,True,False,True,False,True,False,True,False,False,1.040689430610681,-16.287123065508915,0.0,other,True,flat,False,1.5610866752540569,0.5646715489789161,1.040689430610681,39.65649490424358,17.008465171607796,33.29558823711671,-16.287123065508915,44.274791799720354,True,True,True,True,True,True,True,True,False,True,True,True,True,True,-0.10702752575734267,0.2989366958244553,8.077933824945228,False,LTCUSDT,starter_short_adverse
2024-06-13 00:00:00+00:00,78.5,78.6,77.27,77.98,54870.455,78.52515800392379,80.13039241765314,82.56388412904599,1.3756937612105982,1.150501833779465,44.61635443475746,79.85,75.55,11.241151230733843,24.863520404206643,50.16208994218146,87.32270630592669,False,True,80.88612039934937,False,True,False,True,False,True,True,True,1.5631330738614464,True,True,True,0.3962786045086474,True,False,True,False,True,False,True,False,True,False,False,False,True,False,True,False,False,1.1957336536277954,-13.6223691734728,0.0,other,True,flat,False,1.5631330738614464,0.3962786045086474,1.1957336536277954,50.16208994218146,11.241151230733843,24.863520404206643,-13.6223691734728,44.61635443475746,True,True,True,True,True,True,True,True,False,True,True,True,False,True,-0.0034624262631443446,1.5119644056316843,1.6646146581233403,False,LTCUSDT,starter_short_adverse
2024-06-13 12:00:00+00:00,78.91,79.47,77.91,78.07,101110.24,78.51067041884387,79.94350436517233,82.44324502133226,1.3576199684328303,1.2128884944655558,45.51645563398358,79.5,76.33,14.005615025230814,20.32998607171839,44.998701343214954,87.32270630592669,False,True,80.88612039934937,False,True,False,True,False,True,True,True,1.3799917567027382,True,True,True,0.3245904075442907,True,False,True,False,True,False,True,False,True,False,False,False,True,False,True,False,False,1.1193279304962396,-6.3243710464875775,0.0,other,False,Short1,True,1.3799917567027382,0.3245904075442907,1.1193279304962396,44.998701343214954,14.005615025230814,20.32998607171839,-6.3243710464875775,45.51645563398358,True,True,True,True,True,True,True,True,False,True,True,True,False,True,0.021262969130267668,1.598385446926601,1.620482941584584,False,LTCUSDT,starter_short_adverse
2024-06-22 00:00:00+00:00,74.17,74.22,73.56,73.91,27431.114,74.21928395486452,75.69698898946936,79.82391488515839,1.1911001425935162,1.3133911227338706,45.8222931566723,75.35,72.17,15.067281598858308,27.24213808770749,36.31895619756999,87.25471917850453,False,True,80.48844310161283,False,True,False,True,False,True,True,True,1.5002844224150225,True,True,True,0.2596624278720068,True,False,True,False,True,False,True,False,True,False,False,False,True,False,True,False,False,0.906889137574037,-12.174856488849183,0.0,other,False,Short1,True,1.5002844224150225,0.2596624278720068,0.906889137574037,36.31895619756999,15.067281598858308,27.24213808770749,-12.174856488849183,45.8222931566723,True,True,True,True,True,True,True,True,False,True,True,True,False,True,0.031118928426464583,5.3815794077925165,0.9654939655166034,True,LTCUSDT,starter_short_followthrough
2024-06-26 12:00:00+00:00,71.85,71.92,70.36,71.35,69220.787,71.68650029660996,73.17653579924406,78.01057436496805,1.1626085169033606,1.1434728333903357,45.109271701151556,72.03,67.5,15.181706771971092,24.963767880792812,31.076092932686354,87.17238366429056,False,True,80.16484574586202,False,True,False,True,False,True,True,True,1.571066934989516,True,True,True,0.28943560254164247,True,False,True,False,True,False,True,False,True,False,False,False,True,False,True,False,False,1.0167347075979836,-9.78206110882172,0.0,other,False,Short1,True,1.571066934989516,0.28943560254164247,1.0167347075979836,31.076092932686354,15.181706771971092,24.963767880792812,-9.78206110882172,45.109271701151556,True,True,True,True,True,True,True,True,False,True,True,True,False,True,-0.0472319551506658,0.8257293715316828,4.773747929167582,False,LTCUSDT,starter_short_adverse
2024-07-08 12:00:00+00:00,65.97,65.99,62.55,64.28,119042.42,64.36149297624107,67.20846422355059,73.55116588724638,1.9932765581349423,1.8215202785114921,46.99052638816364,67.03,59.25,24.748151807641765,29.061866764410762,34.67021687397374,86.91837938391552,False,True,79.0449909448986,False,True,False,True,False,True,True,True,1.4691710548638972,True,True,True,0.0408839284787037,True,False,True,False,True,False,True,False,True,False,False,False,True,False,True,False,False,1.0942928177356366,-4.313714956768997,0.0,other,False,Short1,True,1.4691710548638972,0.0408839284787037,1.0942928177356366,34.67021687397374,24.748151807641765,29.061866764410762,-4.313714956768997,46.99052638816364,True,True,True,True,True,True,True,True,False,True,True,True,False,True,-0.07140634723086502,0.24080953445272424,2.5285001117535795,False,LTCUSDT,starter_short_adverse
2024-08-29 08:00:00+00:00,62.51,62.73,62.13,62.18,60062.479,62.49961420111134,63.52690821668892,65.14109477048608,1.2528811965773157,1.1572575826155485,45.5693352689757,63.97,59.0,16.75610095077639,24.37141375569473,25.876161626973442,85.53648055973528,False,True,73.86720027355304,False,True,False,True,False,True,True,True,1.075048632199506,True,True,True,0.25510335855026045,True,False,True,False,True,False,True,False,True,False,False,False,True,False,True,False,False,1.0826294987375635,-7.615312804918339,0.0,other,True,flat,False,1.075048632199506,0.25510335855026045,1.0826294987375635,25.876161626973442,16.75610095077639,24.37141375569473,-7.615312804918339,45.5693352689757,True,True,True,True,True,True,True,True,False,True,True,True,False,True,-0.02798327436474754,0.8699946993998422,3.408144372878295,False,LTCUSDT,starter_short_adverse
2024-08-30 00:00:00+00:00,62.46,62.6,61.85,62.19,28752.793,62.580231088399536,63.41587632273995,65.04899008588893,1.368921279035941,1.223987812814522,45.79984223690809,63.96,59.4,14.618441307053098,21.452786970864135,23.076679044540032,85.53648055973528,False,True,73.75379529570675,False,True,False,True,False,True,True,True,0.8955053453499311,True,True,True,0.2850646668845395,True,False,True,False,True,False,True,False,True,False,False,False,True,False,True,False,False,1.1184108736247536,-6.834345663811037,0.0,other,False,Short1,True,0.8955053453499311,0.2850646668845395,1.1184108736247536,23.076679044540032,14.618441307053098,21.452786970864135,-6.834345663811037,45.79984223690809,True,True,True,True,True,True,True,True,False,True,True,True,False,True,-0.06255024923621162,0.46752140521237184,3.111939353444851,False,LTCUSDT,starter_short_adverse
2024-08-30 12:00:00+00:00,63.55,63.94,61.55,61.78,100719.482,62.69757100046782,63.37757599636665,64.9913683262934,1.464923487624623,1.2867316781171667,44.25993556468587,64.04,61.09,16.991418491458408,23.120762681048454,19.932136033094757,85.53648055973528,False,True,73.75379529570675,False,True,False,True,False,True,True,True,1.090552516812413,True,True,True,0.6263610408456622,True,False,True,False,True,False,True,False,True,False,True,False,True,False,True,False,False,1.138484046470511,-6.1293441895900465,0.0,other,False,Short1,True,1.090552516812413,0.6263610408456622,1.138484046470511,19.932136033094757,16.991418491458408,23.120762681048454,-6.1293441895900465,44.25993556468587,True,True,True,True,True,True,True,True,False,True,True,True,True,True,-0.0503399158303658,0.13652590165258618,3.187879803587843,False,LTCUSDT,starter_short_adverse
2024-09-11 08:00:00+00:00,61.47,61.74,61.06,61.24,85925.96,61.507707413668065,62.54111236086183,64.18187331233226,0.9884913629178141,1.0980876211930128,45.00893877037885,62.0,60.04,16.297483698036356,23.981545568432953,27.447653036447942,85.1140245698393,False,True,72.6051072282285,False,True,False,True,False,True,True,True,1.3162607278845866,True,True,True,0.2708242314610097,True,False,True,False,True,False,True,False,True,False,False,False,True,False,True,False,False,0.9001935217554604,-7.684061870396597,0.0,other,False,Short1,True,1.3162607278845866,0.2708242314610097,0.9001935217554604,27.447653036447942,16.297483698036356,23.981545568432953,-7.684061870396597,45.00893877037885,True,True,True,True,True,True,True,True,False,True,True,True,False,True,-0.055845852384062616,1.1229233169256208,5.584267305792283,False,LTCUSDT,starter_short_adverse
2024-10-11 04:00:00+00:00,65.01,65.13,64.6,64.6,23807.202,65.00666777678697,65.44940827179354,65.5995451237574,0.8007934765926329,0.8852824494774305,43.423536948739155,65.72,63.22,13.711380624406964,24.351586932838913,30.486393334981173,84.34780291162394,False,True,70.81494193988074,False,True,False,True,False,True,True,True,1.060708280751452,True,True,True,0.5078310309386406,True,False,True,False,True,False,True,False,True,False,False,False,True,False,True,False,False,0.9045626930312803,-10.64020630843195,0.0,other,True,flat,False,1.060708280751452,0.5078310309386406,0.9045626930312803,30.486393334981173,13.711380624406964,24.351586932838913,-10.64020630843195,43.423536948739155,True,True,True,True,True,True,True,True,False,True,True,True,False,True,-0.035294117647058844,0.5994054822254351,4.058474619234803,False,LTCUSDT,starter_short_adverse
2026-03-28 16:00:00+00:00,54.56,54.79,53.91,54.15,91749.446,54.52953427861868,55.00218808666164,55.672900315541085,0.7581589325332329,0.7706522618483325,44.24007759666322,55.18,53.26,16.624996340570288,18.60468682197265,25.116094701251935,87.83081682568655,False,True,74.59831999437371,False,True,False,True,False,True,True,True,1.1240230116582934,True,True,True,0.5005998905144359,True,False,True,False,True,False,True,False,True,False,False,False,True,False,True,False,False,0.9837886295368347,-1.9796904814023613,0.0,other,True,flat,False,1.1240230116582934,0.5005998905144359,0.9837886295368347,25.116094701251935,16.624996340570288,18.60468682197265,-1.9796904814023613,44.24007759666322,True,True,True,True,True,True,True,True,False,True,True,True,False,True,-0.0007386888273314708,2.5456403890821413,0.8309603342599771,False,LTCUSDT,starter_short_adverse
2026-03-30 08:00:00+00:00,54.13,54.41,53.68,53.75,46437.1,54.07288041222745,54.6106958318966,55.496576212311375,0.7982773106894266,0.7566821960655735,44.31183212814596,54.79,52.22,12.994101906792894,23.63950115111096,25.678479065764666,87.48931616075434,False,True,74.1821987103585,False,True,False,True,False,True,True,True,1.0781915261417934,True,True,True,0.40447148867176846,True,False,True,False,True,False,True,False,True,False,False,False,True,False,True,False,False,1.0549703889428483,-10.645399244318066,0.0,other,False,Short1,True,1.0781915261417934,0.40447148867176846,1.0549703889428483,25.678479065764666,12.994101906792894,23.63950115111096,-10.645399244318066,44.31183212814596,True,True,True,True,True,True,True,True,False,True,True,True,False,True,0.014325581395348895,2.9438391502953283,1.290278436086889,True,LTCUSDT,starter_short_followthrough
2026-03-30 16:00:00+00:00,53.92,54.17,53.06,53.36,66378.05,53.99181367078029,54.53562502590687,55.45978551480763,0.8087187015638426,0.7596698527300101,40.856931123552584,54.41,52.22,11.059441633877674,25.513893298732306,27.04709339670779,87.48931616075434,False,True,74.1821987103585,False,True,False,True,False,True,True,True,1.4536884378134547,True,True,True,0.781252702031662,True,False,True,False,True,False,True,False,True,False,True,False,True,False,True,False,False,1.064566006743017,-14.454451664854632,0.0,other,False,Short1,True,1.4536884378134547,0.781252702031662,1.064566006743017,27.04709339670779,11.059441633877674,25.513893298732306,-14.454451664854632,40.856931123552584,True,True,True,True,True,True,True,True,False,True,True,True,True,True,0.004310344827586149,2.423586837066946,1.7558639329770744,True,LTCUSDT,starter_short_followthrough
2026-03-31 08:00:00+00:00,53.85,54.02,53.13,53.52,72483.057,53.86818922871519,54.3992005329883,55.38728481002681,0.7719133911746382,0.7539960215488812,43.73751008191968,54.41,52.22,12.763309190066426,23.85214005512867,27.318663438987727,87.48931616075434,False,True,73.9748136485639,False,True,False,True,False,True,True,True,1.1389885744181742,True,True,True,0.4510729217760267,True,False,True,False,True,False,True,False,True,False,True,False,True,False,True,False,False,1.0237632150749953,-11.088830865062246,0.0,other,False,Short1,True,1.1389885744181742,0.4510729217760267,1.0237632150749953,27.318663438987727,12.763309190066426,23.85214005512867,-11.088830865062246,43.73751008191968,True,True,True,True,True,True,True,True,False,True,True,True,True,True,0.0028026905829597474,2.746422104135222,1.6323074769860222,True,LTCUSDT,starter_short_followthrough
2026-03-31 12:00:00+00:00,53.52,54.25,53.29,53.41,53074.334,53.82455215931374,54.36040835522406,55.367610334305155,0.7853481489478784,0.7555320200096755,42.543800701761626,54.41,52.22,13.740784975071898,21.769528260274214,26.982302469588372,87.48931616075434,False,True,73.9748136485639,False,True,False,True,False,True,True,True,1.2101745658881526,True,True,True,0.5278578167773282,True,False,True,False,True,False,True,False,True,False,False,False,True,False,True,False,False,1.0394637528900776,-8.028743285202316,0.0,other,False,Short1,True,1.2101745658881526,0.5278578167773282,1.0394637528900776,26.982302469588372,13.740784975071898,21.769528260274214,-8.028743285202316,42.543800701761626,True,True,True,True,True,True,True,True,False,True,True,True,False,True,-0.0011233851338701044,2.55937446684349,1.7444492634704458,False,LTCUSDT,starter_short_adverse
2026-04-03 12:00:00+00:00,52.98,53.27,52.74,52.93,43619.376,53.04284408705293,53.681927331930794,54.99913695689962,0.6912464519946462,0.7585291800257267,46.13104756628313,54.43,51.4,16.28162926182804,22.074355375495593,28.072994571922678,87.48931616075434,False,True,73.36518803276495,False,True,False,True,False,True,True,True,1.0877847253480268,True,True,True,0.16324725678852595,True,False,True,False,True,False,True,False,True,False,False,False,True,False,True,False,False,0.9112984314871071,-5.792726113667552,0.0,other,False,Short1,True,1.0877847253480268,0.16324725678852595,0.9112984314871071,28.072994571922678,16.28162926182804,22.074355375495593,-5.792726113667552,46.13104756628313,True,True,True,True,True,True,True,True,False,True,True,True,False,True,-0.009257509918760665,0.4918650924267307,2.4737920824991737,False,LTCUSDT,starter_short_adverse
2019-07-25 16:00:00+00:00,0.0029046,0.0029338,0.0028555,0.0028638,12797715.0,0.0028999974593102384,0.002960526498037097,0.0032741236224023175,7.094823454869355e-05,7.436270073359057e-05,44.14230656141974,0.0029487,0.0027629,14.442663137949223,19.953606319816267,17.380360893464996,0.0035315288557213934,False,True,0.003741191860211675,False,True,False,True,False,True,True,True,1.363339040814484,True,True,True,0.5101953493345212,True,False,True,False,True,False,True,False,True,False,True,False,True,False,True,False,False,0.9540836178458664,-5.510943181867043,0.0,other,True,flat,False,1.363339040814484,0.5101953493345212,0.9540836178458664,17.380360893464996,14.442663137949223,19.953606319816267,-5.510943181867043,44.14230656141974,True,True,True,True,True,True,True,True,False,True,True,True,True,True,0.028912633563796374,1.9422611552853284,1.3559181650105103,True,DOGEUSDT,starter_short_followthrough
2019-07-25 20:00:00+00:00,0.0028823,0.0029033,0.0028546,0.0028656,83069558.0,0.0028967215108045012,0.0029568038902709364,0.003270058710736623,6.935907493807259e-05,7.37550078240484e-05,44.37942520340924,0.0029487,0.0027629,13.718319057682743,19.045556818453424,17.30029839009411,0.0035315288557213934,False,True,0.003741191860211675,False,True,False,True,False,True,True,True,1.3149525185041497,True,True,True,0.44870135353287677,True,False,True,False,True,False,True,False,True,False,False,False,True,False,True,False,False,0.9403981774842618,-5.3272377607706805,0.0,other,False,Short1,True,1.3149525185041497,0.44870135353287677,0.9403981774842618,17.30029839009411,13.718319057682743,19.045556818453424,-5.3272377607706805,44.37942520340924,True,True,True,True,True,True,True,True,False,True,True,True,False,True,0.03465242881072015,2.0127142717033335,1.3610331464813419,True,DOGEUSDT,starter_short_followthrough
2019-07-29 08:00:00+00:00,0.0028469,0.0028469,0.0027644,0.0027894,19153251.0,0.002827390491530346,0.002882111176006531,0.003186725560096453,5.9023487687624754e-05,5.934146037638064e-05,42.86257420645661,0.002884,0.002726,17.342441585589132,24.344319754376965,19.087337200237855,0.0035267056830276485,False,True,0.0037056772889795335,False,True,False,True,False,True,True,True,1.5707505543758216,True,True,True,0.6436504011997104,True,False,True,False,True,False,True,False,True,False,True,False,True,False,True,False,False,0.994641643688256,-7.001878168787833,0.0,other,False,Short1,True,1.5707505543758216,0.6436504011997104,0.994641643688256,19.087337200237855,17.342441585589132,24.344319754376965,-7.001878168787833,42.86257420645661,True,True,True,True,True,True,True,True,False,True,True,True,True,True,-0.03896895389689531,0.7403832222060079,4.613417652327113,False,DOGEUSDT,starter_short_adverse
2019-08-23 00:00:00+00:00,0.0026486,0.0026579,0.0026201,0.0026353,4117611.0,0.00264909912645245,0.0026875683392712925,0.002865981754634037,5.2945377331991664e-05,5.2634610446962874e-05,45.721630891379796,0.0027165,0.0025527,19.5793936498211,25.808881070295573,26.668218457558233,0.0035072352595284517,False,True,0.0035073409895765343,False,True,False,True,False,True,True,True,0.9872125179795396,True,True,True,0.2606294854775125,True,False,True,False,True,False,True,False,True,False,True,False,True,False,True,False,False,1.0059042307407582,-6.229487420474474,0.0,other,True,flat,False,0.9872125179795396,0.2606294854775125,1.0059042307407582,26.668218457558233,19.5793936498211,25.808881070295573,-6.229487420474474,45.721630891379796,True,True,True,True,True,True,True,True,False,True,True,True,True,True,0.01400220088794456,1.3334497468458084,1.3126736176456537,True,DOGEUSDT,starter_short_followthrough
2019-08-23 08:00:00+00:00,0.0026491,0.0026492,0.0026153,0.0026266,9628126.0,0.0026469478109962235,0.0026837242532066026,0.0028614623070038494,5.054065698523769e-05,5.2073975334371055e-05,44.541299569976225,0.0027165,0.0025527,17.68548751781635,23.958474485255415,25.0388351906309,0.0035072352595284517,False,True,0.0035073409895765343,False,True,False,True,False,True,True,True,1.1302633684260903,True,True,True,0.4026028193928432,True,False,True,False,True,False,True,False,True,False,False,False,True,False,True,False,False,0.9705549972075723,-6.2729869674390635,0.0,other,False,Short1,True,1.1302633684260903,0.4026028193928432,0.9705549972075723,25.0388351906309,17.68548751781635,23.958474485255415,-6.2729869674390635,44.541299569976225,True,True,True,True,True,True,True,True,False,True,True,True,False,True,0.016523262011726297,1.2247565364668762,1.5472691623862525,False,DOGEUSDT,starter_short_adverse
2019-08-25 12:00:00+00:00,0.0026234,0.002666,0.002593,0.0026047,11784095.0,0.0026300613405663116,0.0026608637147227405,0.0028331783806930335,4.577182237251063e-05,4.8812609281965815e-05,43.40111937403593,0.002693,0.0025647,18.222267738077,20.513479774241798,19.209575314827887,0.0034991533166475715,False,True,0.003490253244430097,False,True,False,True,False,True,True,True,1.2270368932583902,True,True,True,0.5540819493685453,True,False,True,False,True,False,True,False,True,False,True,False,True,False,True,False,False,0.9377048890812189,-2.291212036164797,0.0,other,False,Short1,True,1.2270368932583902,0.5540819493685453,0.9377048890812189,19.209575314827887,18.222267738077,20.513479774241798,-2.291212036164797,43.40111937403593,True,True,True,True,True,True,True,True,False,True,True,True,True,True,0.07908780281798287,5.804881392696585,2.1869349921299426,True,DOGEUSDT,starter_short_followthrough
2019-08-25 16:00:00+00:00,0.0026109,0.0026285,0.0025989,0.002609,10115480.0,0.0026280554986076155,0.002658829843557143,0.0028309477500393716,4.461669220304561e-05,4.8412065761825405e-05,44.38824955641216,0.0026785,0.0025647,17.358755037826306,19.541391636475094,18.259961422400576,0.0034991533166475715,False,True,0.003490253244430097,False,True,False,True,False,True,True,True,1.1168430714310427,True,True,True,0.4270934860185474,True,False,True,False,True,False,True,False,True,False,False,False,True,False,True,False,False,0.9216027347923547,-2.182636598648788,0.0,other,False,Short1,True,1.1168430714310427,0.4270934860185474,0.9216027347923547,18.259961422400576,17.358755037826306,19.541391636475094,-2.182636598648788,44.38824955641216,True,True,True,True,True,True,True,True,False,True,True,True,False,True,0.07182828669988513,6.051546779202283,2.1471784498058364,True,DOGEUSDT,starter_short_followthrough
2019-09-07 16:00:00+00:00,0.0024838,0.0024928,0.0024029,0.00245,50284485.0,0.0024810211059180637,0.0024971403230227424,0.0026505694656982263,5.1048576699025174e-05,4.550075215527893e-05,43.44578162396593,0.0025054,0.0024,10.9872372644694,22.458417279885754,18.862647451286982,0.0034904423383724714,False,True,0.0033718443291690277,False,True,False,True,False,True,True,True,0.9234404966993455,True,True,True,0.6076781748678254,True,False,True,False,True,False,True,False,True,False,True,False,True,False,True,False,False,1.1219281941716779,-11.471180015416355,0.0,other,False,Short1,True,0.9234404966993455,0.6076781748678254,1.1219281941716779,18.862647451286982,10.9872372644694,22.458417279885754,-11.471180015416355,43.44578162396593,True,True,True,True,True,True,True,True,False,True,True,True,True,True,0.01848979591836729,1.7610677087049265,1.5788882905630406,True,DOGEUSDT,starter_short_followthrough
2019-09-08 08:00:00+00:00,0.0024903,0.0025208,0.0024461,0.0024596,25143382.0,0.002480434315662445,0.0024944872159602988,0.0026438478304943334,5.381757338350838e-05,4.7391462862008596e-05,45.7274566488243,0.0025306,0.0024,12.991597234949015,20.191316515417483,19.34307644005645,0.003480192165851352,False,True,0.0033627135398240624,False,True,False,True,False,True,True,True,0.6482495171547313,True,True,True,0.387128485225038,True,False,True,False,True,False,True,False,True,False,True,False,True,False,True,False,False,1.1355963739758554,-7.199719280468468,0.0,other,False,Short1,True,0.6482495171547313,0.387128485225038,1.1355963739758554,19.34307644005645,12.991597234949015,20.191316515417483,-7.199719280468468,45.7274566488243,True,True,True,True,True,True,True,True,False,True,True,True,True,True,0.04273052528866496,2.4731698520020364,0.431085954669019,True,DOGEUSDT,starter_short_followthrough
2019-09-08 20:00:00+00:00,0.0024739,0.0024828,0.0024,0.0024585,28155475.0,0.0024757349715072577,0.0024908570087712354,0.0026384858504617838,5.2587648951737565e-05,4.8715087065536784e-05,45.635342180246276,0.0025306,0.0024029,10.796428977985595,25.55406725766308,21.26253111356154,0.003480192165851352,False,True,0.0033627135398240624,False,True,False,True,False,True,True,True,0.6152967363293038,True,True,True,0.3277380116969096,True,False,True,False,True,False,True,False,True,False,True,False,True,False,True,False,False,1.0794940976086318,-14.757638279677483,0.0,other,False,Short1,True,0.6152967363293038,0.3277380116969096,1.0794940976086318,21.26253111356154,10.796428977985595,25.55406725766308,-14.757638279677483,45.635342180246276,True,True,True,True,True,True,True,True,False,True,True,True,True,True,0.02672361195851134,2.5100951008694734,0.20346983014623304,True,DOGEUSDT,starter_short_followthrough
2019-09-09 20:00:00+00:00,0.0024451,0.0024617,0.0024322,0.0024351,7431772.0,0.002457513128174105,0.0024788793173941255,0.0026266004571675067,4.867083998922216e-05,5.090999869364018e-05,44.43491713965627,0.0025306,0.0024,9.325609649676696,20.165623422782506,28.075867321836572,0.003480192165851352,False,True,0.003353716390174072,False,True,False,True,False,True,True,True,0.8994978801232987,True,True,True,0.4605042398912461,True,False,True,False,True,False,True,False,True,False,False,False,True,False,True,False,False,0.9560173097254913,-10.84001377310581,0.0,other,False,Short1,True,0.8994978801232987,0.4605042398912461,0.9560173097254913,28.075867321836572,9.325609649676696,20.165623422782506,-10.84001377310581,44.43491713965627,True,True,True,True,True,True,True,True,False,True,True,True,False,True,0.014824853188780686,2.2313155068630146,0.5362553842460892,True,DOGEUSDT,starter_short_followthrough
2019-09-10 00:00:00+00:00,0.0024351,0.0024612,0.0024219,0.0024274,4343607.0,0.002454645211205143,0.0024768605206335714,0.0026246183630663374,4.8001494275706325e-05,5.089357021552303e-05,43.13124045922339,0.0025208,0.0024,8.780244991521844,20.519021646656473,28.932240152623518,0.003480192165851352,False,True,0.0033445759285803,False,True,False,True,False,True,True,True,1.0303954362229797,True,True,True,0.5675908972469553,True,False,True,False,True,False,True,False,True,False,True,False,True,False,True,False,False,0.9431740408941758,-11.738776655134629,0.0,other,False,Short1,True,1.0303954362229797,0.5675908972469553,0.9431740408941758,28.932240152623518,8.780244991521844,20.519021646656473,-11.738776655134629,43.13124045922339,True,True,True,True,True,True,True,True,False,True,True,True,True,True,0.015036664744170748,2.102017895952582,0.2854077817101069,True,DOGEUSDT,starter_short_followthrough
2019-09-11 00:00:00+00:00,0.0024193,0.0024386,0.0023763,0.0023958,5238617.0,0.0024359033545469193,0.0024635317127199366,0.0026124138873226156,4.488722909133148e-05,4.915987594500095e-05,40.646830783958,0.0024617,0.0023849,8.581061160901312,18.969345926238066,34.611668504025396,0.003480192165851352,False,True,0.00333536124272378,False,True,False,True,False,True,True,True,1.5089305820620764,True,True,True,0.8934245966780768,True,False,True,False,True,False,True,False,True,False,False,False,True,False,True,False,False,0.9130867039117508,-10.388284765336754,0.0,other,False,Short1,True,1.5089305820620764,0.8934245966780768,0.9130867039117508,34.611668504025396,8.581061160901312,18.969345926238066,-10.388284765336754,40.646830783958,True,True,True,True,True,True,True,True,False,True,True,True,False,True,-0.022163786626596516,1.5438689668055954,1.6262977572411066,False,DOGEUSDT,starter_short_adverse
2019-09-13 00:00:00+00:00,0.0023906,0.0024019,0.0023885,0.0023885,5375400.0,0.0023962006095707496,0.0024314435374024105,0.002586091594121804,3.957485456399144e-05,4.3430932525861085e-05,46.12699608730888,0.002431,0.0023265,14.632213667922116,17.647223387396124,36.5038464513351,0.003480192165851352,False,True,0.003316661661174338,False,True,False,True,False,True,True,True,1.0851217995753333,True,True,True,0.19458339532992888,True,False,True,False,True,False,True,False,True,False,False,False,True,False,True,False,False,0.9112135582266503,-3.0150097194740084,0.0,other,False,Short1,True,1.0851217995753333,0.19458339532992888,0.9112135582266503,36.5038464513351,14.632213667922116,17.647223387396124,-3.0150097194740084,46.12699608730888,True,True,True,True,True,True,True,True,False,True,True,True,False,True,-0.009001465354825128,0.720154257393825,2.4409439040085554,False,DOGEUSDT,starter_short_adverse
2019-09-13 04:00:00+00:00,0.0023984,0.0023992,0.002372,0.0023721,2940055.0,0.0023939053134211545,0.002429116339857218,0.0025839623245285524,3.869093638084921e-05,4.293193734544245e-05,42.969510356394224,0.002431,0.0023265,13.897460170082095,19.807189432795575,35.14884809468285,0.003480192165851352,False,True,0.003316661661174338,False,True,False,True,False,True,True,True,1.473635564050076,True,True,True,0.563576782079319,True,False,True,False,True,False,True,False,True,False,True,False,True,False,True,False,False,0.9012157096366523,-5.90972926271348,0.0,other,False,Short1,True,1.473635564050076,0.563576782079319,0.9012157096366523,35.14884809468285,13.897460170082095,19.807189432795575,-5.90972926271348,42.969510356394224,True,True,True,True,True,True,True,True,False,True,True,True,True,True,-0.017199949411913548,0.31273474182415534,2.920580646787646,False,DOGEUSDT,starter_short_adverse
2019-10-12 08:00:00+00:00,0.0022896,0.0023029,0.0022833,0.0022855,6254831.0,0.0022946741601121657,0.0022977479807371535,0.0023716539808793873,3.5931803064552634e-05,3.952204729696761e-05,46.727117527392735,0.0023434,0.002225,12.853384086468207,18.59894477798633,16.36906227530266,0.0034381159267216385,False,True,0.003076828208519294,False,True,False,True,False,True,True,True,0.3408674125022183,True,True,True,0.25532145146414875,True,False,True,False,True,False,True,False,True,False,False,False,True,False,True,False,False,0.9091584450208772,-5.745560691518122,0.0,other,True,flat,False,0.3408674125022183,0.25532145146414875,0.9091584450208772,16.36906227530266,12.853384086468207,18.59894477798633,-5.745560691518122,46.727117527392735,True,True,True,True,True,True,True,True,False,True,True,True,False,True,-0.11131043535331422,0.022264398993916166,12.927266665842248,False,DOGEUSDT,starter_short_adverse
2019-12-04 20:00:00+00:00,0.00219,0.00222,0.0021128,0.0021682,35262375.0,0.0021963394621782595,0.0022489410813386844,0.0024098259159119487,5.426586265551729e-05,5.0136494911934496e-05,42.18122520193639,0.002245,0.0021123,17.53761290943368,22.893579265779024,25.30873643612044,0.003368484364582946,False,True,0.0028469113006913734,False,True,False,True,False,True,True,True,1.487879808549869,True,True,True,0.5185481406034297,True,False,True,False,True,False,True,False,True,False,True,False,True,False,True,False,False,1.08236251359087,-5.355966356345345,0.0,other,True,flat,False,1.487879808549869,0.5185481406034297,1.08236251359087,25.30873643612044,17.53761290943368,22.893579265779024,-5.355966356345345,42.18122520193639,True,True,True,True,True,True,True,True,False,True,True,True,True,True,-0.013329028687390512,1.254932597907866,1.5147644573865955,False,DOGEUSDT,starter_short_adverse
2019-12-05 12:00:00+00:00,0.00218,0.002193,0.0021554,0.0021651,14719878.0,0.0021841219299084903,0.002235593277515677,0.002399965602441063,4.989981526718631e-05,5.070620161338404e-05,43.624627239105465,0.002245,0.0021123,15.61089398933277,18.769035900496064,22.011740236258433,0.003368484364582946,False,True,0.0028401579544158374,False,True,False,True,False,True,True,True,1.412696162064401,True,True,True,0.3812024114044938,True,False,True,False,True,False,True,False,True,False,False,False,True,False,True,False,False,0.9840968891271697,-3.1581419111632947,0.0,other,False,Short1,True,1.412696162064401,0.3812024114044938,0.9840968891271697,22.011740236258433,15.61089398933277,18.769035900496064,-3.1581419111632947,43.624627239105465,True,True,True,True,True,True,True,True,False,True,True,True,False,True,-0.00457253706526246,1.3026100327618526,1.7094251660705546,False,DOGEUSDT,starter_short_adverse
2019-12-10 20:00:00+00:00,0.0021459,0.0021679,0.0020903,0.0021368,16856469.0,0.0021668277906203024,0.0021879754232526664,0.0023371628805123348,4.6902445219632936e-05,4.7042365953604125e-05,41.06791633990152,0.0022182,0.0021245,19.138034113769944,20.257384823288625,23.987722253626018,0.0033575024306069963,False,True,0.002808164409463089,False,True,False,True,False,True,True,True,1.0911035237720388,True,True,True,0.6402180201840121,True,False,True,False,True,False,True,False,True,False,False,False,True,False,True,False,False,0.9970256442010339,-1.119350709518681,0.0,other,False,Short1,True,1.0911035237720388,0.6402180201840121,0.9970256442010339,23.987722253626018,19.138034113769944,20.257384823288625,-1.119350709518681,41.06791633990152,True,True,True,True,True,True,True,True,False,True,True,True,False,True,0.01127854736053912,1.8932914815884507,3.336713027799465,False,DOGEUSDT,starter_short_adverse
2019-12-11 00:00:00+00:00,0.0021402,0.002173,0.0021216,0.00214,6904321.0,0.0021642727629421783,0.002186094034105503,0.0023352010608057444,4.72236991325163e-05,4.688755409977526e-05,42.05020335387928,0.0022182,0.0020903,18.421543147597404,18.682464967604663,22.324543331437102,0.0033575024306069963,False,True,0.0028014841665828594,False,True,False,True,False,True,True,True,0.9760784299458802,True,True,True,0.5139953749507321,True,False,True,False,True,False,True,False,True,False,False,False,True,False,True,False,False,1.0071691739779332,-0.2609218200072583,0.0,other,False,Short1,True,0.9760784299458802,0.5139953749507321,1.0071691739779332,22.324543331437102,18.421543147597404,18.682464967604663,-0.2609218200072583,42.05020335387928,True,True,True,True,True,True,True,True,False,True,True,True,False,True,0.01574766355140177,1.9481743635083564,3.2462514122372887,False,DOGEUSDT,starter_short_adverse
2019-12-11 12:00:00+00:00,0.002149,0.002174,0.0021079,0.0021261,31102735.0,0.002157826096644034,0.0021808751507224103,0.0023294382148790083,4.726850109115833e-05,4.6209399182655346e-05,39.658020663990115,0.002215,0.0020903,14.735338944036432,18.66141485069704,18.80393575597905,0.0033575024306069963,False,True,0.0028014841665828594,False,True,False,True,False,True,True,True,1.1588087089280692,True,True,True,0.6711889717604882,True,False,True,False,True,False,True,False,True,False,True,False,True,False,True,False,False,1.0229196208398337,-3.926075906660607,0.0,other,False,Short1,True,1.1588087089280692,0.6711889717604882,1.0229196208398337,18.80393575597905,14.735338944036432,18.66141485069704,-3.926075906660607,39.658020663990115,True,True,True,True,True,True,True,True,False,True,True,True,True,True,-0.006537792201683763,1.6522630969275434,3.5372393060983867,False,DOGEUSDT,starter_short_adverse
2019-12-12 00:00:00+00:00,0.0021515,0.0021515,0.0021166,0.00213,5332912.0,0.0021512896444100455,0.0021754191435220302,0.0023236217012678377,4.466789245527511e-05,4.506399417066102e-05,41.60278466232685,0.0021918,0.0020903,16.434609698379116,17.49033318502195,16.130009387070892,0.0033575024306069963,False,True,0.002794881339054672,False,True,False,True,False,True,True,True,1.0168185921802197,True,True,True,0.4766207501587945,True,False,True,False,True,False,True,False,True,False,False,False,True,False,True,False,False,0.9912102395121515,-1.055723486642833,0.0,other,False,Short1,True,1.0168185921802197,0.4766207501587945,0.9912102395121515,16.130009387070892,16.434609698379116,17.49033318502195,-1.055723486642833,41.60278466232685,True,True,True,True,True,True,True,True,False,True,True,True,False,True,0.0017840375586854384,1.8357705164197007,3.655869821113863,False,DOGEUSDT,starter_short_adverse
2020-01-01 00:00:00+00:00,0.0020136,0.0020359,0.0020083,0.0020097,9949717.0,0.0020218488681676347,0.002029412249756484,0.0021268392887535113,2.5796320753328163e-05,2.5636594630283865e-05,44.82083881831674,0.0020417,0.0019862,13.224123121115873,13.690051694358035,19.56126718778616,0.003321450904968619,False,True,0.0026602555591734426,False,True,False,True,False,True,True,True,0.7641496609139812,True,True,True,0.4709535241015787,True,False,True,False,True,False,True,False,True,False,False,False,True,False,True,False,False,1.0062303954697485,-0.4659285732421612,0.0,other,False,Short1,True,0.7641496609139812,0.4709535241015787,1.0062303954697485,19.56126718778616,13.224123121115873,13.690051694358035,-0.4659285732421612,44.82083881831674,True,True,True,True,True,True,True,True,False,True,True,True,False,True,-0.024431507190127797,2.3724313472922045,3.636177457124307,False,DOGEUSDT,starter_short_adverse
2020-01-01 04:00:00+00:00,0.00202,0.0020301,0.0020046,0.0020079,1705850.0,0.002020520404532622,0.002028568632118975,0.002125655813243526,2.577515498523329e-05,2.558326644240645e-05,44.23913057622587,0.00204,0.0019862,12.289626482834203,13.747980351973869,18.564101819527053,0.003321450904968619,False,True,0.0026602555591734426,False,True,False,True,False,True,True,True,0.8018819724194135,True,True,True,0.4896344770711245,True,False,True,False,True,False,True,False,True,False,True,False,True,False,True,False,False,1.007500548972463,-1.4583538691396658,0.0,other,False,Short1,True,0.8018819724194135,0.4896344770711245,1.007500548972463,18.564101819527053,12.289626482834203,13.747980351973869,-1.4583538691396658,44.23913057622587,True,True,True,True,True,True,True,True,False,True,True,True,True,True,-0.03326858907316107,2.3045448236501618,3.7089980663460467,False,DOGEUSDT,starter_short_adverse
2020-01-02 00:00:00+00:00,0.0020245,0.0020301,0.0020011,0.0020045,19027099.0,0.00201962755865803,0.0020267307896319653,0.0021204297222369435,2.3546163280054856e-05,2.4911658948281278e-05,43.66617042457406,0.002039,0.0019862,15.844580261977644,17.865923912571763,16.031708944160176,0.003321450904968619,False,True,0.002653929633211518,False,True,False,True,False,True,True,True,0.9441363914602613,True,True,True,0.6424638476385572,True,False,True,False,True,False,True,False,True,False,True,False,True,False,True,False,False,0.9451864819175108,-2.021343650594119,0.0,other,False,Short1,True,0.9441363914602613,0.6424638476385572,0.9451864819175108,16.031708944160176,15.844580261977644,17.865923912571763,-2.021343650594119,43.66617042457406,True,True,True,True,True,True,True,True,False,True,True,True,True,True,-0.049887752556747225,2.3783067896856025,4.49330104194169,False,DOGEUSDT,starter_short_adverse
2020-03-28 20:00:00+00:00,0.0017855,0.0018057,0.001769,0.001783,11032247.0,0.0017976400242045297,0.0017986251141938366,0.0020060046702584607,5.3178883467148517e-05,5.3787433870612545e-05,46.64873712613904,0.0018635,0.0016981,16.355771496920184,22.10869796085236,16.68224849663446,0.003211788897371085,False,True,0.0024384638062303443,False,True,False,True,False,True,True,True,0.29382177990797714,True,True,True,0.2752976980717093,True,False,True,False,True,False,True,False,True,False,False,False,True,False,True,False,False,0.9886860115891024,-5.752926463932177,0.0,other,True,flat,False,0.29382177990797714,0.2752976980717093,0.9886860115891024,16.68224849663446,16.355771496920184,22.10869796085236,-5.752926463932177,46.64873712613904,True,True,True,True,True,True,True,True,False,True,True,True,False,True,-0.04492428491306777,1.5269218664615565,2.2001214085714524,False,DOGEUSDT,starter_short_adverse
2020-03-29 04:00:00+00:00,0.0017741,0.0018001,0.0017279,0.0017521,82238197.0,0.00179221371595881,0.0017962872353630916,0.0020013010852925743,5.233026176504131e-05,5.25855169598649e-05,41.238818793799524,0.0018572,0.0016981,14.331378803382542,25.719303214518465,17.40717892466276,0.0031970089083425174,False,True,0.0024319417783076544,False,True,False,True,False,True,True,True,0.8443916363630818,True,True,True,0.7665491171994792,True,False,True,False,True,False,True,False,True,False,True,False,True,False,True,False,False,0.9951459031006882,-11.387924411135923,0.0,other,False,Short1,True,0.8443916363630818,0.7665491171994792,0.9951459031006882,17.40717892466276,14.331378803382542,25.719303214518465,-11.387924411135923,41.238818793799524,True,True,True,True,True,True,True,True,False,True,True,True,True,True,-0.06540722561497636,0.9612029121093039,2.8262805308343237,False,DOGEUSDT,starter_short_adverse
2020-07-03 08:00:00+00:00,0.0023257,0.0023262,0.0022882,0.0023029,21367089.0,0.002317212357511948,0.002339551271137418,0.002422709488588251,2.8172995483297724e-05,2.7145529794453274e-05,44.404113891846634,0.0023709,0.0022839,18.690420260707384,20.924911286688634,20.387120728265554,0.0030896039025671996,False,True,0.00239761268508056,False,True,False,True,False,True,True,True,1.300936251494685,True,True,True,0.5080168887413079,True,False,True,False,True,False,True,False,True,False,False,False,True,False,True,False,False,1.0378502720935803,-2.2344910259812494,0.0,other,True,flat,False,1.300936251494685,0.5080168887413079,1.0378502720935803,20.387120728265554,18.690420260707384,20.924911286688634,-2.2344910259812494,44.404113891846634,True,True,True,True,True,True,True,True,False,True,True,True,False,True,-0.17252160319597018,0.8589785922603494,21.194054439613588,False,DOGEUSDT,starter_short_adverse
2020-07-03 16:00:00+00:00,0.0023156,0.0023232,0.002299,0.0022991,20134839.0,0.002314891748439486,0.002336862822760839,0.0024203721704310127,2.8249164472843494e-05,2.70546149758296e-05,43.70824564544547,0.0023498,0.0022839,17.833199683590784,18.271886966292435,17.695201305074402,0.0030896039025671996,False,True,0.00239761268508056,False,True,False,True,False,True,True,True,1.336776625628734,True,True,True,0.5590164783339667,True,False,True,False,True,False,True,False,True,False,True,False,True,False,True,False,False,1.0441532617662863,-0.43868728270165036,0.0,other,False,Short1,True,1.336776625628734,0.5590164783339667,1.0441532617662863,17.695201305074402,17.833199683590784,18.271886966292435,-0.43868728270165036,43.70824564544547,True,True,True,True,True,True,True,True,False,True,True,True,True,True,-0.207472489234918,0.7221452521051099,21.27142558774286,False,DOGEUSDT,starter_short_adverse
2020-09-24 16:00:00+00:00,0.0026375,0.0026612,0.0026074,0.002616,81161429.0,0.0026330814099838375,0.002693087184937006,0.0029041606118984952,5.056200900706698e-05,4.8444223197966476e-05,43.450841820829744,0.0026493,0.0025277,14.096035162207922,20.09050263260482,38.30275240871881,0.0030935646046983743,False,True,0.0028206925967571086,False,True,False,True,False,True,True,True,1.524606843178084,True,True,True,0.33783091928665626,True,False,True,False,True,False,True,False,True,False,False,False,True,False,True,False,False,1.043715961765889,-5.9944674703968985,0.0,other,True,flat,False,1.524606843178084,0.33783091928665626,1.043715961765889,38.30275240871881,14.096035162207922,20.09050263260482,-5.9944674703968985,43.450841820829744,True,True,True,True,True,True,True,True,False,True,True,True,False,True,-0.030198776758409818,0.15426602212165763,2.8677657958514606,False,DOGEUSDT,starter_short_adverse
2020-09-28 20:00:00+00:00,0.0026963,0.002698,0.0026183,0.0026504,51681815.0,0.002686415104622818,0.002692174603438772,0.0028570315444290165,4.3433688320289244e-05,4.588599086319744e-05,40.51781038991461,0.002744,0.0026581,15.971391220026515,22.154208274524063,18.46473030448721,0.003090373912114311,False,True,0.002815222580007657,False,True,False,True,False,True,True,True,0.9618018882190549,True,True,True,0.8291974735655675,True,False,True,False,True,False,True,False,True,False,True,False,True,False,True,False,False,0.9465566178963121,-6.182817054497548,0.0,other,False,Short1,True,0.9618018882190549,0.8291974735655675,0.9465566178963121,18.46473030448721,15.971391220026515,22.154208274524063,-6.182817054497548,40.51781038991461,True,True,True,True,True,True,True,True,False,True,True,True,True,True,0.02271355267129484,2.7559252881612704,1.2547863676256485,True,DOGEUSDT,starter_short_followthrough
2020-09-29 12:00:00+00:00,0.0026898,0.0026952,0.0026491,0.0026532,77173067.0,0.0026834325885281866,0.0026900835887179756,0.002850025200384363,4.40544062920601e-05,4.4795153843288796e-05,42.71241141369938,0.002744,0.0026183,13.314608021687347,19.643715358581865,17.29270281524752,0.003090373912114311,False,True,0.002813582554335939,False,True,False,True,False,True,True,True,0.837228141799361,True,True,True,0.6862557249724035,True,False,True,False,True,False,True,False,True,False,True,False,True,False,True,False,False,0.98346366765878,-6.329107336894518,0.0,other,False,Short1,True,0.837228141799361,0.6862557249724035,0.98346366765878,17.29270281524752,13.314608021687347,19.643715358581865,-6.329107336894518,42.71241141369938,True,True,True,True,True,True,True,True,False,True,True,True,True,True,0.01760138700437216,2.7806526136768825,0.8353307443535444,True,DOGEUSDT,starter_short_followthrough
2020-10-01 12:00:00+00:00,0.0026695,0.002675,0.002625,0.0026334,140161451.0,0.002658837378892131,0.0026743969411928544,0.0028273367711123313,3.848470795198755e-05,4.166741298806359e-05,42.67804379732807,0.00269,0.0026158,15.29199521018412,20.911712472901147,19.031757641961278,0.003090373912114311,False,True,0.0028104177454582194,False,True,False,True,False,True,True,True,1.0652787399088732,True,True,True,0.6609736761901859,True,False,True,False,True,False,True,False,True,False,True,False,True,False,True,False,False,0.9236164472944893,-5.619717262717026,0.0,other,False,Short1,True,1.0652787399088732,0.6609736761901859,0.9236164472944893,19.031757641961278,15.29199521018412,20.911712472901147,-5.619717262717026,42.67804379732807,True,True,True,True,True,True,True,True,False,True,True,True,True,True,0.00641755904913809,2.6685924219075776,1.210870563397202,True,DOGEUSDT,starter_short_followthrough
2020-10-03 08:00:00+00:00,0.00261,0.002637,0.0026,0.0026021,62229915.0,0.002617002088033159,0.0026468725707235762,0.0028034237923716394,4.2923074510287225e-05,4.1812486956569996e-05,43.43152225859381,0.0026496,0.0025307,16.516888957907344,22.021646717520934,28.454379753916644,0.003090373912114311,False,True,0.002806395988660948,False,True,False,True,False,True,True,True,1.0430886238786499,True,True,True,0.34718128193700537,True,False,True,False,True,False,True,False,True,False,False,False,True,False,True,False,False,1.0265611455943957,-5.5047577596135895,0.0,other,False,Short1,True,1.0430886238786499,0.34718128193700537,1.0265611455943957,28.454379753916644,16.516888957907344,22.021646717520934,-5.5047577596135895,43.43152225859381,True,True,True,True,True,True,True,True,False,True,True,True,False,True,0.006225740747857526,1.0740143972899996,1.8148746539889653,False,DOGEUSDT,starter_short_adverse
2020-10-03 16:00:00+00:00,0.0026096,0.0026198,0.002602,0.0026075,38952334.0,0.00261519218544211,0.002643807398042025,0.0027995343581027525,3.938928363387007e-05,4.163265456969555e-05,45.0978056410829,0.002637,0.0025307,17.296415012178358,21.819751202229366,26.479806021973275,0.003090373912114311,False,True,0.002806395988660948,False,True,False,True,False,True,True,True,0.9217582726182115,True,True,True,0.19528624875766398,True,False,True,False,True,False,True,False,True,False,False,False,True,False,True,False,False,0.9461151118271851,-4.523336190051008,0.0,other,False,Short1,True,0.9217582726182115,0.19528624875766398,0.9461151118271851,26.479806021973275,17.296415012178358,21.819751202229366,-4.523336190051008,45.0978056410829,True,True,True,True,True,True,True,True,False,True,True,True,False,True,0.006979865771812042,1.3074622143093777,1.8406021463578677,False,DOGEUSDT,starter_short_adverse
2020-10-04 00:00:00+00:00,0.0025964,0.0026169,0.0025893,0.0025963,36673197.0,0.0026116960973800495,0.0026401242455589783,0.0027955021339874536,3.7519841500632865e-05,4.131228888917625e-05,42.24607071213146,0.002637,0.0025307,17.17983303593841,22.756595843023046,25.05539434336695,0.003086443823436557,False,True,0.002804297521112083,False,True,False,True,False,True,True,True,1.1680285365341676,True,True,True,0.4103454802651453,True,False,True,False,True,False,True,False,True,False,False,False,True,False,True,False,False,0.9082005018236353,-5.576762807084634,0.0,other,False,Short1,True,1.1680285365341676,0.4103454802651453,0.9082005018236353,25.05539434336695,17.17983303593841,22.756595843023046,-5.576762807084634,42.24607071213146,True,True,True,True,True,True,True,True,False,True,True,True,False,True,0.006162616030504932,1.0740983540487583,2.2308196584089544,False,DOGEUSDT,starter_short_adverse
2020-10-07 20:00:00+00:00,0.0025911,0.0026009,0.0025856,0.0025895,35811808.0,0.0026006394872117294,0.002618790979903768,0.00275686411067419,3.357173096073583e-05,3.4975233350368206e-05,43.347466578209776,0.0026285,0.002556,11.403489361044047,16.927415501343113,17.047908027405718,0.003086443823436557,False,True,0.002798730865385254,False,True,False,True,False,True,True,True,0.8724894149195317,True,True,True,0.33181152395025104,True,False,True,False,True,False,True,False,True,False,False,False,True,False,True,False,False,0.9598715360788979,-5.523926140299066,0.0,other,False,Short1,True,0.8724894149195317,0.33181152395025104,0.9598715360788979,17.047908027405718,11.403489361044047,16.927415501343113,-5.523926140299066,43.347466578209776,True,True,True,True,True,True,True,True,False,True,True,True,False,True,-0.031125699942073808,1.444667838447878,4.158260417470603,False,DOGEUSDT,starter_short_adverse
2020-10-17 00:00:00+00:00,0.0026029,0.0026091,0.0025752,0.0025898,33877670.0,0.002604270023546643,0.0026222056415915775,0.00270407775877679,3.2004057580308225e-05,2.9858040310264686e-05,43.15948261292169,0.002631,0.0025511,14.76807473266408,17.67768829054844,22.939130364402473,0.0030819319445963924,False,True,0.002782960919098147,False,True,False,True,False,True,True,True,1.0125479092849823,True,True,True,0.4521309059119469,True,False,True,False,True,False,True,False,True,False,False,False,True,False,True,False,False,1.0718740161023153,-2.9096135578843576,0.0,other,False,Short1,True,1.0125479092849823,0.4521309059119469,1.0718740161023153,22.939130364402473,14.76807473266408,17.67768829054844,-2.9096135578843576,43.15948261292169,True,True,True,True,True,True,True,True,False,True,True,True,False,True,-0.009807707158853827,0.649917590849421,1.196723256227529,False,DOGEUSDT,starter_short_adverse
2020-11-04 12:00:00+00:00,0.002515,0.0025487,0.002506,0.0025133,64767726.0,0.0025259141592447612,0.0025613963557778747,0.002631512575346801,3.305491096026276e-05,3.158930260993747e-05,43.303959768325285,0.002531,0.0024519,12.542844346482822,21.593703330443727,42.63626381663121,0.003068773534330081,False,True,0.0027526500223099895,False,True,False,True,False,True,True,True,1.455044178932871,True,True,True,0.381612259065694,True,False,True,False,True,False,True,False,True,False,False,False,True,False,True,False,False,1.046395717196499,-9.050858983960905,0.0,other,True,flat,False,1.455044178932871,0.381612259065694,1.046395717196499,42.63626381663121,12.542844346482822,21.593703330443727,-9.050858983960905,43.303959768325285,True,True,True,True,True,True,True,True,False,True,True,True,False,True,-0.08681812756137348,0.1815161446725081,9.956160535287191,False,DOGEUSDT,starter_short_adverse
2023-06-01 20:00:00+00:00,0.0719,0.07192,0.07126,0.07142,31591655.0,0.07189169014697566,0.0720669831424894,0.07418676132810316,0.0007579983854725808,0.0007850749999682648,43.22317579217716,0.07243,0.07051,10.668773086394351,20.425427604822605,27.84432409139832,0.08896508165560435,False,True,0.0803214926373673,False,True,False,True,False,True,True,True,0.8535415838465562,True,True,True,0.6222838412532834,True,False,True,False,True,False,True,False,True,False,False,False,True,False,True,False,False,0.9655107926035366,-9.756654518428254,0.0,other,True,flat,False,0.8535415838465562,0.6222838412532834,0.9655107926035366,27.84432409139832,10.668773086394351,20.425427604822605,-9.756654518428254,43.22317579217716,True,True,True,True,True,True,True,True,False,True,True,True,False,True,0.07028843461215341,10.96308403720287,2.532986925563125,True,DOGEUSDT,starter_short_followthrough
2023-06-07 00:00:00+00:00,0.07025,0.07032,0.06923,0.0695,85088850.0,0.06981937962131739,0.07090896144056084,0.07330040710926729,0.0013619683614760113,0.0008980917369975367,46.37775994443583,0.07199,0.06311,26.250759019099608,31.8008092061423,30.070675557852915,0.08881139925107097,False,True,0.07977570519581216,False,True,False,True,False,True,True,True,1.0345037964273258,True,True,True,0.23449856131111485,True,False,True,False,True,False,True,False,True,False,True,False,True,False,True,False,False,1.5165136314796612,-5.550050187042693,0.0,other,False,Short1,True,1.0345037964273258,0.23449856131111485,1.5165136314796612,30.070675557852915,26.250759019099608,31.8008092061423,-5.550050187042693,46.37775994443583,True,True,True,True,True,True,True,True,False,True,True,True,True,True,0.11323741007194256,12.114818865629447,1.806209358148382,True,DOGEUSDT,starter_short_followthrough
2023-06-07 04:00:00+00:00,0.06949,0.06995,0.06932,0.06937,60036006.0,0.0697765815621443,0.07084861001151925,0.07326129858081687,0.001309684907084867,0.0009312280414977128,45.757263652090536,0.07199,0.06311,25.3487984410482,30.70815218113189,28.605666710150714,0.08881139925107097,False,True,0.07977570519581216,False,True,False,True,False,True,True,True,1.1289814851805693,True,True,True,0.3104422750425314,True,False,True,False,True,False,True,False,True,False,False,False,True,False,True,False,False,1.4064062170834917,-5.359353740083691,0.0,other,False,Short1,True,1.1289814851805693,0.3104422750425314,1.4064062170834917,28.605666710150714,25.3487984410482,30.70815218113189,-5.359353740083691,45.757263652090536,True,True,True,True,True,True,True,True,False,True,True,True,False,True,0.10811590024506271,12.499189622973363,1.9775749006414747,True,DOGEUSDT,starter_short_followthrough
2023-07-13 00:00:00+00:00,0.06504,0.06515,0.06461,0.06471,36600536.0,0.06508805880703482,0.065551309264067,0.06636892861766834,0.0008472289861315541,0.000924124642656134,44.75410932892254,0.0657,0.06365,15.939554750458905,25.81335013283584,18.92324820782317,0.08770680432069515,False,True,0.07532357895268615,False,True,False,True,False,True,True,True,0.9930128428542314,True,True,True,0.446229783474513,True,False,True,False,True,False,True,False,True,False,False,False,True,False,True,False,False,0.9167908169794444,-9.873795382376935,0.0,other,True,flat,False,0.9930128428542314,0.446229783474513,0.9167908169794444,18.92324820782317,15.939554750458905,25.81335013283584,-9.873795382376935,44.75410932892254,True,True,True,True,True,True,True,True,False,True,True,True,False,True,-0.08885798176479665,0.1888509513001521,12.40514686352816,False,DOGEUSDT,starter_short_adverse
2023-08-29 08:00:00+00:00,0.06298,0.06303,0.0624,0.06261,53714537.0,0.06298041365795917,0.0635798830607129,0.06812507586388757,0.0006975410675775137,0.0007410695822108283,44.23935900054296,0.06389,0.06186,18.917378138729042,22.61511081124779,16.63425980391692,0.08658387247623825,False,True,0.07360825941596887,False,True,False,True,False,True,True,True,1.390431482523601,True,True,True,0.5310277418440476,True,False,True,False,True,False,True,False,True,False,True,False,True,False,True,False,False,0.9412625808990078,-3.6977326725187467,0.0,other,True,flat,False,1.390431482523601,0.5310277418440476,0.9412625808990078,16.63425980391692,18.917378138729042,22.61511081124779,-3.6977326725187467,44.23935900054296,True,True,True,True,True,True,True,True,False,True,True,True,True,True,-0.013256668263855574,0.4444182778751579,8.558635867466817,False,DOGEUSDT,starter_short_adverse
2023-09-07 16:00:00+00:00,0.06317,0.06355,0.06295,0.0631,40246517.0,0.06348814927512383,0.06369045188808471,0.0663427125131187,0.0006945016118986294,0.0007628104972336774,43.45002571432959,0.06464,0.06248,15.311973402423712,24.466682964656645,16.650556637104007,0.08635099812324086,False,True,0.07279389407085672,False,True,False,True,False,True,True,True,0.8501807310000774,True,True,True,0.5588889478063381,True,False,True,False,True,False,True,False,True,False,False,False,True,False,True,False,False,0.9104510417950863,-9.154709562232933,0.0,other,False,Short1,True,0.8501807310000774,0.5588889478063381,0.9104510417950863,16.650556637104007,15.311973402423712,24.466682964656645,-9.154709562232933,43.45002571432959,True,True,True,True,True,True,True,True,False,True,True,True,False,True,0.054041204437401,5.629936537239764,1.3246909499387527,True,DOGEUSDT,starter_short_followthrough
2023-09-08 08:00:00+00:00,0.06369,0.0637,0.06237,0.06288,139753082.0,0.06347945393988828,0.06365940114933506,0.06623083656289877,0.0007219989206954586,0.0007443040559009541,41.53285274488526,0.06413,0.06248,14.795122300597827,28.273869255448915,16.526438302480223,0.08635099812324086,False,True,0.07270291005025119,False,True,False,True,False,True,True,True,1.0795045906499505,True,True,True,0.83026985595887,True,False,True,False,True,False,True,False,True,False,True,False,True,False,True,False,False,0.9700322267107683,-13.478746954851088,0.0,other,False,Short1,True,1.0795045906499505,0.83026985595887,0.9700322267107683,16.526438302480223,14.795122300597827,28.273869255448915,-13.478746954851088,41.53285274488526,True,True,True,True,True,True,True,True,False,True,True,True,True,True,0.017016539440203694,5.110810964157188,1.4265949303744825,True,DOGEUSDT,starter_short_followthrough
2023-09-12 04:00:00+00:00,0.06163,0.06179,0.06097,0.06107,114335967.0,0.06163926340619709,0.06254471826047059,0.06536575811994176,0.000997677111785885,0.0007740651101012573,42.6998986680442,0.06218,0.05919,18.664382627269127,32.37958120424968,40.60409295251128,0.08612034142549717,False,True,0.0722913878007641,False,True,False,True,False,True,True,True,1.4781518419629576,True,True,True,0.5705888202427379,True,False,True,False,True,False,True,False,True,False,False,False,True,False,True,False,False,1.2888800938920713,-13.715198576980555,0.0,other,False,Short1,True,1.4781518419629576,0.5705888202427379,1.2888800938920713,40.60409295251128,18.664382627269127,32.37958120424968,-13.715198576980555,42.6998986680442,True,True,True,True,True,True,True,True,False,True,True,True,False,True,-0.020140822007532373,0.5713271290544859,1.9044237635149484,False,DOGEUSDT,starter_short_adverse
2023-09-12 12:00:00+00:00,0.06182,0.06192,0.06129,0.06151,78600710.0,0.06164166460235181,0.06247645849419066,0.06529236373623955,0.0010160073055704827,0.0008120663449342475,46.790901133434446,0.06247,0.05919,20.24206892865799,27.415428534535668,37.08414822037766,0.08612034142549717,False,True,0.0722913878007641,False,True,False,True,False,True,True,True,0.951231835530942,True,True,True,0.12959021222576927,True,False,True,False,True,False,True,False,True,False,False,False,True,False,True,False,False,1.2511382991161248,-7.173359605877678,0.0,other,False,Short1,True,0.951231835530942,0.12959021222576927,1.2511382991161248,37.08414822037766,20.24206892865799,27.415428534535668,-7.173359605877678,46.790901133434446,True,True,True,True,True,True,True,True,False,True,True,True,False,True,-0.01040481222565428,0.9940873401819629,1.4369975412531248,False,DOGEUSDT,starter_short_adverse
2023-09-12 16:00:00+00:00,0.06152,0.06221,0.06079,0.06123,101658584.0,0.06160245844974688,0.06242757776892828,0.06525194220652572,0.001044863926601163,0.0008333473202960871,44.714380526245805,0.06247,0.05919,18.2771009726189,28.172197717524547,35.95692375422649,0.08612034142549717,False,True,0.0722913878007641,False,True,False,True,False,True,True,True,1.14615667977349,True,True,True,0.35646598591880524,True,False,True,False,True,False,True,False,True,False,True,False,True,False,True,False,False,1.253815667433747,-9.895096744905647,0.0,other,False,Short1,True,1.14615667977349,0.35646598591880524,1.253815667433747,35.95692375422649,18.2771009726189,28.172197717524547,-9.895096744905647,44.714380526245805,True,True,True,True,True,True,True,True,False,True,True,True,True,True,-0.012085578964559817,0.6986555678830045,1.6652886138581156,False,DOGEUSDT,starter_short_adverse
2023-09-13 12:00:00+00:00,0.06129,0.0615,0.06086,0.06124,108299901.0,0.06137223239213717,0.06216916487850011,0.06504430389415196,0.0009628578901267436,0.0009264880083348739,46.46968750003831,0.06247,0.05951,17.591656198698562,22.946731226830202,30.19313560166546,0.08612034142549717,False,True,0.07217804065846795,False,True,False,True,False,True,True,True,0.9650072851122409,True,True,True,0.13733323836579858,True,False,True,False,True,False,True,False,True,False,False,False,True,False,True,False,False,1.0392556422367898,-5.35507502813164,0.0,other,False,Short1,True,0.9650072851122409,0.13733323836579858,1.0392556422367898,30.19313560166546,17.591656198698562,22.946731226830202,-5.35507502813164,46.46968750003831,True,True,True,True,True,True,True,True,False,True,True,True,False,True,-0.012246897452645341,0.43620144188122917,1.7967345106059949,False,DOGEUSDT,starter_short_adverse
2023-09-13 16:00:00+00:00,0.06125,0.06147,0.06082,0.06101,105452472.0,0.061337734069076486,0.062123707432284424,0.06500416156684698,0.0009405108979748333,0.0009356674363109546,44.40772665407164,0.06247,0.06043,16.723239396589374,22.117745974472495,29.028532809073145,0.08612034142549717,False,True,0.07217804065846795,False,True,False,True,False,True,True,True,1.1841515443175898,True,True,True,0.34846387190428224,True,False,True,False,True,False,True,False,True,False,False,False,True,False,True,False,False,1.0051764777483065,-5.394506577883121,0.0,other,False,Short1,True,1.1841515443175898,0.34846387190428224,1.0051764777483065,29.028532809073145,16.723239396589374,22.117745974472495,-5.394506577883121,44.40772665407164,True,True,True,True,True,True,True,True,False,True,True,True,False,True,-0.010326176036715269,0.0,2.0839737255787156,False,DOGEUSDT,starter_short_adverse
2023-09-27 12:00:00+00:00,0.06131,0.06136,0.06029,0.06064,103588931.0,0.060933813868710614,0.061310942686238636,0.06308260456407816,0.0006056753008558373,0.0005254471553706268,43.780377701670886,0.06142,0.05933,10.71066952568114,23.773604913313438,40.501190015817855,0.08563055322371016,False,True,0.07080272110138985,False,True,False,True,False,True,True,True,1.1077596944940202,True,True,True,0.48510128825700255,True,False,True,False,True,False,True,False,True,False,False,False,True,False,True,False,False,1.1526854692526047,-13.062935387632297,0.0,other,False,Short1,True,1.1077596944940202,0.48510128825700255,1.1526854692526047,40.501190015817855,10.71066952568114,23.773604913313438,-13.062935387632297,43.780377701670886,True,True,True,True,True,True,True,True,False,True,True,True,False,True,-0.03100263852242755,0.7925038371578748,3.6653302468551607,False,DOGEUSDT,starter_short_adverse
2023-09-28 00:00:00+00:00,0.06052,0.06089,0.06042,0.06047,39359282.0,0.060822583881382807,0.061219907999889106,0.06300646853170964,0.0005736547507216741,0.0005415845117890916,41.51225183337953,0.06142,0.05933,12.789683982412217,21.49266553084129,39.44942326518815,0.08563055322371016,False,True,0.07070050497102777,False,True,False,True,False,True,True,True,1.307246212021599,True,True,True,0.6146273188520499,True,False,True,False,True,False,True,False,True,False,False,False,True,False,True,False,False,1.0592155762110709,-8.702981548429072,0.0,other,False,Short1,True,1.307246212021599,0.6146273188520499,1.0592155762110709,39.44942326518815,12.789683982412217,21.49266553084129,-8.702981548429072,41.51225183337953,True,True,True,True,True,True,True,True,False,True,True,True,False,True,-0.05060360509343476,0.15688879049075638,5.613132282002618,False,DOGEUSDT,starter_short_adverse
2023-10-05 00:00:00+00:00,0.06146,0.06165,0.06106,0.06108,34011045.0,0.061559235156095626,0.061688375733976654,0.06261547926665999,0.0006554533702776954,0.000698232288300411,42.37380137870807,0.06213,0.06001,15.954227428712835,26.739631245451566,30.41224250275289,0.08538238851501653,False,True,0.07010951752219308,False,True,False,True,False,True,True,True,0.9281754607790048,True,True,True,0.7311506475168277,True,False,True,False,True,False,True,False,True,False,False,False,True,False,True,False,False,0.9387325411048447,-10.78540381673873,0.0,other,False,Short1,True,0.9281754607790048,0.7311506475168277,0.9387325411048447,30.41224250275289,15.954227428712835,26.739631245451566,-10.78540381673873,42.37380137870807,True,True,True,True,True,True,True,True,False,True,True,True,False,True,0.003110674525212879,0.7475741558738288,0.8848836947077853,False,DOGEUSDT,starter_short_adverse
2023-10-14 04:00:00+00:00,0.05863,0.05871,0.05833,0.05844,22374028.0,0.05845550386090002,0.059272864668850345,0.06129094560924974,0.0006018166567185307,0.0006413852780387148,46.47440941840813,0.0591,0.05722,14.997874850399189,26.053885491043083,56.26877217782882,0.08516156872879746,False,True,0.06921051351592325,False,True,False,True,False,True,True,True,1.3839176093789576,True,True,True,0.02576176768611629,True,False,True,False,True,False,True,False,True,False,False,False,True,False,True,False,False,0.9383075622796011,-11.056010640643894,0.0,other,False,Short1,True,1.3839176093789576,0.02576176768611629,0.9383075622796011,56.26877217782882,14.997874850399189,26.053885491043083,-11.056010640643894,46.47440941840813,True,True,True,True,True,True,True,True,False,True,True,True,False,True,-0.008384668035592135,0.5317234018493853,5.5166302941873635,False,DOGEUSDT,starter_short_adverse
2023-10-18 04:00:00+00:00,0.05895,0.05936,0.05886,0.05893,54204749.0,0.05932710136107681,0.05939338885025276,0.060905172864560014,0.0006516442126306816,0.0006238053532141955,42.43496875366541,0.06176,0.05812,21.40585149012882,22.724264417811142,27.151254157257206,0.0849207570996552,False,True,0.06883153421799017,False,True,False,True,False,True,True,True,0.7111071367948819,True,True,True,0.6093836995401368,True,False,True,False,True,False,True,False,True,False,False,False,True,False,True,False,False,1.0446274775826219,-1.3184129276823207,0.0,other,False,Short1,True,0.7111071367948819,0.6093836995401368,1.0446274775826219,27.151254157257206,21.40585149012882,22.724264417811142,-1.3184129276823207,42.43496875366541,True,True,True,True,True,True,True,True,False,True,True,True,False,True,-0.030375021211606987,2.3785985817976765,4.281477447235801,False,DOGEUSDT,starter_short_adverse
2023-03-28 20:00:00+00:00,1.895,1.902,1.867,1.883,740101.8,1.897724089058703,1.9450995837338259,2.052615173773012,0.047694675202053255,0.04970343126218567,45.00340195193786,1.94,1.809,15.22774023686827,19.239503312511953,23.34358701674135,4.068213241012997,False,True,2.792826335197085,False,True,False,True,False,True,True,True,1.3020234118535827,True,True,True,0.308715574565212,True,False,True,False,True,False,True,False,True,False,False,False,True,False,True,False,False,0.9595851632549024,-4.0117630756436835,0.0,other,True,flat,False,1.3020234118535827,0.308715574565212,0.9595851632549024,23.34358701674135,15.22774023686827,19.239503312511953,-4.0117630756436835,45.00340195193786,True,True,True,True,True,True,True,True,False,True,True,True,False,True,-0.05523101433882108,0.1258002067229028,3.249838673674982,False,NEARUSDT,starter_short_adverse
2023-03-31 04:00:00+00:00,1.924,1.934,1.884,1.907,802285.7,1.930651458281767,1.944923755602044,2.038685132503384,0.043342804330673564,0.04640137518262307,44.37031214878835,2.038,1.902,18.73621539800278,19.216065532084954,19.129601396591504,4.068213241012997,False,True,2.7675270887373746,False,True,False,True,False,True,True,True,0.8749723555659608,True,True,True,0.5456836180078225,True,False,True,False,True,False,True,False,True,False,True,False,True,False,True,False,False,0.9340844783174677,-0.4798501340821737,0.0,other,False,Short1,True,0.8749723555659608,0.5456836180078225,0.9340844783174677,19.129601396591504,18.73621539800278,19.216065532084954,-0.4798501340821737,44.37031214878835,True,True,True,True,True,True,True,True,False,True,True,True,True,True,-0.014158363922391145,1.2228096639905695,2.6301943716023573,False,NEARUSDT,starter_short_adverse
2023-04-28 08:00:00+00:00,1.94,1.941,1.896,1.9,595231.3,1.9203672263385203,1.9646458220240257,2.039291803053641,0.05085611169811311,0.05304323833168223,45.773051393461095,2.001,1.779,22.362086303411775,26.77829425151884,20.05835372095329,3.9891943423756167,False,True,2.5933858405463512,False,True,False,True,False,True,True,True,1.2711514873132608,True,True,True,0.40048728969729847,True,False,True,False,True,False,True,False,True,False,True,False,True,False,True,False,False,0.9587670982700397,-4.416207948107065,0.0,other,True,flat,False,1.2711514873132608,0.40048728969729847,0.9587670982700397,20.05835372095329,22.362086303411775,26.77829425151884,-4.416207948107065,45.773051393461095,True,True,True,True,True,True,True,True,False,True,True,True,True,True,0.03473684210526307,1.9270053633226527,1.7303721629836104,True,NEARUSDT,starter_short_followthrough
2023-05-04 12:00:00+00:00,1.869,1.881,1.825,1.837,1009437.4,1.85571539853682,1.8893336336599538,1.9893048574762877,0.039652300143272284,0.04018005374361926,45.03977041207175,1.928,1.78,21.768850942903228,25.635033493571505,22.04072127819184,3.968515791705213,False,True,2.552526517399392,False,True,False,True,False,True,True,True,1.3198133140035038,True,True,True,0.47198771494206565,True,False,True,False,True,False,True,False,True,False,True,False,True,False,True,False,False,0.986865283861628,-3.8661825506682774,0.0,other,False,Short1,True,1.3198133140035038,0.47198771494206565,0.986865283861628,22.04072127819184,21.768850942903228,25.635033493571505,-3.8661825506682774,45.03977041207175,True,True,True,True,True,True,True,True,False,True,True,True,True,True,0.09417528579205228,5.195158900131333,1.3366185519755358,True,NEARUSDT,starter_short_followthrough
2023-05-06 00:00:00+00:00,1.866,1.88,1.811,1.82,1457432.1,1.8515975941661034,1.8770115575853983,1.9771775059844825,0.038046588675220636,0.03751407716450708,41.41415038092593,1.89,1.809,21.233065809077647,24.26451960143658,16.21489994692975,3.968515791705213,False,True,2.538676038106317,False,True,False,True,False,True,True,True,1.4984669998161828,True,True,True,0.8304974313421825,True,False,True,False,True,False,True,False,True,False,True,False,True,False,True,False,False,1.0141949782845086,-3.0314537923589313,0.0,other,False,Short1,True,1.4984669998161828,0.8304974313421825,1.0141949782845086,16.21489994692975,21.233065809077647,24.26451960143658,-3.0314537923589313,41.41415038092593,True,True,True,True,True,True,True,True,False,True,True,True,True,True,0.11043956043956048,6.728592731014811,0.21026852284421305,True,NEARUSDT,starter_short_followthrough
2023-05-26 20:00:00+00:00,1.59,1.594,1.577,1.578,380135.8,1.58295352882464,1.609507568400754,1.732842817615888,0.024826480955780668,0.02533334449196637,45.40583719427627,1.598,1.531,18.05788819212568,25.049256520993776,32.122534274962455,3.9036306396036835,False,True,2.3771330209464017,False,True,False,True,False,True,True,True,1.2691113354676897,True,True,True,0.1995260155260324,True,False,True,False,True,False,True,False,True,False,False,False,True,False,True,False,False,0.9799922376476411,-6.991368328868095,0.0,other,False,Short1,True,1.2691113354676897,0.1995260155260324,0.9799922376476411,32.122534274962455,18.05788819212568,25.049256520993776,-6.991368328868095,45.40583719427627,True,True,True,True,True,True,True,True,False,True,True,True,False,True,-0.019645120405576626,0.16111828362322259,4.430752799638612,False,NEARUSDT,starter_short_adverse
2023-06-19 08:00:00+00:00,1.234,1.237,1.214,1.218,765282.8,1.2366842478223674,1.2526416413930042,1.4475830038083126,0.02604181713193904,0.0282479156690445,44.1738844563303,1.28,1.215,18.501542032773457,22.26013136125094,18.23247016896581,3.810320547520243,False,True,2.171598423667265,False,True,False,True,False,True,True,True,1.3302313435922977,True,True,True,0.7174709709274513,True,False,True,False,True,False,True,False,True,False,True,False,True,False,True,False,False,0.921902254206918,-3.758589328477484,0.0,other,False,Short1,True,1.3302313435922977,0.7174709709274513,0.921902254206918,18.23247016896581,18.501542032773457,22.26013136125094,-3.758589328477484,44.1738844563303,True,True,True,True,True,True,True,True,False,True,True,True,True,True,-0.10262725779967159,0.8831948970178242,6.52796228230568,False,NEARUSDT,starter_short_adverse
2023-07-07 12:00:00+00:00,1.352,1.366,1.339,1.351,1128063.8,1.3643972426670083,1.3869585581651018,1.4121278815822285,0.03509355485141797,0.03542568091842797,43.43698531388479,1.395,1.286,12.727126351806499,23.702354364717294,33.455421935411934,3.7609770055778116,False,True,2.042238070046947,False,True,False,True,False,True,True,True,1.0246484950682884,True,True,True,0.38175792460270086,True,False,True,False,True,False,True,False,True,False,False,False,True,False,True,False,False,0.9906247090133635,-10.975228012910796,0.0,other,True,flat,False,1.0246484950682884,0.38175792460270086,0.9906247090133635,33.455421935411934,12.727126351806499,23.702354364717294,-10.975228012910796,43.43698531388479,True,True,True,True,True,True,True,True,False,True,True,True,False,True,0.024426350851221256,1.8521919559076414,1.4247630430058804,True,NEARUSDT,starter_short_followthrough
2023-07-09 04:00:00+00:00,1.375,1.376,1.344,1.347,752057.1,1.3623900402790217,1.3778754256197423,1.4070117090745997,0.031267723520861095,0.033821165394064934,44.474370599931596,1.401,1.322,18.06472837514888,23.041413875598504,23.232587304744452,3.738151363731266,False,True,2.0286719094064294,False,True,False,True,False,True,True,True,0.9874535828981269,True,True,True,0.49220213517475336,True,False,True,False,True,False,True,False,True,False,True,False,True,False,True,False,False,0.9245016591399915,-4.976685500449623,0.0,other,False,Short1,True,0.9874535828981269,0.49220213517475336,0.9245016591399915,23.232587304744452,18.06472837514888,23.041413875598504,-4.976685500449623,44.474370599931596,True,True,True,True,True,True,True,True,False,True,True,True,True,True,0.01559020044543423,1.9508935455215397,0.7675646736478203,True,NEARUSDT,starter_short_followthrough
2023-07-10 20:00:00+00:00,1.35,1.36,1.316,1.332,1086549.9,1.3393671978895207,1.360739654318368,1.39929900761678,0.029404646523884404,0.03069779041289683,46.16916623428533,1.376,1.286,19.425772518748563,22.08007840065816,23.97090108834486,3.738151363731266,False,True,2.0216900993625844,False,True,False,True,False,True,True,True,0.9773847917207149,True,True,True,0.25054536477888095,True,False,True,False,True,False,True,False,True,False,False,False,True,False,True,False,False,0.9578750173345002,-2.654305881909597,0.0,other,False,Short1,True,0.9773847917207149,0.25054536477888095,0.9578750173345002,23.97090108834486,19.425772518748563,22.08007840065816,-2.654305881909597,46.16916623428533,True,True,True,True,True,True,True,True,False,True,True,True,False,True,-0.1253753753753754,0.9522304570897177,9.114205803573006,False,NEARUSDT,starter_short_adverse
2023-07-11 04:00:00+00:00,1.339,1.346,1.331,1.334,683118.1,1.3388243955512857,1.3588719377233378,1.3980552461729192,0.028415230931308506,0.030164676427446756,46.85698905800973,1.36,1.286,17.332998727419763,19.701351410893157,21.549733269327174,3.738151363731266,False,True,2.014827511309225,False,True,False,True,False,True,True,True,0.8753030296837497,True,True,True,0.16978202862219371,True,False,True,False,True,False,True,False,True,False,False,False,True,False,True,False,False,0.9420035053137041,-2.3683526834733932,0.0,other,False,Short1,True,0.8753030296837497,0.16978202862219371,0.9420035053137041,21.549733269327174,17.332998727419763,19.701351410893157,-2.3683526834733932,46.85698905800973,True,True,True,True,True,True,True,True,False,True,True,True,False,True,-0.1274362818590704,1.0557718173229902,9.36117678026384,False,NEARUSDT,starter_short_adverse
2023-07-27 04:00:00+00:00,1.373,1.385,1.364,1.369,616169.1,1.3746363307794072,1.4101407608619205,1.420624581827759,0.02595144473739627,0.027851867037232976,43.35840553199529,1.381,1.317,13.785446638133962,19.52428626948702,40.122701691507075,3.6915910535660474,False,True,1.9294105564036446,False,True,False,True,False,True,True,True,1.58529751534936,True,True,True,0.21718755300298054,True,False,True,False,True,False,True,False,True,False,False,False,True,False,True,False,False,0.931766789734556,-5.738839631353059,0.0,other,True,flat,False,1.58529751534936,0.21718755300298054,0.931766789734556,40.122701691507075,13.785446638133962,19.52428626948702,-5.738839631353059,43.35840553199529,True,True,True,True,True,True,True,True,False,True,True,True,False,True,-0.018991964937910902,0.7321365030834192,1.9266750081142723,False,NEARUSDT,starter_short_adverse
2023-07-31 12:00:00+00:00,1.394,1.402,1.376,1.376,731358.3,1.3936103372279904,1.399601457444365,1.414192041775226,0.021208592200877747,0.021326321874039125,43.47768115184655,1.419,1.361,14.89023991689087,22.89275789172554,17.018432915874023,3.6693364162171314,False,True,1.9083708966649078,False,True,False,True,False,True,True,True,1.1128252748142453,True,True,True,0.83033975386927,True,False,True,False,True,False,True,False,True,False,True,False,True,False,True,False,False,0.9944796072263782,-8.00251797483467,0.0,other,True,flat,False,1.1128252748142453,0.83033975386927,0.9944796072263782,17.018432915874023,14.89023991689087,22.89275789172554,-8.00251797483467,43.47768115184655,True,True,True,True,True,True,True,True,False,True,True,True,True,True,0.011627906976744037,2.4989871792530605,2.2632336717763613,True,NEARUSDT,starter_short_followthrough
2023-09-18 16:00:00+00:00,1.119,1.122,1.098,1.105,1217478.8,1.111440856050793,1.1151553515226582,1.1672991289257704,0.01816735105374531,0.01807291889097868,46.35459138952066,1.129,1.075,17.913460364286035,23.507074262146716,16.772610923395376,3.50514316736795,False,True,1.6352071046149983,False,True,False,True,False,True,True,True,0.5589891169392383,True,True,True,0.35452917884058277,True,False,True,False,True,False,True,False,True,False,True,False,True,False,True,False,False,1.0052250642708171,-5.593613897860681,0.0,other,False,Short1,True,0.5589891169392383,0.35452917884058277,1.0052250642708171,16.772610923395376,17.913460364286035,23.507074262146716,-5.593613897860681,46.35459138952066,True,True,True,True,True,True,True,True,False,True,True,True,True,True,-0.009049773755656116,0.825656968681054,2.7521898956035336,False,NEARUSDT,starter_short_adverse
2023-10-05 00:00:00+00:00,1.099,1.107,1.093,1.096,322579.0,1.1062299287232575,1.111986688507614,1.132810596859718,0.017252689807748443,0.01789635872742141,42.84472124182152,1.122,1.059,13.48005418294143,27.732784690839956,33.95989481053671,3.4574286916397665,False,True,1.5533036821872075,False,True,False,True,False,True,True,True,0.9266200624805765,True,True,True,0.5929468875434738,True,False,True,False,True,False,True,False,True,False,False,False,True,False,True,False,False,0.9640335260665783,-14.252730507898526,0.0,other,True,flat,False,0.9266200624805765,0.5929468875434738,0.9640335260665783,33.95989481053671,13.48005418294143,27.732784690839956,-14.252730507898526,42.84472124182152,True,True,True,True,True,True,True,True,False,True,True,True,False,True,0.0009124087591241896,1.4490494107633152,0.9273916228885175,True,NEARUSDT,starter_short_followthrough
2023-10-09 04:00:00+00:00,1.095,1.097,1.078,1.08,248713.9,1.0914870746939405,1.0982430960471325,1.1233949505629208,0.013441161403878089,0.0141482812180953,42.225991164158415,1.101,1.077,15.785472571574305,22.98102818275926,19.854480247539634,3.4345687046582767,False,True,1.535051893553067,False,True,False,True,False,True,True,True,1.3572559319069646,True,True,True,0.8546192065386627,True,False,True,False,True,False,True,False,True,False,True,False,True,False,True,False,False,0.9500207973451347,-7.195555611184956,0.0,other,False,Short1,True,1.3572559319069646,0.8546192065386627,0.9500207973451347,19.854480247539634,15.785472571574305,22.98102818275926,-7.195555611184956,42.225991164158415,True,True,True,True,True,True,True,True,False,True,True,True,True,True,0.06481481481481487,6.323858292146956,0.07439833284877946,True,NEARUSDT,starter_short_followthrough
2023-10-17 12:00:00+00:00,1.029,1.03,0.997,1.014,1690851.7,1.025069461930688,1.0327084038956638,1.0837534698132512,0.015435134641638006,0.013166038801324142,41.273569815998094,1.07,1.021,21.133835063702485,22.017550113342168,34.34012466260368,3.411279463815906,False,True,1.4958661275463063,False,True,False,True,False,True,True,True,1.2120661289986894,True,True,True,0.7171600499568564,True,False,True,False,True,False,True,False,True,False,True,False,True,False,True,False,False,1.1723446113561244,-0.8837150496396831,0.0,other,False,Short1,True,1.2120661289986894,0.7171600499568564,1.1723446113561244,34.34012466260368,21.133835063702485,22.017550113342168,-0.8837150496396831,41.273569815998094,True,True,True,True,True,True,True,True,False,True,True,True,True,True,-0.026627218934911157,2.7858519538924345,1.8140431327671664,False,NEARUSDT,starter_short_adverse
2025-06-04 16:00:00+00:00,2.535,2.538,2.479,2.48,1268758.0,2.5065035880861326,2.571099266866724,2.671327080955756,0.0681579063079671,0.07328690697019812,45.80457606781976,2.591,2.465,17.29121183871605,18.844239032834977,19.26822891850488,3.935063602872856,False,True,3.454629829789726,False,True,False,True,False,True,True,True,1.3365913332944521,True,True,True,0.3888556665220594,True,False,True,False,True,False,True,False,True,False,False,False,True,False,True,False,False,0.9300147751587237,-1.553027194118929,0.0,other,True,flat,False,1.3365913332944521,0.3888556665220594,0.9300147751587237,19.26822891850488,17.29121183871605,18.844239032834977,-1.553027194118929,45.80457606781976,True,True,True,True,True,True,True,True,False,True,True,True,False,True,0.015322580645161215,3.755983918333411,0.5868724872395965,True,NEARUSDT,starter_short_followthrough
2025-06-16 20:00:00+00:00,2.369,2.387,2.265,2.272,2373019.2,2.2882947063419627,2.3485732316985777,2.5186499696139264,0.06291018224649149,0.06663391204699366,46.502104611647255,2.384,2.17,20.561450525290986,26.629066816218856,26.772753564207612,3.9054867883806836,False,True,3.3341777333691818,False,True,False,True,False,True,True,True,1.2171834346076527,True,True,True,0.25901540513931204,True,False,True,False,True,False,True,False,True,False,True,False,True,False,True,False,False,0.9441165963980022,-6.0676162909278695,0.0,other,True,flat,False,1.2171834346076527,0.25901540513931204,0.9441165963980022,26.772753564207612,20.561450525290986,26.629066816218856,-6.0676162909278695,46.502104611647255,True,True,True,True,True,True,True,True,False,True,True,True,True,True,0.08670774647887308,4.037502212357136,0.4609746620407811,True,NEARUSDT,starter_short_followthrough
2025-06-19 04:00:00+00:00,2.194,2.208,2.173,2.175,757500.6,2.195626331663371,2.2713071506080147,2.473179460146497,0.0638679057397557,0.06387759380808607,44.53158327601175,2.222,2.072,14.014722443362299,24.781163448925493,33.627870234248235,3.9054867883806836,False,True,3.3006392444859,False,True,False,True,False,True,True,True,1.5079115166299681,True,True,True,0.322952998449921,True,False,True,False,True,False,True,False,True,False,False,False,True,False,True,False,False,0.9998483338561645,-10.766441005563195,0.0,other,False,Short1,True,1.5079115166299681,0.322952998449921,0.9998483338561645,33.627870234248235,14.014722443362299,24.781163448925493,-10.766441005563195,44.53158327601175,True,True,True,True,True,True,True,True,False,True,True,True,False,True,0.1167816091954022,5.981094817114338,0.5166914370805638,True,NEARUSDT,starter_short_followthrough
2025-06-19 20:00:00+00:00,2.192,2.208,2.172,2.181,1319343.2,2.1881618932888154,2.256659633192309,2.4613650922231507,0.05825349478949298,0.06369059654187696,46.46761238861511,2.213,2.072,13.630793695223337,22.185773914630563,32.20101361666795,3.9054867883806836,False,True,3.3006392444859,False,True,False,True,False,True,True,True,1.2987998997436159,True,True,True,0.12294358157730832,True,False,True,False,True,False,True,False,True,False,False,False,True,False,True,False,False,0.9146325823968526,-8.554980219407225,0.0,other,False,Short1,True,1.2987998997436159,0.12294358157730832,0.9146325823968526,32.20101361666795,13.630793695223337,22.185773914630563,-8.554980219407225,46.46761238861511,True,True,True,True,True,True,True,True,False,True,True,True,False,True,0.026593305823016885,6.66054459740298,0.3433270411032466,True,NEARUSDT,starter_short_followthrough
2025-06-26 20:00:00+00:00,2.063,2.11,2.044,2.05,1890798.0,2.1015725317857075,2.1148755680622853,2.327311695202268,0.060211733054096245,0.06451235702635352,42.17602798999838,2.198,2.024,19.45350152954839,20.97613951532708,23.218643616101854,3.8887953775510256,False,True,3.2183246852268974,False,True,False,True,False,True,True,True,1.0774572458161777,True,True,True,0.8565196377817783,True,False,True,False,True,False,True,False,True,False,False,False,True,False,True,False,False,0.9333364308716785,-1.5226379857786903,0.0,other,False,Short1,True,1.0774572458161777,0.8565196377817783,0.9333364308716785,23.218643616101854,19.45350152954839,20.97613951532708,-1.5226379857786903,42.17602798999838,True,True,True,True,True,True,True,True,False,True,True,True,False,True,-0.04780487804878064,0.4318095274992422,4.085582452492861,False,NEARUSDT,starter_short_adverse
2025-06-27 04:00:00+00:00,2.08,2.11,2.06,2.065,1522178.7,2.0963167437066677,2.11164330600444,2.3222751526374354,0.059667259623174825,0.06336014457884563,45.11000118885337,2.196,2.024,19.680109513845036,20.474825726019468,20.790726250481164,3.8887953775510256,False,True,3.206699563980859,False,True,False,True,False,True,True,True,0.7817236169217949,True,True,True,0.5248564104409489,True,False,True,False,True,False,True,False,True,False,False,False,True,False,True,False,False,0.9417159638725987,-0.794716212174432,0.0,other,False,Short1,True,0.7817236169217949,0.5248564104409489,0.9417159638725987,20.790726250481164,19.680109513845036,20.474825726019468,-0.794716212174432,45.11000118885337,True,True,True,True,True,True,True,True,False,True,True,True,False,True,-0.01985472154963677,0.4022306395763883,3.871469905922732,False,NEARUSDT,starter_short_adverse
2025-10-21 20:00:00+00:00,2.3,2.303,2.213,2.217,2671598.5,2.2533958585873406,2.316614450372155,2.5776276095384807,0.06946845835615055,0.06804097666907775,45.75606767381257,2.365,2.163,24.4894546775312,25.97242366132893,19.641099879458924,3.688911668172644,False,True,2.8121925629628035,False,True,False,True,False,True,True,True,1.43395222420875,True,True,True,0.5239191922288876,True,False,True,False,True,False,True,False,True,False,True,False,True,False,True,False,False,1.0209797354029095,-1.4829689837977291,0.0,other,True,flat,False,1.43395222420875,0.5239191922288876,1.0209797354029095,19.641099879458924,24.4894546775312,25.97242366132893,-1.4829689837977291,45.75606767381257,True,True,True,True,True,True,True,True,False,True,True,True,True,True,-0.027965719440685533,2.0296981297198493,1.252366931103733,False,NEARUSDT,starter_short_adverse
2025-11-01 12:00:00+00:00,2.162,2.184,2.142,2.161,2472612.2,2.1694365309652297,2.220214925612265,2.415024580356536,0.055236974895400484,0.06006647792386436,46.17387965973987,2.168,2.029,18.682615952735663,21.655642115657162,20.121146501282876,3.67467374112615,False,True,2.751625061183487,False,True,False,True,False,True,True,True,1.0720160856816887,True,True,True,0.1527333997056412,True,False,True,False,True,False,True,False,True,False,False,False,True,False,True,False,False,0.9195973661950784,-2.9730261629214993,0.0,other,False,Short1,True,1.0720160856816887,0.1527333997056412,0.9195973661950784,20.121146501282876,18.682615952735663,21.655642115657162,-2.9730261629214993,46.17387965973987,True,True,True,True,True,True,True,True,False,True,True,True,False,True,0.11661267931513188,7.983782617261352,0.778464064721631,True,NEARUSDT,starter_short_followthrough
2025-12-07 20:00:00+00:00,1.739,1.773,1.683,1.702,3206405.8,1.7255640593205641,1.7703505554575958,2.0169549995938474,0.04576740009244214,0.04512764429532413,42.86364794644469,1.748,1.639,22.909864918885187,25.230031229165135,21.02440499939656,3.59197153462807,False,True,2.554822279611999,False,True,False,True,False,True,True,True,1.4934332148983702,True,True,True,0.5148655871421335,True,False,True,False,True,False,True,False,True,False,False,False,True,False,True,False,False,1.014176583048105,-2.320166310279948,0.0,other,True,flat,False,1.4934332148983702,0.5148655871421335,1.014176583048105,21.02440499939656,22.909864918885187,25.230031229165135,-2.320166310279948,42.86364794644469,True,True,True,True,True,True,True,True,False,True,True,True,False,True,0.017038777908343076,1.6387210077153844,3.9984792588255416,False,NEARUSDT,starter_short_adverse
2026-01-28 00:00:00+00:00,1.491,1.496,1.475,1.476,1257492.6,1.4779817195246772,1.5190592237355658,1.6216597087067866,0.029708022202696322,0.030629508891357682,46.948002305732054,1.505,1.441,16.381652638967477,19.08044573991796,27.70519277535009,3.4596695169332623,False,True,2.1724715531126724,False,True,False,True,False,True,True,True,1.4494140149005854,True,True,True,0.06670654515995754,True,False,True,False,True,False,True,False,True,False,True,False,True,False,True,False,False,0.9699150681152003,-2.698793100950482,0.0,other,True,flat,False,1.4494140149005854,0.06670654515995754,0.9699150681152003,27.70519277535009,16.381652638967477,19.08044573991796,-2.698793100950482,46.948002305732054,True,True,True,True,True,True,True,True,False,True,True,True,True,True,0.18224932249322487,12.959462510602847,0.8415235396495325,True,NEARUSDT,starter_short_followthrough
2026-01-28 12:00:00+00:00,1.496,1.497,1.46,1.467,1995732.4,1.4785678235849,1.5146987102491922,1.6174915106375742,0.02984931661054077,0.03065121393378748,44.85006030055233,1.505,1.447,14.83161817041693,17.399743786176828,23.800640341436253,3.4596695169332623,False,True,2.1724715531126724,False,True,False,True,False,True,True,True,1.5979833264373016,True,True,True,0.3875406507904761,True,False,True,False,True,False,True,False,True,False,False,False,True,False,True,False,False,0.9738379913768191,-2.5681256157598984,0.0,other,False,Short1,True,1.5979833264373016,0.3875406507904761,0.9738379913768191,23.800640341436253,14.83161817041693,17.399743786176828,-2.5681256157598984,44.85006030055233,True,True,True,True,True,True,True,True,False,True,True,True,False,True,0.20245398773006143,12.596603296010542,1.1390545533626486,True,NEARUSDT,starter_short_followthrough
2019-01-20 08:00:00+00:00,4.3739,4.4042,4.205,4.2642,114803.94,4.3465860611725375,4.388385324086269,4.7021831302611705,0.09736370449419002,0.10098032377040891,43.73864724912568,4.5375,4.2431,19.418430235162198,26.79941909534827,19.24036996592986,5.372606965174129,False,True,5.148876714045454,False,True,False,True,False,True,True,True,1.2754786265725961,True,True,True,0.8461681034070966,True,False,True,False,True,False,True,False,True,False,True,False,True,False,True,False,False,0.9641849110680045,-7.380988860186072,0.0,other,True,flat,False,1.2754786265725961,0.8461681034070966,0.9641849110680045,19.24036996592986,19.418430235162198,26.79941909534827,-7.380988860186072,43.73864724912568,True,True,True,True,True,True,True,True,False,True,True,True,True,True,0.001571220862060758,1.561156704026914,0.8422029587513593,True,ETCUSDT,starter_short_followthrough
2023-08-09 16:00:00+00:00,17.85,17.88,17.78,17.8,22062.3,17.85416129054169,17.967454296673868,18.30306800551992,0.1791785480581756,0.18540029772220062,45.917783625429365,18.14,17.6,17.551863925557598,18.168380951641733,27.036070822127886,22.46071858925656,False,True,19.516172279702147,False,True,False,True,False,True,True,True,0.9345666570503632,True,True,True,0.30227552979223826,True,False,True,False,True,False,True,False,True,False,True,False,True,False,True,False,False,0.9664415335872462,-0.6165170260841357,0.0,other,True,flat,False,0.9345666570503632,0.30227552979223826,0.9664415335872462,27.036070822127886,17.551863925557598,18.168380951641733,-0.6165170260841357,45.917783625429365,True,True,True,True,True,True,True,True,False,True,True,True,True,True,0.00337078651685406,1.5068768160367954,0.5022922720122651,True,ETCUSDT,starter_short_followthrough
2023-08-10 00:00:00+00:00,17.85,17.89,17.78,17.8,31994.61,17.848644503141838,17.95646204010533,18.293599071473338,0.17561823786648806,0.186686991403326,46.14824817603151,18.14,17.6,15.847543335213834,19.75992753487365,24.910360850108766,22.46071858925656,False,True,19.499593451048394,False,True,False,True,False,True,True,True,0.8909213644671512,True,True,True,0.27699004233727975,True,False,True,False,True,False,True,False,True,False,False,False,True,False,True,False,False,0.9407095617448535,-3.912384199659817,0.0,other,False,Short1,True,0.8909213644671512,0.27699004233727975,0.9407095617448535,24.910360850108766,15.847543335213834,19.75992753487365,-3.912384199659817,46.14824817603151,True,True,True,True,True,True,True,True,False,True,True,True,False,True,0.014044943820224719,2.2207260745691686,0.34165016531832587,True,ETCUSDT,starter_short_followthrough
2023-09-07 08:00:00+00:00,15.43,15.44,15.36,15.36,14086.22,15.411912037959823,15.52638248487236,16.299877309660975,0.18227740068706677,0.18390498994602733,45.59477549911639,15.68,15.13,14.370072347512124,20.925885479771136,19.538426013591618,22.235944311872135,False,True,18.658796923900077,False,True,False,True,False,True,True,True,0.9127982089123944,True,True,True,0.28479689618213216,True,False,True,False,True,False,True,False,True,False,True,False,True,False,True,False,False,0.9911498363397414,-6.555813132259011,0.0,other,False,Short1,True,0.9127982089123944,0.28479689618213216,0.9911498363397414,19.538426013591618,14.370072347512124,20.925885479771136,-6.555813132259011,45.59477549911639,True,True,True,True,True,True,True,True,False,True,True,True,True,True,0.043619791666666664,4.608360646101757,1.8104273966828337,True,ETCUSDT,starter_short_followthrough
2023-09-08 08:00:00+00:00,15.57,15.58,15.2,15.3,66820.87,15.444031920253515,15.517655986375534,16.252504022240156,0.1877766861242102,0.18136401341548727,42.100084215488124,15.69,15.13,16.298264816813685,25.167019374957558,17.090195671134154,22.235944311872135,False,True,18.628162128637392,False,True,False,True,False,True,True,True,1.159121458941704,True,True,True,0.76703835404913,True,False,True,False,True,False,True,False,True,False,True,False,True,False,True,False,False,1.0353580216271026,-8.868754558143873,0.0,other,False,Short1,True,1.159121458941704,0.76703835404913,1.0353580216271026,17.090195671134154,16.298264816813685,25.167019374957558,-8.868754558143873,42.100084215488124,True,True,True,True,True,True,True,True,False,True,True,True,True,True,0.012418300653594854,4.739672524688634,1.1716044443050488,True,ETCUSDT,starter_short_followthrough
2023-09-12 04:00:00+00:00,15.07,15.12,14.9,14.93,81037.13,15.037722754022926,15.250539795504782,16.01973568729596,0.24700713435852262,0.19046048534177043,43.98235895751861,15.22,14.41,17.718480832608545,31.681284503590224,39.27371203921489,22.167725960510225,False,True,18.491854663491388,False,True,False,True,False,True,True,True,1.2976944829436763,True,True,True,0.4361119135391881,True,False,True,False,True,False,True,False,True,False,False,False,True,False,True,False,False,1.2968943868607836,-13.962803670981678,0.0,other,False,Short1,True,1.2976944829436763,0.4361119135391881,1.2968943868607836,39.27371203921489,17.718480832608545,31.681284503590224,-13.962803670981678,43.98235895751861,True,True,True,True,True,True,True,True,False,True,True,True,False,True,-0.05425318151373078,0.323877284790822,4.2104047022806865,False,ETCUSDT,starter_short_adverse
2023-09-12 20:00:00+00:00,15.07,15.1,14.96,14.97,20353.83,15.040807107259946,15.220935461291656,15.981788423763467,0.25020175875712614,0.20949814977734033,45.5185896051024,15.32,14.41,21.168653407142568,23.538708528799695,31.849958724912927,22.167725960510225,False,True,18.491854663491388,False,True,False,True,False,True,True,True,1.0029324435534515,True,True,True,0.2830000380959693,True,False,True,False,True,False,True,False,True,False,False,False,True,False,True,False,False,1.1942910189089813,-2.3700551216571277,0.0,other,False,Short1,True,1.0029324435534515,0.2830000380959693,1.1942910189089813,31.849958724912927,21.168653407142568,23.538708528799695,-2.3700551216571277,45.5185896051024,True,True,True,True,True,True,True,True,False,True,True,True,False,True,-0.04609218436873744,0.47961293556088247,3.9967744630073208,False,ETCUSDT,starter_short_adverse
2023-09-13 00:00:00+00:00,14.97,15.06,14.91,14.93,24315.75,15.030254049425665,15.209526227515514,15.971322867308109,0.2430444902744743,0.214283996221816,44.183120239681564,15.32,14.41,20.23546211967632,23.97049123862988,30.17847268000744,22.167725960510225,False,True,18.4568113335064,False,True,False,True,False,True,True,True,1.1501031239171102,True,True,True,0.4124925823763639,True,False,True,False,True,False,True,False,True,False,True,False,True,False,True,False,False,1.134216715012571,-3.735029118953559,0.0,other,False,Short1,True,1.1501031239171102,0.4124925823763639,1.134216715012571,30.17847268000744,20.23546211967632,23.97049123862988,-3.735029118953559,44.183120239681564,True,True,True,True,True,True,True,True,False,True,True,True,True,True,-0.04018754186202275,0.3291578422932143,4.279051949811786,False,ETCUSDT,starter_short_adverse
2023-09-25 20:00:00+00:00,15.24,15.28,15.17,15.22,15270.14,15.233227552024665,15.316270639500628,15.656981144321515,0.16156556888523033,0.165350004974082,46.76941514464677,15.34,14.92,15.099298297518748,16.947398967746,19.84811989393061,22.030761509917212,False,True,18.112457927180014,False,True,False,True,False,True,True,True,0.5958611117757026,True,True,True,0.08187110729057047,True,False,True,False,True,False,True,False,True,False,False,False,True,False,True,False,False,0.9771125734804491,-1.848100670227252,0.0,other,False,Short1,True,0.5958611117757026,0.08187110729057047,0.9771125734804491,19.84811989393061,15.099298297518748,16.947398967746,-1.848100670227252,46.76941514464677,True,True,True,True,True,True,True,True,False,True,True,True,False,True,-0.04270696452036784,2.4138806472871757,5.3229162991460575,False,ETCUSDT,starter_short_adverse
2023-09-26 00:00:00+00:00,15.23,15.28,15.15,15.22,46019.63,15.231967785165173,15.312495320304526,15.652633073233739,0.15931088539342808,0.16364643319021896,46.76941514464678,15.34,14.92,14.219209221626176,16.856309386468986,19.036547177735375,22.030761509917212,False,True,18.083677251287675,False,True,False,True,False,True,True,True,0.5805963608582216,True,True,True,0.0751222060916747,True,False,True,False,True,False,True,False,True,False,False,False,True,False,True,False,False,0.9735066159874604,-2.63710016484281,0.0,other,False,Short1,True,0.5805963608582216,0.0751222060916747,0.9735066159874604,19.036547177735375,14.219209221626176,16.856309386468986,-2.63710016484281,46.76941514464678,True,True,True,True,True,True,True,True,False,True,True,True,False,True,-0.045335085413929006,2.448043641442777,5.398250081130203,False,ETCUSDT,starter_short_adverse
2023-09-26 04:00:00+00:00,15.23,15.24,15.16,15.18,31611.81,15.227018472292299,15.307299425390624,15.647930256584647,0.1536458221510404,0.16192168796234616,43.6486739494946,15.34,14.92,13.690378544774422,16.229401563176587,18.28294394126837,22.030761509917212,False,True,18.083677251287675,False,True,False,True,False,True,True,True,0.8285251340285974,True,True,True,0.30601855380146875,True,False,True,False,True,False,True,False,True,False,False,False,True,False,True,False,False,0.9488897014633996,-2.5390230184021654,0.0,other,False,Short1,True,0.8285251340285974,0.30601855380146875,0.9488897014633996,18.28294394126837,13.690378544774422,16.229401563176587,-2.5390230184021654,43.6486739494946,True,True,True,True,True,True,True,True,False,True,True,True,False,True,-0.050724637681159396,2.2779662674845444,5.922712295459823,False,ETCUSDT,starter_short_adverse
2024-10-27 16:00:00+00:00,18.52,18.56,18.25,18.3,35181.17,18.475890656160185,18.76958599265321,18.94228802819482,0.32325793835398725,0.33940728993739566,43.36680830318571,18.52,17.95,17.210891737925547,30.262422801301714,36.70603186285217,22.492548166899795,False,True,21.558744832276524,False,True,False,True,False,True,True,True,1.4526665456208614,True,True,True,0.5441185978473132,True,False,True,False,True,False,True,False,True,False,False,False,True,False,True,False,False,0.9524189607524718,-13.051531063376167,0.0,other,True,flat,False,1.4526665456208614,0.5441185978473132,0.9524189607524718,36.70603186285217,17.210891737925547,30.262422801301714,-13.051531063376167,43.36680830318571,True,True,True,True,True,True,True,True,False,True,True,True,False,True,-0.00874316939890711,0.5258958244479097,4.702127371534203,False,ETCUSDT,starter_short_adverse
2025-05-07 12:00:00+00:00,16.2,16.24,15.98,16.0,77197.67,16.154899231846656,16.369511730879303,16.45865249439355,0.3023077520258992,0.29222825363193194,43.558006347918266,16.47,15.58,16.41984980129137,21.095729337582657,26.38506247818,22.455590574622182,False,True,20.469518410664726,False,True,False,True,False,True,True,True,1.222303194023441,True,True,True,0.5123892153231503,True,False,True,False,True,False,True,False,True,False,True,False,True,False,True,False,False,1.0344918681499655,-4.675879536291287,0.0,other,True,flat,False,1.222303194023441,0.5123892153231503,1.0344918681499655,26.38506247818,16.41984980129137,21.095729337582657,-4.675879536291287,43.558006347918266,True,True,True,True,True,True,True,True,False,True,True,True,True,True,-0.23062500000000008,0.5954197297083497,15.877859458889352,False,ETCUSDT,starter_short_adverse
2025-06-17 08:00:00+00:00,16.99,17.0,16.66,16.71,48017.24,16.94389708785435,17.077944247256237,17.493101161169157,0.32005551916663516,0.31013407144953986,44.13154072817792,17.53,16.35,18.569001962400996,29.335325042674988,17.82396750218721,22.186972237816413,False,True,19.6489989554485,False,True,False,True,False,True,True,True,1.1496263155039306,True,True,True,0.7308016073691616,True,False,True,False,True,False,True,False,True,False,True,False,True,False,True,False,False,1.0319908343856685,-10.766323080273992,0.0,other,True,flat,False,1.1496263155039306,0.7308016073691616,1.0319908343856685,17.82396750218721,18.569001962400996,29.335325042674988,-10.766323080273992,44.13154072817792,True,True,True,True,True,True,True,True,False,True,True,True,True,True,0.03351286654697799,2.7495229649260744,0.6561361620846335,True,ETCUSDT,starter_short_followthrough
2025-06-19 04:00:00+00:00,16.57,16.67,16.46,16.48,32147.3,16.630178430353016,16.864738893722876,17.387821314338517,0.3280883296585328,0.32295518515826094,44.25561843443804,16.8,16.04,13.803217363137923,24.80065960752947,28.217139510391046,22.186972237816413,False,True,19.586746556637614,False,True,False,True,False,True,True,True,1.1726686350694144,True,True,True,0.4577378003945409,True,False,True,False,True,False,True,False,True,False,False,False,True,False,True,False,False,1.0158942935000608,-10.997442244391548,0.0,other,False,Short1,True,1.1726686350694144,0.4577378003945409,1.0158942935000608,28.217139510391046,13.803217363137923,24.80065960752947,-10.997442244391548,44.25561843443804,True,True,True,True,True,True,True,True,False,True,True,True,False,True,0.07038834951456312,6.126398955098354,1.3411022588275046,True,ETCUSDT,starter_short_followthrough
2025-06-20 12:00:00+00:00,16.8,16.84,16.4,16.49,42275.89,16.636298369383844,16.802019169888396,17.329743316604258,0.3038554317711658,0.32353283276538736,44.99322759486029,16.92,16.21,14.811416011524802,27.746234393045448,23.976949224194975,22.186972237816413,False,True,19.558122212790476,False,True,False,True,False,True,True,True,1.0268671784790742,True,True,True,0.4814736025322187,True,False,True,False,True,False,True,False,True,False,True,False,True,False,True,False,False,0.9391795854966881,-12.934818381520646,0.0,other,False,Short1,True,1.0268671784790742,0.4814736025322187,0.9391795854966881,23.976949224194975,14.811416011524802,27.746234393045448,-12.934818381520646,44.99322759486029,True,True,True,True,True,True,True,True,False,True,True,True,True,True,0.009702850212249857,6.647898272627439,0.06582077497651966,True,ETCUSDT,starter_short_followthrough
2025-06-27 08:00:00+00:00,16.11,16.33,16.04,16.06,81348.42,16.19829558680041,16.228595456884985,16.88658774121571,0.2995851406977133,0.3195772503332478,46.12470103600325,16.61,15.97,15.085678585110099,19.75124160619742,16.1329555705363,22.13217649415655,False,True,19.31809979181558,False,True,False,True,False,True,True,True,0.5627630812807981,True,True,True,0.461623652222301,True,False,True,False,True,False,True,False,True,False,True,False,True,False,True,False,False,0.9374420124877876,-4.665563021087323,0.0,other,False,Short1,True,0.5627630812807981,0.461623652222301,0.9374420124877876,16.1329555705363,15.085678585110099,19.75124160619742,-4.665563021087323,46.12470103600325,True,True,True,True,True,True,True,True,False,True,True,True,True,True,-0.00622665006226659,0.6008308675817173,3.671744190777208,False,ETCUSDT,starter_short_adverse
2025-06-27 16:00:00+00:00,16.15,16.26,15.88,16.03,42357.85,16.17724423318582,16.217469316409403,16.87070966411434,0.30071371825466103,0.31193905768530034,45.48098622990866,16.61,15.93,15.334033498246992,19.392692952888446,16.064458039572937,22.13217649415655,False,True,19.31809979181558,False,True,False,True,False,True,True,True,0.6234145801444365,True,True,True,0.4896492053652342,True,False,True,False,True,False,True,False,True,False,False,False,True,False,True,False,False,0.9640143189700727,-4.058659454641454,0.0,other,False,Short1,True,0.6234145801444365,0.4896492053652342,0.9640143189700727,16.064458039572937,15.334033498246992,19.392692952888446,-4.058659454641454,45.48098622990866,True,True,True,True,True,True,True,True,False,True,True,True,False,True,0.005614472863381262,0.2992879756944931,3.757726805941897,False,ETCUSDT,starter_short_adverse
2025-10-01 00:00:00+00:00,18.45,18.5,18.22,18.22,26882.32,18.350876735024897,18.602225456031285,19.879311173137804,0.2719846463757781,0.2664261421346542,45.26704734341762,18.73,18.03,19.545326425751785,23.67544128244903,20.503726904134762,21.91559481796568,False,True,20.06937257081949,False,True,False,True,False,True,True,True,1.4053199734781983,True,True,True,0.4811916288983357,True,False,True,False,True,False,True,False,True,False,True,False,True,False,True,False,False,1.02086320882999,-4.130114856697244,0.0,other,True,flat,False,1.4053199734781983,0.4811916288983357,1.02086320882999,20.503726904134762,19.545326425751785,23.67544128244903,-4.130114856697244,45.26704734341762,True,True,True,True,True,True,True,True,False,True,True,True,True,True,-0.08342480790340284,0.07353356252458187,7.31658947119606,False,ETCUSDT,starter_short_adverse
2025-10-21 20:00:00+00:00,16.26,16.27,15.65,15.69,99641.06,15.904827202462318,16.153458266464504,17.883972482041937,0.4181588061064952,0.4007954562464942,45.9839219990476,16.63,15.48,21.04687679262632,27.870102503330514,24.906158157997833,21.806092217419074,False,True,19.599950295474457,False,True,False,True,False,True,True,True,1.1083307578280988,True,True,True,0.5137454941164318,True,False,True,False,True,False,True,False,True,False,True,False,True,False,True,False,False,1.0433222223191132,-6.823225710704193,0.0,other,True,flat,False,1.1083307578280988,0.5137454941164318,1.0433222223191132,24.906158157997833,21.04687679262632,27.870102503330514,-6.823225710704193,45.9839219990476,True,True,True,True,True,True,True,True,False,True,True,True,True,True,-0.018483110261312996,1.6500908026417904,1.1000605350945256,False,ETCUSDT,starter_short_adverse
2025-11-06 20:00:00+00:00,14.63,14.71,14.39,14.56,121304.32,14.68670365562805,15.177111102505783,16.44892653823799,0.45694810824827736,0.4953541550999609,45.11955312248289,14.75,13.95,12.255433780038091,23.159836937332287,33.46297921678891,21.695028288953562,False,True,19.026051001518457,False,True,False,True,False,True,True,True,1.3505058700680361,True,True,True,0.27728237263913963,True,False,True,False,True,False,True,False,True,False,False,False,True,False,True,False,False,0.9224674983418009,-10.904403157294196,0.0,other,False,Short1,True,1.3505058700680361,0.27728237263913963,0.9224674983418009,33.46297921678891,12.255433780038091,23.159836937332287,-10.904403157294196,45.11955312248289,True,True,True,True,True,True,True,True,False,True,True,True,False,True,-0.13255494505494492,0.02188432301062598,9.432143217579998,False,ETCUSDT,starter_short_adverse
2025-11-16 08:00:00+00:00,15.33,15.35,15.04,15.07,127574.39,15.293843060573025,15.488962780798074,16.14759923788092,0.4048429789450039,0.43434642688910374,44.42142121322099,15.81,14.5,16.230310060259516,26.586221460178102,22.037732728567434,21.587495241970498,False,True,18.71315772637419,False,True,False,True,False,True,True,True,1.0348772304014393,True,True,True,0.5529132829630534,True,False,True,False,True,False,True,False,True,False,True,False,True,False,True,False,False,0.9320739250569854,-10.355911399918586,0.0,other,True,flat,False,1.0348772304014393,0.5529132829630534,0.9320739250569854,22.037732728567434,16.230310060259516,26.586221460178102,-10.355911399918586,44.42142121322099,True,True,True,True,True,True,True,True,False,True,True,True,True,True,0.0497677504976775,3.6310374057387165,0.2964112167949952,True,ETCUSDT,starter_short_followthrough
2025-12-16 20:00:00+00:00,12.81,12.85,12.62,12.68,40980.86,12.726276230027043,12.997309934204235,13.834251479129602,0.2842564661102143,0.23717616931385943,46.61386093528982,13.24,12.03,22.887361650620182,25.21131147572841,19.912159987641413,21.28190377357141,False,True,17.3893832686249,False,True,False,True,False,True,True,True,1.1162804440170782,True,True,True,0.16279745773347082,True,False,True,False,True,False,True,False,True,False,False,False,True,False,True,False,False,1.1985034876503664,-2.3239498251082296,0.0,other,False,Short1,True,1.1162804440170782,0.16279745773347082,1.1985034876503664,19.912159987641413,22.887361650620182,25.21131147572841,-2.3239498251082296,46.61386093528982,True,True,True,True,True,True,True,True,False,True,True,True,False,True,0.02444794952681392,4.256719351217318,0.3517949877039096,True,ETCUSDT,starter_short_followthrough
2025-12-17 00:00:00+00:00,12.68,12.76,12.63,12.66,35569.71,12.719964208119707,12.984082093647206,13.822567384809906,0.27323814710234184,0.23948501436286945,46.11530248632327,13.24,12.03,22.109558465760085,24.35453127276474,18.834979260090996,21.28190377357141,False,True,17.342523733613707,False,True,False,True,False,True,True,True,1.1860792392426107,True,True,True,0.21945767366533725,True,False,True,False,True,False,True,False,True,False,False,False,True,False,True,False,False,1.140940479425278,-2.244972807004654,0.0,other,False,Short1,True,1.1860792392426107,0.21945767366533725,1.140940479425278,18.834979260090996,22.109558465760085,24.35453127276474,-2.244972807004654,46.11530248632327,True,True,True,True,True,True,True,True,False,True,True,True,False,True,0.0300157977883097,4.355175192848467,0.4391773303712713,True,ETCUSDT,starter_short_followthrough
2025-12-27 12:00:00+00:00,11.88,11.89,11.76,11.83,25379.51,11.864596993007007,12.058536632924618,12.99746251697178,0.19298712879098934,0.20026590456979299,46.563323428632586,12.03,11.55,13.353419148031076,18.96247645090578,20.87488072989568,21.197407218610504,False,True,16.837172044618363,False,True,False,True,False,True,True,True,1.184206606711733,True,True,True,0.17927098674272968,True,False,True,False,True,False,True,False,True,False,False,False,True,False,True,False,False,0.963654443354001,-5.609057302874703,0.0,other,False,Short1,True,1.184206606711733,0.17927098674272968,0.963654443354001,20.87488072989568,13.353419148031076,18.96247645090578,-5.609057302874703,46.563323428632586,True,True,True,True,True,True,True,True,False,True,True,True,False,True,0.00929839391377848,0.725436980575138,3.4199171941399227,False,ETCUSDT,starter_short_adverse
2026-03-09 20:00:00+00:00,8.25,8.27,8.14,8.16,17300.1,8.202007168536467,8.35997720735487,8.923844507836865,0.16826151658455815,0.1748716928907798,45.18239103044969,8.36,7.87,17.184702351681256,18.562022839829954,20.640683486571227,20.089903871396622,False,True,13.352183342882553,False,True,False,True,False,True,True,True,1.1884904606477456,True,True,True,0.249654046802533,True,False,True,False,True,False,True,False,True,False,True,False,True,False,True,False,False,0.9621998495185256,-1.3773204881486976,0.0,other,True,flat,False,1.1884904606477456,0.249654046802533,0.9621998495185256,20.640683486571227,17.184702351681256,18.562022839829954,-1.3773204881486976,45.18239103044969,True,True,True,True,True,True,True,True,False,True,True,True,True,True,-0.040441176470588244,0.2971564800729328,4.100759425006411,False,ETCUSDT,starter_short_adverse
2026-03-30 16:00:00+00:00,8.21,8.23,8.04,8.08,18737.72,8.150417646627687,8.242655081177698,8.512682765153473,0.14682636947820113,0.13351787145007787,44.83242771004292,8.4,7.76,19.651207131304133,25.714727161240017,24.58157598406954,19.73751985093521,False,True,12.407740668969327,False,True,False,True,False,True,True,True,1.1078056465997905,True,True,True,0.4795980918001384,True,False,True,False,True,False,True,False,True,False,True,False,True,False,True,False,False,1.0996757803549864,-6.063520029935884,0.0,other,True,flat,False,1.1078056465997905,0.4795980918001384,1.0996757803549864,24.58157598406954,19.651207131304133,25.714727161240017,-6.063520029935884,44.83242771004292,True,True,True,True,True,True,True,True,False,True,True,True,True,True,-0.004950495049504845,1.9070143939067499,1.9751220508319833,False,ETCUSDT,starter_short_adverse
2026-03-30 20:00:00+00:00,8.08,8.15,8.05,8.07,29085.12,8.142758823139335,8.235884293680535,8.508277961520104,0.14348162880118676,0.13308802348935805,44.34533301352204,8.4,7.76,18.672923246486402,24.434586810764944,23.78044912558679,19.73751985093521,False,True,12.407740668969327,False,True,False,True,False,True,True,True,1.1561361204673068,True,True,True,0.5070950458762356,True,False,True,False,True,False,True,False,True,False,False,False,True,False,True,False,False,1.0780957222094427,-5.7616635642785425,0.0,other,False,Short1,True,1.1561361204673068,0.5070950458762356,1.0780957222094427,23.78044912558679,18.672923246486402,24.434586810764944,-5.7616635642785425,44.34533301352204,True,True,True,True,True,True,True,True,False,True,True,True,False,True,-0.0012391573729863428,1.8817740100659301,2.090860011184356,False,ETCUSDT,starter_short_adverse
2026-03-31 08:00:00+00:00,8.13,8.18,8.0,8.08,48961.48,8.136246924512763,8.222672661851183,8.496795618363393,0.1434654294738365,0.13326143863196782,45.25812079863784,8.4,7.76,18.815926329642753,25.042587253700482,20.303987856033874,19.73751985093521,False,True,12.364579070273114,False,True,False,True,False,True,True,True,0.9944741557212694,True,True,True,0.3920590815435482,True,False,True,False,True,False,True,False,True,False,True,False,True,False,True,False,False,1.0765712193011014,-6.226660924057729,0.0,other,False,Short1,True,0.9944741557212694,0.3920590815435482,1.0765712193011014,20.303987856033874,18.815926329642753,25.042587253700482,-6.226660924057729,45.25812079863784,True,True,True,True,True,True,True,True,False,True,True,True,True,True,-0.04084158415841585,1.9516896929588412,2.579018522838461,False,ETCUSDT,starter_short_adverse
2020-11-02 12:00:00+00:00,30.457,30.882,29.365,30.2,21803.535,30.754677127589854,32.595907405049005,39.109503014425506,1.5631493327670705,1.5247443866030275,45.80198033565818,34.485,28.2,25.073090895386066,26.466318826653364,26.157187880007253,40.721592039801,False,True,41.82343451306408,False,True,False,True,False,True,True,True,1.5327437723482216,True,True,True,0.35484589729374827,True,False,True,False,True,False,True,False,True,False,False,False,True,False,True,False,False,1.0251877931156745,-1.3932279312672975,0.0,other,True,flat,False,1.5327437723482216,0.35484589729374827,1.0251877931156745,26.157187880007253,25.073090895386066,26.466318826653364,-1.3932279312672975,45.80198033565818,True,True,True,True,True,True,True,True,False,True,True,True,False,True,-0.2030463576158941,2.7259071866519764,6.909128752837679,False,AAVEUSDT,starter_short_adverse
2022-10-13 20:00:00+00:00,71.4,72.0,70.9,71.0,8024.405,71.456412526264,73.3773782592275,77.72664087004233,1.8430590143587349,1.3402611176745876,44.74356719704541,72.8,64.7,17.695500759181048,29.081623656884847,40.03753350549413,143.54276246384632,False,True,107.91511423024676,False,True,False,True,False,True,True,True,1.2899089181117036,True,True,True,0.24763858493310661,True,False,True,False,True,False,True,False,True,False,False,False,True,False,True,False,False,1.3751492079069816,-11.3861228977038,0.0,other,True,flat,False,1.2899089181117036,0.24763858493310661,1.3751492079069816,40.03753350549413,17.695500759181048,29.081623656884847,-11.3861228977038,44.74356719704541,True,True,True,True,True,True,True,True,False,True,True,True,False,True,-0.11126760563380289,0.10851524473273032,4.720413145873703,False,AAVEUSDT,starter_short_adverse
2022-12-09 12:00:00+00:00,62.8,63.2,61.7,62.1,31318.626,62.69220919487784,62.88334151785988,65.08040626876848,1.145846652819304,1.226991838420447,45.08700035907908,63.5,60.1,17.24062217012167,29.585622472864515,21.123228604221218,138.11084331976355,False,True,91.30140872333995,False,True,False,True,False,True,True,True,0.6836355597256446,True,True,True,0.5168311077409309,True,False,True,False,True,False,True,False,True,False,True,False,True,False,True,False,False,0.9338665645033106,-12.345000302742843,0.0,other,True,flat,False,0.6836355597256446,0.5168311077409309,0.9338665645033106,21.123228604221218,17.24062217012167,29.585622472864515,-12.345000302742843,45.08700035907908,True,True,True,True,True,True,True,True,False,True,True,True,True,True,-0.0032206119162640216,3.490868512080722,1.5708908304363225,False,AAVEUSDT,starter_short_adverse
2022-12-20 12:00:00+00:00,56.0,56.2,55.1,55.7,28744.228,55.85113325384797,57.64611115962689,61.91404361243371,1.276607500979996,1.2639053430564782,46.19492519189767,56.6,53.0,19.29392675705302,28.820948108580286,30.355102883605,136.6034975942664,False,True,87.91812597416153,False,True,False,True,False,True,True,True,1.5244397029885404,True,True,True,0.11838662527985146,True,False,True,False,True,False,True,False,True,False,False,False,True,False,True,False,False,1.01004992817959,-9.527021351527267,0.0,other,False,Short1,True,1.5244397029885404,0.11838662527985146,1.01004992817959,30.355102883605,19.29392675705302,28.820948108580286,-9.527021351527267,46.19492519189767,True,True,True,True,True,True,True,True,False,True,True,True,False,True,0.023339317773788226,1.6449848511683685,0.6266608956831853,True,AAVEUSDT,starter_short_followthrough
2022-12-21 16:00:00+00:00,56.3,56.5,55.5,55.6,6797.87,55.80402231038225,57.18058476069003,61.496057903995535,1.125991152685436,1.2125172052450721,46.63871288531549,56.4,53.1,17.28794260148363,25.126916752475925,26.003959482115416,136.6034975942664,False,True,87.59754760625943,False,True,False,True,False,True,True,True,1.4037275132405878,True,True,True,0.18119352882628448,True,False,True,False,True,False,True,False,True,False,True,False,True,False,True,False,False,0.9286393197677162,-7.838974150992296,0.0,other,False,Short1,True,1.4037275132405878,0.18119352882628448,0.9286393197677162,26.003959482115416,17.28794260148363,25.126916752475925,-7.838974150992296,46.63871288531549,True,True,True,True,True,True,True,True,False,True,True,True,True,True,0.02697841726618705,1.7762128905099244,0.5328638671529786,True,AAVEUSDT,starter_short_followthrough
2023-01-03 12:00:00+00:00,52.9,53.6,52.2,52.6,14544.864,52.89267047954159,53.58366859864672,57.48769031339493,0.8519987401698524,0.8708479870757782,44.89023925131557,54.1,51.3,16.02123183994214,25.62211063347261,24.115922961921196,134.98953759140974,False,True,83.5389393581298,False,True,False,True,False,True,True,True,1.1545423159318453,True,True,True,0.3435104604535512,True,False,True,False,True,False,True,False,True,False,True,False,True,False,True,False,False,0.9783552960038185,-9.60087879353047,0.0,other,False,Short1,True,1.1545423159318453,0.3435104604535512,0.9783552960038185,24.115922961921196,16.02123183994214,25.62211063347261,-9.60087879353047,44.89023925131557,True,True,True,True,True,True,True,True,False,True,True,True,True,True,-0.0684410646387833,0.5868553278615426,6.4554086064769685,False,AAVEUSDT,starter_short_adverse
2023-03-28 20:00:00+00:00,71.1,71.4,69.9,70.6,12305.645,71.24994178435873,73.1431725132481,76.07804931670886,1.6054655492032261,1.6837459311080003,43.361606634678076,73.7,68.1,14.30721938508574,18.552830618330155,24.0722592564135,128.46991321751952,False,True,80.58767450700799,False,True,False,True,False,True,True,True,1.5840716822047387,True,True,True,0.4048307263156718,True,False,True,False,True,False,True,False,True,False,False,False,True,False,True,False,False,0.9535081983222604,-4.245611233244416,0.0,other,True,flat,False,1.5840716822047387,0.4048307263156718,0.9535081983222604,24.0722592564135,14.30721938508574,18.552830618330155,-4.245611233244416,43.361606634678076,True,True,True,True,True,True,True,True,False,True,True,True,False,True,-0.049575070821529746,0.311436144019499,2.6783508385676984,False,AAVEUSDT,starter_short_adverse
2023-05-15 20:00:00+00:00,63.4,63.4,62.6,62.8,5417.615,63.00427013967304,64.17522689604247,69.30996718831453,1.0546793507389478,1.1638944019545072,46.85793433892332,64.6,61.4,20.709139122561528,20.910059259257377,30.19902245514118,124.75412559067905,False,True,77.40523103738957,False,True,False,True,False,True,True,True,1.3039289098425428,True,True,True,0.19367985116037675,True,False,True,False,True,False,True,False,True,False,True,False,True,False,True,False,False,0.9061641236248267,-0.2009201366958493,0.0,other,True,flat,False,1.3039289098425428,0.19367985116037675,0.9061641236248267,30.19902245514118,20.709139122561528,20.910059259257377,-0.2009201366958493,46.85793433892332,True,True,True,True,True,True,True,True,False,True,True,True,True,True,-0.039808917197452234,0.9481554742674753,4.361515181630395,False,AAVEUSDT,starter_short_adverse
2023-05-16 00:00:00+00:00,62.8,63.0,61.9,62.7,7043.259,62.97529203113275,64.11737486090355,69.24419637052037,1.0579165399718802,1.1454019446720425,46.06993460466463,64.6,61.4,19.171072003025454,24.08334055853281,28.853141401932692,124.75412559067905,False,True,77.2599053554255,False,True,False,True,False,True,True,True,1.3397794696935397,True,True,True,0.260220934952078,True,False,True,False,True,False,True,False,True,False,False,False,True,False,True,False,False,0.9236203455851373,-4.912268555507357,0.0,other,False,Short1,True,1.3397794696935397,0.260220934952078,0.9236203455851373,28.853141401932692,19.171072003025454,24.08334055853281,-4.912268555507357,46.06993460466463,True,True,True,True,True,True,True,True,False,True,True,True,False,True,-0.03349282296650709,0.8507287352024272,4.442694506057094,False,AAVEUSDT,starter_short_adverse
2023-05-16 08:00:00+00:00,63.2,63.3,62.3,62.6,4968.274,62.950295744305954,64.01953750135696,69.11755700277166,1.0366729349757542,1.1088924931100774,45.569194124029885,64.6,61.4,18.14850047329525,21.88028850631348,26.057394028341413,124.75412559067905,False,True,77.2599053554255,False,True,False,True,False,True,True,True,1.3693204997101265,True,True,True,0.33790381950518045,True,False,True,False,True,False,True,False,True,False,False,False,True,False,True,False,False,0.9348723536474025,-3.73178803301823,0.0,other,False,Short1,True,1.3693204997101265,0.33790381950518045,0.9348723536474025,26.057394028341413,18.14850047329525,21.88028850631348,-3.73178803301823,45.569194124029885,True,True,True,True,True,True,True,True,False,True,True,True,False,True,-0.036741214057508055,0.7716995139057187,4.630197083434291,False,AAVEUSDT,starter_short_adverse
2023-06-02 12:00:00+00:00,64.2,64.4,63.4,64.0,10833.042,64.21910519322675,64.81084250080696,66.39094648269023,0.958556855052915,0.9727746682818461,45.89671788957853,64.7,62.2,18.006168852268168,19.11950760859023,27.867697376114332,123.53336124146634,False,True,75.3393856905886,False,True,False,True,False,True,True,True,0.8458992249992258,True,True,True,0.22857819238552887,True,False,True,False,True,False,True,False,True,False,False,False,True,False,True,False,False,0.9853842686363912,-1.1133387563220616,0.0,other,True,flat,False,0.8458992249992258,0.22857819238552887,0.9853842686363912,27.867697376114332,18.006168852268168,19.11950760859023,-1.1133387563220616,45.89671788957853,True,True,True,True,True,True,True,True,False,True,True,True,False,True,0.046875,7.615615037875888,0.7302644556867323,True,AAVEUSDT,starter_short_followthrough
2023-06-02 20:00:00+00:00,64.1,64.2,63.5,63.6,8948.126,64.1498797613489,64.73657548805748,66.34060720430226,0.9295719821629727,0.9712444843858774,42.93901741023496,64.7,62.2,16.723349955997577,18.536542063575748,24.450451286629914,123.53336124146634,False,True,75.3393856905886,False,True,False,True,False,True,True,True,1.2226869030764491,True,True,True,0.5915408079204484,True,False,True,False,True,False,True,False,True,False,True,False,True,False,True,False,False,0.9570937051454614,-1.8131921075781712,0.0,other,False,Short1,True,1.2226869030764491,0.5915408079204484,0.9570937051454614,24.450451286629914,16.723349955997577,18.536542063575748,-1.8131921075781712,42.93901741023496,True,True,True,True,True,True,True,True,False,True,True,True,True,True,0.029874213836477963,7.422771052054245,1.1833403126463307,True,AAVEUSDT,starter_short_followthrough
2023-09-06 12:00:00+00:00,55.28,55.32,54.42,54.68,13992.623,55.13955376388333,55.65660187049934,59.45719630226427,0.6441129434525494,0.6936326438601561,42.26365198906682,55.94,54.1,17.732788865782915,22.818926433755326,22.757387599704796,115.91847897703565,False,True,67.99138180431845,False,True,False,True,False,True,True,True,1.5161966242513205,True,True,True,0.7134676745044827,True,False,True,False,True,False,True,False,True,False,True,False,True,False,True,False,False,0.928608174880549,-5.086137567972411,0.0,other,True,flat,False,1.5161966242513205,0.7134676745044827,0.928608174880549,22.757387599704796,17.732788865782915,22.818926433755326,-5.086137567972411,42.26365198906682,True,True,True,True,True,True,True,True,False,True,True,True,True,True,0.007498171177761459,1.2109677470834155,4.2228618872652355,False,AAVEUSDT,starter_short_adverse
2023-09-12 12:00:00+00:00,53.77,53.9,53.1,53.41,9124.858,53.8900014113339,54.759088603984914,58.05758349432629,0.946213533681318,0.7504919773653425,43.36648513750222,54.5,51.39,19.67354201696088,23.96732284084601,32.64104722379536,115.31033490761241,False,True,67.23683510682842,False,True,False,True,False,True,True,True,1.4257760600148914,True,True,True,0.5072865629668375,True,False,True,False,True,False,True,False,True,False,False,False,True,False,True,False,False,1.2607910040598576,-4.293780823885129,0.0,other,False,Short1,True,1.4257760600148914,0.5072865629668375,1.2607910040598576,32.64104722379536,19.67354201696088,23.96732284084601,-4.293780823885129,43.36648513750222,True,True,True,True,True,True,True,True,False,True,True,True,False,True,-0.09960681520314549,0.6235379002713637,9.955469526366583,False,AAVEUSDT,starter_short_adverse
2023-09-12 16:00:00+00:00,53.4,54.13,52.82,53.23,14467.887,53.827144134064,54.69912434500511,58.00954783766633,0.9721982812755098,0.7681354075535325,42.06010302994328,54.35,51.39,17.780017345047405,23.71772701052606,31.331580410844154,115.31033490761241,False,True,67.23683510682842,False,True,False,True,False,True,True,True,1.5111365379885715,True,True,True,0.6142205202014536,True,False,True,False,True,False,True,False,True,False,False,False,True,False,True,False,False,1.2656600277962786,-5.937709665478653,0.0,other,False,Short1,True,1.5111365379885715,0.6142205202014536,1.2656600277962786,31.331580410844154,17.780017345047405,23.71772701052606,-5.937709665478653,42.06010302994328,True,True,True,True,True,True,True,True,False,True,True,True,False,True,-0.11102761600601173,0.3908667679410429,9.874528874300152,False,AAVEUSDT,starter_short_adverse
2024-02-07 00:00:00+00:00,84.53,85.03,83.97,84.0,6890.848,84.52039911552109,86.09168387551888,93.00583044266152,1.436551004833818,1.5269377755240339,44.98384403425895,85.97,82.51,18.44898897274341,22.6837511288794,21.905450895214816,109.95514484757342,False,True,86.16541048329864,False,True,False,True,False,True,True,True,1.4560456736173115,True,True,True,0.3622559267091861,True,False,True,False,True,False,True,False,True,False,True,False,True,False,True,False,False,0.9408052036310413,-4.234762156135989,0.0,other,True,flat,False,1.4560456736173115,0.3622559267091861,0.9408052036310413,21.905450895214816,18.44898897274341,22.6837511288794,-4.234762156135989,44.98384403425895,True,True,True,True,True,True,True,True,False,True,True,True,True,True,-0.06523809523809529,1.2042732866280181,4.169709240983703,False,AAVEUSDT,starter_short_adverse
2024-04-26 20:00:00+00:00,90.55,91.35,89.31,89.56,10566.13,91.11486710537652,91.93341965521628,102.87105489668546,2.192155428804856,2.314460249746695,41.98480677065929,91.97,87.98,14.543676040392318,21.06430918724171,19.441837340508204,109.85651181545177,False,True,98.84408622080765,False,True,False,True,False,True,True,True,1.0826876707872164,True,True,True,0.7092868894904117,True,False,True,False,True,False,True,False,True,False,True,False,True,False,True,False,False,0.947156223160357,-6.520633146849393,0.0,other,True,flat,False,1.0826876707872164,0.7092868894904117,0.947156223160357,19.441837340508204,14.543676040392318,21.06430918724171,-6.520633146849393,41.98480677065929,True,True,True,True,True,True,True,True,False,True,True,True,True,True,0.06855739169271997,4.014313895980305,1.7015216854552906,True,AAVEUSDT,starter_short_followthrough
2024-04-29 00:00:00+00:00,90.23,91.85,88.93,89.08,10274.62,90.86784411547563,91.43294235095372,101.38005356020544,2.043635411357192,2.1548362839879682,41.68063166701005,93.29,88.09,16.207686347855653,25.79218859081113,16.04212177401766,109.66987985708906,False,True,98.59873267848165,False,True,False,True,False,True,True,True,1.15135133100435,True,True,True,0.8748351616633598,True,False,True,False,True,False,True,False,True,False,True,False,True,False,True,False,False,0.9483947465257193,-9.584502242955477,0.0,other,False,Short1,True,1.15135133100435,0.8748351616633598,0.9483947465257193,16.04212177401766,16.207686347855653,25.79218859081113,-9.584502242955477,41.68063166701005,True,True,True,True,True,True,True,True,False,True,True,True,True,True,0.03648405927256399,5.167262194281041,0.738879347856477,True,AAVEUSDT,starter_short_followthrough
2024-04-30 00:00:00+00:00,89.42,90.42,87.51,89.04,21058.094,89.91291247395014,90.85500300701443,100.64226547845524,2.1579411608175585,2.1168470456319857,44.63052449908449,92.8,86.7,14.49372741883302,21.066301400901654,20.456974423317003,109.66987985708906,False,True,98.50720300008881,False,True,False,True,False,True,True,True,0.8410808598353037,True,True,True,0.40451171227459476,True,False,True,False,True,False,True,False,True,False,False,False,True,False,True,False,False,1.0194128882719082,-6.572573982068635,0.0,other,False,Short1,True,0.8410808598353037,0.40451171227459476,1.0194128882719082,20.456974423317003,14.49372741883302,21.066301400901654,-6.572573982068635,44.63052449908449,True,True,True,True,True,True,True,True,False,True,True,True,False,True,0.0079739442946991,4.87501707229793,0.27340875215358584,True,AAVEUSDT,starter_short_followthrough
2024-05-13 16:00:00+00:00,84.45,85.31,82.44,83.36,8526.012,84.08355674120527,85.59580925105656,92.47592025484713,1.8201672310420303,1.7526437074762256,44.880149644598646,85.97,80.17,18.302497536467136,24.961825394598097,22.753527537084487,109.28334328904195,False,True,97.00677967855741,False,True,False,True,False,True,True,True,1.2283537539441272,True,True,True,0.3975221226189429,True,False,True,False,True,False,True,False,True,False,True,False,True,False,True,False,False,1.0385266687563313,-6.659327858130961,0.0,other,False,Short1,True,1.2283537539441272,0.3975221226189429,1.0385266687563313,22.753527537084487,18.302497536467136,24.961825394598097,-6.659327858130961,44.880149644598646,True,True,True,True,True,True,True,True,False,True,True,True,True,True,-0.06357965451055658,1.8459842275461844,3.318376409041359,False,AAVEUSDT,starter_short_adverse
2024-07-07 00:00:00+00:00,83.15,83.36,81.34,82.35,9072.862,82.57116286216804,86.21789031553548,89.7844301316827,2.6724842230461006,2.9450185945706413,45.795953185124446,83.61,74.25,12.283866822304248,26.894696409322304,54.41414391947828,107.97796124935995,False,True,94.90337977499902,False,True,False,True,False,True,True,True,1.4473014591370963,True,True,True,0.08275553519113447,True,False,True,False,True,False,True,False,True,False,False,False,True,False,True,False,False,0.907459201776526,-14.610829587018056,0.0,other,True,flat,False,1.4473014591370963,0.08275553519113447,0.907459201776526,54.41414391947828,12.283866822304248,26.894696409322304,-14.610829587018056,45.795953185124446,True,True,True,True,True,True,True,True,False,True,True,True,False,True,-0.07953855494839115,2.578125603355956,3.352685835423713,False,AAVEUSDT,starter_short_adverse
2024-07-08 12:00:00+00:00,82.74,83.31,79.18,80.49,22648.799,81.14874529243752,84.38610875903517,88.95597755265536,2.879948627460345,2.8728178337263532,46.07939208717731,84.12,75.46,17.474439989992266,25.31386584791106,47.825922535750486,107.97796124935995,False,True,94.73717699116818,False,True,False,True,False,True,True,True,1.3528396728628171,True,True,True,0.2287350844235156,True,False,True,False,True,False,True,False,True,False,False,False,True,False,True,False,False,1.0024821600765206,-7.839425857918794,0.0,other,False,Short1,True,1.3528396728628171,0.2287350844235156,1.0024821600765206,47.825922535750486,17.474439989992266,25.31386584791106,-7.839425857918794,46.07939208717731,True,True,True,True,True,True,True,True,False,True,True,True,False,True,-0.20474593117157416,0.024305989118188542,5.729268863573572,False,AAVEUSDT,starter_short_adverse
