timestamp,open,high,low,close,volume
2019-11-28T08:00:00+00:00,220.08,224.6,212.02,219.04,1841.38023
2019-11-28T12:00:00+00:00,219.04,222.3,216.57,221.39,3479.19554
2019-11-28T16:00:00+00:00,221.4,221.41,219.0,220.96,2231.85423
2019-11-28T20:00:00+00:00,220.87,221.0,215.96,217.41,4004.37086
2019-11-29T00:00:00+00:00,217.4,220.73,216.9,220.18,3469.09844
2019-11-29T04:00:00+00:00,220.35,221.87,218.4,221.52,5367.66075
2019-11-29T08:00:00+00:00,221.36,226.0,220.47,224.09,11115.02423
2019-11-29T12:00:00+00:00,224.09,226.49,220.38,225.81,18990.55997
2019-11-29T16:00:00+00:00,225.9,226.34,223.37,223.65,6241.54439
2019-11-29T20:00:00+00:00,223.57,224.29,222.48,224.0,5050.66249
2019-11-30T00:00:00+00:00,223.89,224.67,222.69,224.27,6785.10405
2019-11-30T04:00:00+00:00,224.22,224.22,222.58,223.48,5214.67078
2019-11-30T08:00:00+00:00,223.39,223.71,219.82,219.97,13230.30909
2019-11-30T12:00:00+00:00,219.97,222.12,216.87,217.64,10871.50278
2019-11-30T16:00:00+00:00,217.45,219.12,214.41,215.67,8874.25458
2019-11-30T20:00:00+00:00,215.54,217.8,215.41,217.45,2646.33883
2019-12-01T00:00:00+00:00,217.43,217.45,210.0,211.25,10824.50555
2019-12-01T04:00:00+00:00,211.25,213.08,210.72,211.41,5410.45985
2019-12-01T08:00:00+00:00,211.3,214.36,209.24,212.33,9115.05305
2019-12-01T12:00:00+00:00,212.37,218.18,212.07,212.91,12275.90788
2019-12-01T16:00:00+00:00,212.9,214.15,211.66,213.49,5107.13212
2019-12-01T20:00:00+00:00,213.59,216.54,213.52,214.36,3988.52069
2019-12-02T00:00:00+00:00,214.37,216.25,213.26,214.35,5493.05342
2019-12-02T04:00:00+00:00,214.4,214.88,209.74,211.37,7626.31548
2019-12-02T08:00:00+00:00,211.36,216.17,209.68,212.9,12402.18535
2019-12-02T12:00:00+00:00,212.91,215.59,210.96,214.68,8086.25294
2019-12-02T16:00:00+00:00,214.74,215.4,211.6,213.05,6756.86359
2019-12-02T20:00:00+00:00,213.01,214.99,212.83,213.67,3032.65481
2019-12-03T00:00:00+00:00,213.72,215.95,213.66,214.39,7194.5778
2019-12-03T04:00:00+00:00,214.34,214.86,212.16,213.47,3981.83207
2019-12-03T08:00:00+00:00,213.31,214.11,211.14,211.72,6013.06176
2019-12-03T12:00:00+00:00,211.8,214.85,211.42,212.2,4661.15549
2019-12-03T16:00:00+00:00,212.46,214.26,212.06,212.57,3837.04308
2019-12-03T20:00:00+00:00,212.57,213.12,210.99,211.5,2742.79435
2019-12-04T00:00:00+00:00,211.47,211.63,202.5,205.42,21148.9806
2019-12-04T04:00:00+00:00,205.4,206.17,203.42,203.95,6243.54222
2019-12-04T08:00:00+00:00,203.82,208.17,202.7,206.28,11590.88354
2019-12-04T12:00:00+00:00,206.3,219.68,205.56,214.44,33346.56017
2019-12-04T16:00:00+00:00,214.4,215.09,212.6,213.62,3060.67192
2019-12-04T20:00:00+00:00,213.76,214.17,206.61,207.47,17961.25551
2019-12-05T00:00:00+00:00,207.36,208.85,205.16,207.32,7863.56851
2019-12-05T04:00:00+00:00,207.32,211.42,200.88,209.49,19205.21293
2019-12-05T08:00:00+00:00,209.45,213.89,208.98,212.25,11354.29506
2019-12-05T12:00:00+00:00,212.26,214.46,208.2,209.22,12053.70201
2019-12-05T16:00:00+00:00,209.02,212.7,207.86,210.95,5166.98744
2019-12-05T20:00:00+00:00,211.02,212.83,210.48,211.5,2771.9019
2019-12-06T00:00:00+00:00,211.6,213.59,209.7,211.74,5721.28917
2019-12-06T04:00:00+00:00,211.57,212.74,210.78,212.31,3584.36073
2019-12-06T08:00:00+00:00,212.32,213.3,209.2,210.05,7698.79795
2019-12-06T12:00:00+00:00,210.0,212.57,209.24,211.35,5207.31303
2019-12-06T16:00:00+00:00,211.35,214.0,210.64,211.08,8809.31291
2019-12-06T20:00:00+00:00,211.08,213.07,210.53,212.84,5060.64019
2019-12-07T00:00:00+00:00,212.9,214.0,211.6,212.88,7687.60151
2019-12-07T04:00:00+00:00,212.93,216.62,212.93,213.89,7573.33673
2019-12-07T08:00:00+00:00,213.82,214.5,212.03,213.68,3013.91458
2019-12-07T12:00:00+00:00,213.83,214.21,212.49,213.06,3841.87278
2019-12-07T16:00:00+00:00,213.06,213.39,211.17,212.54,2207.0961
2019-12-07T20:00:00+00:00,212.55,212.61,210.01,211.0,2638.34767
2019-12-08T00:00:00+00:00,210.97,211.1,208.0,209.52,7958.06094
2019-12-08T04:00:00+00:00,209.52,210.47,208.9,209.93,1991.99202
2019-12-08T08:00:00+00:00,209.82,212.63,209.59,211.72,3657.16585
2019-12-08T12:00:00+00:00,211.73,214.89,210.67,214.3,6388.89882
2019-12-08T16:00:00+00:00,214.43,214.44,212.76,213.59,2134.8891
2019-12-08T20:00:00+00:00,213.54,214.18,212.41,212.58,1399.67303
2019-12-09T00:00:00+00:00,212.42,213.88,211.87,212.83,2809.91227
2019-12-09T04:00:00+00:00,212.75,213.71,212.12,212.39,3578.68472
2019-12-09T08:00:00+00:00,212.4,213.7,211.65,212.68,3886.54367
2019-12-09T12:00:00+00:00,212.62,215.08,209.72,209.89,12938.94073
2019-12-09T16:00:00+00:00,210.08,210.17,206.68,207.0,8049.05391
2019-12-09T20:00:00+00:00,206.89,208.79,205.4,208.27,5211.50394
2019-12-10T00:00:00+00:00,208.18,208.94,207.29,208.45,4107.76226
2019-12-10T04:00:00+00:00,208.48,208.93,207.7,208.45,4210.29577
2019-12-10T08:00:00+00:00,208.46,209.35,206.72,208.07,4203.47264
2019-12-10T12:00:00+00:00,207.97,208.64,204.35,205.35,9020.03318
2019-12-10T16:00:00+00:00,205.34,206.41,203.71,205.68,3671.75312
2019-12-10T20:00:00+00:00,205.76,207.72,204.54,206.54,2714.58156
2019-12-11T00:00:00+00:00,206.63,207.99,205.01,206.52,3062.85702
2019-12-11T04:00:00+00:00,206.47,207.16,205.16,206.47,1770.31461
2019-12-11T08:00:00+00:00,206.52,207.81,206.06,207.0,2361.43268
2019-12-11T12:00:00+00:00,207.13,207.97,204.05,205.22,4764.08278
2019-12-11T16:00:00+00:00,205.19,207.29,204.67,206.55,2256.39266
2019-12-11T20:00:00+00:00,206.38,207.1,205.57,207.01,1049.43221
2019-12-12T00:00:00+00:00,207.1,207.79,203.67,205.34,9409.49075
2019-12-12T04:00:00+00:00,205.19,205.52,204.42,204.61,2846.98601
2019-12-12T08:00:00+00:00,204.61,207.06,203.96,206.77,4620.24168
2019-12-12T12:00:00+00:00,206.7,207.97,204.26,205.9,5731.12858
2019-12-12T16:00:00+00:00,206.06,207.71,205.7,206.6,2505.50318
2019-12-12T20:00:00+00:00,206.65,207.7,205.87,206.79,1427.24484
2019-12-13T00:00:00+00:00,206.62,207.61,206.54,207.55,1874.91245
2019-12-13T04:00:00+00:00,207.52,209.08,207.05,207.99,5133.73144
2019-12-13T08:00:00+00:00,207.98,210.0,206.25,208.83,12040.91877
2019-12-13T12:00:00+00:00,208.83,211.84,207.86,211.54,6754.63298
2019-12-13T16:00:00+00:00,211.55,212.71,211.1,212.14,5439.02295
2019-12-13T20:00:00+00:00,212.13,212.42,210.78,211.32,2291.1476
2019-12-14T00:00:00+00:00,211.44,213.11,210.75,212.21,5997.36463
2019-12-14T04:00:00+00:00,212.23,212.28,210.91,211.18,2719.5759
2019-12-14T08:00:00+00:00,211.12,211.12,208.12,209.32,6943.33552
2019-12-14T12:00:00+00:00,209.31,209.55,205.91,206.52,9515.63181
2019-12-14T16:00:00+00:00,206.53,206.87,204.67,205.99,6071.96881
2019-12-14T20:00:00+00:00,205.96,207.33,205.67,205.82,2820.09237
2019-12-15T00:00:00+00:00,205.87,206.56,204.88,205.32,3784.06226
2019-12-15T04:00:00+00:00,205.38,209.76,205.04,208.82,10875.61035
2019-12-15T08:00:00+00:00,208.84,209.43,207.02,207.71,9660.72069
2019-12-15T12:00:00+00:00,207.84,211.72,206.45,207.36,8816.39181
2019-12-15T16:00:00+00:00,207.46,207.71,206.26,207.06,2495.04596
2019-12-15T20:00:00+00:00,207.06,207.46,206.51,206.88,1445.03813
2019-12-16T00:00:00+00:00,206.87,207.35,205.85,206.1,2869.77261
2019-12-16T04:00:00+00:00,206.1,206.2,203.7,205.32,7449.74464
2019-12-16T08:00:00+00:00,205.32,208.67,204.6,206.8,8001.8159
2019-12-16T12:00:00+00:00,206.87,207.55,205.57,206.12,7615.4157
2019-12-16T16:00:00+00:00,206.08,206.58,193.85,195.44,38282.08652
2019-12-16T20:00:00+00:00,195.3,197.73,193.95,196.27,18186.78354
2019-12-17T00:00:00+00:00,196.26,196.96,194.6,195.49,5487.33824
2019-12-17T04:00:00+00:00,195.46,195.74,194.0,194.49,4934.52845
2019-12-17T08:00:00+00:00,194.52,195.89,192.93,195.83,8679.65841
2019-12-17T12:00:00+00:00,195.84,195.9,184.75,185.65,34645.35825
2019-12-17T16:00:00+00:00,185.56,187.17,172.1,175.13,52271.6699
2019-12-17T20:00:00+00:00,175.2,177.92,174.0,176.45,21007.03439
2019-12-18T00:00:00+00:00,176.45,181.9,175.66,179.78,15087.77889
2019-12-18T04:00:00+00:00,179.61,180.0,173.87,175.35,18813.86009
2019-12-18T08:00:00+00:00,175.51,177.61,174.27,174.54,7609.58184
2019-12-18T12:00:00+00:00,174.54,184.03,169.66,182.35,60467.91059
2019-12-18T16:00:00+00:00,182.38,183.88,179.49,182.41,17332.91437
2019-12-18T20:00:00+00:00,182.36,191.75,181.85,189.0,25520.97252
2019-12-19T00:00:00+00:00,188.9,191.0,186.14,187.32,9662.60258
2019-12-19T04:00:00+00:00,187.38,187.43,183.66,183.88,9763.00929
2019-12-19T08:00:00+00:00,183.89,187.72,183.49,186.46,5996.02638
2019-12-19T12:00:00+00:00,186.47,188.14,184.73,186.84,12467.48881
2019-12-19T16:00:00+00:00,186.81,189.89,186.12,188.35,11415.52697
2019-12-19T20:00:00+00:00,188.35,188.39,185.79,185.96,5032.54944
2019-12-20T00:00:00+00:00,186.07,186.62,183.82,186.45,8327.37631
2019-12-20T04:00:00+00:00,186.43,188.44,184.38,188.34,5288.52747
2019-12-20T08:00:00+00:00,188.3,188.75,186.45,188.48,6592.88328
2019-12-20T12:00:00+00:00,188.52,190.72,185.84,186.62,13618.20404
2019-12-20T16:00:00+00:00,186.74,188.98,186.0,187.68,6140.14335
2019-12-20T20:00:00+00:00,187.68,188.43,186.5,187.44,3269.61744
2019-12-21T00:00:00+00:00,187.39,187.68,185.51,187.26,3912.12824
2019-12-21T04:00:00+00:00,187.33,187.81,186.6,186.79,2442.3343
2019-12-21T08:00:00+00:00,186.82,188.43,185.89,187.83,4333.89426
2019-12-21T12:00:00+00:00,187.82,187.93,185.33,186.77,3859.47122
2019-12-21T16:00:00+00:00,186.76,187.3,185.79,186.25,2581.76048
2019-12-21T20:00:00+00:00,186.25,187.23,185.44,186.21,2358.88431
2019-12-22T00:00:00+00:00,186.21,187.19,185.73,186.89,2408.86838
2019-12-22T04:00:00+00:00,186.89,189.67,186.32,189.48,7192.01463
2019-12-22T08:00:00+00:00,189.46,191.55,186.03,186.96,8474.46977
2019-12-22T12:00:00+00:00,186.94,189.06,186.83,188.38,5902.89208
2019-12-22T16:00:00+00:00,188.5,195.0,187.82,194.28,20697.60707
2019-12-22T20:00:00+00:00,194.28,197.4,194.2,196.27,9960.54612
2019-12-23T00:00:00+00:00,196.28,198.0,195.69,196.71,10304.07508
2019-12-23T04:00:00+00:00,196.81,196.95,193.89,194.77,7931.02827
2019-12-23T08:00:00+00:00,194.77,196.96,194.31,196.38,9206.11245
2019-12-23T12:00:00+00:00,196.36,196.95,194.54,196.61,5171.19779
2019-12-23T16:00:00+00:00,196.59,198.0,190.0,192.31,17543.35436
2019-12-23T20:00:00+00:00,192.28,192.67,188.2,189.61,6990.78425
2019-12-24T00:00:00+00:00,189.66,190.39,189.04,189.2,3166.7864
2019-12-24T04:00:00+00:00,189.29,191.68,188.84,189.76,6792.11501
2019-12-24T08:00:00+00:00,189.85,191.28,188.97,190.59,9343.88141
2019-12-24T12:00:00+00:00,190.64,191.17,186.0,187.23,13349.03112
2019-12-24T16:00:00+00:00,187.22,189.55,185.0,188.64,12460.40868
2019-12-24T20:00:00+00:00,188.77,190.08,187.01,188.3,5653.26914
2019-12-25T00:00:00+00:00,188.31,188.78,186.79,187.66,3080.60634
2019-12-25T04:00:00+00:00,187.71,188.47,185.93,187.61,4365.72162
2019-12-25T08:00:00+00:00,187.54,187.97,185.5,185.86,4054.74348
2019-12-25T12:00:00+00:00,185.86,187.71,183.43,185.11,11882.04966
2019-12-25T16:00:00+00:00,185.07,186.2,182.69,186.03,6377.63612
2019-12-25T20:00:00+00:00,186.05,187.17,184.97,185.34,1963.83395
2019-12-26T00:00:00+00:00,185.34,185.93,184.36,184.39,1415.01638
2019-12-26T04:00:00+00:00,184.47,185.43,184.01,184.85,1993.51328
2019-12-26T08:00:00+00:00,184.91,186.6,184.54,185.13,6184.57215
2019-12-26T12:00:00+00:00,185.16,187.86,184.92,187.45,2664.7856
2019-12-26T16:00:00+00:00,187.47,194.99,186.5,190.82,22991.79919
2019-12-26T20:00:00+00:00,190.76,191.68,185.49,187.79,12762.62309
2019-12-27T00:00:00+00:00,187.7,192.68,186.83,191.64,9669.98509
2019-12-27T04:00:00+00:00,191.62,192.9,187.66,192.45,17576.62172
2019-12-27T08:00:00+00:00,192.34,192.79,188.1,190.01,15657.44524
2019-12-27T12:00:00+00:00,189.94,198.98,188.64,197.99,23031.47246
2019-12-27T16:00:00+00:00,198.02,203.92,196.63,201.0,46723.77409
2019-12-27T20:00:00+00:00,201.08,203.35,200.28,203.21,8321.33858
2019-12-28T00:00:00+00:00,203.33,210.0,202.53,206.13,23947.17312
2019-12-28T04:00:00+00:00,206.09,209.19,204.57,205.45,16218.90262
2019-12-28T08:00:00+00:00,205.45,208.04,204.14,206.07,10638.9149
2019-12-28T12:00:00+00:00,206.07,209.34,203.81,204.97,16384.09377
2019-12-28T16:00:00+00:00,204.98,209.58,204.07,208.28,9360.3706
2019-12-28T20:00:00+00:00,208.28,208.38,205.24,206.27,5043.7542
2019-12-29T00:00:00+00:00,206.26,206.73,204.39,206.24,9255.65409
2019-12-29T04:00:00+00:00,206.24,206.52,204.34,206.07,5578.8019
2019-12-29T08:00:00+00:00,206.12,208.98,205.24,208.63,14904.26266
2019-12-29T12:00:00+00:00,208.64,214.86,207.81,212.71,26631.93195
2019-12-29T16:00:00+00:00,212.71,215.94,211.98,214.84,14330.41664
2019-12-29T20:00:00+00:00,214.9,215.79,211.56,212.34,10062.40494
2019-12-30T00:00:00+00:00,212.29,212.66,210.28,211.39,7488.64664
2019-12-30T04:00:00+00:00,211.46,215.0,211.17,214.32,9842.48038
2019-12-30T08:00:00+00:00,214.32,214.32,210.23,211.87,13156.48581
2019-12-30T12:00:00+00:00,211.8,213.45,206.5,207.29,27692.64453
2019-12-30T16:00:00+00:00,207.3,209.61,205.65,208.32,9649.04806
2019-12-30T20:00:00+00:00,208.31,210.61,206.93,208.62,8391.70619
2019-12-31T00:00:00+00:00,208.61,211.17,207.2,208.91,10276.68741
2019-12-31T04:00:00+00:00,208.87,210.76,207.98,208.9,11339.51371
2019-12-31T08:00:00+00:00,208.83,209.5,206.69,208.16,8082.73844
2019-12-31T12:00:00+00:00,208.09,214.11,205.3,206.52,37977.22527
2019-12-31T16:00:00+00:00,206.47,207.88,202.39,203.29,16252.29707
2019-12-31T20:00:00+00:00,203.33,205.21,201.73,204.52,5391.97062
2020-01-01T00:00:00+00:00,204.57,207.88,203.5,205.71,6853.70795
2020-01-01T04:00:00+00:00,205.71,207.5,205.21,206.59,4780.80362
2020-01-01T08:00:00+00:00,206.56,209.0,204.94,205.96,9722.19526
2020-01-01T12:00:00+00:00,205.96,207.7,205.3,206.06,7259.37187
2020-01-01T16:00:00+00:00,206.07,207.1,205.17,205.27,4632.17111
2020-01-01T20:00:00+00:00,205.32,207.0,203.1,204.44,9986.70869
2020-01-02T00:00:00+00:00,204.43,205.53,200.55,201.08,13874.31474
2020-01-02T04:00:00+00:00,201.06,202.74,200.63,201.56,7647.6768
2020-01-02T08:00:00+00:00,201.54,204.01,201.54,202.34,7122.59322
2020-01-02T12:00:00+00:00,202.2,204.25,201.38,202.58,7020.71504
2020-01-02T16:00:00+00:00,202.55,203.3,195.64,196.13,23641.40939
2020-01-02T20:00:00+00:00,196.14,196.81,192.8,195.49,17174.43131
2020-01-03T00:00:00+00:00,195.49,195.97,191.9,195.56,12607.54147
2020-01-03T04:00:00+00:00,195.57,208.0,195.51,206.06,58423.73214
2020-01-03T08:00:00+00:00,206.01,215.35,205.46,213.73,45993.95656
2020-01-03T12:00:00+00:00,213.74,219.0,212.36,216.44,42478.42774
2020-01-03T16:00:00+00:00,216.51,226.0,215.55,221.45,60219.86247
2020-01-03T20:00:00+00:00,221.45,224.06,219.06,222.43,16427.65435
2020-01-04T00:00:00+00:00,222.38,223.61,219.56,221.62,15683.87671
2020-01-04T04:00:00+00:00,221.65,225.15,220.3,223.87,17322.93275
2020-01-04T08:00:00+00:00,223.8,227.64,221.93,224.76,23950.14043
2020-01-04T12:00:00+00:00,224.76,224.89,220.13,221.85,24427.41246
2020-01-04T16:00:00+00:00,221.75,226.77,221.11,224.29,22532.8039
2020-01-04T20:00:00+00:00,224.29,225.05,222.94,224.47,6398.47798
2020-01-05T00:00:00+00:00,224.45,227.63,224.45,226.06,22460.94881
2020-01-05T04:00:00+00:00,226.08,226.5,222.62,223.98,13892.65356
2020-01-05T08:00:00+00:00,224.07,224.46,220.6,222.54,15372.56105
2020-01-05T12:00:00+00:00,222.59,226.6,222.56,225.29,13289.22088
2020-01-05T16:00:00+00:00,225.26,226.49,222.31,224.2,14425.68372
2020-01-05T20:00:00+00:00,224.01,224.65,221.36,222.79,10897.21616
2020-01-06T00:00:00+00:00,222.82,239.67,222.2,237.28,64349.48729
2020-01-06T04:00:00+00:00,237.23,238.3,235.3,235.54,13240.3072
2020-01-06T08:00:00+00:00,235.51,238.02,234.39,235.62,22885.42288
2020-01-06T12:00:00+00:00,235.62,238.72,231.7,234.23,33528.21887
2020-01-06T16:00:00+00:00,234.21,236.4,232.55,235.7,11762.40156
2020-01-06T20:00:00+00:00,235.65,247.0,235.4,244.25,31738.75246
2020-01-07T00:00:00+00:00,244.26,246.9,241.58,242.57,29116.41108
2020-01-07T04:00:00+00:00,242.57,242.79,239.1,241.27,21146.55825
2020-01-07T08:00:00+00:00,241.23,243.57,239.88,241.06,12612.29672
2020-01-07T12:00:00+00:00,241.01,241.9,232.33,233.39,34687.81402
2020-01-07T16:00:00+00:00,233.33,245.64,232.0,241.9,61598.03835
2020-01-07T20:00:00+00:00,241.87,245.65,239.84,242.3,21699.68285
2020-01-08T00:00:00+00:00,242.48,255.19,240.06,242.99,77532.33141
2020-01-08T04:00:00+00:00,242.98,247.09,242.45,243.51,21477.46515
2020-01-08T08:00:00+00:00,243.49,245.5,242.3,243.37,16643.72205
2020-01-08T12:00:00+00:00,243.4,244.98,234.89,238.99,52287.54329
2020-01-08T16:00:00+00:00,238.98,240.76,229.59,234.21,55420.3481
2020-01-08T20:00:00+00:00,234.22,242.47,233.15,240.19,14928.66035
2020-01-09T00:00:00+00:00,240.13,243.89,237.09,238.26,24292.60766
2020-01-09T04:00:00+00:00,238.26,239.82,237.01,238.19,14586.59438
2020-01-09T08:00:00+00:00,238.19,239.11,233.44,236.05,20602.75567
2020-01-09T12:00:00+00:00,236.03,237.41,234.75,235.63,10612.24546
2020-01-09T16:00:00+00:00,235.69,236.71,231.26,235.41,19707.71324
2020-01-09T20:00:00+00:00,235.4,239.88,233.85,238.01,19201.41416
2020-01-10T00:00:00+00:00,238.06,240.6,235.88,237.17,11919.249
2020-01-10T04:00:00+00:00,237.23,237.23,233.9,236.44,16751.06649
2020-01-10T08:00:00+00:00,236.44,245.12,231.13,242.84,51417.3489
2020-01-10T12:00:00+00:00,242.83,263.5,242.09,261.06,109088.16204
2020-01-10T16:00:00+00:00,261.3,268.17,250.8,259.39,80829.31357
2020-01-10T20:00:00+00:00,259.3,275.0,257.07,271.83,41443.44074
2020-01-11T00:00:00+00:00,271.95,279.49,267.49,270.69,55538.98935
2020-01-11T04:00:00+00:00,270.8,272.9,268.23,269.52,16461.00725
2020-01-11T08:00:00+00:00,269.49,274.11,261.37,262.43,38473.47863
2020-01-11T12:00:00+00:00,262.41,271.79,261.64,267.69,28260.4204
2020-01-11T16:00:00+00:00,267.66,271.6,264.2,268.06,30350.61174
2020-01-11T20:00:00+00:00,267.97,270.73,258.68,260.83,30606.98531
2020-01-12T00:00:00+00:00,260.69,265.5,257.85,263.46,18559.89541
2020-01-12T04:00:00+00:00,263.47,268.61,263.33,266.94,20314.27516
2020-01-12T08:00:00+00:00,266.99,269.77,261.5,264.22,21111.8605
2020-01-12T12:00:00+00:00,264.2,268.97,263.71,266.73,21619.26236
2020-01-12T16:00:00+00:00,266.72,267.89,263.11,265.3,15813.00268
2020-01-12T20:00:00+00:00,265.27,271.39,264.85,270.77,7762.31915
2020-01-13T00:00:00+00:00,270.85,272.99,261.67,262.88,23001.29901
2020-01-13T04:00:00+00:00,262.98,264.36,261.55,263.78,9564.29543
2020-01-13T08:00:00+00:00,263.82,269.0,262.83,264.25,20081.62161
2020-01-13T12:00:00+00:00,264.25,265.0,261.06,262.67,11693.64313
2020-01-13T16:00:00+00:00,262.72,267.99,261.79,265.64,14345.34694
2020-01-13T20:00:00+00:00,265.62,268.78,265.04,267.21,12809.30311
2020-01-14T00:00:00+00:00,267.24,285.8,267.14,284.34,76946.51082
2020-01-14T04:00:00+00:00,284.39,287.26,280.0,282.56,32965.08189
2020-01-14T08:00:00+00:00,282.39,288.6,282.02,285.4,29494.69916
2020-01-14T12:00:00+00:00,285.38,368.08,284.0,340.16,279840.18164
2020-01-14T16:00:00+00:00,339.11,341.0,311.5,329.88,275223.94461
2020-01-14T20:00:00+00:00,329.75,367.65,320.98,348.35,133377.14084
2020-01-15T00:00:00+00:00,348.35,362.89,332.27,339.73,145261.68544
2020-01-15T04:00:00+00:00,339.59,342.26,312.62,326.34,108179.93374
2020-01-15T08:00:00+00:00,326.27,348.83,323.89,334.26,71023.61769
2020-01-15T12:00:00+00:00,334.29,352.57,325.3,325.62,85352.06111
2020-01-15T16:00:00+00:00,325.37,337.52,319.04,330.25,57237.41519
2020-01-15T20:00:00+00:00,330.24,344.92,329.5,339.99,31599.24296
2020-01-16T00:00:00+00:00,340.0,342.96,309.2,317.21,73885.84815
2020-01-16T04:00:00+00:00,317.08,326.0,314.74,319.57,29669.76946
2020-01-16T08:00:00+00:00,319.53,328.12,313.4,327.66,40080.52561
2020-01-16T12:00:00+00:00,327.58,333.0,316.13,323.88,44478.00073
2020-01-16T16:00:00+00:00,323.88,331.54,316.9,326.48,40414.03201
2020-01-16T20:00:00+00:00,326.48,333.16,324.33,326.76,18783.12858
2020-01-17T00:00:00+00:00,326.58,343.57,319.46,337.0,55049.1833
2020-01-17T04:00:00+00:00,336.98,352.14,333.7,345.27,80163.99068
2020-01-17T08:00:00+00:00,345.58,350.68,341.23,345.02,55344.74334
2020-01-17T12:00:00+00:00,345.02,346.18,333.0,345.92,52145.04416
2020-01-17T16:00:00+00:00,345.73,383.92,343.23,368.23,108141.38135
2020-01-17T20:00:00+00:00,368.24,380.3,360.5,368.0,44449.07897
2020-01-18T00:00:00+00:00,367.98,405.86,365.01,385.4,115289.97017
2020-01-18T04:00:00+00:00,385.32,385.57,343.0,357.5,123883.22581
2020-01-18T08:00:00+00:00,357.5,377.0,352.66,365.54,63544.88337
2020-01-18T12:00:00+00:00,365.53,374.0,337.82,342.36,77053.79383
2020-01-18T16:00:00+00:00,342.8,351.0,330.0,346.71,75775.28028
2020-01-18T20:00:00+00:00,346.72,355.36,336.0,339.01,26809.71615
2020-01-19T00:00:00+00:00,338.79,356.38,333.17,350.76,76582.69223
2020-01-19T04:00:00+00:00,350.93,366.27,348.15,355.52,48453.06629
2020-01-19T08:00:00+00:00,355.43,359.35,323.01,334.65,65638.30957
2020-01-19T12:00:00+00:00,334.56,336.91,319.78,334.41,63374.21803
2020-01-19T16:00:00+00:00,334.42,338.49,326.51,331.17,23182.24649
2020-01-19T20:00:00+00:00,331.11,341.29,326.55,339.61,27790.35078
2020-01-20T00:00:00+00:00,339.54,342.88,330.32,334.07,24325.18971
2020-01-20T04:00:00+00:00,334.07,335.97,329.86,332.66,15923.9704
2020-01-20T08:00:00+00:00,332.62,333.98,326.5,327.79,17545.87414
2020-01-20T12:00:00+00:00,327.85,347.46,322.46,345.75,60563.20296
2020-01-20T16:00:00+00:00,345.77,349.0,341.2,345.1,32325.66402
2020-01-20T20:00:00+00:00,344.99,352.94,342.5,343.39,20374.46929
2020-01-21T00:00:00+00:00,343.38,347.9,339.08,346.27,16730.04419
2020-01-21T04:00:00+00:00,346.22,348.22,340.86,341.6,15213.70529
2020-01-21T08:00:00+00:00,341.63,347.0,339.71,344.5,19779.27234
2020-01-21T12:00:00+00:00,344.5,346.05,340.24,340.99,13212.42313
2020-01-21T16:00:00+00:00,341.05,343.03,332.05,334.8,22161.38924
2020-01-21T20:00:00+00:00,334.72,345.79,334.5,343.5,20706.90388
2020-01-22T00:00:00+00:00,343.5,345.15,339.16,340.35,10404.52748
2020-01-22T04:00:00+00:00,340.51,354.52,340.22,350.15,29112.68128
2020-01-22T08:00:00+00:00,350.23,350.37,344.17,346.38,19940.17727
2020-01-22T12:00:00+00:00,346.35,347.4,340.4,342.7,17029.95533
2020-01-22T16:00:00+00:00,342.62,348.88,341.22,345.27,13604.66863
2020-01-22T20:00:00+00:00,345.27,349.97,343.13,349.22,6001.484
2020-01-23T00:00:00+00:00,349.11,350.15,336.7,341.44,20566.73711
2020-01-23T04:00:00+00:00,341.4,342.42,335.19,340.05,24219.0621
2020-01-23T08:00:00+00:00,340.06,342.28,335.31,336.68,20614.32794
2020-01-23T12:00:00+00:00,336.73,339.71,333.61,336.48,19268.3864
2020-01-23T16:00:00+00:00,336.52,337.95,316.36,319.62,36260.0053
2020-01-23T20:00:00+00:00,319.71,326.9,318.04,325.21,14261.50938
2020-01-24T00:00:00+00:00,325.09,327.95,305.0,310.86,47180.92598
2020-01-24T04:00:00+00:00,310.89,314.98,306.0,310.03,21318.67197
2020-01-24T08:00:00+00:00,310.06,321.77,297.0,319.95,57372.6379
2020-01-24T12:00:00+00:00,319.95,326.39,315.88,323.25,52935.93133
2020-01-24T16:00:00+00:00,323.22,324.68,313.61,320.34,25527.45817
2020-01-24T20:00:00+00:00,320.32,323.14,317.44,318.83,13266.19162
2020-01-25T00:00:00+00:00,318.82,319.27,305.1,307.41,32765.60236
2020-01-25T04:00:00+00:00,307.42,310.68,305.1,308.14,12679.97902
2020-01-25T08:00:00+00:00,308.01,317.94,307.82,310.08,26550.79584
2020-01-25T12:00:00+00:00,310.1,312.87,306.5,310.22,11635.22734
2020-01-25T16:00:00+00:00,310.22,315.94,308.68,314.17,8843.89193
2020-01-25T20:00:00+00:00,314.27,316.69,309.43,310.13,8296.40313
2020-01-26T00:00:00+00:00,310.29,314.88,307.43,313.99,14236.55095
2020-01-26T04:00:00+00:00,313.91,316.6,312.57,315.63,12158.53306
2020-01-26T08:00:00+00:00,315.65,325.82,315.57,324.32,37146.9572
2020-01-26T12:00:00+00:00,324.32,335.89,322.74,332.14,41434.79059
2020-01-26T16:00:00+00:00,332.18,349.96,331.4,344.33,56574.50805
2020-01-26T20:00:00+00:00,344.29,348.99,342.88,348.24,14930.42171
2020-01-27T00:00:00+00:00,348.25,364.53,347.65,358.44,51418.50225
2020-01-27T04:00:00+00:00,358.47,365.5,352.5,361.72,35930.09623
2020-01-27T08:00:00+00:00,361.8,373.0,355.5,369.57,42009.83214
2020-01-27T12:00:00+00:00,369.57,378.19,365.64,373.64,50840.47352
2020-01-27T16:00:00+00:00,373.69,376.86,367.76,370.32,44871.4458
2020-01-27T20:00:00+00:00,370.36,373.8,357.1,362.86,23706.66997
2020-01-28T00:00:00+00:00,362.9,375.97,362.65,369.2,41429.4823
2020-01-28T04:00:00+00:00,369.32,370.8,361.63,365.78,23239.90124
2020-01-28T08:00:00+00:00,365.74,372.66,362.35,369.23,21688.78078
2020-01-28T12:00:00+00:00,369.07,385.38,363.23,367.0,66758.75409
2020-01-28T16:00:00+00:00,367.06,370.5,360.26,364.24,26317.72549
2020-01-28T20:00:00+00:00,364.44,381.0,364.3,378.6,31396.14749
2020-01-29T00:00:00+00:00,378.43,390.31,378.42,384.73,51908.54287
2020-01-29T04:00:00+00:00,384.73,396.31,382.78,393.38,36615.84743
2020-01-29T08:00:00+00:00,393.27,395.5,377.5,383.67,44858.49607
2020-01-29T12:00:00+00:00,383.71,388.98,378.29,378.97,27079.84949
2020-01-29T16:00:00+00:00,378.81,388.77,375.8,386.0,26473.5836
2020-01-29T20:00:00+00:00,386.03,389.0,379.0,380.26,13703.87694
2020-01-30T00:00:00+00:00,380.24,382.75,370.88,382.23,32531.4126
2020-01-30T04:00:00+00:00,382.22,393.0,382.07,390.84,24072.5429
2020-01-30T08:00:00+00:00,390.77,392.0,381.43,384.49,30762.21414
2020-01-30T12:00:00+00:00,384.5,389.23,382.09,386.12,28036.01581
2020-01-30T16:00:00+00:00,385.99,399.34,379.19,394.84,66353.58335
2020-01-30T20:00:00+00:00,394.68,396.6,389.82,392.69,16085.39293
2020-01-31T00:00:00+00:00,392.52,394.99,384.0,387.02,21131.55998
2020-01-31T04:00:00+00:00,386.9,388.23,380.34,384.31,24793.2262
2020-01-31T08:00:00+00:00,384.26,388.33,381.06,381.52,18159.70833
2020-01-31T12:00:00+00:00,381.53,381.53,364.16,375.76,47172.26398
2020-01-31T16:00:00+00:00,375.91,377.32,365.5,369.49,19836.70625
2020-01-31T20:00:00+00:00,369.47,381.78,369.47,374.86,15610.59772
2020-02-01T00:00:00+00:00,374.89,389.64,374.88,388.58,27382.83382
2020-02-01T04:00:00+00:00,388.61,389.35,381.31,383.6,18155.41722
2020-02-01T08:00:00+00:00,383.52,385.0,373.04,376.1,21250.83727
2020-02-01T12:00:00+00:00,376.02,383.45,372.31,378.43,27173.59207
2020-02-01T16:00:00+00:00,378.33,383.02,377.56,379.89,8894.77539
2020-02-01T20:00:00+00:00,379.76,381.64,377.89,380.08,3694.26212
2020-02-02T00:00:00+00:00,380.16,380.17,369.85,371.89,18752.48867
2020-02-02T04:00:00+00:00,371.84,383.75,368.91,379.49,20717.47258
2020-02-02T08:00:00+00:00,379.63,384.5,376.78,382.91,16045.84644
2020-02-02T12:00:00+00:00,383.15,387.7,377.45,380.18,22796.57873
2020-02-02T16:00:00+00:00,380.18,386.15,379.33,381.84,12181.94599
2020-02-02T20:00:00+00:00,382.0,384.54,376.78,377.34,8244.64286
2020-02-03T00:00:00+00:00,377.24,392.84,374.4,382.49,46614.29769
2020-02-03T04:00:00+00:00,382.34,384.99,380.67,383.0,11246.42346
2020-02-03T08:00:00+00:00,382.84,384.77,378.54,383.4,16384.15446
2020-02-03T12:00:00+00:00,383.36,384.45,378.98,380.04,25219.13053
2020-02-03T16:00:00+00:00,380.27,385.73,379.8,383.5,22701.96874
2020-02-03T20:00:00+00:00,383.47,386.01,380.3,384.25,10293.06857
2020-02-04T00:00:00+00:00,384.19,389.5,382.12,382.39,18521.81118
2020-02-04T04:00:00+00:00,382.5,384.94,380.72,383.65,14971.25349
2020-02-04T08:00:00+00:00,383.66,384.05,375.2,380.56,32934.14899
2020-02-04T12:00:00+00:00,380.57,381.75,372.38,379.2,30916.05724
2020-02-04T16:00:00+00:00,379.28,381.7,378.02,378.82,7222.54283
2020-02-04T20:00:00+00:00,378.82,382.82,376.61,380.93,7033.20888
2020-02-05T00:00:00+00:00,380.95,382.7,378.72,382.34,17453.1694
2020-02-05T04:00:00+00:00,382.34,388.14,381.08,385.79,25735.78225
2020-02-05T08:00:00+00:00,385.89,428.86,384.05,424.89,97296.68963
2020-02-05T12:00:00+00:00,424.85,437.55,418.88,435.86,49447.34556
2020-02-05T16:00:00+00:00,435.86,438.8,428.49,431.03,40345.5215
2020-02-05T20:00:00+00:00,431.1,445.46,430.04,444.92,24211.42272
2020-02-06T00:00:00+00:00,444.93,448.43,432.95,441.65,34829.56612
2020-02-06T04:00:00+00:00,441.73,443.63,437.61,438.5,22628.40411
2020-02-06T08:00:00+00:00,438.5,442.62,434.64,441.55,20969.11345
2020-02-06T12:00:00+00:00,441.56,448.43,416.88,443.21,77406.12214
2020-02-06T16:00:00+00:00,443.46,446.19,434.56,437.44,19674.95649
2020-02-06T20:00:00+00:00,437.44,445.81,435.94,445.76,8263.89134
2020-02-07T00:00:00+00:00,445.69,459.7,439.2,441.24,49569.17924
2020-02-07T04:00:00+00:00,441.56,444.82,437.0,441.2,20389.95029
2020-02-07T08:00:00+00:00,441.04,446.0,434.57,437.11,31535.72488
2020-02-07T12:00:00+00:00,436.96,443.06,432.12,435.63,30015.98471
2020-02-07T16:00:00+00:00,435.75,442.9,434.02,436.6,15243.41741
2020-02-07T20:00:00+00:00,436.54,441.86,435.01,439.21,5456.27371
2020-02-08T00:00:00+00:00,439.39,441.3,425.16,430.97,21696.01798
2020-02-08T04:00:00+00:00,430.93,452.69,430.22,444.81,53693.83143
2020-02-08T08:00:00+00:00,444.74,454.5,444.45,446.82,32100.44809
2020-02-08T12:00:00+00:00,446.84,450.79,439.54,444.09,22563.41687
2020-02-08T16:00:00+00:00,444.18,448.72,443.16,447.45,10358.05735
2020-02-08T20:00:00+00:00,447.39,449.0,444.0,444.46,6898.00819
2020-02-09T00:00:00+00:00,444.46,460.55,444.15,458.4,27216.21526
2020-02-09T04:00:00+00:00,458.41,459.56,452.41,456.05,22635.23794
2020-02-09T08:00:00+00:00,456.01,457.84,446.36,449.11,25512.5905
2020-02-09T12:00:00+00:00,449.21,451.32,434.79,445.73,39422.3861
2020-02-09T16:00:00+00:00,445.9,452.29,443.45,446.25,24270.58974
2020-02-09T20:00:00+00:00,446.43,452.5,441.25,449.72,10910.51482
2020-02-10T00:00:00+00:00,449.77,452.5,442.0,445.68,13802.49433
2020-02-10T04:00:00+00:00,445.57,448.56,435.86,445.97,39325.26463
2020-02-10T08:00:00+00:00,446.03,446.99,436.75,440.89,24222.84074
2020-02-10T12:00:00+00:00,440.94,463.37,438.34,454.18,46880.11706
2020-02-10T16:00:00+00:00,454.29,456.52,448.47,450.65,19409.22903
2020-02-10T20:00:00+00:00,450.74,455.65,450.15,452.05,7265.34227
2020-02-11T00:00:00+00:00,452.0,453.56,442.0,443.11,23874.20765
2020-02-11T04:00:00+00:00,443.13,447.45,440.44,442.46,15602.87479
2020-02-11T08:00:00+00:00,442.54,453.92,441.83,451.55,21514.39304
2020-02-11T12:00:00+00:00,451.51,464.0,450.32,461.96,44621.80058
2020-02-11T16:00:00+00:00,462.12,469.32,457.0,463.25,33017.47956
2020-02-11T20:00:00+00:00,463.28,466.28,458.92,461.89,10408.29645
2020-02-12T00:00:00+00:00,462.0,473.9,462.0,468.73,21062.95338
2020-02-12T04:00:00+00:00,468.91,481.31,468.69,476.11,40683.51701
2020-02-12T08:00:00+00:00,476.12,478.19,464.44,472.84,32904.86395
2020-02-12T12:00:00+00:00,473.05,476.0,465.6,468.49,26986.4452
2020-02-12T16:00:00+00:00,468.49,478.13,467.58,475.83,18663.97565
2020-02-12T20:00:00+00:00,475.85,481.87,471.9,473.55,22980.94758
2020-02-13T00:00:00+00:00,473.55,478.53,470.08,471.83,28683.87518
2020-02-13T04:00:00+00:00,471.77,484.98,471.35,473.28,35444.48977
2020-02-13T08:00:00+00:00,473.24,475.77,457.7,465.97,51523.40773
2020-02-13T12:00:00+00:00,465.96,480.93,463.53,471.86,41572.90167
2020-02-13T16:00:00+00:00,471.92,473.83,464.97,471.34,11283.25918
2020-02-13T20:00:00+00:00,471.12,477.48,465.14,477.32,6413.88048
2020-02-14T00:00:00+00:00,477.17,480.0,471.08,477.48,12919.84922
2020-02-14T04:00:00+00:00,477.62,477.79,465.99,468.68,22081.30754
2020-02-14T08:00:00+00:00,468.68,498.23,467.39,488.51,59187.34772
2020-02-14T12:00:00+00:00,488.46,493.97,485.77,492.83,27930.27829
2020-02-14T16:00:00+00:00,492.83,496.75,490.35,491.07,12795.72513
2020-02-14T20:00:00+00:00,491.18,494.88,489.83,493.77,6232.92753
2020-02-15T00:00:00+00:00,493.77,494.99,482.12,486.36,17997.85555
2020-02-15T04:00:00+00:00,486.34,491.82,482.12,485.51,21342.91333
2020-02-15T08:00:00+00:00,485.51,491.0,484.34,485.66,12093.55615
2020-02-15T12:00:00+00:00,485.79,489.15,468.96,475.73,21937.15743
2020-02-15T16:00:00+00:00,475.7,481.3,414.0,438.81,116766.54957
2020-02-15T20:00:00+00:00,438.76,445.01,435.11,438.96,11944.69228
2020-02-16T00:00:00+00:00,438.88,458.22,432.55,451.28,25978.63218
2020-02-16T04:00:00+00:00,451.28,455.3,443.33,447.74,17181.22672
2020-02-16T08:00:00+00:00,447.78,449.96,433.64,435.11,23297.92174
2020-02-16T12:00:00+00:00,435.13,442.26,421.06,427.46,50947.3775
2020-02-16T16:00:00+00:00,427.43,433.75,382.09,396.87,108524.33187
2020-02-16T20:00:00+00:00,396.8,418.0,395.13,411.68,28225.43557
2020-02-17T00:00:00+00:00,411.81,417.09,392.79,394.75,28925.34251
2020-02-17T04:00:00+00:00,394.6,394.78,367.0,383.97,84282.00686
2020-02-17T08:00:00+00:00,383.81,393.62,368.86,386.36,82006.39874
2020-02-17T12:00:00+00:00,386.39,410.0,373.11,405.18,99164.18457
2020-02-17T16:00:00+00:00,405.48,414.0,390.0,405.84,48283.66129
2020-02-17T20:00:00+00:00,405.81,412.99,399.07,412.99,24198.57195
2020-02-18T00:00:00+00:00,412.99,414.28,400.36,409.0,35450.147
2020-02-18T04:00:00+00:00,409.16,416.7,406.48,410.88,28595.73692
2020-02-18T08:00:00+00:00,410.96,410.99,397.0,403.14,32790.22204
2020-02-18T12:00:00+00:00,403.17,409.32,385.0,407.08,55383.51734
2020-02-18T16:00:00+00:00,407.16,421.31,403.22,420.2,56978.41619
2020-02-18T20:00:00+00:00,420.16,427.47,413.67,420.2,33946.0374
2020-02-19T00:00:00+00:00,420.38,423.7,413.69,418.54,20712.23969
2020-02-19T04:00:00+00:00,418.59,420.87,409.92,412.54,22193.79357
2020-02-19T08:00:00+00:00,412.4,419.39,407.0,417.4,19358.22213
2020-02-19T16:00:00+00:00,417.4,419.02,407.85,408.33,17250.59334
2020-02-19T20:00:00+00:00,408.27,410.93,370.0,378.46,67252.79232
2020-02-20T00:00:00+00:00,378.37,388.0,375.85,383.1,38220.42505
2020-02-20T04:00:00+00:00,383.14,385.76,377.65,380.38,18791.12344
2020-02-20T08:00:00+00:00,380.43,382.64,369.73,372.83,35564.62716
2020-02-20T12:00:00+00:00,372.82,381.0,364.37,370.75,38826.88221
2020-02-20T16:00:00+00:00,370.7,375.87,352.7,364.09,59920.84416
2020-02-20T20:00:00+00:00,364.17,375.77,363.96,371.1,16475.33371
2020-02-21T00:00:00+00:00,370.88,382.0,367.23,381.19,24783.12958
2020-02-21T04:00:00+00:00,381.27,385.0,373.32,377.98,19854.10009
2020-02-21T08:00:00+00:00,377.99,380.73,370.65,377.11,26952.76687
2020-02-21T12:00:00+00:00,377.11,381.6,373.62,377.75,22282.6567
2020-02-21T16:00:00+00:00,377.96,388.88,375.26,381.22,25203.12012
2020-02-21T20:00:00+00:00,381.03,381.97,372.29,377.74,16574.33921
2020-02-22T00:00:00+00:00,377.93,380.43,372.84,376.1,14656.06164
2020-02-22T04:00:00+00:00,376.06,376.77,366.93,369.85,23599.28513
2020-02-22T08:00:00+00:00,369.88,374.16,369.08,373.05,8942.12547
2020-02-22T12:00:00+00:00,373.03,380.15,369.98,372.76,21912.55917
2020-02-22T16:00:00+00:00,372.69,378.53,367.78,372.77,14964.57983
2020-02-22T20:00:00+00:00,372.74,375.92,371.2,373.14,6664.51625
2020-02-23T00:00:00+00:00,372.99,381.96,372.24,379.93,11100.93619
2020-02-23T04:00:00+00:00,379.92,394.0,379.87,391.1,33901.14008
2020-02-23T08:00:00+00:00,391.2,400.0,389.29,390.77,25880.25213
2020-02-23T12:00:00+00:00,390.61,398.38,390.58,394.84,17177.35366
2020-02-23T16:00:00+00:00,394.85,397.97,391.69,396.61,10914.31829
2020-02-23T20:00:00+00:00,396.58,404.42,392.87,401.57,20975.80399
2020-02-24T00:00:00+00:00,401.5,408.43,383.26,390.12,48049.39209
2020-02-24T04:00:00+00:00,390.04,390.5,382.05,390.29,23488.42998
2020-02-24T08:00:00+00:00,390.18,395.0,384.53,393.46,20848.87368
2020-02-24T12:00:00+00:00,393.34,394.45,372.25,378.06,42942.13595
2020-02-24T16:00:00+00:00,378.04,381.27,363.0,371.58,40493.17403
2020-02-24T20:00:00+00:00,371.58,379.99,368.64,378.22,16334.77966
2020-02-25T00:00:00+00:00,378.08,379.85,368.0,371.33,22581.83356
2020-02-25T04:00:00+00:00,371.28,372.29,362.93,366.21,23488.21345
2020-02-25T08:00:00+00:00,366.06,373.92,363.31,373.03,23724.90886
2020-02-25T12:00:00+00:00,373.03,376.56,352.32,356.31,54851.8657
2020-02-25T16:00:00+00:00,356.3,361.88,343.99,349.17,37182.50602
2020-02-25T20:00:00+00:00,349.22,359.59,346.46,353.07,19816.68395
2020-02-26T00:00:00+00:00,353.01,362.41,330.0,337.46,71626.29403
2020-02-26T04:00:00+00:00,337.45,339.18,323.91,326.11,33137.52555
2020-02-26T08:00:00+00:00,326.33,328.89,312.01,319.3,77751.13309
2020-02-26T12:00:00+00:00,319.27,333.49,313.01,317.44,113373.17512
2020-02-26T16:00:00+00:00,317.4,325.33,301.1,319.72,109723.51965
2020-02-26T20:00:00+00:00,319.96,325.31,314.0,316.67,20429.84144
2020-02-27T00:00:00+00:00,316.77,332.0,307.16,322.81,83618.83034
2020-02-27T04:00:00+00:00,322.81,329.7,320.37,326.04,32190.06195
2020-02-27T08:00:00+00:00,326.06,329.0,321.01,323.43,28249.81191
2020-02-27T12:00:00+00:00,323.58,330.19,321.0,326.11,38465.73161
2020-02-27T16:00:00+00:00,326.1,335.4,325.76,331.42,33154.81635
2020-02-27T20:00:00+00:00,331.31,331.56,318.16,324.62,24910.96019
2020-02-28T00:00:00+00:00,324.48,329.34,322.2,323.99,22186.75126
2020-02-28T04:00:00+00:00,323.82,326.05,310.0,313.76,32211.02058
2020-02-28T08:00:00+00:00,313.87,317.3,305.0,309.75,51765.424
2020-02-28T12:00:00+00:00,309.9,317.4,298.95,315.88,62076.89136
2020-02-28T16:00:00+00:00,315.96,317.0,303.71,306.0,32482.74761
2020-02-28T20:00:00+00:00,305.99,319.2,305.53,314.97,23787.45293
2020-02-29T00:00:00+00:00,315.09,319.86,311.65,315.02,17171.02058
2020-02-29T04:00:00+00:00,315.08,322.59,315.0,319.01,24866.67681
2020-02-29T08:00:00+00:00,318.96,320.0,309.14,315.14,28997.13848
2020-02-29T12:00:00+00:00,315.27,315.38,305.29,310.26,23771.52196
2020-02-29T16:00:00+00:00,310.25,315.29,305.0,312.55,32507.29423
2020-02-29T20:00:00+00:00,312.52,312.75,305.73,306.11,12153.25232
2020-03-01T00:00:00+00:00,305.9,325.0,305.59,319.93,37395.7424
2020-03-01T04:00:00+00:00,320.08,320.95,311.09,312.88,21856.20062
2020-03-01T08:00:00+00:00,313.0,319.29,308.65,318.57,21662.91689
2020-03-01T12:00:00+00:00,318.62,321.87,310.26,311.89,22357.04842
2020-03-01T16:00:00+00:00,311.9,314.88,304.13,310.48,29996.15053
2020-03-01T20:00:00+00:00,310.44,316.9,306.1,311.9,17303.33026
2020-03-02T00:00:00+00:00,311.9,320.0,310.68,314.74,24062.61151
2020-03-02T04:00:00+00:00,314.74,320.37,314.54,317.44,20118.68937
2020-03-02T08:00:00+00:00,317.41,323.99,316.89,323.05,65687.95347
2020-03-02T12:00:00+00:00,322.99,328.9,321.02,328.87,58545.54935
2020-03-02T16:00:00+00:00,328.89,341.83,328.26,339.65,40330.19912
2020-03-02T20:00:00+00:00,339.54,343.0,333.46,339.33,18566.5468
2020-03-03T00:00:00+00:00,339.33,339.38,330.9,337.41,26509.31376
2020-03-03T04:00:00+00:00,337.04,337.33,326.96,327.65,34760.23456
2020-03-03T08:00:00+00:00,327.65,336.52,326.55,334.9,24578.96025
2020-03-03T12:00:00+00:00,334.78,337.09,322.59,326.15,46807.49226
2020-03-03T16:00:00+00:00,326.09,332.99,321.13,332.01,27983.13044
2020-03-03T20:00:00+00:00,331.94,332.8,327.19,329.61,14719.79312
2020-03-04T00:00:00+00:00,329.66,331.43,325.82,328.79,16267.60588
2020-03-04T04:00:00+00:00,328.73,332.19,326.49,329.17,16171.15262
2020-03-04T08:00:00+00:00,329.17,329.83,320.37,323.42,10102.30354
2020-03-04T12:00:00+00:00,323.37,325.55,312.87,313.38,28086.3903
2020-03-04T16:00:00+00:00,313.5,317.52,308.35,317.16,25815.7654
2020-03-04T20:00:00+00:00,317.15,320.33,314.66,319.46,8451.95281
2020-03-05T00:00:00+00:00,319.58,328.7,319.36,325.65,26486.03183
2020-03-05T04:00:00+00:00,325.72,335.75,325.11,332.78,31471.38516
2020-03-05T08:00:00+00:00,332.76,343.46,331.75,340.41,34934.20779
2020-03-05T12:00:00+00:00,340.3,342.8,334.35,340.76,22313.82642
2020-03-05T16:00:00+00:00,340.71,343.24,338.08,341.44,21282.37764
2020-03-05T20:00:00+00:00,341.44,341.63,332.0,337.1,15885.59709
2020-03-06T00:00:00+00:00,337.08,338.46,332.3,335.87,11666.9215
2020-03-06T04:00:00+00:00,335.87,353.61,334.76,348.16,58232.54199
2020-03-06T08:00:00+00:00,348.25,352.62,344.83,349.93,24811.08293
2020-03-06T12:00:00+00:00,349.99,350.0,340.58,340.99,34742.66008
2020-03-06T16:00:00+00:00,340.84,346.92,340.84,345.7,13545.53311
2020-03-06T20:00:00+00:00,345.69,351.0,345.2,350.73,14187.90786
2020-03-07T00:00:00+00:00,350.74,351.11,345.55,347.06,13743.79932
2020-03-07T04:00:00+00:00,347.04,348.3,342.08,344.17,13726.39448
2020-03-07T08:00:00+00:00,344.23,349.27,343.82,346.09,14741.83239
2020-03-07T12:00:00+00:00,346.12,349.0,339.6,345.37,18002.8672
2020-03-07T16:00:00+00:00,345.4,348.73,327.09,331.5,48927.69627
2020-03-07T20:00:00+00:00,331.53,334.25,329.38,330.92,7198.7978
2020-03-08T00:00:00+00:00,330.77,330.77,317.89,321.0,25916.80081
2020-03-08T04:00:00+00:00,320.98,322.76,315.0,321.26,17732.42209
2020-03-08T08:00:00+00:00,321.13,322.05,317.5,321.2,11244.24035
2020-03-08T12:00:00+00:00,321.15,321.54,285.0,293.58,71964.69877
2020-03-08T16:00:00+00:00,293.53,295.88,268.16,283.41,103632.32447
2020-03-08T20:00:00+00:00,283.37,284.77,268.05,272.77,40237.41384
2020-03-09T00:00:00+00:00,272.9,279.49,259.04,266.5,77602.42451
2020-03-09T04:00:00+00:00,266.4,279.48,258.19,274.29,93632.037
2020-03-09T08:00:00+00:00,274.51,280.29,266.6,269.97,46241.39832
2020-03-09T12:00:00+00:00,270.01,277.0,252.13,261.98,89946.45766
2020-03-09T16:00:00+00:00,261.99,271.99,255.14,266.94,58871.44609
2020-03-09T20:00:00+00:00,266.92,275.0,263.61,273.0,15955.23261
2020-03-10T00:00:00+00:00,273.04,274.9,268.19,271.46,22098.06654
2020-03-10T04:00:00+00:00,271.46,272.7,264.18,266.26,21895.80991
2020-03-10T08:00:00+00:00,266.26,277.0,265.21,274.41,36032.81966
2020-03-10T12:00:00+00:00,274.33,277.95,263.5,264.28,42053.31531
2020-03-10T16:00:00+00:00,264.09,271.71,262.8,271.54,19946.19842
2020-03-10T20:00:00+00:00,271.56,275.6,269.0,271.79,17991.19455
2020-03-11T00:00:00+00:00,271.85,275.0,269.61,272.05,11006.0075
2020-03-11T04:00:00+00:00,272.12,273.06,266.12,268.15,15613.16168
2020-03-11T08:00:00+00:00,268.16,272.28,260.43,265.72,29078.04887
2020-03-11T12:00:00+00:00,265.67,267.06,256.33,260.42,25552.94642
2020-03-11T16:00:00+00:00,260.42,265.9,250.02,264.51,50361.45181
2020-03-11T20:00:00+00:00,264.58,270.29,263.74,266.98,18287.70727
2020-03-12T00:00:00+00:00,267.08,267.82,253.51,256.51,28474.12128
2020-03-12T04:00:00+00:00,256.51,256.58,233.86,242.09,66877.79494
2020-03-12T08:00:00+00:00,242.11,244.6,165.1,175.96,185377.67918
2020-03-12T12:00:00+00:00,176.0,183.67,164.78,179.41,190877.49742
2020-03-12T16:00:00+00:00,179.41,183.14,170.0,179.15,96178.95102
2020-03-12T20:00:00+00:00,179.15,179.85,136.0,144.13,141078.93732
2020-03-13T00:00:00+00:00,144.13,185.0,129.0,160.37,328478.09092
2020-03-13T04:00:00+00:00,160.37,173.02,146.78,170.29,152162.79783
2020-03-13T08:00:00+00:00,170.51,180.0,162.05,165.84,133177.1239
2020-03-13T12:00:00+00:00,165.9,189.67,153.4,164.89,153662.119
2020-03-13T16:00:00+00:00,164.96,175.99,155.0,169.57,172320.72229
2020-03-13T20:00:00+00:00,169.56,182.19,165.99,177.46,72501.13205
2020-03-14T00:00:00+00:00,177.46,180.4,170.47,178.44,79492.02773
2020-03-14T04:00:00+00:00,178.4,179.55,171.71,175.2,38020.82952
2020-03-14T08:00:00+00:00,175.2,176.29,163.94,172.12,54656.40479
2020-03-14T12:00:00+00:00,172.03,172.24,166.39,169.41,35560.37336
2020-03-14T16:00:00+00:00,169.35,173.56,168.21,171.23,26913.75539
2020-03-14T20:00:00+00:00,171.32,172.16,164.0,167.2,38336.85653
2020-03-15T00:00:00+00:00,167.08,170.0,165.44,166.88,33189.07168
2020-03-15T04:00:00+00:00,166.96,172.3,166.96,169.21,25694.83003
2020-03-15T08:00:00+00:00,169.22,179.0,167.75,174.86,43944.12523
2020-03-15T12:00:00+00:00,174.85,179.81,170.07,172.71,45289.00216
2020-03-15T16:00:00+00:00,172.71,176.56,171.28,174.93,29471.10479
2020-03-15T20:00:00+00:00,174.95,190.69,170.94,178.2,86306.2311
2020-03-16T00:00:00+00:00,178.2,184.41,174.4,179.61,42976.16004
2020-03-16T04:00:00+00:00,179.63,179.95,158.0,159.31,104400.28402
2020-03-16T08:00:00+00:00,159.16,164.84,147.14,150.85,102540.47448
2020-03-16T12:00:00+00:00,150.85,174.0,150.04,172.56,115114.88326
2020-03-16T16:00:00+00:00,172.52,176.0,165.37,168.46,58514.70302
2020-03-16T20:00:00+00:00,168.39,172.77,162.67,172.41,49338.09767
2020-03-17T00:00:00+00:00,172.45,184.64,168.73,180.1,78363.9094
2020-03-17T04:00:00+00:00,179.97,186.78,176.31,182.17,46973.31177
2020-03-17T08:00:00+00:00,182.17,187.59,177.13,180.81,50218.35778
2020-03-17T12:00:00+00:00,180.88,184.37,172.67,183.31,66044.69388
2020-03-17T16:00:00+00:00,183.53,186.9,181.97,184.54,39034.70546
2020-03-17T20:00:00+00:00,184.54,188.27,181.09,182.41,25837.11323
2020-03-18T00:00:00+00:00,182.5,186.0,181.02,184.94,20377.81269
2020-03-18T04:00:00+00:00,184.93,185.93,175.0,176.73,41264.11179
2020-03-18T08:00:00+00:00,176.72,180.34,173.46,176.31,42255.30298
2020-03-18T12:00:00+00:00,176.31,183.7,169.0,180.63,82094.55194
2020-03-18T16:00:00+00:00,180.63,182.86,176.45,180.9,38373.29196
2020-03-18T20:00:00+00:00,180.92,184.89,177.68,184.84,19968.86777
2020-03-19T00:00:00+00:00,184.76,187.29,177.62,179.83,37824.58594
2020-03-19T04:00:00+00:00,179.84,185.25,178.41,184.05,27448.37215
2020-03-19T08:00:00+00:00,184.04,189.65,182.47,187.12,48783.37118
2020-03-19T12:00:00+00:00,187.23,197.0,187.0,195.61,77653.69424
2020-03-19T16:00:00+00:00,195.53,233.6,192.45,220.53,210190.13369
2020-03-19T20:00:00+00:00,220.55,232.89,219.23,220.83,59554.9761
2020-03-20T00:00:00+00:00,220.83,227.0,218.28,219.67,38323.20208
2020-03-20T04:00:00+00:00,219.67,231.43,218.31,229.38,47153.44161
2020-03-20T08:00:00+00:00,229.39,246.06,228.85,233.38,119745.57617
2020-03-20T12:00:00+00:00,233.47,237.66,223.51,233.49,82704.86253
2020-03-20T16:00:00+00:00,233.36,237.23,213.65,216.98,104997.05348
2020-03-20T20:00:00+00:00,217.12,222.85,190.44,215.1,141797.1607
2020-03-21T00:00:00+00:00,215.05,230.0,209.83,223.71,60412.06819
2020-03-21T04:00:00+00:00,223.73,225.24,209.43,214.89,48345.21404
2020-03-21T08:00:00+00:00,214.9,215.99,206.35,215.63,56515.04879
2020-03-21T12:00:00+00:00,215.59,220.99,213.06,217.53,49459.61581
2020-03-21T16:00:00+00:00,217.63,220.57,210.65,218.64,44231.77118
2020-03-21T20:00:00+00:00,218.73,228.0,216.01,220.04,49194.16251
2020-03-22T00:00:00+00:00,219.96,230.9,216.49,230.53,29839.73246
2020-03-22T04:00:00+00:00,230.7,233.0,223.32,224.98,34410.16044
2020-03-22T08:00:00+00:00,224.77,226.2,214.11,216.4,40156.52283
2020-03-22T12:00:00+00:00,216.32,216.46,202.96,210.7,81534.30265
2020-03-22T16:00:00+00:00,210.7,212.92,201.0,203.28,68125.5807
2020-03-22T20:00:00+00:00,203.25,212.39,199.58,202.73,54761.39168
2020-03-23T00:00:00+00:00,202.65,210.61,198.09,208.42,49126.20036
2020-03-23T04:00:00+00:00,208.4,212.58,204.0,204.59,35395.10918
2020-03-23T08:00:00+00:00,204.55,205.6,198.89,203.2,43253.36889
2020-03-23T12:00:00+00:00,203.24,227.44,203.2,214.89,132885.35298
2020-03-23T16:00:00+00:00,214.72,219.77,214.01,215.9,38449.3041
2020-03-23T20:00:00+00:00,215.87,221.68,215.7,221.26,32413.95763
2020-03-24T00:00:00+00:00,221.23,226.5,219.7,220.41,48285.64061
2020-03-24T04:00:00+00:00,220.41,224.68,217.37,222.15,33056.25498
2020-03-24T08:00:00+00:00,222.13,230.47,222.08,227.76,56129.5701
2020-03-24T12:00:00+00:00,227.71,228.08,219.62,222.64,46233.97331
2020-03-24T16:00:00+00:00,222.55,227.92,219.15,226.51,27368.11412
2020-03-24T20:00:00+00:00,226.47,228.6,223.55,227.24,15567.95648
2020-03-25T00:00:00+00:00,227.26,227.98,220.45,221.19,25408.16425
2020-03-25T04:00:00+00:00,221.19,225.72,220.0,222.7,21829.73066
2020-03-25T08:00:00+00:00,222.73,231.45,213.09,215.51,73665.50147
2020-03-25T12:00:00+00:00,215.66,223.69,215.09,218.81,40466.84339
2020-03-25T16:00:00+00:00,218.79,221.99,217.23,219.11,20084.15383
2020-03-25T20:00:00+00:00,219.18,221.4,216.01,220.68,15124.52046
2020-03-26T00:00:00+00:00,220.71,226.24,220.2,225.67,21010.66167
2020-03-26T04:00:00+00:00,225.57,227.62,220.74,221.84,27085.50763
2020-03-26T08:00:00+00:00,221.86,226.43,221.06,222.3,27870.69525
2020-03-26T12:00:00+00:00,222.4,225.23,218.11,223.33,36412.09622
2020-03-26T16:00:00+00:00,223.29,224.5,220.25,222.85,16315.08853
2020-03-26T20:00:00+00:00,222.77,228.43,222.29,227.76,33640.92391
2020-03-27T00:00:00+00:00,227.78,233.81,227.78,231.88,39848.80187
2020-03-27T04:00:00+00:00,231.91,233.48,224.76,227.99,39031.38891
2020-03-27T08:00:00+00:00,227.98,228.15,223.0,224.74,22466.4241
2020-03-27T12:00:00+00:00,224.7,226.38,220.8,224.36,30743.47958
2020-03-27T16:00:00+00:00,224.24,225.96,222.61,224.45,22220.80752
2020-03-27T20:00:00+00:00,224.47,225.55,208.24,213.21,40678.01091
2020-03-28T00:00:00+00:00,213.32,213.35,202.99,206.0,65587.57319
2020-03-28T04:00:00+00:00,206.01,208.28,201.82,207.13,33517.82346
2020-03-28T08:00:00+00:00,207.17,210.88,206.57,207.36,28504.45262
2020-03-28T12:00:00+00:00,207.48,209.41,205.7,207.53,20649.55558
2020-03-28T16:00:00+00:00,207.52,212.9,202.28,211.26,44665.70325
2020-03-28T20:00:00+00:00,211.28,217.13,211.26,213.89,32509.39751
2020-03-29T00:00:00+00:00,213.86,217.34,212.16,213.12,23935.62175
2020-03-29T04:00:00+00:00,213.12,213.5,209.75,211.39,14251.87051
2020-03-29T08:00:00+00:00,211.34,214.74,207.6,212.37,32895.83602
2020-03-29T12:00:00+00:00,212.37,212.89,210.05,211.98,19065.7317
2020-03-29T16:00:00+00:00,211.98,212.6,205.1,205.58,37300.77911
2020-03-29T20:00:00+00:00,205.49,209.37,204.5,205.54,26379.67007
2020-03-30T00:00:00+00:00,205.51,210.41,205.32,210.02,24050.56058
2020-03-30T04:00:00+00:00,210.0,217.1,209.41,213.98,46632.13147
2020-03-30T08:00:00+00:00,213.98,219.99,213.83,217.58,30351.11324
2020-03-30T12:00:00+00:00,217.6,219.7,214.5,217.68,29183.75984
2020-03-30T16:00:00+00:00,217.68,225.0,216.77,221.5,38234.40853
2020-03-30T20:00:00+00:00,221.55,226.8,219.51,219.97,32907.34546
2020-03-31T00:00:00+00:00,220.0,223.88,218.24,219.44,25207.60385
2020-03-31T04:00:00+00:00,219.42,219.78,215.76,218.78,32171.41467
2020-03-31T08:00:00+00:00,218.73,222.46,217.7,218.75,30450.55629
2020-03-31T12:00:00+00:00,218.73,222.5,217.16,220.86,26050.59533
2020-03-31T16:00:00+00:00,220.82,222.16,217.77,219.85,18164.3021
2020-03-31T20:00:00+00:00,219.89,222.18,218.21,218.36,20538.13516
2020-04-01T00:00:00+00:00,218.44,219.33,214.83,217.71,29534.36677
2020-04-01T04:00:00+00:00,217.8,218.32,215.61,217.22,22421.58679
2020-04-01T08:00:00+00:00,217.17,220.3,215.5,220.26,22179.41258
2020-04-01T12:00:00+00:00,220.3,223.7,216.0,216.77,38005.52547
2020-04-01T16:00:00+00:00,216.75,216.75,211.24,213.49,38373.01972
2020-04-01T20:00:00+00:00,213.45,224.96,213.12,223.74,47620.32935
2020-04-02T00:00:00+00:00,223.72,228.0,221.99,224.45,31624.13401
2020-04-02T04:00:00+00:00,224.52,226.96,223.31,226.12,20523.33328
2020-04-02T08:00:00+00:00,226.13,228.32,224.69,227.98,22870.0128
2020-04-02T12:00:00+00:00,227.98,235.17,224.82,233.43,57390.00905
2020-04-02T16:00:00+00:00,233.45,248.77,230.01,233.78,111448.09573
2020-04-02T20:00:00+00:00,233.75,235.8,227.76,231.72,33983.95465
2020-04-03T00:00:00+00:00,231.84,235.93,230.75,233.77,25481.03503
2020-04-03T04:00:00+00:00,233.77,240.25,232.43,238.93,36085.56317
2020-04-03T08:00:00+00:00,238.89,241.96,235.85,240.95,33782.09018
2020-04-03T12:00:00+00:00,241.03,241.25,232.95,234.45,42305.70659
2020-04-03T16:00:00+00:00,234.5,237.8,230.14,237.63,26698.23816
2020-04-03T20:00:00+00:00,237.66,238.78,214.0,236.09,26970.97046
2020-04-04T00:00:00+00:00,236.09,237.5,231.88,233.49,19025.67173
2020-04-04T04:00:00+00:00,233.52,236.36,233.05,235.67,15493.20366
2020-04-04T08:00:00+00:00,235.69,239.36,232.92,234.22,38807.8367
2020-04-04T12:00:00+00:00,234.19,235.84,232.74,234.27,16321.27131
2020-04-04T16:00:00+00:00,234.25,238.06,233.6,236.65,14867.78175
2020-04-04T20:00:00+00:00,236.69,242.17,234.13,238.02,26427.90618
2020-04-05T00:00:00+00:00,238.05,239.75,236.88,237.31,13809.27116
2020-04-05T04:00:00+00:00,237.24,238.09,234.49,235.46,15004.88259
2020-04-05T08:00:00+00:00,235.47,237.5,234.35,235.06,12965.85468
2020-04-05T12:00:00+00:00,235.12,237.15,234.31,235.46,12115.84131
2020-04-05T16:00:00+00:00,235.46,235.49,223.19,232.34,43920.7091
2020-04-05T20:00:00+00:00,232.33,232.66,228.74,230.99,13171.72131
2020-04-06T00:00:00+00:00,231.02,236.5,230.71,234.02,23162.85303
2020-04-06T04:00:00+00:00,233.96,242.0,233.96,239.28,54654.59549
2020-04-06T08:00:00+00:00,239.21,244.18,238.84,242.97,43300.0281
2020-04-06T12:00:00+00:00,242.99,247.24,241.75,247.19,46196.18046
2020-04-06T16:00:00+00:00,247.19,257.5,245.5,253.77,72119.22948
2020-04-06T20:00:00+00:00,253.75,259.86,249.2,258.09,43209.85606
2020-04-07T00:00:00+00:00,258.08,262.71,252.3,256.5,53943.53714
2020-04-07T04:00:00+00:00,256.58,258.77,252.34,258.5,27324.14149
2020-04-07T08:00:00+00:00,258.57,262.32,255.8,259.06,39283.16652
2020-04-07T12:00:00+00:00,259.07,265.65,253.81,257.21,58409.77594
2020-04-07T16:00:00+00:00,257.19,261.17,255.56,256.05,22835.81554
2020-04-07T20:00:00+00:00,255.97,256.2,246.7,252.52,39743.01544
2020-04-08T00:00:00+00:00,252.52,276.47,250.01,274.23,112104.71158
2020-04-08T04:00:00+00:00,274.27,280.25,271.15,274.18,90186.57685
2020-04-08T08:00:00+00:00,274.07,279.58,256.31,266.38,132395.90282
2020-04-08T12:00:00+00:00,266.38,270.44,259.2,264.62,73048.22208
2020-04-08T16:00:00+00:00,264.63,269.87,261.33,265.21,51536.65802
2020-04-08T20:00:00+00:00,265.21,269.25,265.13,267.31,27510.23691
2020-04-09T00:00:00+00:00,267.34,274.74,263.3,265.13,41635.9255
2020-04-09T04:00:00+00:00,265.02,266.39,262.11,265.52,25439.61223
2020-04-09T08:00:00+00:00,265.66,267.28,256.02,258.0,38513.15264
2020-04-09T12:00:00+00:00,258.12,263.3,253.27,259.2,50311.63267
2020-04-09T16:00:00+00:00,259.19,260.11,253.64,255.03,25859.38476
2020-04-09T20:00:00+00:00,255.01,259.65,253.68,255.91,17267.67066
2020-04-10T00:00:00+00:00,255.88,258.9,243.8,244.67,56164.50317
2020-04-10T04:00:00+00:00,244.57,245.87,233.6,236.67,105747.26473
2020-04-10T08:00:00+00:00,236.65,240.62,233.89,236.95,39913.66658
2020-04-10T12:00:00+00:00,236.87,239.6,226.26,226.93,65806.22635
2020-04-10T16:00:00+00:00,226.94,234.82,225.35,233.8,43196.34049
2020-04-10T20:00:00+00:00,233.87,235.82,231.08,232.7,17389.27815
2020-04-11T00:00:00+00:00,232.61,235.76,232.04,235.44,17219.22329
2020-04-11T04:00:00+00:00,235.41,240.08,234.73,235.79,32597.43422
2020-04-11T08:00:00+00:00,235.78,237.13,232.11,234.58,20936.07018
2020-04-11T12:00:00+00:00,234.6,235.1,230.09,232.49,18974.15889
2020-04-11T16:00:00+00:00,232.47,237.0,227.07,227.59,48794.85994
2020-04-11T20:00:00+00:00,227.58,233.49,221.75,232.94,40431.46724
2020-04-12T00:00:00+00:00,232.93,235.31,227.67,228.37,21356.50553
2020-04-12T04:00:00+00:00,228.36,230.7,226.88,229.58,15147.83926
2020-04-12T08:00:00+00:00,229.48,233.18,229.42,231.64,17373.305
2020-04-12T12:00:00+00:00,231.6,238.79,231.6,238.6,38333.26366
2020-04-12T16:00:00+00:00,238.68,244.79,237.5,241.09,45488.48015
2020-04-12T20:00:00+00:00,241.25,243.59,232.66,233.09,35038.38539
2020-04-13T00:00:00+00:00,233.09,233.14,222.3,225.23,70702.15916
2020-04-13T04:00:00+00:00,225.13,227.2,219.09,220.72,37655.64174
2020-04-13T08:00:00+00:00,220.68,224.88,217.73,222.48,67134.59163
2020-04-13T12:00:00+00:00,222.59,222.6,215.12,220.0,84773.10572
2020-04-13T16:00:00+00:00,220.0,221.93,218.01,221.01,20002.72699
2020-04-13T20:00:00+00:00,220.86,225.93,220.86,223.49,25226.34859
2020-04-14T00:00:00+00:00,223.44,227.59,223.11,227.08,26003.37345
2020-04-14T04:00:00+00:00,227.15,228.56,219.0,222.13,85739.76107
2020-04-14T08:00:00+00:00,222.15,224.89,219.85,223.02,22027.2224
2020-04-14T12:00:00+00:00,223.02,227.27,221.56,224.5,32704.16474
2020-04-14T16:00:00+00:00,224.45,226.8,222.35,223.93,24920.74047
2020-04-14T20:00:00+00:00,223.93,224.55,221.14,223.2,11680.2783
2020-04-15T00:00:00+00:00,223.04,224.63,220.04,224.05,18764.63879
2020-04-15T04:00:00+00:00,224.05,225.28,222.26,223.84,14962.56004
2020-04-15T08:00:00+00:00,223.88,224.7,220.66,222.09,19472.47888
2020-04-15T12:00:00+00:00,222.05,222.08,218.85,219.2,28292.58023
2020-04-15T16:00:00+00:00,219.2,223.38,218.57,220.99,13362.08363
2020-04-15T20:00:00+00:00,221.03,222.8,213.86,215.04,27505.44616
2020-04-16T00:00:00+00:00,214.97,215.01,206.3,212.73,45780.70205
2020-04-16T04:00:00+00:00,212.75,230.81,211.57,225.34,66519.35042
2020-04-16T08:00:00+00:00,225.42,238.48,225.42,229.12,77253.0112
2020-04-16T12:00:00+00:00,229.18,233.33,226.27,232.15,40015.89572
2020-04-16T16:00:00+00:00,232.1,233.43,227.49,231.21,25124.94223
2020-04-16T20:00:00+00:00,231.17,239.85,228.66,234.95,44176.13637
2020-04-17T00:00:00+00:00,235.0,236.2,230.91,233.86,22615.21335
2020-04-17T04:00:00+00:00,233.78,233.81,229.17,231.02,28192.27057
2020-04-17T08:00:00+00:00,231.01,235.6,230.25,232.12,24614.46627
2020-04-17T12:00:00+00:00,232.12,233.59,230.37,232.09,16116.24485
2020-04-17T16:00:00+00:00,232.11,233.66,230.52,233.24,10793.72216
2020-04-17T20:00:00+00:00,233.25,236.94,231.02,231.88,16807.43072
2020-04-18T00:00:00+00:00,231.83,235.99,231.54,234.05,11712.15661
2020-04-18T04:00:00+00:00,234.04,235.3,233.48,234.05,6544.78007
2020-04-18T08:00:00+00:00,234.03,235.29,232.0,234.68,11279.55974
2020-04-18T12:00:00+00:00,234.78,241.14,233.57,240.72,54209.14008
2020-04-18T16:00:00+00:00,240.72,241.49,237.7,240.97,20413.77411
2020-04-18T20:00:00+00:00,240.98,247.59,240.67,243.64,43943.58282
2020-04-19T00:00:00+00:00,243.63,244.97,239.53,244.35,22719.71288
2020-04-19T04:00:00+00:00,244.42,244.9,237.14,238.4,27479.18714
2020-04-19T08:00:00+00:00,238.46,239.76,236.13,237.95,15682.64207
2020-04-19T12:00:00+00:00,237.94,237.94,229.0,231.79,26666.13275
2020-04-19T16:00:00+00:00,231.76,234.91,230.81,233.35,15125.53301
2020-04-19T20:00:00+00:00,233.36,236.27,231.12,231.27,16994.75026
2020-04-20T00:00:00+00:00,231.27,238.26,229.69,236.15,20310.12589
2020-04-20T04:00:00+00:00,236.12,238.5,234.08,235.83,17377.26909
2020-04-20T08:00:00+00:00,235.83,236.11,225.54,225.86,29363.42624
2020-04-20T12:00:00+00:00,225.74,231.32,222.62,229.34,42346.30986
2020-04-20T16:00:00+00:00,229.33,230.72,216.0,216.38,61796.95878
2020-04-20T20:00:00+00:00,216.37,222.03,215.62,219.02,25989.10135
2020-04-21T00:00:00+00:00,219.02,222.56,218.02,219.57,22678.99664
2020-04-21T04:00:00+00:00,219.58,222.14,218.46,219.57,17557.77697
2020-04-21T08:00:00+00:00,219.57,219.98,215.03,217.65,31738.27971
2020-04-21T12:00:00+00:00,217.56,223.5,217.27,220.31,29457.92284
2020-04-21T16:00:00+00:00,220.42,223.2,218.94,220.44,16406.00065
2020-04-21T20:00:00+00:00,220.43,221.92,218.94,219.42,8237.64427
2020-04-22T00:00:00+00:00,219.44,221.47,217.33,220.18,11899.5807
2020-04-22T04:00:00+00:00,220.19,223.7,219.23,222.77,16624.13953
2020-04-22T08:00:00+00:00,222.68,224.91,221.9,224.89,15594.42883
2020-04-22T12:00:00+00:00,224.91,232.62,223.55,232.48,45351.85057
2020-04-22T16:00:00+00:00,232.48,235.95,231.1,231.93,23183.14453
2020-04-22T20:00:00+00:00,231.86,233.69,230.52,232.94,9894.59512
2020-04-23T00:00:00+00:00,233.08,235.22,229.53,229.53,18537.84875
2020-04-23T04:00:00+00:00,229.51,230.95,225.83,227.14,25502.079
2020-04-23T08:00:00+00:00,227.22,232.43,226.28,231.57,24567.44824
2020-04-23T12:00:00+00:00,231.58,247.0,230.32,241.59,74933.23069
2020-04-23T16:00:00+00:00,241.7,243.65,237.63,240.5,23375.07792
2020-04-23T20:00:00+00:00,240.49,242.69,235.67,237.4,22965.07098
2020-04-24T00:00:00+00:00,237.36,241.21,236.47,239.0,19204.16091
2020-04-24T04:00:00+00:00,239.08,242.26,237.73,241.48,27748.15577
2020-04-24T08:00:00+00:00,241.48,241.85,236.06,237.46,35518.39425
2020-04-24T12:00:00+00:00,237.45,239.05,233.31,237.31,21869.76022
2020-04-24T16:00:00+00:00,237.35,239.61,236.26,238.94,10823.91603
2020-04-24T20:00:00+00:00,238.9,239.8,236.41,237.9,7349.21373
2020-04-25T00:00:00+00:00,237.9,238.23,235.04,236.19,5795.38056
2020-04-25T04:00:00+00:00,236.28,242.87,236.28,240.93,16943.34609
2020-04-25T08:00:00+00:00,240.9,242.26,238.31,239.49,18036.53283
2020-04-25T12:00:00+00:00,239.4,245.76,238.0,238.58,25942.68567
2020-04-25T16:00:00+00:00,238.62,239.92,236.77,238.55,19600.84351
2020-04-25T20:00:00+00:00,238.68,239.66,236.76,238.07,8272.62092
2020-04-26T00:00:00+00:00,238.06,241.6,237.38,240.46,13446.48195
2020-04-26T04:00:00+00:00,240.49,240.5,237.55,238.59,10674.55292
2020-04-26T08:00:00+00:00,238.55,243.46,237.6,242.76,18841.02792
2020-04-26T12:00:00+00:00,242.76,249.42,238.0,239.01,53649.64271
2020-04-26T16:00:00+00:00,239.02,246.0,238.3,245.08,22623.07033
2020-04-26T20:00:00+00:00,245.03,246.66,242.43,246.36,18881.59107
2020-04-27T00:00:00+00:00,246.35,248.07,244.0,245.59,36035.35326
2020-04-27T04:00:00+00:00,245.58,246.07,239.6,243.0,29663.74669
2020-04-27T08:00:00+00:00,242.86,243.8,240.22,241.42,21855.55203
2020-04-27T12:00:00+00:00,241.48,241.72,234.02,236.8,50123.38053
2020-04-27T16:00:00+00:00,236.73,239.18,235.93,238.6,22250.59592
2020-04-27T20:00:00+00:00,238.57,244.29,237.76,242.75,27271.93965
2020-04-28T00:00:00+00:00,242.77,243.13,236.94,239.64,16716.96617
2020-04-28T04:00:00+00:00,239.64,240.33,237.21,239.6,14641.80903
2020-04-28T08:00:00+00:00,239.66,242.14,238.17,240.64,23544.40836
2020-04-28T12:00:00+00:00,240.64,243.0,237.4,239.11,26085.04116
2020-04-28T16:00:00+00:00,239.12,241.97,238.87,239.29,17542.6325
2020-04-28T20:00:00+00:00,239.26,242.77,238.34,241.14,13835.56067
2020-04-29T00:00:00+00:00,241.14,245.5,241.03,243.65,28772.67229
2020-04-29T04:00:00+00:00,243.66,249.37,243.2,246.87,33861.29433
2020-04-29T08:00:00+00:00,246.89,254.75,245.99,251.87,50239.83248
2020-04-29T12:00:00+00:00,251.83,255.77,250.21,253.67,45036.21065
2020-04-29T16:00:00+00:00,253.66,262.81,252.69,258.66,74929.36577
2020-04-29T20:00:00+00:00,258.66,261.38,254.57,257.77,35008.32031
2020-04-30T00:00:00+00:00,257.71,275.57,256.07,275.13,79987.74383
2020-04-30T04:00:00+00:00,275.13,275.14,263.54,267.71,63493.83434
2020-04-30T08:00:00+00:00,267.81,268.98,245.68,254.63,89969.18299
2020-04-30T12:00:00+00:00,254.63,256.91,250.95,252.8,30784.05832
2020-04-30T16:00:00+00:00,252.76,255.47,245.01,253.51,43266.59696
2020-04-30T20:00:00+00:00,253.52,255.2,249.07,250.05,24326.77411
2020-05-01T00:00:00+00:00,250.05,253.87,250.05,252.39,19116.36392
2020-05-01T04:00:00+00:00,252.47,258.23,252.42,255.94,30988.45144
2020-05-01T08:00:00+00:00,255.96,260.22,254.86,258.99,29741.52362
2020-05-01T12:00:00+00:00,258.9,258.98,252.32,252.61,38426.20377
2020-05-01T16:00:00+00:00,252.65,254.47,250.96,251.55,21010.71762
2020-05-01T20:00:00+00:00,251.38,256.0,250.64,254.79,14410.52878
2020-05-02T00:00:00+00:00,254.79,255.77,253.35,254.97,14314.58509
2020-05-02T04:00:00+00:00,254.99,255.6,252.2,252.99,7560.36917
2020-05-02T08:00:00+00:00,252.93,255.58,252.2,254.11,11175.05323
2020-05-02T12:00:00+00:00,254.13,257.85,254.09,255.7,20080.81634
2020-05-02T16:00:00+00:00,255.69,259.0,254.26,258.21,27642.37927
2020-05-02T20:00:00+00:00,258.21,261.0,256.76,260.84,22636.33892
2020-05-03T00:00:00+00:00,260.84,267.76,260.79,264.3,44731.92923
2020-05-03T04:00:00+00:00,264.32,265.17,255.9,259.17,24799.88477
2020-05-03T08:00:00+00:00,259.13,263.45,258.5,260.5,13492.70774
2020-05-03T12:00:00+00:00,260.42,260.77,245.7,249.58,54519.33343
2020-05-03T16:00:00+00:00,249.55,251.81,247.61,249.98,17032.71629
2020-05-03T20:00:00+00:00,249.99,253.4,248.0,251.65,12102.95088
2020-05-04T00:00:00+00:00,251.69,252.61,239.85,243.86,40250.06031
2020-05-04T04:00:00+00:00,243.8,244.54,236.0,241.09,31696.32159
2020-05-04T08:00:00+00:00,241.13,243.52,238.85,240.89,17604.96958
2020-05-04T12:00:00+00:00,240.81,248.39,240.2,246.44,27326.72064
2020-05-04T16:00:00+00:00,246.44,247.34,242.3,244.38,21056.67103
2020-05-04T20:00:00+00:00,244.37,248.82,244.37,245.75,13997.45748
2020-05-05T00:00:00+00:00,245.77,247.9,244.63,245.92,10187.73932
2020-05-05T04:00:00+00:00,245.82,252.0,245.82,247.9,21604.76152
2020-05-05T08:00:00+00:00,247.88,252.28,240.96,243.64,25745.85289
2020-05-05T12:00:00+00:00,243.6,247.35,242.45,244.56,16446.40603
2020-05-05T16:00:00+00:00,244.51,247.87,243.87,245.01,11498.63499
2020-05-05T20:00:00+00:00,245.01,247.32,244.6,246.9,9474.28579
2020-05-06T00:00:00+00:00,246.92,248.73,243.7,246.27,16614.32695
2020-05-06T04:00:00+00:00,246.33,248.77,246.33,247.52,14355.9899
2020-05-06T08:00:00+00:00,247.52,253.91,246.8,252.46,28398.28672
2020-05-06T12:00:00+00:00,252.47,253.37,248.0,249.32,21955.07184
2020-05-06T16:00:00+00:00,249.37,250.49,245.61,246.37,13697.61784
2020-05-06T20:00:00+00:00,246.34,248.67,239.95,241.32,24002.44011
2020-05-07T00:00:00+00:00,241.32,249.0,235.5,245.69,38596.73765
2020-05-07T04:00:00+00:00,245.72,246.75,242.48,244.25,10263.72461
2020-05-07T08:00:00+00:00,244.25,246.19,242.75,243.24,7988.6594
2020-05-07T12:00:00+00:00,243.25,247.9,242.25,244.74,27929.15398
2020-05-07T16:00:00+00:00,244.82,256.62,242.55,253.23,57763.15453
2020-05-07T20:00:00+00:00,253.29,256.1,249.92,251.9,23453.60303
2020-05-08T00:00:00+00:00,251.94,258.0,251.8,254.86,36980.02152
2020-05-08T04:00:00+00:00,254.84,254.9,247.85,250.99,23676.11123
2020-05-08T08:00:00+00:00,250.96,254.4,250.38,253.17,18411.91079
2020-05-08T12:00:00+00:00,253.17,255.2,251.17,254.9,22328.96898
2020-05-08T16:00:00+00:00,254.95,265.07,254.39,261.82,63355.90852
2020-05-08T20:00:00+00:00,261.83,265.83,258.78,260.3,34747.29507
2020-05-09T00:00:00+00:00,260.16,272.62,258.51,270.43,56008.38334
2020-05-09T04:00:00+00:00,270.39,277.46,266.36,267.0,68767.43682
2020-05-09T08:00:00+00:00,267.0,271.54,261.19,266.74,45076.08523
2020-05-09T12:00:00+00:00,266.66,273.09,265.12,272.3,27521.21837
2020-05-09T16:00:00+00:00,272.31,277.27,266.72,268.26,48804.06995
2020-05-09T20:00:00+00:00,268.28,269.92,263.15,265.24,19181.59916
2020-05-10T00:00:00+00:00,265.26,265.72,221.33,233.75,162029.16708
2020-05-10T04:00:00+00:00,233.81,237.5,231.99,236.95,32337.11322
2020-05-10T08:00:00+00:00,236.93,239.39,235.03,236.91,41907.9043
2020-05-10T12:00:00+00:00,236.92,236.97,231.0,232.83,32851.45651
2020-05-10T16:00:00+00:00,232.8,234.84,223.25,230.62,55630.27117
2020-05-10T20:00:00+00:00,230.67,238.64,228.27,232.56,40189.30115
2020-05-11T00:00:00+00:00,232.68,237.59,232.2,233.15,23296.45315
2020-05-11T04:00:00+00:00,233.16,233.76,227.68,230.61,19922.61926
2020-05-11T08:00:00+00:00,230.61,236.77,226.91,234.24,41289.26567
2020-05-11T12:00:00+00:00,234.17,238.0,229.34,232.45,48831.92798
2020-05-11T16:00:00+00:00,232.45,234.69,216.52,233.19,91174.39362
2020-05-11T20:00:00+00:00,233.28,236.96,228.15,235.16,40312.98433
2020-05-12T00:00:00+00:00,235.17,239.4,232.08,234.59,33730.27954
2020-05-12T04:00:00+00:00,234.58,237.29,232.76,234.05,18119.92519
2020-05-12T08:00:00+00:00,234.05,237.68,233.31,236.52,24898.45896
2020-05-12T12:00:00+00:00,236.54,237.0,231.87,234.74,25220.87928
2020-05-12T16:00:00+00:00,234.76,236.0,232.65,233.51,15652.22043
2020-05-12T20:00:00+00:00,233.6,234.09,228.42,233.23,29154.8026
2020-05-13T00:00:00+00:00,233.25,235.85,231.9,234.49,14496.9308
2020-05-13T04:00:00+00:00,234.55,234.78,232.89,232.93,10729.50566
2020-05-13T08:00:00+00:00,232.89,235.72,231.74,235.43,14375.4089
2020-05-13T12:00:00+00:00,235.38,238.19,234.86,237.91,22157.98682
2020-05-13T16:00:00+00:00,237.88,241.23,235.4,236.83,18336.2334
2020-05-13T20:00:00+00:00,236.83,242.0,236.24,239.41,24055.8343
2020-05-14T00:00:00+00:00,239.34,240.87,236.75,238.42,14919.92865
2020-05-14T04:00:00+00:00,238.48,243.61,233.83,239.75,35287.21378
2020-05-14T08:00:00+00:00,239.75,245.62,235.29,242.88,58955.37422
2020-05-14T12:00:00+00:00,242.84,243.77,239.98,242.47,19507.03686
2020-05-14T16:00:00+00:00,242.4,242.97,236.0,242.27,23392.65214
2020-05-14T20:00:00+00:00,242.3,245.82,240.71,242.61,21265.3815
2020-05-15T00:00:00+00:00,242.51,243.39,235.05,238.23,27228.53649
2020-05-15T04:00:00+00:00,238.23,240.88,235.78,239.91,16325.85396
2020-05-15T08:00:00+00:00,239.84,242.5,237.31,240.21,14420.87382
2020-05-15T12:00:00+00:00,240.13,240.69,236.17,238.03,17611.86096
2020-05-15T16:00:00+00:00,238.0,239.31,234.74,235.74,17249.82969
2020-05-15T20:00:00+00:00,235.74,237.76,230.93,235.21,22788.8177
2020-05-16T00:00:00+00:00,235.11,239.15,233.64,237.89,15692.00495
2020-05-16T04:00:00+00:00,237.89,240.9,236.3,236.47,21708.97642
2020-05-16T08:00:00+00:00,236.53,238.89,236.07,237.67,16352.45465
2020-05-16T12:00:00+00:00,237.65,240.1,236.01,236.92,19848.1232
2020-05-16T16:00:00+00:00,236.95,237.75,234.02,236.52,21873.6525
2020-05-16T20:00:00+00:00,236.52,238.29,235.87,236.45,11224.73657
2020-05-17T00:00:00+00:00,236.45,239.0,235.61,238.28,16035.03072
2020-05-17T04:00:00+00:00,238.35,239.5,237.07,238.69,11732.57615
2020-05-17T08:00:00+00:00,238.67,239.2,237.12,238.41,11847.30729
2020-05-17T12:00:00+00:00,238.36,247.43,238.36,244.46,35340.69943
2020-05-17T16:00:00+00:00,244.46,245.18,242.14,243.2,17150.31001
2020-05-17T20:00:00+00:00,243.12,243.92,239.37,240.73,13410.37552
2020-05-18T00:00:00+00:00,240.74,255.75,240.25,252.11,50835.32912
2020-05-18T04:00:00+00:00,252.14,254.03,248.2,249.73,27724.43698
2020-05-18T08:00:00+00:00,249.73,250.66,244.36,247.33,27356.83642
2020-05-18T12:00:00+00:00,247.33,248.49,243.08,245.25,22632.13209
2020-05-18T16:00:00+00:00,245.22,247.08,242.51,246.21,21465.86173
2020-05-18T20:00:00+00:00,246.21,248.82,245.12,248.5,9955.91412
2020-05-19T00:00:00+00:00,248.49,248.63,242.36,243.68,22171.9379
2020-05-19T04:00:00+00:00,243.6,247.39,243.29,245.29,14625.93247
2020-05-19T08:00:00+00:00,245.33,250.94,245.32,248.24,25953.58397
2020-05-19T12:00:00+00:00,248.25,248.5,243.65,245.82,26999.69567
2020-05-19T16:00:00+00:00,245.89,247.09,244.61,244.93,10251.1085
2020-05-19T20:00:00+00:00,244.92,247.13,243.8,246.74,10400.46353
2020-05-20T00:00:00+00:00,246.83,247.66,245.22,246.07,21800.44489
2020-05-20T04:00:00+00:00,246.05,247.43,244.0,246.18,17112.23139
2020-05-20T08:00:00+00:00,246.09,247.4,245.45,245.71,14619.27347
2020-05-20T12:00:00+00:00,245.71,247.44,235.0,237.82,38424.60623
2020-05-20T16:00:00+00:00,237.8,240.15,235.15,239.55,25143.92584
2020-05-20T20:00:00+00:00,239.52,240.84,238.62,239.85,10784.24802
2020-05-21T00:00:00+00:00,239.79,243.0,238.97,240.26,15656.86397
2020-05-21T04:00:00+00:00,240.2,240.94,238.0,238.35,12127.45049
2020-05-21T08:00:00+00:00,238.3,240.23,232.43,237.66,27685.02991
2020-05-21T12:00:00+00:00,237.76,238.1,223.23,226.69,49664.08294
2020-05-21T16:00:00+00:00,226.74,228.14,220.65,227.63,33434.73703
2020-05-21T20:00:00+00:00,227.63,230.37,226.55,228.22,11273.63656
2020-05-22T00:00:00+00:00,228.17,228.69,225.0,225.4,15601.603
2020-05-22T04:00:00+00:00,225.45,232.48,225.42,230.86,25922.33614
2020-05-22T08:00:00+00:00,230.87,234.55,230.29,233.99,19896.71857
2020-05-22T12:00:00+00:00,233.99,234.98,231.28,234.3,17772.1422
2020-05-22T16:00:00+00:00,234.3,236.04,232.87,234.05,18658.24127
2020-05-22T20:00:00+00:00,233.99,236.69,232.94,234.67,13932.61205
2020-05-23T00:00:00+00:00,234.67,238.16,234.67,236.7,17720.01241
2020-05-23T04:00:00+00:00,236.7,240.0,233.55,235.4,29487.81567
2020-05-23T08:00:00+00:00,235.4,235.4,232.85,234.07,12871.7665
2020-05-23T12:00:00+00:00,234.07,235.61,231.96,235.06,11602.28991
2020-05-23T16:00:00+00:00,235.0,235.45,232.69,234.67,8213.25245
2020-05-23T20:00:00+00:00,234.67,235.9,234.0,234.11,9352.76551
2020-05-24T00:00:00+00:00,234.12,237.15,233.31,235.91,11168.12636
2020-05-24T04:00:00+00:00,235.92,237.48,235.4,236.16,10231.64391
2020-05-24T08:00:00+00:00,236.2,237.13,232.84,232.97,11796.63759
2020-05-24T12:00:00+00:00,232.91,234.04,227.78,228.7,21601.83497
2020-05-24T16:00:00+00:00,228.7,230.0,225.56,229.58,19384.09841
2020-05-24T20:00:00+00:00,229.48,230.85,222.41,223.0,17131.51848
2020-05-25T00:00:00+00:00,222.91,227.58,220.96,226.5,15200.71502
2020-05-25T04:00:00+00:00,226.51,230.2,226.08,229.13,12322.9563
2020-05-25T08:00:00+00:00,229.08,232.0,226.75,228.78,16054.32727
2020-05-25T12:00:00+00:00,228.89,230.88,227.64,229.13,14106.76945
2020-05-25T16:00:00+00:00,229.2,233.28,228.84,231.56,17197.6547
2020-05-25T20:00:00+00:00,231.56,231.88,229.86,230.55,6020.26876
2020-05-26T00:00:00+00:00,230.56,231.27,227.44,229.66,10763.97691
2020-05-26T04:00:00+00:00,229.57,229.62,226.71,229.07,10585.12187
2020-05-26T08:00:00+00:00,229.06,230.0,227.21,228.28,10253.65032
2020-05-26T12:00:00+00:00,228.3,228.76,223.91,224.49,14324.20089
2020-05-26T16:00:00+00:00,224.51,228.56,223.94,227.21,11935.74199
2020-05-26T20:00:00+00:00,227.26,230.03,227.19,228.01,10264.84966
2020-05-27T00:00:00+00:00,228.0,229.37,227.03,227.62,9078.04316
2020-05-27T04:00:00+00:00,227.66,229.29,227.2,227.58,8368.58623
2020-05-27T08:00:00+00:00,227.57,234.8,227.57,233.38,22634.23683
2020-05-27T12:00:00+00:00,233.37,234.56,231.55,232.23,15361.58342
2020-05-27T16:00:00+00:00,232.25,233.5,231.31,232.04,9475.67248
2020-05-27T20:00:00+00:00,232.04,232.92,229.85,232.85,9889.61036
2020-05-28T00:00:00+00:00,232.85,233.79,230.91,231.05,12339.21649
2020-05-28T04:00:00+00:00,231.04,231.46,228.85,229.83,14163.04121
2020-05-28T08:00:00+00:00,229.85,232.5,229.0,232.24,13425.15746
2020-05-28T12:00:00+00:00,232.2,238.96,231.44,237.1,40241.80028
2020-05-28T16:00:00+00:00,237.21,238.27,235.86,237.08,14942.11405
2020-05-28T20:00:00+00:00,237.16,241.0,236.02,239.86,17534.16928
2020-05-29T00:00:00+00:00,239.91,243.99,239.23,240.82,19736.25242
2020-05-29T04:00:00+00:00,240.84,241.36,238.72,239.66,12996.41037
2020-05-29T08:00:00+00:00,239.59,241.07,234.53,236.49,19332.04636
2020-05-29T12:00:00+00:00,236.48,237.52,233.05,236.26,11778.55078
2020-05-29T16:00:00+00:00,236.26,241.09,235.88,238.17,15824.25913
2020-05-29T20:00:00+00:00,238.17,239.01,236.86,238.43,4687.26989
2020-05-30T00:00:00+00:00,238.35,239.07,236.2,238.94,9959.45854
2020-05-30T04:00:00+00:00,238.93,243.6,238.7,241.8,19877.73906
2020-05-30T08:00:00+00:00,241.83,247.0,240.81,245.48,23167.21074
2020-05-30T12:00:00+00:00,245.51,246.21,242.63,244.27,18995.51522
2020-05-30T16:00:00+00:00,244.29,248.58,243.34,247.12,25195.48813
2020-05-30T20:00:00+00:00,247.1,253.75,242.58,252.38,32725.11923
2020-05-31T00:00:00+00:00,252.41,252.76,246.03,246.56,27095.40035
2020-05-31T04:00:00+00:00,246.56,249.16,245.0,248.97,17428.52272
2020-05-31T08:00:00+00:00,248.98,249.86,245.89,248.88,15184.32297
2020-05-31T12:00:00+00:00,248.99,249.98,243.0,244.44,28578.40525
2020-05-31T16:00:00+00:00,244.4,246.74,243.9,245.73,13916.25407
2020-05-31T20:00:00+00:00,245.64,245.7,236.0,238.69,32556.5124
2020-06-01T00:00:00+00:00,238.67,243.61,237.42,242.2,18091.16887
2020-06-01T04:00:00+00:00,242.2,244.56,241.61,243.03,12529.19465
2020-06-01T08:00:00+00:00,243.04,243.34,240.0,240.74,10134.01619
2020-06-01T12:00:00+00:00,240.83,245.05,239.29,242.96,22060.17156
2020-06-01T16:00:00+00:00,242.93,244.6,242.56,243.68,9368.5233
2020-06-01T20:00:00+00:00,243.66,255.0,243.52,253.19,65685.02179
2020-06-02T00:00:00+00:00,253.29,264.06,252.0,260.82,58078.05733
2020-06-02T04:00:00+00:00,260.89,262.82,259.22,262.16,22204.98819
2020-06-02T08:00:00+00:00,262.09,269.61,260.77,267.29,44692.83262
2020-06-02T12:00:00+00:00,267.29,268.28,241.67,248.83,91958.22977
2020-06-02T16:00:00+00:00,248.87,252.39,247.58,251.46,27932.73924
2020-06-02T20:00:00+00:00,251.37,252.19,248.1,250.85,19324.7488
2020-06-03T00:00:00+00:00,250.86,252.2,246.25,247.79,19248.42519
2020-06-03T04:00:00+00:00,247.9,250.46,246.52,248.3,18599.83494
2020-06-03T08:00:00+00:00,248.3,251.43,247.66,250.8,16773.97026
2020-06-03T12:00:00+00:00,250.84,251.75,248.22,250.06,17257.31876
2020-06-03T16:00:00+00:00,250.06,253.58,249.56,251.4,14163.77372
2020-06-03T20:00:00+00:00,251.54,254.0,250.65,253.23,9382.19821
2020-06-04T00:00:00+00:00,253.17,260.92,252.09,258.72,30335.81177
2020-06-04T04:00:00+00:00,258.77,259.11,255.61,257.32,17729.66328
2020-06-04T08:00:00+00:00,257.32,258.25,247.5,254.85,35349.20726
2020-06-04T12:00:00+00:00,254.79,259.36,253.97,256.76,38017.32614
2020-06-04T16:00:00+00:00,256.74,258.43,252.25,254.71,17062.55849
2020-06-04T20:00:00+00:00,254.77,257.95,252.25,256.18,13238.96719
2020-06-05T00:00:00+00:00,256.17,263.45,254.7,259.12,30045.56695
2020-06-05T04:00:00+00:00,259.16,261.19,257.85,259.89,13701.45537
2020-06-05T08:00:00+00:00,259.87,263.0,255.37,257.7,28819.99744
2020-06-05T12:00:00+00:00,257.75,258.28,254.49,257.56,18033.30472
2020-06-05T16:00:00+00:00,257.52,259.9,256.85,257.66,13886.21389
2020-06-05T20:00:00+00:00,257.64,258.03,255.42,256.05,11539.5469
2020-06-06T00:00:00+00:00,256.11,257.14,253.36,255.72,19230.63069
2020-06-06T04:00:00+00:00,255.68,256.91,254.0,255.11,13942.56439
2020-06-06T08:00:00+00:00,255.1,257.56,254.0,257.32,13841.77355
2020-06-06T12:00:00+00:00,257.33,258.26,254.55,255.88,13662.67166
2020-06-06T16:00:00+00:00,255.92,256.6,250.88,253.56,21251.68015
2020-06-06T20:00:00+00:00,253.56,255.27,251.75,253.23,8727.72979
2020-06-07T00:00:00+00:00,253.21,255.78,251.62,254.32,12156.20843
2020-06-07T04:00:00+00:00,254.32,255.55,253.11,254.04,7361.46882
2020-06-07T08:00:00+00:00,254.04,254.79,250.92,251.38,13176.83805
2020-06-07T12:00:00+00:00,251.36,253.95,245.22,247.64,34034.50009
2020-06-07T16:00:00+00:00,247.59,253.17,246.01,252.13,17583.19932
2020-06-07T20:00:00+00:00,252.27,254.42,251.27,253.56,10730.77919
2020-06-08T00:00:00+00:00,253.56,254.83,252.89,253.93,10196.41136
2020-06-08T04:00:00+00:00,253.98,256.72,253.95,254.99,12502.56604
2020-06-08T08:00:00+00:00,255.03,255.63,253.18,254.24,15136.779
2020-06-08T12:00:00+00:00,254.25,254.43,251.3,253.49,10527.92859
2020-06-08T16:00:00+00:00,253.49,254.0,251.77,252.25,6151.65212
2020-06-08T20:00:00+00:00,252.24,255.62,252.01,255.24,8970.85898
2020-06-09T00:00:00+00:00,255.3,257.15,250.5,252.66,23528.25194
2020-06-09T04:00:00+00:00,252.67,253.51,251.68,253.25,5597.42063
2020-06-09T08:00:00+00:00,253.29,253.6,250.9,252.92,8082.01305
2020-06-09T12:00:00+00:00,252.94,254.7,252.17,253.57,7550.5864
2020-06-09T16:00:00+00:00,253.5,253.61,251.04,252.95,6432.63828
2020-06-09T20:00:00+00:00,253.0,254.66,251.86,254.05,8701.1026
2020-06-10T00:00:00+00:00,254.02,255.6,253.69,254.1,6330.64749
2020-06-10T04:00:00+00:00,254.1,258.76,250.6,253.99,27588.45797
2020-06-10T08:00:00+00:00,254.02,254.5,252.91,253.03,7874.55253
2020-06-10T12:00:00+00:00,253.04,255.01,252.92,254.19,6768.78999
2020-06-10T16:00:00+00:00,254.2,258.0,251.5,256.33,26350.64913
2020-06-10T20:00:00+00:00,256.33,257.38,255.26,256.94,8512.05011
2020-06-11T00:00:00+00:00,256.95,258.0,255.9,256.26,12492.3939
2020-06-11T04:00:00+00:00,256.26,256.99,254.0,254.87,9997.67306
2020-06-11T08:00:00+00:00,254.81,255.47,253.3,254.04,8934.64987
2020-06-11T12:00:00+00:00,254.04,254.4,243.65,245.45,35798.94918
2020-06-11T16:00:00+00:00,245.39,246.07,231.28,237.22,48429.81593
2020-06-11T20:00:00+00:00,237.16,238.74,233.64,234.74,12476.32974
2020-06-12T00:00:00+00:00,234.73,238.83,233.08,237.59,13957.79525
2020-06-12T04:00:00+00:00,237.63,240.2,236.93,239.17,10997.27747
2020-06-12T08:00:00+00:00,239.17,241.71,239.13,241.53,11692.91729
2020-06-12T12:00:00+00:00,241.55,243.66,239.03,240.08,13827.85449
2020-06-12T16:00:00+00:00,240.06,240.93,238.42,239.68,7048.06402
2020-06-12T20:00:00+00:00,239.69,241.23,239.59,240.85,5216.24661
2020-06-13T00:00:00+00:00,240.85,241.06,237.94,238.15,7352.87685
2020-06-13T04:00:00+00:00,238.18,240.0,237.29,239.8,5638.38443
2020-06-13T08:00:00+00:00,239.78,240.42,238.62,238.98,3993.99954
2020-06-13T12:00:00+00:00,238.97,240.77,238.44,240.2,6749.09036
2020-06-13T16:00:00+00:00,240.23,242.25,239.15,239.89,8170.85953
2020-06-13T20:00:00+00:00,239.85,241.49,239.0,240.69,6114.5524
2020-06-14T00:00:00+00:00,240.7,240.84,239.13,239.4,4556.4916
2020-06-14T04:00:00+00:00,239.4,239.75,237.98,238.29,6595.30048
2020-06-14T08:00:00+00:00,238.31,239.85,238.0,239.0,4993.10646
2020-06-14T12:00:00+00:00,239.01,239.1,235.26,237.68,9773.60335
2020-06-14T16:00:00+00:00,237.65,237.9,236.22,237.58,4811.08565
2020-06-14T20:00:00+00:00,237.57,238.74,234.93,237.48,9946.72732
2020-06-15T00:00:00+00:00,237.47,238.32,231.46,232.12,19690.29651
2020-06-15T04:00:00+00:00,232.1,233.69,224.41,229.49,30876.98742
2020-06-15T08:00:00+00:00,229.53,230.05,227.39,228.77,10824.11683
2020-06-15T12:00:00+00:00,228.76,232.2,226.6,231.5,13381.90353
2020-06-15T16:00:00+00:00,231.55,236.5,231.06,235.24,14751.43271
2020-06-15T20:00:00+00:00,235.3,237.85,234.76,235.64,10216.55536
2020-06-16T00:00:00+00:00,235.64,239.0,234.74,238.5,9957.98218
2020-06-16T04:00:00+00:00,238.51,238.7,236.03,237.22,6665.09999
2020-06-16T08:00:00+00:00,237.22,238.34,236.42,237.21,10365.49508
2020-06-16T12:00:00+00:00,237.18,239.0,232.5,235.7,20311.83971
2020-06-16T16:00:00+00:00,235.7,236.61,235.14,235.96,6570.35412
2020-06-16T20:00:00+00:00,235.95,237.68,235.49,237.46,3784.33818
2020-06-17T00:00:00+00:00,237.47,237.62,235.06,236.88,10285.09718
2020-06-17T04:00:00+00:00,236.88,241.99,236.42,241.19,20035.09099
2020-06-17T08:00:00+00:00,241.17,241.61,239.49,240.42,6900.43374
2020-06-17T12:00:00+00:00,240.44,246.0,238.57,238.98,18283.30593
2020-06-17T16:00:00+00:00,238.98,239.92,236.24,236.25,12147.49634
2020-06-17T20:00:00+00:00,236.26,240.94,235.9,240.39,12538.30272
2020-06-18T00:00:00+00:00,240.4,240.7,238.57,239.2,8265.10384
2020-06-18T04:00:00+00:00,239.21,239.45,238.16,238.99,5595.58211
2020-06-18T08:00:00+00:00,238.99,240.05,238.0,239.3,8981.42788
2020-06-18T12:00:00+00:00,239.36,240.0,237.26,237.34,9759.32692
2020-06-18T16:00:00+00:00,237.34,238.43,235.32,237.05,9084.73448
2020-06-18T20:00:00+00:00,237.05,237.24,232.53,236.04,11227.30647
2020-06-19T00:00:00+00:00,236.05,236.54,230.46,231.57,11285.53537
2020-06-19T04:00:00+00:00,231.57,233.5,231.12,233.04,8334.66302
2020-06-19T08:00:00+00:00,233.08,236.48,232.67,234.85,12038.68163
2020-06-19T12:00:00+00:00,234.79,235.7,234.07,235.47,7614.72057
2020-06-19T16:00:00+00:00,235.47,235.94,232.16,233.13,12982.20768
2020-06-19T20:00:00+00:00,233.14,234.93,232.25,233.39,11796.14861
2020-06-20T00:00:00+00:00,233.39,234.18,232.98,233.77,9200.33544
2020-06-20T04:00:00+00:00,233.77,235.19,232.74,233.63,9267.11582
2020-06-20T08:00:00+00:00,233.63,233.66,229.24,232.52,18268.47586
2020-06-20T12:00:00+00:00,232.6,232.89,229.21,229.48,9166.12887
2020-06-20T16:00:00+00:00,229.5,231.4,228.62,230.44,10414.00165
2020-06-20T20:00:00+00:00,230.48,233.88,230.48,232.8,10786.59673
2020-06-21T00:00:00+00:00,232.8,233.64,232.44,233.08,9079.71058
2020-06-21T04:00:00+00:00,233.08,234.16,232.61,233.3,8184.89925
2020-06-21T08:00:00+00:00,233.3,233.54,232.24,232.65,7370.90487
2020-06-21T12:00:00+00:00,232.68,233.52,231.15,233.23,7487.05107
2020-06-21T16:00:00+00:00,233.26,233.58,231.4,232.29,9999.64618
2020-06-21T20:00:00+00:00,232.32,232.32,229.71,230.31,6930.47635
2020-06-22T00:00:00+00:00,230.33,236.29,229.75,235.19,20158.96538
2020-06-22T04:00:00+00:00,235.22,237.41,235.19,235.89,16923.73008
2020-06-22T08:00:00+00:00,235.93,237.09,235.37,236.68,9982.24387
2020-06-22T12:00:00+00:00,236.71,238.56,236.43,237.96,15435.76009
2020-06-22T16:00:00+00:00,237.97,243.0,237.46,240.86,23701.14004
2020-06-22T20:00:00+00:00,240.9,243.98,240.17,241.03,14976.05168
2020-06-23T00:00:00+00:00,241.04,242.46,239.18,240.75,13588.68339
2020-06-23T04:00:00+00:00,240.77,241.85,239.26,241.47,10625.8151
2020-06-23T08:00:00+00:00,241.39,241.39,239.29,240.45,13999.76745
2020-06-23T12:00:00+00:00,240.4,241.99,239.66,241.94,17538.96074
2020-06-23T16:00:00+00:00,241.97,244.45,241.34,242.44,14527.62665
2020-06-23T20:00:00+00:00,242.4,242.87,239.83,240.69,9835.77036
2020-06-24T00:00:00+00:00,240.68,242.75,240.02,241.91,8711.55099
2020-06-24T04:00:00+00:00,241.92,245.62,239.26,239.96,32748.0798
2020-06-24T08:00:00+00:00,239.96,240.94,233.7,235.57,26679.42021
2020-06-24T12:00:00+00:00,235.56,238.1,229.34,231.1,28985.41471
2020-06-24T16:00:00+00:00,231.1,233.36,230.73,232.55,13504.37916
2020-06-24T20:00:00+00:00,232.55,233.55,231.74,232.8,8095.40448
2020-06-25T00:00:00+00:00,232.72,233.71,226.23,229.3,18973.88481
2020-06-25T04:00:00+00:00,229.3,231.86,228.84,231.24,10082.20598
2020-06-25T08:00:00+00:00,231.24,235.09,231.24,234.12,15027.89772
2020-06-25T12:00:00+00:00,234.19,234.43,231.77,233.28,11633.27338
2020-06-25T16:00:00+00:00,233.28,234.7,232.11,232.83,8399.4091
2020-06-25T20:00:00+00:00,232.83,233.47,231.25,232.45,7912.00104
2020-06-26T00:00:00+00:00,232.45,233.72,230.9,232.02,8924.09374
2020-06-26T04:00:00+00:00,232.03,232.56,228.22,229.41,16222.54574
2020-06-26T08:00:00+00:00,229.42,232.0,228.55,231.8,15616.17617
2020-06-26T12:00:00+00:00,231.82,233.49,228.13,230.25,19868.81554
2020-06-26T16:00:00+00:00,230.25,230.97,229.25,230.41,9905.80251
2020-06-26T20:00:00+00:00,230.43,231.22,229.78,230.65,5319.70681
2020-06-27T00:00:00+00:00,230.72,231.57,229.57,230.79,9098.29724
2020-06-27T04:00:00+00:00,230.8,231.36,230.03,230.45,7135.39688
2020-06-27T08:00:00+00:00,230.45,231.04,228.29,229.18,7866.16808
2020-06-27T12:00:00+00:00,229.17,229.57,225.66,227.09,11295.90788
2020-06-27T16:00:00+00:00,227.07,227.37,204.77,210.0,41060.83906
2020-06-27T20:00:00+00:00,210.0,218.57,208.44,216.37,32400.21123
2020-06-28T00:00:00+00:00,216.34,216.4,213.4,214.19,6753.32319
2020-06-28T04:00:00+00:00,214.19,217.81,214.17,217.13,5343.91253
2020-06-28T08:00:00+00:00,217.11,220.33,216.34,219.1,13764.47788
2020-06-28T12:00:00+00:00,219.11,223.6,217.51,223.0,13609.74771
2020-06-28T16:00:00+00:00,223.09,225.41,222.31,222.39,9310.38233
2020-06-28T20:00:00+00:00,222.36,225.15,221.96,222.67,7994.44732
2020-06-29T00:00:00+00:00,222.67,223.8,220.68,221.01,8892.4544
2020-06-29T04:00:00+00:00,220.98,222.64,219.21,220.34,12111.37326
2020-06-29T08:00:00+00:00,220.33,221.38,218.28,220.53,9549.95866
2020-06-29T12:00:00+00:00,220.53,223.6,219.69,221.81,18141.3963
2020-06-29T16:00:00+00:00,221.83,222.8,220.73,222.76,11471.78403
2020-06-29T20:00:00+00:00,222.79,227.5,222.64,225.28,22508.09593
2020-06-30T00:00:00+00:00,225.33,226.1,223.89,224.29,6634.55106
2020-06-30T04:00:00+00:00,224.28,225.17,222.13,223.56,8617.98862
2020-06-30T08:00:00+00:00,223.6,224.48,222.88,223.37,5999.26856
2020-06-30T12:00:00+00:00,223.35,225.13,220.44,223.06,15781.77647
2020-06-30T16:00:00+00:00,223.17,223.85,220.55,221.27,8807.49677
2020-06-30T20:00:00+00:00,221.26,223.02,220.94,222.12,5468.34867
2020-07-01T00:00:00+00:00,222.11,225.83,220.56,223.27,17677.62679
2020-07-01T04:00:00+00:00,223.33,224.68,220.92,222.75,17277.56303
2020-07-01T08:00:00+00:00,222.8,224.9,222.69,223.7,6871.96988
2020-07-01T12:00:00+00:00,223.72,226.49,223.01,225.53,13092.95
2020-07-01T16:00:00+00:00,225.54,226.76,222.43,223.18,16558.92477
2020-07-01T20:00:00+00:00,223.13,225.34,222.89,223.78,8669.45683
2020-07-02T00:00:00+00:00,223.77,224.22,222.5,223.72,7783.02831
2020-07-02T04:00:00+00:00,223.72,224.39,222.91,223.93,9645.41386
2020-07-02T08:00:00+00:00,223.88,224.48,222.53,223.45,9460.8829
2020-07-02T12:00:00+00:00,223.44,225.83,218.63,219.85,29590.73339
2020-07-02T16:00:00+00:00,219.83,220.47,217.11,218.92,18846.00371
2020-07-02T20:00:00+00:00,218.96,222.19,218.38,219.65,13206.89861
2020-07-03T00:00:00+00:00,219.63,220.92,218.96,220.01,6200.53038
2020-07-03T04:00:00+00:00,220.05,223.21,219.52,221.69,15236.38314
2020-07-03T08:00:00+00:00,221.72,223.31,220.6,222.19,10125.33253
2020-07-03T12:00:00+00:00,222.26,223.2,221.56,222.53,8700.09529
2020-07-03T16:00:00+00:00,222.51,223.8,221.36,222.41,8278.76157
2020-07-03T20:00:00+00:00,222.4,222.71,219.56,220.73,6927.72598
2020-07-04T00:00:00+00:00,220.71,223.63,220.19,222.79,15148.98384
2020-07-04T04:00:00+00:00,222.76,223.15,222.0,222.33,4678.68234
2020-07-04T08:00:00+00:00,222.31,222.64,221.21,221.71,4618.06502
2020-07-04T12:00:00+00:00,221.7,222.65,220.43,221.04,8131.70125
2020-07-04T16:00:00+00:00,221.04,226.86,220.97,225.71,23838.27512
2020-07-04T20:00:00+00:00,225.76,226.46,224.5,225.26,4466.58237
2020-07-05T00:00:00+00:00,225.26,225.87,223.79,224.46,8093.02768
2020-07-05T04:00:00+00:00,224.47,224.65,221.6,222.44,11582.38788
2020-07-05T08:00:00+00:00,222.38,223.09,220.21,221.04,11754.95215
2020-07-05T12:00:00+00:00,221.1,221.25,217.69,219.69,12495.52756
2020-07-05T16:00:00+00:00,219.66,221.0,219.2,220.41,4974.12536
2020-07-05T20:00:00+00:00,220.41,222.82,214.52,222.23,20846.29912
2020-07-06T00:00:00+00:00,222.24,224.55,221.7,223.01,10619.41368
2020-07-06T04:00:00+00:00,223.06,229.85,223.02,228.31,27369.07627
2020-07-06T08:00:00+00:00,228.31,230.65,227.26,230.18,14505.89043
2020-07-06T12:00:00+00:00,230.17,240.89,229.32,239.46,41729.16097
2020-07-06T16:00:00+00:00,239.46,241.61,236.69,238.18,20388.38298
2020-07-06T20:00:00+00:00,238.16,243.59,237.44,242.34,23102.06836
2020-07-07T00:00:00+00:00,242.35,244.39,237.68,240.16,28363.37536
2020-07-07T04:00:00+00:00,240.15,240.44,235.91,237.46,13759.10086
2020-07-07T08:00:00+00:00,237.45,238.8,236.25,238.5,16705.91314
2020-07-07T12:00:00+00:00,238.5,238.8,235.99,238.13,17422.74263
2020-07-07T16:00:00+00:00,238.14,239.22,236.56,236.81,9616.85162
2020-07-07T20:00:00+00:00,236.87,238.21,235.0,237.83,10638.7215
2020-07-08T00:00:00+00:00,237.84,243.87,235.93,243.52,19154.47681
2020-07-08T04:00:00+00:00,243.56,244.06,239.24,241.3,17942.9505
2020-07-08T08:00:00+00:00,241.31,244.97,240.55,244.25,19861.55765
2020-07-08T12:00:00+00:00,244.21,245.98,240.62,244.0,33207.26519
2020-07-08T16:00:00+00:00,244.02,244.58,242.52,244.01,13222.28665
2020-07-08T20:00:00+00:00,244.02,244.84,242.5,243.31,11214.94993
2020-07-09T00:00:00+00:00,243.29,243.39,238.65,240.79,23263.50394
2020-07-09T04:00:00+00:00,240.77,245.68,240.31,244.0,18280.20759
2020-07-09T08:00:00+00:00,243.96,244.27,241.1,243.64,9846.54163
2020-07-09T12:00:00+00:00,243.67,244.96,235.0,236.64,34279.03018
2020-07-09T16:00:00+00:00,236.67,237.78,232.99,235.01,21688.83453
2020-07-09T20:00:00+00:00,235.0,238.36,234.21,238.13,8111.36838
2020-07-10T00:00:00+00:00,238.15,238.16,235.8,236.82,9634.68723
2020-07-10T04:00:00+00:00,236.9,236.98,232.5,233.74,21314.0589
2020-07-10T08:00:00+00:00,233.82,240.35,233.76,236.05,22706.08311
2020-07-10T12:00:00+00:00,236.13,238.36,234.96,237.93,12382.28832
2020-07-10T16:00:00+00:00,237.94,238.24,236.2,237.44,7126.90371
2020-07-10T20:00:00+00:00,237.43,238.88,236.33,238.38,9236.91918
2020-07-11T00:00:00+00:00,238.41,239.4,237.61,238.05,8993.63089
2020-07-11T04:00:00+00:00,237.98,238.72,237.62,237.84,7708.75968
2020-07-11T08:00:00+00:00,237.86,237.98,235.1,235.86,11866.93965
2020-07-11T12:00:00+00:00,235.86,237.01,235.5,236.1,6818.27774
2020-07-11T16:00:00+00:00,236.1,237.06,234.61,234.88,6169.60304
2020-07-11T20:00:00+00:00,234.92,237.14,234.85,236.59,5085.52313
2020-07-12T00:00:00+00:00,236.59,238.62,236.38,237.66,13877.30255
2020-07-12T04:00:00+00:00,237.7,238.32,237.0,237.35,4467.24669
2020-07-12T08:00:00+00:00,237.35,237.9,236.0,236.64,5272.28152
2020-07-12T12:00:00+00:00,236.64,239.36,231.82,233.99,22861.15662
2020-07-12T16:00:00+00:00,234.02,235.39,232.94,235.08,6315.5481
2020-07-12T20:00:00+00:00,235.03,237.74,234.84,237.42,10084.22053
2020-07-13T00:00:00+00:00,237.44,237.89,236.26,236.52,10035.53199
2020-07-13T04:00:00+00:00,236.52,236.94,234.93,235.93,16806.23113
2020-07-13T08:00:00+00:00,235.92,237.53,235.92,237.32,18875.39606
2020-07-13T12:00:00+00:00,237.32,237.77,235.39,235.74,26826.57341
2020-07-13T16:00:00+00:00,235.71,236.35,223.83,228.35,37012.55306
2020-07-13T20:00:00+00:00,228.38,232.45,227.29,232.19,11603.12649
2020-07-14T00:00:00+00:00,232.15,232.2,229.34,229.34,14772.27891
2020-07-14T04:00:00+00:00,229.39,229.42,226.38,228.31,18178.33579
2020-07-14T08:00:00+00:00,228.31,230.86,227.04,230.57,15601.91991
2020-07-14T12:00:00+00:00,230.6,231.82,228.33,229.52,13971.7632
2020-07-14T16:00:00+00:00,229.51,230.42,228.81,230.15,9493.98632
2020-07-14T20:00:00+00:00,230.16,231.1,229.99,230.12,8818.144
2020-07-15T00:00:00+00:00,230.12,230.8,227.71,227.74,10603.10544
2020-07-15T04:00:00+00:00,227.73,229.99,227.08,228.13,13121.85237
2020-07-15T08:00:00+00:00,228.13,229.51,227.13,228.46,9530.05866
2020-07-15T12:00:00+00:00,228.45,229.43,227.3,227.53,9812.41479
2020-07-15T16:00:00+00:00,227.47,228.27,225.91,226.42,12755.51776
2020-07-15T20:00:00+00:00,226.4,228.44,226.28,227.4,7149.072
2020-07-16T00:00:00+00:00,227.42,228.09,226.32,227.07,8124.71609
2020-07-16T04:00:00+00:00,227.08,227.95,216.55,221.29,33116.07785
2020-07-16T08:00:00+00:00,221.32,222.13,218.66,220.78,17623.1934
2020-07-16T12:00:00+00:00,220.79,223.02,220.76,222.78,10943.00153
2020-07-16T16:00:00+00:00,222.75,223.49,221.61,221.95,7505.05956
2020-07-16T20:00:00+00:00,222.0,224.92,221.24,224.21,9396.77177
2020-07-17T00:00:00+00:00,224.21,224.79,222.65,223.24,8606.33435
2020-07-17T04:00:00+00:00,223.22,223.99,221.88,223.29,10975.12484
2020-07-17T08:00:00+00:00,223.28,224.17,222.46,224.16,9728.56756
2020-07-17T12:00:00+00:00,224.16,225.6,223.19,223.69,11350.21979
2020-07-17T16:00:00+00:00,223.68,223.99,222.36,222.78,5673.0652
2020-07-17T20:00:00+00:00,222.79,223.76,222.01,222.6,9200.86029
2020-07-18T00:00:00+00:00,222.59,223.56,222.18,223.11,7181.36437
2020-07-18T04:00:00+00:00,223.1,223.77,222.59,223.16,4068.86923
2020-07-18T08:00:00+00:00,223.16,226.63,222.89,225.15,11259.73283
2020-07-18T12:00:00+00:00,225.16,226.1,224.81,225.29,5874.90646
2020-07-18T16:00:00+00:00,225.28,226.5,223.88,224.62,8082.1668
2020-07-18T20:00:00+00:00,224.61,225.4,224.21,224.33,4147.56323
2020-07-19T00:00:00+00:00,224.33,225.32,222.85,223.73,6343.15919
2020-07-19T04:00:00+00:00,223.69,224.19,222.28,223.81,5531.26563
2020-07-19T08:00:00+00:00,223.81,223.88,220.14,222.02,11450.00157
2020-07-19T12:00:00+00:00,221.96,222.86,221.43,222.13,5329.42575
2020-07-19T16:00:00+00:00,222.1,226.2,221.95,225.97,18315.8308
2020-07-19T20:00:00+00:00,225.96,228.85,225.17,227.73,13326.88644
2020-07-20T00:00:00+00:00,227.78,228.5,226.1,227.12,7363.54615
2020-07-20T04:00:00+00:00,227.1,227.23,225.81,226.09,4972.34495
2020-07-20T08:00:00+00:00,226.05,226.4,223.84,224.1,9703.62439
2020-07-20T12:00:00+00:00,224.09,225.42,223.72,225.24,9741.84202
2020-07-20T16:00:00+00:00,225.24,225.4,220.73,222.24,12626.62514
2020-07-20T20:00:00+00:00,222.24,223.23,221.87,222.76,6891.43108
2020-07-21T00:00:00+00:00,222.76,226.68,222.22,226.07,9289.7911
2020-07-21T04:00:00+00:00,226.06,230.0,225.21,229.02,23504.22911
2020-07-21T08:00:00+00:00,229.05,230.22,228.52,229.34,15414.44627
2020-07-21T12:00:00+00:00,229.35,232.5,229.34,229.99,19914.73872
2020-07-21T16:00:00+00:00,229.97,231.42,228.97,229.5,8225.10958
2020-07-21T20:00:00+00:00,229.48,230.35,228.48,230.34,8088.16685
2020-07-22T00:00:00+00:00,230.34,230.53,227.88,229.08,12523.93536
2020-07-22T04:00:00+00:00,229.06,229.36,227.66,227.88,8621.86447
2020-07-22T08:00:00+00:00,227.86,231.35,227.68,230.47,8700.49841
2020-07-22T12:00:00+00:00,230.47,233.8,229.35,232.6,21583.37952
2020-07-22T16:00:00+00:00,232.61,233.0,231.81,232.23,8689.67481
2020-07-22T20:00:00+00:00,232.24,239.93,231.64,239.8,34323.5631
2020-07-23T00:00:00+00:00,239.8,240.9,237.43,238.31,21773.4724
2020-07-23T04:00:00+00:00,238.31,238.71,236.84,237.57,11279.5594
2020-07-23T08:00:00+00:00,237.57,238.72,236.36,237.54,10562.17771
2020-07-23T12:00:00+00:00,237.54,239.3,234.43,237.88,22070.90561
2020-07-23T16:00:00+00:00,237.79,243.05,237.51,239.22,29998.25277
2020-07-23T20:00:00+00:00,239.21,239.29,237.32,238.39,7782.17885
2020-07-24T00:00:00+00:00,238.33,238.66,236.4,237.29,10829.48874
2020-07-24T04:00:00+00:00,237.28,237.55,232.49,233.98,21818.62977
2020-07-24T08:00:00+00:00,233.97,236.3,233.01,235.43,9290.40121
2020-07-24T12:00:00+00:00,235.44,236.7,232.5,236.29,14412.86616
2020-07-24T16:00:00+00:00,236.3,238.91,234.64,237.93,16676.24866
2020-07-24T20:00:00+00:00,237.93,238.97,234.54,235.03,11903.33029
2020-07-25T00:00:00+00:00,235.04,244.37,234.77,242.01,39605.89203
2020-07-25T04:00:00+00:00,242.03,243.0,240.76,241.23,16686.77058
2020-07-25T08:00:00+00:00,241.23,243.87,240.72,241.8,16270.09815
2020-07-25T12:00:00+00:00,241.76,243.41,239.27,242.25,23211.93259
2020-07-25T16:00:00+00:00,242.25,249.33,241.23,247.97,43595.76977
2020-07-25T20:00:00+00:00,247.94,253.58,247.81,251.22,30844.01109
2020-07-26T00:00:00+00:00,251.24,254.59,249.93,250.57,26719.20024
2020-07-26T04:00:00+00:00,250.62,253.0,248.69,252.52,18746.41586
2020-07-26T08:00:00+00:00,252.52,257.29,246.1,249.67,65365.05236
2020-07-26T12:00:00+00:00,249.68,249.78,244.12,248.24,24599.53091
2020-07-26T16:00:00+00:00,248.23,248.76,244.03,245.16,13577.85527
2020-07-26T20:00:00+00:00,245.11,249.11,244.64,247.45,7012.58614
2020-07-27T00:00:00+00:00,247.47,254.41,247.04,251.32,38559.47009
2020-07-27T04:00:00+00:00,251.3,253.98,248.91,250.48,27709.58236
2020-07-27T08:00:00+00:00,250.47,263.07,248.99,263.02,50219.9859
2020-07-27T12:00:00+00:00,263.07,264.19,250.79,254.28,48064.11106
2020-07-27T16:00:00+00:00,254.34,270.0,254.3,267.07,56065.49536
2020-07-27T20:00:00+00:00,267.07,275.28,263.75,268.62,54187.78582
2020-07-28T00:00:00+00:00,268.61,277.88,268.59,273.48,53631.80508
2020-07-28T04:00:00+00:00,273.48,275.52,269.7,270.36,30059.62565
2020-07-28T08:00:00+00:00,270.36,274.51,264.45,273.9,47037.54445
2020-07-28T12:00:00+00:00,273.9,295.62,271.62,294.31,89049.2989
2020-07-28T16:00:00+00:00,294.41,297.44,287.84,293.37,56320.46911
2020-07-28T20:00:00+00:00,293.36,296.5,286.31,288.94,31648.16867
2020-07-29T00:00:00+00:00,288.92,291.87,284.95,290.54,34742.62452
2020-07-29T04:00:00+00:00,290.64,293.2,286.84,291.03,31323.15492
2020-07-29T08:00:00+00:00,291.02,293.43,286.41,289.89,36299.50638
2020-07-29T12:00:00+00:00,289.9,292.95,285.8,289.35,33326.19
2020-07-29T16:00:00+00:00,289.34,292.39,286.57,292.26,25174.09918
2020-07-29T20:00:00+00:00,292.26,294.5,286.89,287.69,23543.60878
2020-07-30T00:00:00+00:00,287.69,287.69,281.41,282.47,33346.42681
2020-07-30T04:00:00+00:00,282.41,284.98,280.55,282.77,25841.06996
2020-07-30T08:00:00+00:00,282.75,286.32,282.28,282.78,20377.29497
2020-07-30T12:00:00+00:00,282.78,290.24,281.1,289.01,38392.57251
2020-07-30T16:00:00+00:00,289.02,292.38,287.43,292.29,30162.82165
2020-07-30T20:00:00+00:00,292.29,300.29,291.0,291.62,40319.10585
2020-07-31T00:00:00+00:00,291.62,293.29,287.01,287.21,23314.26437
2020-07-31T04:00:00+00:00,287.19,292.16,287.0,290.62,18665.93196
2020-07-31T08:00:00+00:00,290.64,296.33,289.55,295.01,21333.15256
2020-07-31T12:00:00+00:00,295.04,303.45,291.71,301.57,39593.63066
2020-07-31T16:00:00+00:00,301.6,306.56,298.0,300.4,40704.56205
2020-07-31T20:00:00+00:00,300.41,303.11,297.65,300.5,13755.98485
2020-08-01T00:00:00+00:00,300.48,309.99,298.0,308.09,36148.77729
2020-08-01T04:00:00+00:00,308.14,313.78,306.74,310.23,43443.20911
2020-08-01T08:00:00+00:00,310.21,312.94,306.19,309.2,27260.1925
2020-08-01T12:00:00+00:00,309.19,310.51,303.33,307.92,31113.98841
2020-08-01T16:00:00+00:00,307.91,319.26,307.21,316.37,56926.48591
2020-08-01T20:00:00+00:00,316.37,321.19,315.68,319.39,29962.23048
2020-08-02T00:00:00+00:00,319.38,337.71,316.1,336.5,58585.1153
2020-08-02T04:00:00+00:00,336.48,337.9,235.5,296.34,178743.33066
2020-08-02T08:00:00+00:00,296.25,296.75,275.0,281.4,79869.34706
2020-08-02T12:00:00+00:00,281.32,287.0,278.19,282.81,48500.45107
2020-08-02T16:00:00+00:00,282.81,292.8,282.64,287.71,43898.15751
2020-08-02T20:00:00+00:00,287.67,288.31,281.55,284.1,20795.92128
2020-08-03T00:00:00+00:00,284.1,291.31,278.99,288.28,34977.01555
2020-08-03T04:00:00+00:00,288.28,292.6,287.18,289.98,19225.23216
2020-08-03T08:00:00+00:00,289.94,292.63,285.89,292.42,29212.07247
2020-08-03T12:00:00+00:00,292.43,296.14,289.82,292.69,37561.11178
2020-08-03T16:00:00+00:00,292.66,304.69,292.66,300.76,51589.3505
2020-08-03T20:00:00+00:00,300.76,301.42,291.4,296.77,34483.39068
2020-08-04T00:00:00+00:00,296.79,303.14,294.0,296.54,34599.65731
2020-08-04T04:00:00+00:00,296.5,297.21,291.68,295.19,21462.56219
2020-08-04T08:00:00+00:00,295.2,296.53,281.88,286.24,36163.47893
2020-08-04T12:00:00+00:00,286.23,292.01,281.02,289.65,34750.40165
2020-08-04T16:00:00+00:00,289.65,290.57,284.15,286.85,17000.43333
2020-08-04T20:00:00+00:00,286.92,290.3,286.25,288.07,9949.57607
2020-08-05T00:00:00+00:00,288.07,291.37,284.0,289.96,26891.0235
2020-08-05T04:00:00+00:00,289.99,293.0,288.89,289.24,19204.10419
2020-08-05T08:00:00+00:00,289.22,296.22,289.11,295.22,27522.31705
2020-08-05T12:00:00+00:00,295.25,298.25,291.74,294.76,63695.98211
2020-08-05T16:00:00+00:00,294.81,296.85,293.26,294.08,16287.69922
2020-08-05T20:00:00+00:00,294.1,297.5,285.0,293.5,37942.06947
2020-08-06T00:00:00+00:00,293.56,294.69,287.75,290.04,36734.65292
2020-08-06T04:00:00+00:00,289.91,291.94,287.33,289.47,19265.52426
2020-08-06T08:00:00+00:00,289.54,292.35,289.0,290.26,16943.08132
2020-08-06T12:00:00+00:00,290.3,315.01,290.3,314.27,105053.87508
2020-08-06T16:00:00+00:00,314.29,318.74,309.72,318.08,45365.69966
2020-08-06T20:00:00+00:00,318.15,320.0,305.32,309.0,45772.463
2020-08-07T00:00:00+00:00,309.0,326.33,307.94,319.83,61110.28852
2020-08-07T04:00:00+00:00,319.85,322.82,316.96,320.48,32751.16756
2020-08-07T08:00:00+00:00,320.37,324.54,314.5,317.93,34387.59839
2020-08-07T12:00:00+00:00,317.98,322.89,310.0,314.62,57722.54716
2020-08-07T16:00:00+00:00,314.66,316.0,277.06,298.37,113502.94694
2020-08-07T20:00:00+00:00,298.37,306.42,296.6,302.2,23219.05738
2020-08-08T00:00:00+00:00,302.2,305.57,297.07,300.81,30106.87237
2020-08-08T04:00:00+00:00,300.71,302.98,300.0,300.92,17187.15911
2020-08-08T08:00:00+00:00,300.89,309.13,297.92,307.98,41339.22086
2020-08-08T12:00:00+00:00,308.0,309.58,304.24,306.5,21679.9808
2020-08-08T16:00:00+00:00,306.61,307.52,298.35,301.12,32477.35815
2020-08-08T20:00:00+00:00,301.12,305.34,299.48,305.33,17939.18576
2020-08-09T00:00:00+00:00,305.33,309.02,303.96,306.35,28170.56758
2020-08-09T04:00:00+00:00,306.34,307.36,304.24,305.91,12821.35352
2020-08-09T08:00:00+00:00,305.9,307.83,300.65,306.09,21240.37917
2020-08-09T12:00:00+00:00,306.07,306.16,291.51,296.25,44187.74123
2020-08-09T16:00:00+00:00,296.29,299.39,294.0,297.19,19265.6534
2020-08-09T20:00:00+00:00,297.16,300.0,296.77,299.94,15319.56046
2020-08-10T00:00:00+00:00,299.95,309.17,299.93,307.44,44304.01998
2020-08-10T04:00:00+00:00,307.42,308.81,303.9,305.0,26455.45433
2020-08-10T08:00:00+00:00,304.97,307.0,283.75,299.29,49960.4716
2020-08-10T12:00:00+00:00,299.27,304.99,298.11,304.62,35172.53506
2020-08-10T16:00:00+00:00,304.6,307.4,299.4,302.06,29400.32748
2020-08-10T20:00:00+00:00,302.14,302.94,298.13,302.4,13457.02507
2020-08-11T00:00:00+00:00,302.37,305.81,299.63,301.32,35789.28417
2020-08-11T04:00:00+00:00,301.33,302.01,294.73,296.92,26467.13242
2020-08-11T08:00:00+00:00,296.91,298.33,291.46,296.84,26311.36134
2020-08-11T12:00:00+00:00,296.84,296.84,280.2,283.31,53863.91835
2020-08-11T16:00:00+00:00,283.31,285.6,277.77,281.87,50353.01982
2020-08-11T20:00:00+00:00,281.81,283.5,269.59,281.83,39280.51026
2020-08-12T00:00:00+00:00,281.8,282.64,274.99,279.1,28689.93278
2020-08-12T04:00:00+00:00,279.1,285.33,270.48,284.2,45214.37753
2020-08-12T08:00:00+00:00,284.2,289.32,282.24,286.39,30664.57955
2020-08-12T12:00:00+00:00,286.43,290.2,285.21,287.3,24809.38998
2020-08-12T16:00:00+00:00,287.33,288.53,280.39,282.25,22195.03032
2020-08-12T20:00:00+00:00,282.19,285.83,281.66,284.67,11944.23786
2020-08-13T00:00:00+00:00,284.71,288.54,283.52,285.92,21045.01945
2020-08-13T04:00:00+00:00,285.84,287.01,279.16,280.42,21034.38899
2020-08-13T08:00:00+00:00,280.42,286.63,274.27,283.65,40506.04572
2020-08-13T12:00:00+00:00,283.66,284.93,276.67,281.34,23159.98737
2020-08-13T16:00:00+00:00,281.27,283.41,277.66,281.24,17520.62155
2020-08-13T20:00:00+00:00,281.21,297.12,280.46,295.75,52975.87017
2020-08-14T00:00:00+00:00,295.78,297.97,289.19,292.04,35176.61763
2020-08-14T04:00:00+00:00,292.12,293.85,288.43,291.9,21290.68322
2020-08-14T08:00:00+00:00,291.94,294.6,290.2,294.51,20100.42975
2020-08-14T12:00:00+00:00,294.47,295.23,287.02,293.54,26470.37605
2020-08-14T16:00:00+00:00,293.53,297.8,290.84,295.5,47574.96036
2020-08-14T20:00:00+00:00,295.48,296.68,291.72,293.38,19317.68834
2020-08-15T00:00:00+00:00,293.3,303.0,293.22,298.35,43136.14079
2020-08-15T04:00:00+00:00,298.4,299.09,291.9,295.03,24093.11822
2020-08-15T08:00:00+00:00,295.02,297.55,290.5,295.73,27426.72258
2020-08-15T12:00:00+00:00,295.79,306.42,292.46,304.68,48391.75142
2020-08-15T16:00:00+00:00,304.75,308.62,302.56,305.0,38264.40094
2020-08-15T20:00:00+00:00,304.92,306.98,300.0,302.17,29871.61051
2020-08-16T00:00:00+00:00,302.25,313.92,297.81,307.61,50109.23607
2020-08-16T04:00:00+00:00,307.59,310.68,305.67,306.57,24163.88341
2020-08-16T08:00:00+00:00,306.56,309.61,300.59,300.69,46447.47799
2020-08-16T12:00:00+00:00,300.76,307.5,293.74,305.22,44853.67246
2020-08-16T16:00:00+00:00,305.21,307.14,300.07,301.54,25628.42744
2020-08-16T20:00:00+00:00,301.45,309.0,299.95,308.23,25492.87585
2020-08-17T00:00:00+00:00,308.32,308.98,301.01,305.99,29112.82032
2020-08-17T04:00:00+00:00,305.93,307.0,302.75,304.49,21192.62727
2020-08-17T08:00:00+00:00,304.5,318.05,304.24,314.89,73847.12868
2020-08-17T12:00:00+00:00,314.81,320.5,305.0,319.95,75306.39868
2020-08-17T16:00:00+00:00,319.95,324.9,317.65,321.84,41462.96484
2020-08-17T20:00:00+00:00,321.84,325.0,315.15,318.09,30111.95181
2020-08-18T00:00:00+00:00,318.02,324.44,315.7,321.11,34271.99532
2020-08-18T04:00:00+00:00,321.11,321.82,314.66,317.44,30654.44498
2020-08-18T08:00:00+00:00,317.45,321.12,311.0,311.01,31359.90005
2020-08-18T12:00:00+00:00,311.23,314.45,300.5,304.38,76314.29792
2020-08-18T16:00:00+00:00,304.41,308.71,301.88,306.92,26271.98985
2020-08-18T20:00:00+00:00,306.91,309.72,302.41,303.14,15543.74997
2020-08-19T00:00:00+00:00,303.15,309.16,296.05,297.7,39178.22492
2020-08-19T04:00:00+00:00,297.73,299.24,290.44,299.06,40254.231
2020-08-19T08:00:00+00:00,299.16,300.29,294.0,296.94,19485.66156
2020-08-19T12:00:00+00:00,296.9,298.75,290.0,292.3,25851.418
2020-08-19T16:00:00+00:00,292.36,294.19,284.23,284.73,40893.79422
2020-08-19T20:00:00+00:00,284.81,292.99,280.8,292.73,20246.99236
2020-08-20T00:00:00+00:00,292.74,296.32,289.01,290.14,22807.83985
2020-08-20T04:00:00+00:00,290.21,293.92,288.63,290.41,15657.76564
2020-08-20T08:00:00+00:00,290.37,294.9,289.74,293.13,17158.39145
2020-08-20T12:00:00+00:00,293.21,295.45,291.06,294.35,19291.75111
2020-08-20T16:00:00+00:00,294.4,295.08,291.3,292.71,17402.27821
2020-08-20T20:00:00+00:00,292.84,295.26,291.38,294.69,11002.72123
2020-08-21T00:00:00+00:00,294.69,303.0,289.47,301.52,37022.94598
2020-08-21T04:00:00+00:00,301.52,303.24,297.17,298.05,32924.34821
2020-08-21T08:00:00+00:00,298.05,305.6,291.17,293.16,37215.02952
2020-08-21T12:00:00+00:00,293.17,294.58,288.36,291.72,21247.34425
2020-08-21T16:00:00+00:00,291.71,293.16,284.0,288.04,32828.87945
2020-08-21T20:00:00+00:00,288.13,290.59,281.28,283.02,13383.32923
2020-08-22T00:00:00+00:00,282.99,284.05,275.9,283.66,31441.55412
2020-08-22T04:00:00+00:00,283.52,285.59,279.7,285.14,15491.11204
2020-08-22T08:00:00+00:00,285.13,286.61,281.5,282.4,14848.72527
2020-08-22T12:00:00+00:00,282.5,286.23,282.5,284.32,12086.95211
2020-08-22T16:00:00+00:00,284.31,285.04,282.41,283.16,9529.82655
2020-08-22T20:00:00+00:00,283.21,287.74,281.87,286.44,13611.43434
2020-08-23T00:00:00+00:00,286.44,288.2,282.03,282.97,14395.79168
2020-08-23T04:00:00+00:00,282.9,284.08,280.27,283.38,10975.98198
2020-08-23T08:00:00+00:00,283.36,283.96,278.62,279.28,11754.41082
2020-08-23T12:00:00+00:00,279.32,285.28,279.22,285.21,13542.24441
2020-08-23T16:00:00+00:00,285.22,286.66,282.5,286.25,10213.96541
2020-08-23T20:00:00+00:00,286.37,287.0,283.39,284.67,8694.30278
2020-08-24T00:00:00+00:00,284.73,291.32,281.97,289.96,20066.49726
2020-08-24T04:00:00+00:00,289.97,291.78,287.32,290.59,18287.46654
2020-08-24T08:00:00+00:00,290.59,292.88,289.64,291.08,16513.694
2020-08-24T12:00:00+00:00,291.1,291.99,287.0,288.91,13826.55835
2020-08-24T16:00:00+00:00,288.9,295.1,287.88,289.61,18989.31986
2020-08-24T20:00:00+00:00,289.73,292.91,288.7,290.63,7511.19112
2020-08-25T00:00:00+00:00,290.63,291.62,284.77,286.53,13824.84268
2020-08-25T04:00:00+00:00,286.49,287.72,282.77,284.77,12731.83476
2020-08-25T08:00:00+00:00,284.79,288.84,283.0,286.06,17118.58312
2020-08-25T12:00:00+00:00,286.06,286.49,272.78,278.73,43376.04646
2020-08-25T16:00:00+00:00,278.76,279.76,268.21,274.08,46335.1065
2020-08-25T20:00:00+00:00,274.15,277.22,271.59,275.52,12714.20205
2020-08-26T00:00:00+00:00,275.52,277.61,273.56,275.25,15497.72259
2020-08-26T04:00:00+00:00,275.35,276.17,271.5,273.5,14641.28792
2020-08-26T08:00:00+00:00,273.66,277.07,272.1,274.64,16653.67681
2020-08-26T12:00:00+00:00,274.64,278.08,271.0,277.76,30922.87844
2020-08-26T16:00:00+00:00,277.76,279.0,275.25,276.04,15823.45833
2020-08-26T20:00:00+00:00,276.03,277.32,273.96,274.81,7570.13427
2020-08-27T00:00:00+00:00,274.83,276.91,272.84,273.76,15398.65744
2020-08-27T04:00:00+00:00,273.76,275.39,271.68,274.53,14387.48405
2020-08-27T08:00:00+00:00,274.5,275.32,271.85,272.1,16019.73892
2020-08-27T12:00:00+00:00,272.1,277.16,265.25,267.65,67554.31205
2020-08-27T16:00:00+00:00,267.6,268.98,258.12,262.32,41762.27903
2020-08-27T20:00:00+00:00,262.36,265.23,261.3,264.71,10747.25134
2020-08-28T00:00:00+00:00,264.79,266.72,261.07,266.15,17964.2171
2020-08-28T04:00:00+00:00,266.16,269.15,264.92,266.83,18668.28319
2020-08-28T08:00:00+00:00,266.81,269.57,265.77,269.54,17243.55333
2020-08-28T12:00:00+00:00,269.63,271.82,266.79,271.36,24641.69169
2020-08-28T16:00:00+00:00,271.3,271.93,267.6,268.86,16348.47533
2020-08-28T20:00:00+00:00,268.82,269.06,265.45,268.66,7573.82225
2020-08-29T00:00:00+00:00,268.59,271.21,265.67,267.89,17423.24628
2020-08-29T04:00:00+00:00,267.9,272.65,267.66,271.26,12996.0989
2020-08-29T08:00:00+00:00,271.24,271.77,267.04,268.0,12499.85048
2020-08-29T12:00:00+00:00,267.99,270.63,266.68,270.04,10921.71799
2020-08-29T16:00:00+00:00,270.02,271.5,268.56,270.03,15748.57794
2020-08-29T20:00:00+00:00,270.04,271.36,267.65,268.04,8602.84466
2020-08-30T00:00:00+00:00,268.02,272.93,267.64,271.8,14971.33134
2020-08-30T04:00:00+00:00,271.81,272.27,269.96,270.8,12852.48614
2020-08-30T08:00:00+00:00,270.8,271.73,269.07,270.39,8594.20696
2020-08-30T12:00:00+00:00,270.38,277.72,270.0,276.0,25380.31216
2020-08-30T16:00:00+00:00,275.9,278.39,274.44,276.81,12576.94656
2020-08-30T20:00:00+00:00,276.83,279.58,273.59,279.39,11711.25695
2020-08-31T00:00:00+00:00,279.33,280.97,277.55,278.82,15408.49382
2020-08-31T04:00:00+00:00,278.82,279.48,273.72,274.64,13567.92506
2020-08-31T08:00:00+00:00,274.67,277.62,272.77,276.55,13846.20808
2020-08-31T12:00:00+00:00,276.58,281.45,275.01,277.49,26649.79213
2020-08-31T16:00:00+00:00,277.48,278.55,275.58,276.97,13708.87627
2020-08-31T20:00:00+00:00,276.86,276.92,272.82,273.5,11907.6894
2020-09-01T00:00:00+00:00,273.48,274.15,268.46,272.8,24639.41543
2020-09-01T04:00:00+00:00,272.81,283.83,272.18,282.3,51678.61441
2020-09-01T08:00:00+00:00,282.36,282.79,277.12,278.45,33490.98053
2020-09-01T12:00:00+00:00,278.47,284.93,276.51,284.64,45087.81395
2020-09-01T16:00:00+00:00,284.65,286.5,282.39,283.53,29701.9484
2020-09-01T20:00:00+00:00,283.52,298.05,283.21,292.07,47989.15085
2020-09-02T00:00:00+00:00,292.06,295.17,286.47,288.21,36346.73342
2020-09-02T04:00:00+00:00,288.15,291.8,282.15,282.95,37600.68503
2020-09-02T08:00:00+00:00,282.95,286.8,244.0,265.86,118690.2488
2020-09-02T12:00:00+00:00,265.87,266.12,257.68,261.7,62704.10488
2020-09-02T16:00:00+00:00,261.7,263.64,257.07,262.69,27327.65832
2020-09-02T20:00:00+00:00,262.67,265.51,260.8,263.83,11645.26483
2020-09-03T00:00:00+00:00,263.94,266.36,260.84,261.91,21719.58689
2020-09-03T04:00:00+00:00,261.9,264.16,255.07,262.87,37058.94931
2020-09-03T08:00:00+00:00,262.87,264.82,251.84,254.34,38035.13856
2020-09-03T12:00:00+00:00,254.32,254.62,236.24,241.22,106175.68409
2020-09-03T16:00:00+00:00,241.28,244.33,236.71,243.45,46402.64279
2020-09-03T20:00:00+00:00,243.51,245.84,200.73,213.69,91675.39725
2020-09-04T00:00:00+00:00,213.64,224.99,211.22,222.15,79802.93567
2020-09-04T04:00:00+00:00,222.14,225.59,219.2,224.33,34685.66183
2020-09-04T08:00:00+00:00,224.36,239.91,223.82,234.17,64719.58232
2020-09-04T12:00:00+00:00,234.18,236.72,213.04,227.66,73696.1554
2020-09-04T16:00:00+00:00,227.6,234.75,223.56,233.97,36425.21983
2020-09-04T20:00:00+00:00,233.83,236.28,229.11,229.98,15789.66373
2020-09-05T00:00:00+00:00,229.98,234.91,229.3,231.06,32282.81843
2020-09-05T04:00:00+00:00,231.01,234.48,228.66,232.69,26665.64885
2020-09-05T08:00:00+00:00,232.64,232.64,218.43,223.27,43591.87397
2020-09-05T12:00:00+00:00,223.2,233.79,214.5,230.61,74563.59307
2020-09-05T16:00:00+00:00,230.59,231.86,214.0,219.74,87542.20768
2020-09-05T20:00:00+00:00,219.79,226.21,217.97,225.71,26992.86215
2020-09-06T00:00:00+00:00,225.74,229.93,222.14,225.79,25308.14891
2020-09-06T04:00:00+00:00,225.77,230.41,219.04,229.0,28533.54577
2020-09-06T08:00:00+00:00,229.03,233.45,227.4,231.7,33568.66254
2020-09-06T12:00:00+00:00,231.7,232.59,224.05,225.81,29396.38508
2020-09-06T16:00:00+00:00,225.84,229.54,224.16,228.77,16698.86087
2020-09-06T20:00:00+00:00,228.77,230.69,225.0,227.67,20967.00232
2020-09-07T00:00:00+00:00,227.76,229.99,224.16,228.53,21063.34431
2020-09-07T04:00:00+00:00,228.51,228.55,222.25,224.14,22487.10906
2020-09-07T08:00:00+00:00,224.14,226.42,219.64,221.52,33552.09399
2020-09-07T12:00:00+00:00,221.58,226.84,215.44,225.41,60350.5575
2020-09-07T16:00:00+00:00,225.41,228.26,221.11,222.71,24414.30132
2020-09-07T20:00:00+00:00,222.71,229.0,221.15,228.74,19539.26063
2020-09-08T00:00:00+00:00,228.77,229.7,226.32,226.66,15534.0564
2020-09-08T04:00:00+00:00,226.69,230.5,225.44,228.58,17919.1687
2020-09-08T08:00:00+00:00,228.57,230.26,218.58,220.51,35804.4759
2020-09-08T12:00:00+00:00,220.59,225.95,219.17,224.3,27078.15395
2020-09-08T16:00:00+00:00,224.32,225.58,217.93,219.98,19739.63949
2020-09-08T20:00:00+00:00,220.07,224.8,215.66,222.39,29071.47092
2020-09-09T00:00:00+00:00,222.47,223.48,218.48,220.48,12609.85821
2020-09-09T04:00:00+00:00,220.58,225.66,220.03,225.43,15415.93403
2020-09-09T08:00:00+00:00,225.41,226.86,223.59,224.73,20671.57212
2020-09-09T12:00:00+00:00,224.82,227.0,223.21,226.39,11540.70129
2020-09-09T16:00:00+00:00,226.42,228.39,224.79,226.5,12361.8435
2020-09-09T20:00:00+00:00,226.58,226.8,222.58,224.09,10082.00606
2020-09-10T00:00:00+00:00,224.05,230.72,223.74,227.99,24226.24053
2020-09-10T04:00:00+00:00,227.99,229.52,223.93,225.16,16680.40035
2020-09-10T08:00:00+00:00,225.16,226.67,224.09,226.11,9521.96507
2020-09-10T12:00:00+00:00,226.12,228.97,224.36,226.48,27778.62123
2020-09-10T16:00:00+00:00,226.42,229.95,224.28,225.59,19038.44651
2020-09-10T20:00:00+00:00,225.43,227.95,225.36,227.38,6025.94993
2020-09-11T00:00:00+00:00,227.36,228.47,220.39,221.87,16250.8187
2020-09-11T04:00:00+00:00,221.82,224.3,221.21,223.86,9272.06457
2020-09-11T08:00:00+00:00,223.85,227.12,222.22,222.72,22814.04072
2020-09-11T12:00:00+00:00,222.89,225.3,222.52,224.18,10204.70762
2020-09-11T16:00:00+00:00,224.19,225.0,222.68,224.68,8969.95442
2020-09-11T20:00:00+00:00,224.68,226.0,223.3,225.2,9622.35688
2020-09-12T00:00:00+00:00,225.19,225.57,222.77,224.65,11990.71079
2020-09-12T04:00:00+00:00,224.72,225.2,223.26,224.73,9387.28731
2020-09-12T08:00:00+00:00,224.76,224.91,223.2,224.5,9699.41967
2020-09-12T12:00:00+00:00,224.48,224.88,222.41,224.51,12815.471
2020-09-12T16:00:00+00:00,224.55,229.64,224.06,229.02,28687.4783
2020-09-12T20:00:00+00:00,229.08,230.33,227.9,230.23,11698.61134
2020-09-13T00:00:00+00:00,230.18,234.32,227.17,233.75,28415.88932
2020-09-13T04:00:00+00:00,233.76,234.8,231.22,232.56,10841.51732
2020-09-13T08:00:00+00:00,232.58,233.09,224.79,225.17,23016.20134
2020-09-13T12:00:00+00:00,225.19,225.87,220.06,220.67,26529.34361
2020-09-13T16:00:00+00:00,220.66,222.64,219.15,220.96,19718.21985
2020-09-13T20:00:00+00:00,220.98,222.39,219.59,222.1,12279.73083
2020-09-14T00:00:00+00:00,222.1,223.71,218.88,222.61,15048.31275
2020-09-14T04:00:00+00:00,222.59,225.48,221.91,224.97,14841.64655
2020-09-14T08:00:00+00:00,225.03,225.67,222.18,224.09,18131.73761
2020-09-14T12:00:00+00:00,224.13,228.85,223.86,227.73,35393.39187
2020-09-14T16:00:00+00:00,227.8,228.18,225.11,225.73,15907.831
2020-09-14T20:00:00+00:00,225.72,228.03,223.0,225.83,14150.99607
2020-09-15T00:00:00+00:00,225.73,241.91,224.76,238.12,78788.29907
2020-09-15T04:00:00+00:00,238.13,240.19,236.58,238.38,28357.89771
2020-09-15T08:00:00+00:00,238.38,240.49,232.26,237.63,42269.57881
2020-09-15T12:00:00+00:00,237.66,239.28,231.28,234.05,36724.58883
2020-09-15T16:00:00+00:00,234.0,239.6,232.52,235.0,29588.00914
2020-09-15T20:00:00+00:00,235.0,237.05,233.48,235.19,15376.14376
2020-09-16T00:00:00+00:00,235.17,235.38,226.21,230.69,45801.45003
2020-09-16T04:00:00+00:00,230.66,234.13,229.22,233.79,19700.1448
2020-09-16T08:00:00+00:00,233.81,234.13,228.73,231.35,18830.97347
2020-09-16T12:00:00+00:00,231.34,235.39,230.45,234.46,27070.16032
2020-09-16T16:00:00+00:00,234.49,235.47,230.43,230.71,24502.10524
2020-09-16T20:00:00+00:00,230.72,233.24,229.6,230.85,9674.20503
2020-09-17T00:00:00+00:00,230.83,239.39,229.6,233.9,45797.79173
2020-09-17T04:00:00+00:00,233.9,235.5,232.84,233.47,19086.99935
2020-09-17T08:00:00+00:00,233.46,234.71,230.51,234.54,14898.45169
2020-09-17T12:00:00+00:00,234.54,234.93,230.05,232.4,17538.64766
2020-09-17T16:00:00+00:00,232.4,233.86,231.11,233.29,11931.07072
2020-09-17T20:00:00+00:00,233.3,235.05,232.61,232.91,10269.89591
2020-09-18T00:00:00+00:00,232.9,234.49,231.94,233.64,11600.74918
2020-09-18T04:00:00+00:00,233.71,234.66,231.93,234.08,14580.98588
2020-09-18T08:00:00+00:00,234.11,238.9,233.0,235.72,30250.96733
2020-09-18T12:00:00+00:00,235.7,236.53,232.91,234.35,17824.01109
2020-09-18T16:00:00+00:00,234.28,234.71,230.0,233.25,20084.41889
2020-09-18T20:00:00+00:00,233.28,234.34,231.21,234.0,5863.75912
2020-09-19T00:00:00+00:00,234.0,237.8,231.5,235.57,29194.09528
2020-09-19T04:00:00+00:00,235.58,237.59,232.18,232.2,15826.59704
2020-09-19T08:00:00+00:00,232.19,237.13,231.97,236.13,13014.047
2020-09-19T12:00:00+00:00,236.1,237.66,234.26,234.71,15310.30052
2020-09-19T16:00:00+00:00,234.68,235.2,231.9,232.75,11622.1122
2020-09-19T20:00:00+00:00,232.83,233.72,232.41,233.16,5715.93117
2020-09-20T00:00:00+00:00,233.16,233.39,228.79,230.4,14212.25755
2020-09-20T04:00:00+00:00,230.38,231.07,229.45,230.29,6108.98978
2020-09-20T08:00:00+00:00,230.27,230.9,229.21,229.8,6439.86657
2020-09-20T12:00:00+00:00,229.86,230.12,222.66,223.93,30016.16858
2020-09-20T16:00:00+00:00,223.95,226.0,222.02,224.99,17341.97263
2020-09-20T20:00:00+00:00,224.95,226.45,223.3,226.24,9781.14841
2020-09-21T00:00:00+00:00,226.25,229.0,225.04,227.21,21046.03332
2020-09-21T04:00:00+00:00,227.21,228.13,224.68,224.95,10415.57738
2020-09-21T08:00:00+00:00,224.93,225.4,214.88,217.02,46281.90795
2020-09-21T12:00:00+00:00,216.94,216.94,207.46,211.56,54957.77541
2020-09-21T16:00:00+00:00,211.56,215.54,210.66,214.92,18432.02194
2020-09-21T20:00:00+00:00,214.93,215.54,212.33,212.48,11114.1623
2020-09-22T00:00:00+00:00,212.52,214.07,210.48,212.84,10413.35164
2020-09-22T04:00:00+00:00,212.85,215.99,211.44,211.71,14984.73838
2020-09-22T08:00:00+00:00,211.81,215.31,211.81,213.76,13884.63576
2020-09-22T12:00:00+00:00,213.67,215.4,212.48,214.62,12578.82667
2020-09-22T16:00:00+00:00,214.63,215.73,214.1,214.69,7474.61637
2020-09-22T20:00:00+00:00,214.63,220.3,214.63,220.08,15900.26886
2020-09-23T00:00:00+00:00,220.08,220.09,216.54,216.7,9929.18789
2020-09-23T04:00:00+00:00,216.69,217.49,213.12,215.0,9110.98401
2020-09-23T08:00:00+00:00,214.97,217.49,213.58,214.89,15720.1848
2020-09-23T12:00:00+00:00,214.81,216.89,214.24,214.56,9735.48769
2020-09-23T16:00:00+00:00,214.38,215.79,205.97,208.54,17027.34572
2020-09-23T20:00:00+00:00,208.47,209.45,203.07,207.97,20876.9927
2020-09-24T00:00:00+00:00,207.99,210.19,206.27,209.4,10666.53957
2020-09-24T04:00:00+00:00,209.43,211.91,208.28,211.82,8438.57085
2020-09-24T08:00:00+00:00,211.85,215.5,209.88,214.26,11184.22477
2020-09-24T12:00:00+00:00,214.27,216.32,211.2,215.7,18704.0179
2020-09-24T16:00:00+00:00,215.62,218.9,214.76,216.15,20176.86857
2020-09-24T20:00:00+00:00,216.08,217.97,215.57,216.22,10958.63925
2020-09-25T00:00:00+00:00,216.22,217.0,212.97,213.12,10907.33241
2020-09-25T04:00:00+00:00,213.12,214.92,212.31,212.74,11784.44373
2020-09-25T08:00:00+00:00,212.76,214.44,210.81,214.32,16562.25757
2020-09-25T12:00:00+00:00,214.34,216.59,213.0,215.83,18789.13805
2020-09-25T16:00:00+00:00,215.89,217.27,214.12,216.99,13719.69572
2020-09-25T20:00:00+00:00,217.0,218.0,215.34,216.52,10988.99585
2020-09-26T00:00:00+00:00,216.54,218.53,214.19,216.01,8834.78139
2020-09-26T04:00:00+00:00,216.05,218.44,215.16,215.69,12114.84257
2020-09-26T08:00:00+00:00,215.64,216.01,213.88,215.37,9347.4255
2020-09-26T12:00:00+00:00,215.39,215.84,212.44,215.62,9222.33215
2020-09-26T16:00:00+00:00,215.64,224.39,214.71,221.84,28781.78279
2020-09-26T20:00:00+00:00,221.81,223.0,220.68,221.32,6349.99197
2020-09-27T00:00:00+00:00,221.31,224.54,220.6,223.13,14320.29522
2020-09-27T04:00:00+00:00,223.14,224.48,218.3,219.51,16477.58625
2020-09-27T08:00:00+00:00,219.51,219.53,216.28,217.53,12554.52596
2020-09-27T12:00:00+00:00,217.48,227.24,216.23,226.52,24523.6776
2020-09-27T16:00:00+00:00,226.44,231.97,225.55,226.19,31414.50977
2020-09-27T20:00:00+00:00,226.16,229.66,225.17,229.33,8467.69342
2020-09-28T00:00:00+00:00,229.37,231.5,227.69,228.67,26213.71283
2020-09-28T04:00:00+00:00,228.65,232.72,226.98,230.41,23910.72959
2020-09-28T08:00:00+00:00,230.42,232.59,228.34,230.53,24828.91325
2020-09-28T12:00:00+00:00,230.62,234.25,229.71,231.01,26279.28566
2020-09-28T16:00:00+00:00,231.07,234.86,229.0,230.43,25261.60786
2020-09-28T20:00:00+00:00,230.51,230.57,223.71,225.75,16256.40337
2020-09-29T00:00:00+00:00,225.76,229.94,224.36,226.79,26775.6376
2020-09-29T04:00:00+00:00,226.76,227.87,224.43,226.54,14010.33716
2020-09-29T08:00:00+00:00,226.58,230.0,225.93,228.16,11980.16042
2020-09-29T12:00:00+00:00,228.18,229.4,225.92,226.22,14724.35396
2020-09-29T16:00:00+00:00,226.22,227.61,225.0,226.75,13565.2999
2020-09-29T20:00:00+00:00,226.72,230.5,226.71,229.06,10537.79764
2020-09-30T00:00:00+00:00,229.04,231.47,227.24,228.47,32778.93571
2020-09-30T04:00:00+00:00,228.37,229.37,227.21,228.09,12046.59208
2020-09-30T08:00:00+00:00,228.08,228.82,225.23,225.39,15361.66665
2020-09-30T12:00:00+00:00,225.43,228.41,225.1,228.28,12386.81751
2020-09-30T16:00:00+00:00,228.26,229.81,225.32,225.67,16551.47307
2020-09-30T20:00:00+00:00,225.64,228.27,225.0,227.96,10920.5873
2020-10-01T00:00:00+00:00,227.97,230.0,227.6,228.29,14038.91169
2020-10-01T04:00:00+00:00,228.31,230.9,227.81,230.52,16480.3366
2020-10-01T08:00:00+00:00,230.56,234.35,229.99,232.95,25468.96324
2020-10-01T12:00:00+00:00,232.95,232.96,226.72,226.98,22753.78775
2020-10-01T16:00:00+00:00,227.0,227.33,221.7,225.39,54184.66082
2020-10-01T20:00:00+00:00,225.36,228.49,223.81,228.12,12207.58909
2020-10-02T00:00:00+00:00,228.07,228.19,225.43,227.25,12005.92811
2020-10-02T04:00:00+00:00,227.28,228.44,217.89,220.14,33888.40553
2020-10-02T08:00:00+00:00,220.11,220.85,212.14,215.05,36521.90166
2020-10-02T12:00:00+00:00,215.12,220.1,214.6,217.49,23645.08052
2020-10-02T16:00:00+00:00,217.49,219.5,216.22,217.46,13242.71295
2020-10-02T20:00:00+00:00,217.46,220.06,216.73,219.66,8673.85874
2020-10-03T00:00:00+00:00,219.67,221.33,218.54,221.14,10461.76194
2020-10-03T04:00:00+00:00,221.09,221.49,218.36,219.7,7917.79983
2020-10-03T08:00:00+00:00,219.7,220.77,218.8,219.93,5531.0337
2020-10-03T12:00:00+00:00,219.93,220.22,219.1,219.78,4424.77222
2020-10-03T16:00:00+00:00,219.79,221.1,219.22,219.97,6649.21194
2020-10-03T20:00:00+00:00,219.99,220.04,217.61,218.53,6331.1904
2020-10-04T00:00:00+00:00,218.5,219.3,216.37,217.84,7050.68685
2020-10-04T04:00:00+00:00,217.81,221.76,217.81,220.65,8726.18811
2020-10-04T08:00:00+00:00,220.64,220.72,218.1,219.54,5098.45359
2020-10-04T12:00:00+00:00,219.54,220.95,218.17,218.67,6281.03475
2020-10-04T16:00:00+00:00,218.67,222.93,218.59,221.44,12416.61182
2020-10-04T20:00:00+00:00,221.45,222.14,219.86,220.89,8039.635
2020-10-05T00:00:00+00:00,220.88,222.8,220.1,220.49,14523.02293
2020-10-05T04:00:00+00:00,220.45,220.76,218.06,219.93,12752.33665
2020-10-05T08:00:00+00:00,219.95,220.26,218.66,218.97,8137.75247
2020-10-05T12:00:00+00:00,218.97,221.73,218.86,220.64,13877.76557
2020-10-05T16:00:00+00:00,220.71,221.91,219.37,220.03,10214.72229
2020-10-05T20:00:00+00:00,220.08,222.09,219.82,221.75,7771.68736
2020-10-06T00:00:00+00:00,221.79,222.63,220.55,221.93,11826.67495
2020-10-06T04:00:00+00:00,221.92,222.52,219.58,219.83,8821.03968
2020-10-06T08:00:00+00:00,219.79,221.0,217.59,218.89,15265.11401
2020-10-06T12:00:00+00:00,218.88,229.5,216.47,228.77,46474.81062
2020-10-06T16:00:00+00:00,228.78,230.41,220.54,221.4,46523.42547
2020-10-06T20:00:00+00:00,221.27,221.76,215.5,219.63,29836.45024
2020-10-07T00:00:00+00:00,219.59,219.67,216.18,218.33,17044.40301
2020-10-07T04:00:00+00:00,218.21,219.88,217.91,219.09,15867.52754
2020-10-07T08:00:00+00:00,219.09,219.37,217.45,218.08,11482.15968
2020-10-07T12:00:00+00:00,218.08,224.63,218.03,222.12,25041.23306
2020-10-07T16:00:00+00:00,222.13,222.61,219.39,221.78,15974.95967
2020-10-07T20:00:00+00:00,221.72,223.57,221.64,222.98,8421.02515
2020-10-08T00:00:00+00:00,222.98,227.49,221.23,225.26,21767.96442
2020-10-08T04:00:00+00:00,225.28,226.73,222.23,223.89,29969.8467
2020-10-08T08:00:00+00:00,223.85,226.23,222.39,224.92,23752.5832
2020-10-08T12:00:00+00:00,224.92,236.0,224.15,235.42,81802.69898
2020-10-08T16:00:00+00:00,235.48,236.44,232.94,234.54,25896.65343
2020-10-08T20:00:00+00:00,234.5,235.26,231.54,233.95,14245.41851
2020-10-09T00:00:00+00:00,233.92,238.85,231.87,236.22,35832.33575
2020-10-09T04:00:00+00:00,236.2,236.22,233.21,235.01,17757.40921
2020-10-09T08:00:00+00:00,235.06,240.16,233.56,238.86,41119.83516
2020-10-09T12:00:00+00:00,238.89,240.18,235.11,238.92,31130.17295
2020-10-09T16:00:00+00:00,238.94,239.25,235.34,236.13,20285.76793
2020-10-09T20:00:00+00:00,236.13,238.29,235.78,237.13,11429.44863
2020-10-10T00:00:00+00:00,237.14,246.45,236.94,243.8,54587.93847
2020-10-10T04:00:00+00:00,243.77,244.99,241.12,244.32,18712.54926
2020-10-10T08:00:00+00:00,244.4,245.56,237.89,240.89,33912.91833
2020-10-10T12:00:00+00:00,240.9,242.75,239.47,240.12,12350.18294
2020-10-10T16:00:00+00:00,240.12,240.64,238.47,239.78,8714.78544
2020-10-10T20:00:00+00:00,239.74,240.07,235.73,237.26,13818.35327
2020-10-11T00:00:00+00:00,237.27,240.07,236.13,238.49,16209.34068
2020-10-11T04:00:00+00:00,238.5,240.0,237.05,239.22,9275.85826
2020-10-11T08:00:00+00:00,239.22,243.77,236.1,241.7,36970.6884
2020-10-11T12:00:00+00:00,241.69,242.05,238.0,240.11,20419.32889
2020-10-11T16:00:00+00:00,240.13,242.58,238.47,238.68,11325.0082
2020-10-11T20:00:00+00:00,238.65,242.17,237.59,238.97,27948.49688
2020-10-12T00:00:00+00:00,238.97,240.25,238.33,239.52,15600.87325
2020-10-12T04:00:00+00:00,239.51,240.83,237.86,239.83,18329.27529
2020-10-12T08:00:00+00:00,239.79,239.99,232.7,234.39,30573.53382
2020-10-12T12:00:00+00:00,234.41,242.16,234.05,240.91,38488.72551
2020-10-12T16:00:00+00:00,240.97,243.26,240.16,241.53,22641.52556
2020-10-12T20:00:00+00:00,241.63,243.99,238.05,239.66,20754.01466
2020-10-13T00:00:00+00:00,239.63,240.12,237.42,238.74,19264.44465
2020-10-13T04:00:00+00:00,238.76,244.15,238.63,241.23,36499.16814
2020-10-13T08:00:00+00:00,241.21,247.7,239.33,245.01,36565.05632
2020-10-13T12:00:00+00:00,245.03,255.31,241.6,254.03,85988.58099
2020-10-13T16:00:00+00:00,254.03,255.43,249.51,251.16,29218.63428
2020-10-13T20:00:00+00:00,251.2,254.61,250.48,253.46,12979.35672
2020-10-14T00:00:00+00:00,253.37,258.48,252.71,254.62,37519.53462
2020-10-14T04:00:00+00:00,254.62,255.2,252.09,253.91,27083.7734
2020-10-14T08:00:00+00:00,253.92,254.71,249.75,251.04,27071.98971
2020-10-14T12:00:00+00:00,251.05,256.67,250.34,252.7,44911.26848
2020-10-14T16:00:00+00:00,252.75,257.17,251.71,252.67,31852.54099
2020-10-14T20:00:00+00:00,252.64,260.48,252.54,259.07,22429.49031
2020-10-15T00:00:00+00:00,259.12,260.16,255.5,257.14,34581.97926
2020-10-15T04:00:00+00:00,257.2,265.2,256.4,263.88,48925.59875
2020-10-15T08:00:00+00:00,263.87,264.2,257.0,258.81,50295.2102
2020-10-15T12:00:00+00:00,258.81,263.91,256.74,263.15,42287.98858
2020-10-15T16:00:00+00:00,263.19,263.4,258.64,261.2,33036.54282
2020-10-15T20:00:00+00:00,261.22,263.22,259.96,262.26,19145.36124
2020-10-16T00:00:00+00:00,262.25,266.54,260.27,264.15,31010.57633
2020-10-16T04:00:00+00:00,264.18,264.18,243.51,251.94,129326.69248
2020-10-16T08:00:00+00:00,251.93,256.32,246.2,255.52,46852.51179
2020-10-16T12:00:00+00:00,255.55,255.55,250.79,252.16,27863.9224
2020-10-16T16:00:00+00:00,252.12,253.28,246.81,248.71,35974.61234
2020-10-16T20:00:00+00:00,248.69,251.47,247.42,250.3,10208.03598
2020-10-17T00:00:00+00:00,250.3,252.36,247.19,251.98,17607.57167
2020-10-17T04:00:00+00:00,251.99,252.6,249.41,250.1,14237.12389
2020-10-17T08:00:00+00:00,250.09,250.76,248.38,249.58,22994.74311
2020-10-17T12:00:00+00:00,249.57,249.61,242.48,244.74,38805.32625
2020-10-17T16:00:00+00:00,244.75,245.47,241.01,243.31,19349.56264
2020-10-17T20:00:00+00:00,243.32,245.5,242.65,244.66,6762.71324
2020-10-18T00:00:00+00:00,244.66,246.89,243.64,245.41,15204.72025
2020-10-18T04:00:00+00:00,245.41,249.62,243.79,249.47,18333.24128
2020-10-18T08:00:00+00:00,249.47,249.94,246.04,247.4,11968.55735
2020-10-18T12:00:00+00:00,247.46,251.01,246.62,249.39,12423.64861
2020-10-18T16:00:00+00:00,249.37,249.64,247.3,247.41,6922.87843
2020-10-18T20:00:00+00:00,247.37,249.55,247.27,249.32,7631.44597
2020-10-19T00:00:00+00:00,249.3,250.19,245.03,245.27,19636.56271
2020-10-19T04:00:00+00:00,245.24,246.99,245.0,246.74,9836.76381
2020-10-19T08:00:00+00:00,246.78,249.17,246.25,247.3,13358.49487
2020-10-19T12:00:00+00:00,247.33,252.7,247.01,251.44,39657.00733
2020-10-19T16:00:00+00:00,251.44,252.16,249.13,249.86,15700.86162
2020-10-19T20:00:00+00:00,249.88,250.3,248.35,249.87,7278.91423
2020-10-20T00:00:00+00:00,249.82,250.05,248.42,249.69,9994.58748
2020-10-20T04:00:00+00:00,249.68,249.68,244.61,245.73,21489.1145
2020-10-20T08:00:00+00:00,245.75,247.69,240.68,242.62,33568.78707
2020-10-20T12:00:00+00:00,242.59,244.8,241.7,243.18,28555.27534
2020-10-20T16:00:00+00:00,243.11,244.6,237.67,238.96,34684.41982
2020-10-20T20:00:00+00:00,238.98,241.84,238.5,240.74,10880.48856
2020-10-21T00:00:00+00:00,240.75,252.34,239.98,250.9,44839.7552
2020-10-21T04:00:00+00:00,250.91,251.63,248.39,249.55,26017.23859
2020-10-21T08:00:00+00:00,249.59,258.0,248.76,255.87,37378.52074
2020-10-21T12:00:00+00:00,255.86,261.0,255.29,259.99,73395.86795
2020-10-21T16:00:00+00:00,260.04,263.36,257.42,257.61,39716.67391
2020-10-21T20:00:00+00:00,257.62,264.11,256.26,258.49,43973.97089
2020-10-22T00:00:00+00:00,258.38,269.73,258.26,265.5,50314.33887
2020-10-22T04:00:00+00:00,265.5,268.18,263.93,266.27,22522.81169
2020-10-22T08:00:00+00:00,266.27,271.0,262.33,269.13,50335.80731
2020-10-22T12:00:00+00:00,269.14,274.65,268.0,270.53,50267.22019
2020-10-22T16:00:00+00:00,270.54,272.75,269.45,270.35,27278.48679
2020-10-22T20:00:00+00:00,270.29,273.62,266.68,267.97,25113.23716
2020-10-23T00:00:00+00:00,268.0,271.21,264.2,268.52,27350.68516
2020-10-23T04:00:00+00:00,268.51,276.0,268.1,272.57,42664.37876
2020-10-23T08:00:00+00:00,272.59,275.28,271.05,272.63,27515.59191
2020-10-23T12:00:00+00:00,272.59,273.44,266.02,267.63,32784.96513
2020-10-23T16:00:00+00:00,267.62,272.34,264.27,270.32,32593.54561
2020-10-23T20:00:00+00:00,270.35,271.36,268.68,270.42,7060.52466
2020-10-24T00:00:00+00:00,270.39,271.04,267.6,269.58,12374.19304
2020-10-24T04:00:00+00:00,269.6,273.06,269.51,270.52,10185.81137
2020-10-24T08:00:00+00:00,270.55,274.83,269.38,273.81,19961.61683
2020-10-24T12:00:00+00:00,273.81,278.63,271.18,273.7,43877.70266
2020-10-24T16:00:00+00:00,273.7,276.67,272.72,275.32,13315.78099
2020-10-24T20:00:00+00:00,275.33,276.04,272.97,275.8,8287.33571
2020-10-25T00:00:00+00:00,275.79,276.05,272.02,274.82,18690.45813
2020-10-25T04:00:00+00:00,274.84,275.59,268.4,271.4,24174.02791
2020-10-25T08:00:00+00:00,271.43,272.09,268.19,271.1,17064.75061
2020-10-25T12:00:00+00:00,271.07,273.4,269.5,270.4,13873.33685
2020-10-25T16:00:00+00:00,270.26,274.25,269.77,272.35,11717.92057
2020-10-25T20:00:00+00:00,272.34,272.86,270.11,271.11,7807.2811
2020-10-26T00:00:00+00:00,271.07,273.31,269.49,271.67,22130.23573
2020-10-26T04:00:00+00:00,271.74,271.8,268.27,268.53,21282.48211
2020-10-26T08:00:00+00:00,268.58,269.89,265.84,267.39,27874.43352
2020-10-26T12:00:00+00:00,267.39,267.69,258.71,260.87,56290.44308
2020-10-26T16:00:00+00:00,260.82,263.34,252.61,258.31,58447.52329
2020-10-26T20:00:00+00:00,258.26,260.0,257.8,259.36,10458.64343
2020-10-27T00:00:00+00:00,259.35,261.69,257.12,258.19,26693.18058
2020-10-27T04:00:00+00:00,258.3,263.31,258.2,261.23,22653.01016
2020-10-27T08:00:00+00:00,261.23,265.71,258.05,265.71,40946.12412
2020-10-27T12:00:00+00:00,265.7,268.0,262.96,266.7,34741.33202
2020-10-27T16:00:00+00:00,266.71,268.0,263.19,265.5,29452.87756
2020-10-27T20:00:00+00:00,265.52,265.55,262.15,264.11,16047.05416
2020-10-28T00:00:00+00:00,264.08,270.0,262.95,266.97,32467.47732
2020-10-28T04:00:00+00:00,266.95,268.08,258.33,262.18,26395.55005
2020-10-28T08:00:00+00:00,262.14,276.65,259.0,271.37,95052.23197
2020-10-28T12:00:00+00:00,271.29,280.98,266.11,275.23,115595.5926
2020-10-28T16:00:00+00:00,275.23,276.3,271.01,272.79,44675.62883
2020-10-28T20:00:00+00:00,272.74,273.07,264.52,268.06,30586.61778
2020-10-29T00:00:00+00:00,268.1,271.56,266.73,269.61,27471.86828
2020-10-29T04:00:00+00:00,269.59,269.87,266.57,266.57,21059.62371
2020-10-29T08:00:00+00:00,266.64,267.42,261.57,262.5,35479.25812
2020-10-29T12:00:00+00:00,262.51,267.96,257.56,266.16,43996.66263
2020-10-29T16:00:00+00:00,266.27,269.84,265.15,268.25,21309.04838
2020-10-29T20:00:00+00:00,268.25,269.38,265.53,267.42,16350.87946
2020-10-30T00:00:00+00:00,267.35,270.62,263.44,265.79,51827.41074
2020-10-30T04:00:00+00:00,265.81,267.43,260.24,262.77,44266.55328
2020-10-30T08:00:00+00:00,262.78,264.83,255.98,258.85,46408.65104
2020-10-30T12:00:00+00:00,258.83,260.85,254.98,259.87,39150.41371
2020-10-30T16:00:00+00:00,259.93,261.46,257.64,260.85,19057.3981
2020-10-30T20:00:00+00:00,260.84,262.7,260.19,261.9,10100.49798
2020-10-31T00:00:00+00:00,262.0,264.64,259.6,261.76,18280.74164
2020-10-31T04:00:00+00:00,261.89,262.59,259.85,261.28,8595.84035
2020-10-31T08:00:00+00:00,261.31,266.31,260.83,263.74,46000.7551
2020-10-31T12:00:00+00:00,263.74,265.72,262.54,264.55,18482.96024
2020-10-31T16:00:00+00:00,264.54,265.0,261.78,262.14,11364.06703
2020-10-31T20:00:00+00:00,262.21,263.48,261.22,262.01,7399.03925
2020-11-01T00:00:00+00:00,262.0,263.58,260.27,261.11,12096.85623
2020-11-01T04:00:00+00:00,261.07,262.29,260.16,261.94,6269.84975
2020-11-01T08:00:00+00:00,261.94,262.45,260.58,261.01,11224.92255
2020-11-01T12:00:00+00:00,260.98,270.83,260.51,268.43,32902.88548
2020-11-01T16:00:00+00:00,268.45,269.33,266.01,268.06,16050.42623
2020-11-01T20:00:00+00:00,268.05,269.61,266.09,268.03,10843.24144
2020-11-02T00:00:00+00:00,268.03,271.66,266.14,267.1,29352.4708
2020-11-02T04:00:00+00:00,267.08,267.77,264.0,266.04,18412.30117
2020-11-02T08:00:00+00:00,266.04,266.04,257.25,260.52,54509.98731
2020-11-02T12:00:00+00:00,260.56,262.94,253.58,257.84,59686.47669
2020-11-02T16:00:00+00:00,257.8,258.63,256.07,258.03,13231.65424
2020-11-02T20:00:00+00:00,258.06,259.02,256.37,257.28,10980.12824
2020-11-03T00:00:00+00:00,257.31,258.81,230.0,238.75,102184.42582
2020-11-03T04:00:00+00:00,238.74,243.03,236.79,240.97,62524.18079
2020-11-03T08:00:00+00:00,240.94,244.67,238.35,241.94,51883.78486
2020-11-03T12:00:00+00:00,241.94,245.08,238.15,239.19,76196.12969
2020-11-03T16:00:00+00:00,239.13,241.67,238.51,241.36,19384.30159
2020-11-03T20:00:00+00:00,241.36,245.35,240.82,244.22,19062.22155
2020-11-04T00:00:00+00:00,244.21,244.5,240.22,241.95,21192.81687
2020-11-04T04:00:00+00:00,241.95,242.98,233.0,235.56,29146.76998
2020-11-04T08:00:00+00:00,235.55,238.01,231.0,234.13,47112.08957
2020-11-04T12:00:00+00:00,234.12,236.7,232.66,234.41,34308.84715
2020-11-04T16:00:00+00:00,234.41,242.46,233.58,239.5,50794.31739
2020-11-04T20:00:00+00:00,239.54,241.49,236.31,241.14,15089.42727
2020-11-05T00:00:00+00:00,241.14,244.44,240.98,243.39,27646.43361
2020-11-05T04:00:00+00:00,243.42,248.38,242.68,245.25,32626.93981
2020-11-05T08:00:00+00:00,245.25,245.73,240.34,243.75,36149.93817
2020-11-05T12:00:00+00:00,243.72,250.0,241.85,248.41,64832.22951
2020-11-05T16:00:00+00:00,248.45,252.0,243.63,246.03,42766.13896
2020-11-05T20:00:00+00:00,245.98,251.97,245.03,249.53,25756.32256
2020-11-06T00:00:00+00:00,249.52,256.92,248.01,250.0,53769.34895
2020-11-06T04:00:00+00:00,250.01,255.11,249.92,254.36,21874.51976
2020-11-06T08:00:00+00:00,254.29,257.57,250.05,257.45,46666.83299
2020-11-06T12:00:00+00:00,257.46,257.68,252.66,253.5,41895.54828
2020-11-06T16:00:00+00:00,253.52,256.97,253.42,255.18,18198.59676
2020-11-06T20:00:00+00:00,255.29,259.51,251.96,257.79,21835.47876
2020-11-07T00:00:00+00:00,257.78,270.52,257.67,266.42,70634.49423
2020-11-07T04:00:00+00:00,266.44,272.29,264.79,266.39,31044.72247
2020-11-07T08:00:00+00:00,266.4,277.06,265.27,273.7,45064.38592
2020-11-07T12:00:00+00:00,273.69,275.19,253.2,260.84,88410.86584
2020-11-07T16:00:00+00:00,260.91,263.63,245.11,248.85,81493.68465
2020-11-07T20:00:00+00:00,248.82,255.77,245.43,253.91,34229.94368
2020-11-08T00:00:00+00:00,253.9,257.37,247.01,254.76,27214.70563
2020-11-08T04:00:00+00:00,254.71,256.51,254.0,254.35,14559.03144
2020-11-08T08:00:00+00:00,254.34,260.46,254.33,259.31,23701.10935
2020-11-08T12:00:00+00:00,259.33,278.0,259.33,273.48,86920.56577
2020-11-08T16:00:00+00:00,273.61,274.67,265.95,268.17,40440.31484
2020-11-08T20:00:00+00:00,268.13,275.49,266.6,270.8,22147.19002
2020-11-09T00:00:00+00:00,270.73,271.99,266.66,266.9,28026.31565
2020-11-09T04:00:00+00:00,266.94,269.03,264.06,265.18,25508.79878
2020-11-09T08:00:00+00:00,265.14,274.24,263.57,273.35,47270.98902
2020-11-09T12:00:00+00:00,273.38,273.44,259.06,260.58,62749.39641
2020-11-09T16:00:00+00:00,260.55,265.62,257.44,265.38,27223.5504
2020-11-09T20:00:00+00:00,265.44,265.79,262.88,264.27,10071.01131
2020-11-10T00:00:00+00:00,264.26,266.53,261.01,263.6,17817.7784
2020-11-10T04:00:00+00:00,263.63,265.68,259.19,262.11,22441.79285
2020-11-10T08:00:00+00:00,262.16,264.87,255.31,258.57,40128.02304
2020-11-10T12:00:00+00:00,258.54,260.43,254.72,256.6,26026.0733
2020-11-10T16:00:00+00:00,256.6,258.62,255.51,257.25,13210.38634
2020-11-10T20:00:00+00:00,257.17,258.68,255.99,257.19,10208.97492
2020-11-11T00:00:00+00:00,257.19,262.5,256.79,258.83,27455.42179
2020-11-11T04:00:00+00:00,259.04,259.79,255.16,257.46,17741.72372
2020-11-11T08:00:00+00:00,257.46,260.73,257.0,257.91,14817.42987
2020-11-11T12:00:00+00:00,257.85,258.72,256.73,257.57,16690.50821
2020-11-11T16:00:00+00:00,257.52,261.2,257.15,258.81,22563.72153
2020-11-11T20:00:00+00:00,258.91,260.33,256.27,256.86,10392.60859
2020-11-12T00:00:00+00:00,256.87,256.98,251.69,252.68,25535.11363
2020-11-12T04:00:00+00:00,252.68,263.32,252.37,261.91,28542.95854
2020-11-12T08:00:00+00:00,261.85,264.9,254.96,257.44,40586.44483
2020-11-12T12:00:00+00:00,257.39,259.35,256.0,257.9,19342.68744
2020-11-12T16:00:00+00:00,257.92,260.31,256.22,259.23,19286.47613
2020-11-12T20:00:00+00:00,259.31,260.18,258.86,259.99,10318.27554
2020-11-13T00:00:00+00:00,260.01,260.18,258.53,259.06,17067.53434
2020-11-13T04:00:00+00:00,259.1,259.1,247.91,250.92,32240.40501
2020-11-13T08:00:00+00:00,250.92,256.35,249.64,253.97,38562.78682
2020-11-13T12:00:00+00:00,253.97,258.69,253.81,255.69,29340.88316
2020-11-13T16:00:00+00:00,255.75,258.4,253.64,257.31,17059.88956
2020-11-13T20:00:00+00:00,257.41,262.5,257.26,259.22,24958.01769
2020-11-14T00:00:00+00:00,259.22,263.0,256.46,260.29,19118.94309
2020-11-14T04:00:00+00:00,260.29,260.62,257.17,260.25,10534.20495
2020-11-14T08:00:00+00:00,260.26,260.81,253.64,257.39,27619.7696
2020-11-14T12:00:00+00:00,257.47,258.36,255.01,256.78,16651.71928
2020-11-14T16:00:00+00:00,256.75,257.47,253.64,256.91,11735.15116
2020-11-14T20:00:00+00:00,256.85,257.38,254.91,255.12,7995.7267
2020-11-15T00:00:00+00:00,255.13,260.29,250.22,251.68,26636.84963
2020-11-15T04:00:00+00:00,251.65,255.5,250.86,255.23,17080.30601
2020-11-15T08:00:00+00:00,255.32,256.92,249.8,255.52,44836.04997
2020-11-15T12:00:00+00:00,255.52,255.59,235.0,243.63,100164.06938
2020-11-15T16:00:00+00:00,243.63,243.95,238.24,239.03,24431.09878
2020-11-15T20:00:00+00:00,239.03,241.97,237.7,240.43,14395.70185
2020-11-16T00:00:00+00:00,240.4,248.45,233.04,247.39,48431.32802
2020-11-16T04:00:00+00:00,247.29,249.0,241.94,248.9,47254.29709
2020-11-16T08:00:00+00:00,248.87,252.5,246.0,247.64,34044.89472
2020-11-16T12:00:00+00:00,247.67,253.19,247.65,250.96,27248.75107
2020-11-16T16:00:00+00:00,250.96,252.01,248.32,250.1,23774.11325
2020-11-16T20:00:00+00:00,250.23,251.5,247.5,249.6,19607.32525
2020-11-17T00:00:00+00:00,249.67,255.07,249.32,251.43,23413.05358
2020-11-17T04:00:00+00:00,251.29,252.99,250.43,251.78,12818.27227
2020-11-17T08:00:00+00:00,251.83,253.31,248.25,252.64,21611.36316
2020-11-17T12:00:00+00:00,252.62,257.0,250.68,255.11,40667.03165
2020-11-17T16:00:00+00:00,255.11,259.62,253.75,256.74,39233.28786
2020-11-17T20:00:00+00:00,256.75,257.39,254.13,255.39,11277.88182
2020-11-18T00:00:00+00:00,255.29,258.38,253.43,255.97,20819.53443
2020-11-18T04:00:00+00:00,255.97,260.0,241.69,248.08,64359.50468
2020-11-18T08:00:00+00:00,248.09,249.03,245.2,248.91,29884.111
2020-11-18T12:00:00+00:00,248.84,248.96,242.12,244.9,22722.35823
2020-11-18T16:00:00+00:00,244.89,246.43,243.21,245.04,15335.14574
2020-11-18T20:00:00+00:00,245.04,247.63,243.38,246.23,11724.4426
2020-11-19T00:00:00+00:00,246.27,249.41,245.0,247.5,13714.02345
2020-11-19T04:00:00+00:00,247.52,247.68,244.65,244.71,12540.12844
2020-11-19T08:00:00+00:00,244.74,248.88,241.23,248.85,20641.20765
2020-11-19T12:00:00+00:00,248.86,249.31,246.08,247.19,24021.27758
2020-11-19T16:00:00+00:00,247.16,250.03,246.23,247.88,16656.68231
2020-11-19T20:00:00+00:00,247.89,248.2,245.26,245.88,7369.54964
2020-11-20T00:00:00+00:00,245.93,260.15,245.57,253.88,51760.08872
2020-11-20T04:00:00+00:00,253.89,256.26,251.3,253.22,30282.93008
2020-11-20T08:00:00+00:00,253.23,256.54,252.54,254.51,28218.60012
2020-11-20T12:00:00+00:00,254.58,257.68,252.41,254.77,26890.0847
2020-11-20T16:00:00+00:00,254.83,257.96,253.5,255.86,24118.4393
2020-11-20T20:00:00+00:00,255.91,260.16,255.16,260.01,24983.28622
2020-11-21T00:00:00+00:00,260.0,265.0,258.57,259.08,57220.14131
2020-11-21T04:00:00+00:00,259.08,269.63,256.09,269.19,57599.77525
2020-11-21T08:00:00+00:00,269.16,275.26,265.16,267.29,70478.23147
2020-11-21T12:00:00+00:00,267.29,293.18,265.37,291.51,152089.80795
2020-11-21T16:00:00+00:00,291.43,309.35,289.54,298.13,162334.50183
2020-11-21T20:00:00+00:00,298.15,306.29,293.29,305.06,55029.36948
2020-11-22T00:00:00+00:00,305.07,312.97,284.37,297.87,128084.85973
2020-11-22T04:00:00+00:00,297.81,298.18,283.68,292.88,60766.63018
2020-11-22T08:00:00+00:00,292.82,296.45,273.81,279.03,93123.83696
2020-11-22T12:00:00+00:00,279.08,284.74,277.56,282.61,63784.66891
2020-11-22T16:00:00+00:00,282.61,293.31,278.44,292.55,75394.69718
2020-11-22T20:00:00+00:00,292.51,298.39,285.24,288.91,50666.14294
2020-11-23T00:00:00+00:00,288.95,293.17,282.33,290.16,44370.25793
2020-11-23T04:00:00+00:00,290.16,299.99,289.78,293.6,48749.42873
2020-11-23T08:00:00+00:00,293.6,305.01,292.77,297.0,80571.12668
2020-11-23T12:00:00+00:00,297.0,305.64,289.52,294.94,108697.15872
2020-11-23T16:00:00+00:00,294.94,324.23,294.94,316.87,153107.81409
2020-11-23T20:00:00+00:00,316.96,327.12,313.44,323.22,68797.57753
2020-11-24T00:00:00+00:00,323.09,343.78,322.8,336.57,131004.29035
2020-11-24T04:00:00+00:00,336.52,349.8,318.0,344.19,178131.255
2020-11-24T08:00:00+00:00,343.95,372.0,326.0,341.0,229721.59234
2020-11-24T12:00:00+00:00,340.97,353.33,326.41,350.59,119592.22227
2020-11-24T16:00:00+00:00,350.76,362.91,337.14,346.71,104377.85902
2020-11-24T20:00:00+00:00,346.7,352.93,340.21,348.06,49241.45491
2020-11-25T00:00:00+00:00,347.74,363.61,336.08,337.7,146472.41572
2020-11-25T04:00:00+00:00,337.72,345.63,331.78,341.53,77117.97538
2020-11-25T08:00:00+00:00,341.48,354.0,338.0,346.59,74555.1856
2020-11-25T12:00:00+00:00,346.57,346.66,335.67,342.06,73309.33293
2020-11-25T16:00:00+00:00,341.92,345.15,330.4,331.6,62635.45162
2020-11-25T20:00:00+00:00,331.56,334.06,297.9,312.99,110063.47877
2020-11-26T00:00:00+00:00,312.86,321.5,269.98,289.5,203092.43932
2020-11-26T04:00:00+00:00,289.45,293.7,275.15,280.55,118410.43908
2020-11-26T08:00:00+00:00,280.54,284.34,264.66,274.95,172630.90339
2020-11-26T12:00:00+00:00,274.91,281.74,261.69,270.38,136181.98062
2020-11-26T16:00:00+00:00,270.43,274.54,250.4,259.05,142621.87937
2020-11-26T20:00:00+00:00,259.05,272.93,258.79,271.44,68805.35559
2020-11-27T00:00:00+00:00,271.49,279.11,266.08,268.86,84107.03948
2020-11-27T04:00:00+00:00,269.08,275.61,267.12,268.95,43051.06784
2020-11-27T08:00:00+00:00,268.99,269.32,258.25,261.8,78963.45154
2020-11-27T12:00:00+00:00,261.91,267.73,256.43,257.61,52615.61396
2020-11-27T16:00:00+00:00,257.49,264.18,255.57,262.04,40595.12539
2020-11-27T20:00:00+00:00,262.09,265.87,261.12,265.45,29056.72421
2020-11-28T00:00:00+00:00,265.55,274.46,263.21,266.78,46122.16764
2020-11-28T04:00:00+00:00,266.87,267.36,263.83,266.32,16336.19454
2020-11-28T08:00:00+00:00,266.39,269.39,260.74,268.27,28324.05669
2020-11-28T12:00:00+00:00,268.28,283.68,266.42,282.11,74993.2296
2020-11-28T16:00:00+00:00,282.27,284.98,275.03,278.58,67466.79398
2020-11-28T20:00:00+00:00,278.51,281.71,274.36,275.97,41035.94663
2020-11-29T00:00:00+00:00,275.98,279.16,272.0,278.6,30018.72627
2020-11-29T04:00:00+00:00,278.54,278.7,274.0,277.84,13758.6493
2020-11-29T08:00:00+00:00,277.79,289.1,277.48,280.73,72861.62628
2020-11-29T12:00:00+00:00,280.73,283.5,277.15,280.73,34351.29208
2020-11-29T16:00:00+00:00,280.75,285.77,275.2,279.17,41855.73574
2020-11-29T20:00:00+00:00,279.24,287.56,278.85,285.04,33987.82158
2020-11-30T00:00:00+00:00,285.17,297.2,285.17,292.8,60546.87686
2020-11-30T04:00:00+00:00,292.92,293.49,288.02,288.92,20201.84641
2020-11-30T08:00:00+00:00,288.93,289.6,280.07,288.53,37196.81964
2020-11-30T12:00:00+00:00,288.44,305.49,287.37,297.61,130725.875
2020-11-30T16:00:00+00:00,297.61,318.0,297.61,310.88,103263.4738
2020-11-30T20:00:00+00:00,310.92,322.37,308.8,317.49,53472.37903
2020-12-01T00:00:00+00:00,317.37,318.26,310.76,311.45,43924.68261
2020-12-01T04:00:00+00:00,311.27,316.33,309.73,315.42,47585.9144
2020-12-01T08:00:00+00:00,315.41,320.87,300.0,306.6,104284.21602
2020-12-01T12:00:00+00:00,306.61,309.48,271.38,302.2,227068.81535
2020-12-01T16:00:00+00:00,302.11,305.58,287.0,295.69,82092.7503
2020-12-01T20:00:00+00:00,295.64,297.85,283.95,287.61,34074.33485
2020-12-02T00:00:00+00:00,287.47,293.1,280.0,286.41,44683.92999
2020-12-02T04:00:00+00:00,286.33,294.58,283.23,294.27,31851.33362
2020-12-02T08:00:00+00:00,294.2,298.0,291.6,294.42,33778.94631
2020-12-02T12:00:00+00:00,294.39,295.3,286.36,288.88,39151.99619
2020-12-02T16:00:00+00:00,289.03,293.72,284.51,291.05,32551.53441
2020-12-02T20:00:00+00:00,291.1,295.15,290.67,294.15,12610.72983
2020-12-03T00:00:00+00:00,294.22,297.38,290.31,291.7,19519.70571
2020-12-03T04:00:00+00:00,291.7,293.23,285.48,289.47,24100.53511
2020-12-03T08:00:00+00:00,289.41,295.82,286.05,293.61,42864.08732
2020-12-03T12:00:00+00:00,293.72,294.9,289.82,294.86,20821.28972
2020-12-03T16:00:00+00:00,294.9,296.54,287.47,290.67,25771.09945
2020-12-03T20:00:00+00:00,290.7,292.36,289.78,292.1,8892.73011
2020-12-04T00:00:00+00:00,292.07,294.03,284.46,284.98,22253.53957
2020-12-04T04:00:00+00:00,284.99,287.81,282.74,285.31,14060.11654
2020-12-04T08:00:00+00:00,285.31,307.65,278.41,285.51,161696.75967
2020-12-04T12:00:00+00:00,285.52,292.09,284.12,288.44,39362.18518
2020-12-04T16:00:00+00:00,288.39,293.49,284.62,289.17,37449.08897
2020-12-04T20:00:00+00:00,289.18,289.24,276.64,279.56,31728.09928
2020-12-05T00:00:00+00:00,279.47,284.06,274.43,281.16,41209.90227
2020-12-05T04:00:00+00:00,281.3,284.48,280.86,281.58,17898.52558
2020-12-05T08:00:00+00:00,281.58,286.78,281.51,282.25,23166.51794
2020-12-05T12:00:00+00:00,282.18,286.53,281.81,284.98,16894.57112
2020-12-05T16:00:00+00:00,285.09,286.0,283.12,285.26,10606.75038
2020-12-05T20:00:00+00:00,285.29,289.98,282.62,289.57,14810.73953
2020-12-06T00:00:00+00:00,289.59,293.65,286.68,287.5,28685.91206
2020-12-06T04:00:00+00:00,287.47,288.52,282.83,286.57,23066.02178
2020-12-06T08:00:00+00:00,286.51,286.8,281.58,284.35,17805.64388
2020-12-06T12:00:00+00:00,284.34,284.7,279.24,284.2,17057.37152
2020-12-06T16:00:00+00:00,284.12,285.6,281.57,283.74,11396.76813
2020-12-06T20:00:00+00:00,283.59,287.59,282.42,286.24,12391.7003
2020-12-07T00:00:00+00:00,286.2,286.95,283.52,284.34,12047.69316
2020-12-07T04:00:00+00:00,284.43,290.87,283.4,288.83,26975.84919
2020-12-07T08:00:00+00:00,288.9,289.3,283.56,283.95,14486.17493
2020-12-07T12:00:00+00:00,283.84,288.06,283.65,285.76,15365.45818
2020-12-07T16:00:00+00:00,285.82,287.08,281.03,281.83,18396.15187
2020-12-07T20:00:00+00:00,281.82,285.0,281.06,283.86,10945.89726
2020-12-08T00:00:00+00:00,283.9,284.96,282.5,282.9,7304.76285
2020-12-08T04:00:00+00:00,282.89,284.69,281.36,281.62,9624.68435
2020-12-08T08:00:00+00:00,281.61,282.09,271.6,273.6,41951.01709
2020-12-08T12:00:00+00:00,273.61,277.49,270.26,273.97,21283.04309
2020-12-08T16:00:00+00:00,274.0,276.34,271.4,271.69,14165.44413
2020-12-08T20:00:00+00:00,271.65,271.88,262.72,267.7,34659.03548
2020-12-09T00:00:00+00:00,267.8,268.91,261.47,264.93,26835.4
2020-12-09T04:00:00+00:00,264.93,265.81,258.76,258.95,22090.51046
2020-12-09T08:00:00+00:00,258.97,266.48,255.0,265.79,43248.81454
2020-12-09T12:00:00+00:00,265.85,268.97,264.1,266.14,27158.71071
2020-12-09T16:00:00+00:00,266.2,267.58,262.88,264.49,18951.97571
2020-12-09T20:00:00+00:00,264.71,271.19,264.01,268.7,18848.04486
2020-12-10T00:00:00+00:00,268.6,269.33,265.41,265.64,13164.77254
2020-12-10T04:00:00+00:00,265.64,266.76,262.23,265.65,14031.17029
2020-12-10T08:00:00+00:00,265.7,267.58,261.7,263.44,17509.92345
2020-12-10T12:00:00+00:00,263.38,265.8,261.33,265.39,17326.42498
2020-12-10T16:00:00+00:00,265.39,268.26,264.46,267.36,12449.94522
2020-12-10T20:00:00+00:00,267.51,267.99,264.85,265.75,10908.19137
2020-12-11T00:00:00+00:00,265.77,266.93,257.05,259.15,44259.04612
2020-12-11T04:00:00+00:00,259.17,261.33,256.68,258.52,21108.92815
2020-12-11T08:00:00+00:00,258.37,260.79,256.0,256.86,29861.03897
2020-12-11T12:00:00+00:00,256.76,261.18,256.36,260.93,15969.05079
2020-12-11T16:00:00+00:00,260.88,260.92,257.95,258.7,15577.14902
2020-12-11T20:00:00+00:00,258.87,261.76,258.03,259.24,10231.67098
2020-12-12T00:00:00+00:00,259.3,266.37,257.96,264.3,21147.1036
2020-12-12T04:00:00+00:00,264.32,268.21,263.61,267.65,19731.33555
2020-12-12T08:00:00+00:00,267.59,269.01,265.39,267.55,21283.79883
2020-12-12T12:00:00+00:00,267.62,267.77,263.54,265.31,22073.28006
2020-12-12T16:00:00+00:00,265.34,268.79,264.78,268.61,11114.58825
2020-12-12T20:00:00+00:00,268.8,269.73,267.16,267.89,8741.35692
2020-12-13T00:00:00+00:00,267.74,269.27,266.0,266.14,7679.34294
2020-12-13T04:00:00+00:00,266.19,273.75,265.7,273.3,20601.51745
2020-12-13T08:00:00+00:00,273.43,277.5,272.49,275.93,23069.3164
2020-12-13T12:00:00+00:00,276.0,278.03,272.64,274.39,22779.6087
2020-12-13T16:00:00+00:00,274.43,282.6,274.41,277.25,29221.52513
2020-12-13T20:00:00+00:00,277.17,278.02,274.18,276.02,10318.49259
2020-12-14T00:00:00+00:00,275.96,277.32,272.98,275.08,17380.934
2020-12-14T04:00:00+00:00,275.0,275.41,271.37,272.79,13970.32397
2020-12-14T08:00:00+00:00,272.75,274.41,268.53,268.97,18873.99742
2020-12-14T12:00:00+00:00,268.99,273.09,267.72,271.01,12846.01654
2020-12-14T16:00:00+00:00,270.95,271.36,265.03,270.68,16593.76213
2020-12-14T20:00:00+00:00,270.77,280.37,270.18,276.94,23089.76318
2020-12-15T00:00:00+00:00,277.0,282.0,276.0,277.88,24665.7164
2020-12-15T04:00:00+00:00,277.91,280.98,270.3,280.97,29745.33157
2020-12-15T08:00:00+00:00,280.97,293.34,275.82,289.52,82119.01719
2020-12-15T12:00:00+00:00,289.48,293.0,286.78,292.66,48144.54521
2020-12-15T16:00:00+00:00,292.66,299.0,290.5,294.22,49981.05185
2020-12-15T20:00:00+00:00,294.28,295.66,285.54,288.85,34305.89491
2020-12-16T00:00:00+00:00,288.86,289.89,281.69,285.19,40131.75319
2020-12-16T04:00:00+00:00,285.24,288.39,284.11,286.43,24759.45482
2020-12-16T08:00:00+00:00,286.37,295.85,283.34,292.25,55180.48253
2020-12-16T12:00:00+00:00,292.21,304.04,287.51,303.47,104832.38243
2020-12-16T16:00:00+00:00,303.41,306.42,298.33,300.85,54112.32565
2020-12-16T20:00:00+00:00,300.89,314.4,299.17,312.07,48126.43499
2020-12-17T00:00:00+00:00,312.0,317.5,306.67,307.88,90649.18778
2020-12-17T04:00:00+00:00,307.79,313.28,307.36,312.37,34001.4392
2020-12-17T08:00:00+00:00,312.23,330.98,304.02,322.2,140888.98773
2020-12-17T12:00:00+00:00,322.2,327.06,316.31,325.25,62055.55734
2020-12-17T16:00:00+00:00,325.3,331.34,304.47,309.81,98698.59817
2020-12-17T20:00:00+00:00,309.82,313.47,300.9,310.73,54926.81417
2020-12-18T00:00:00+00:00,310.58,319.9,305.0,313.95,53130.3831
2020-12-18T04:00:00+00:00,313.9,318.31,310.21,314.91,35780.45666
2020-12-18T08:00:00+00:00,314.91,323.11,313.15,315.82,48315.89524
2020-12-18T12:00:00+00:00,315.77,317.57,305.33,307.86,55785.04183
2020-12-18T16:00:00+00:00,307.86,311.49,305.0,307.35,38913.86934
2020-12-18T20:00:00+00:00,307.33,314.0,305.45,313.33,28895.7662
2020-12-19T00:00:00+00:00,313.33,318.0,309.2,315.94,43581.00304
2020-12-19T04:00:00+00:00,315.95,319.82,312.17,312.74,40256.05174
2020-12-19T08:00:00+00:00,312.61,319.57,311.57,316.84,30701.07054
2020-12-19T12:00:00+00:00,316.82,325.5,316.0,321.21,77662.30437
2020-12-19T16:00:00+00:00,321.29,324.25,314.08,317.89,58767.32321
2020-12-19T20:00:00+00:00,317.71,323.63,315.09,318.13,29755.06254
2020-12-20T00:00:00+00:00,317.97,319.34,312.44,313.73,36157.99687
2020-12-20T04:00:00+00:00,313.65,341.01,310.05,340.58,75186.27468
2020-12-20T08:00:00+00:00,340.69,358.36,338.0,351.61,191471.68877
2020-12-20T12:00:00+00:00,351.66,368.52,343.73,362.19,183495.36686
2020-12-20T16:00:00+00:00,362.19,367.36,351.29,357.59,92014.21027
2020-12-20T20:00:00+00:00,357.67,363.54,335.0,349.21,81482.57542
2020-12-21T00:00:00+00:00,348.98,380.47,343.57,365.93,195638.12763
2020-12-21T04:00:00+00:00,365.92,371.86,360.38,365.45,90092.32643
2020-12-21T08:00:00+00:00,365.34,368.2,309.54,314.88,326910.76757
2020-12-21T12:00:00+00:00,314.89,325.0,307.0,320.84,95577.47056
2020-12-21T16:00:00+00:00,320.84,325.0,312.1,313.46,48445.78053
2020-12-21T20:00:00+00:00,313.45,322.56,310.94,313.41,58244.63063
2020-12-22T00:00:00+00:00,313.47,316.48,303.31,311.91,96500.09829
2020-12-22T04:00:00+00:00,311.91,318.99,303.15,307.01,91336.03789
2020-12-22T08:00:00+00:00,307.05,317.17,298.0,315.52,100503.14146
2020-12-22T12:00:00+00:00,315.52,323.05,313.22,317.67,81791.72894
2020-12-22T16:00:00+00:00,317.74,320.15,311.01,315.51,43477.34776
2020-12-22T20:00:00+00:00,315.59,324.86,307.35,322.69,57516.09732
2020-12-23T00:00:00+00:00,322.73,326.43,313.56,317.25,58507.46446
2020-12-23T04:00:00+00:00,317.19,317.23,301.14,307.26,83838.03021
2020-12-23T08:00:00+00:00,307.32,310.55,276.16,287.54,117755.82303
2020-12-23T12:00:00+00:00,287.5,304.09,285.43,288.16,117972.55104
2020-12-23T16:00:00+00:00,288.17,294.59,285.01,292.23,54243.10651
2020-12-23T20:00:00+00:00,292.24,293.67,266.16,275.48,103581.98843
2020-12-24T00:00:00+00:00,275.48,282.03,270.56,275.88,107417.19873
2020-12-24T04:00:00+00:00,275.88,282.8,272.61,278.6,50948.51911
2020-12-24T08:00:00+00:00,278.69,287.55,277.08,283.33,51392.21779
2020-12-24T12:00:00+00:00,283.32,293.59,279.75,287.35,63528.4518
2020-12-24T16:00:00+00:00,287.43,291.06,283.02,288.33,33154.54293
2020-12-24T20:00:00+00:00,288.39,299.63,285.72,296.99,46410.45932
2020-12-25T00:00:00+00:00,296.9,300.44,293.1,294.21,27590.0205
2020-12-25T04:00:00+00:00,294.22,309.6,293.39,308.05,46862.57849
2020-12-25T08:00:00+00:00,307.93,323.0,304.0,321.18,85961.94382
2020-12-25T12:00:00+00:00,321.11,325.33,308.7,310.65,85992.63338
2020-12-25T16:00:00+00:00,310.61,318.86,305.03,314.18,69956.89999
2020-12-25T20:00:00+00:00,314.18,322.58,308.41,319.14,47742.30506
2020-12-26T00:00:00+00:00,319.29,328.25,314.21,324.7,82959.03455
2020-12-26T04:00:00+00:00,324.69,326.18,315.51,318.5,46028.13323
2020-12-26T08:00:00+00:00,318.44,324.24,310.0,316.91,59141.97207
2020-12-26T12:00:00+00:00,316.83,323.95,314.16,319.24,84175.66612
2020-12-26T16:00:00+00:00,319.21,329.7,317.54,323.18,77188.93201
2020-12-26T20:00:00+00:00,323.24,330.39,319.67,323.6,56167.43454
2020-12-27T00:00:00+00:00,323.71,345.0,320.16,337.09,104453.20827
2020-12-27T04:00:00+00:00,337.06,343.35,334.2,339.26,56221.70425
2020-12-27T08:00:00+00:00,339.27,340.48,319.07,327.07,91550.07935
2020-12-27T12:00:00+00:00,327.11,364.49,307.01,361.41,221223.931
2020-12-27T16:00:00+00:00,361.38,366.87,345.0,351.69,98607.49649
2020-12-27T20:00:00+00:00,352.0,352.0,327.85,338.1,77907.01456
2020-12-28T00:00:00+00:00,337.92,355.0,334.0,346.22,74234.43256
2020-12-28T04:00:00+00:00,346.31,356.77,339.4,352.72,57089.77403
2020-12-28T08:00:00+00:00,352.71,374.0,347.27,371.12,140022.54351
2020-12-28T12:00:00+00:00,371.23,377.0,357.62,365.54,94371.35138
2020-12-28T16:00:00+00:00,365.66,371.62,361.93,365.67,43352.61242
2020-12-28T20:00:00+00:00,365.64,369.12,351.37,360.77,51732.24489
2020-12-29T00:00:00+00:00,360.77,366.97,341.27,341.69,88410.12477
2020-12-29T04:00:00+00:00,341.66,345.78,334.23,343.89,73885.87135
2020-12-29T08:00:00+00:00,344.0,354.99,342.3,350.49,67105.44235
2020-12-29T12:00:00+00:00,350.57,354.14,340.91,342.4,46723.75023
2020-12-29T16:00:00+00:00,342.51,348.48,330.01,347.67,61897.7824
2020-12-29T20:00:00+00:00,347.66,354.69,345.1,352.92,23904.94003
2020-12-30T00:00:00+00:00,352.88,366.88,350.8,356.13,67292.48575
2020-12-30T04:00:00+00:00,356.15,359.13,350.75,354.46,35056.39656
2020-12-30T08:00:00+00:00,354.46,363.04,341.33,350.35,95011.45647
2020-12-30T12:00:00+00:00,350.35,354.23,345.53,349.83,31477.5563
2020-12-30T16:00:00+00:00,349.72,358.59,346.75,355.9,44539.44819
2020-12-30T20:00:00+00:00,355.75,360.37,353.44,358.69,19696.173
2020-12-31T00:00:00+00:00,358.87,361.52,346.59,354.06,45956.07863
2020-12-31T04:00:00+00:00,354.03,359.0,349.61,354.8,37784.42533
2020-12-31T08:00:00+00:00,354.88,356.23,348.3,350.56,43388.73307
2020-12-31T12:00:00+00:00,350.45,352.1,334.33,342.63,65662.32655
2020-12-31T16:00:00+00:00,342.75,345.94,340.02,342.39,19597.27097
2020-12-31T20:00:00+00:00,342.37,345.95,340.48,342.15,11308.55084
2021-01-01T00:00:00+00:00,342.05,355.4,335.71,350.95,53474.44877
2021-01-01T04:00:00+00:00,350.93,352.65,344.5,345.91,20442.42038
2021-01-01T08:00:00+00:00,345.92,350.2,339.87,347.97,31490.46548
2021-01-01T12:00:00+00:00,347.83,352.46,343.25,344.99,41703.39658
2021-01-01T16:00:00+00:00,344.96,347.39,331.16,337.46,34954.1385
2021-01-01T20:00:00+00:00,337.46,343.54,336.35,341.83,13590.72289
2021-01-02T00:00:00+00:00,341.74,344.96,333.05,339.38,35149.88058
2021-01-02T04:00:00+00:00,339.34,345.21,337.47,342.68,19905.47446
2021-01-02T08:00:00+00:00,342.68,352.64,337.56,343.14,50507.22565
2021-01-02T12:00:00+00:00,342.94,356.59,342.37,354.13,79728.13255
2021-01-02T16:00:00+00:00,354.01,368.0,352.47,361.65,100476.65973
2021-01-02T20:00:00+00:00,361.62,362.21,344.0,354.55,56243.35297
2021-01-03T00:00:00+00:00,354.35,368.0,354.22,355.81,49905.68883
2021-01-03T04:00:00+00:00,355.79,369.03,354.47,363.32,69281.97678
2021-01-03T08:00:00+00:00,363.32,396.21,359.61,389.43,181700.77432
2021-01-03T12:00:00+00:00,389.38,408.33,381.76,397.43,180505.24711
2021-01-03T16:00:00+00:00,397.41,417.66,392.16,396.23,160743.39755
2021-01-03T20:00:00+00:00,396.5,433.83,396.01,423.61,97687.76694
2021-01-04T00:00:00+00:00,423.72,434.63,385.68,433.68,118910.17499
2021-01-04T04:00:00+00:00,433.82,464.33,413.71,428.72,172964.20044
2021-01-04T08:00:00+00:00,428.6,435.92,380.42,404.4,196658.99498
2021-01-04T12:00:00+00:00,404.39,413.28,396.5,403.61,97830.97043
2021-01-04T16:00:00+00:00,403.62,418.11,389.54,401.91,92824.42598
2021-01-04T20:00:00+00:00,401.94,406.96,394.04,405.49,32573.14781
2021-01-05T00:00:00+00:00,405.61,425.44,395.28,396.23,99279.22402
2021-01-05T04:00:00+00:00,396.17,404.15,389.46,396.41,68529.93565
2021-01-05T08:00:00+00:00,396.36,418.57,396.29,413.67,49401.47605
2021-01-05T12:00:00+00:00,413.69,415.95,399.58,408.78,46623.29453
2021-01-05T16:00:00+00:00,408.81,419.22,405.68,414.89,48722.08732
2021-01-05T20:00:00+00:00,414.92,422.89,411.64,418.09,38591.79887
2021-01-06T00:00:00+00:00,418.49,422.93,410.63,414.67,39194.28936
2021-01-06T04:00:00+00:00,414.49,434.2,413.38,422.41,71689.22988
2021-01-06T08:00:00+00:00,422.43,441.85,419.33,439.23,60019.87448
2021-01-06T12:00:00+00:00,439.29,442.28,426.54,435.89,61083.17227
2021-01-06T16:00:00+00:00,435.92,458.0,435.25,437.8,83186.20342
2021-01-06T20:00:00+00:00,437.69,455.69,429.58,453.44,53224.00755
2021-01-07T00:00:00+00:00,453.72,466.23,446.76,460.44,64881.03906
2021-01-07T04:00:00+00:00,460.21,461.16,439.72,442.8,61572.11708
2021-01-07T08:00:00+00:00,442.95,451.36,432.37,449.3,57543.64639
2021-01-07T12:00:00+00:00,449.22,457.87,443.53,456.0,66643.07268
2021-01-07T16:00:00+00:00,456.0,484.0,426.82,450.39,165212.86213
2021-01-07T20:00:00+00:00,450.39,461.47,440.36,448.0,55610.13018
2021-01-08T00:00:00+00:00,448.01,451.65,401.95,420.59,90596.67446
2021-01-08T04:00:00+00:00,420.59,432.75,412.01,430.9,49937.11169
2021-01-08T08:00:00+00:00,430.8,452.3,421.0,444.59,70593.12485
2021-01-08T12:00:00+00:00,444.67,454.41,422.01,432.21,109015.75655
2021-01-08T16:00:00+00:00,432.15,453.36,429.87,431.03,73370.85543
2021-01-08T20:00:00+00:00,431.35,440.2,418.78,436.98,56224.72327
2021-01-09T00:00:00+00:00,437.14,440.85,424.33,430.9,53026.92032
2021-01-09T04:00:00+00:00,430.88,431.36,417.52,424.75,41782.12944
2021-01-09T08:00:00+00:00,424.78,460.82,421.59,449.79,103627.70829
2021-01-09T12:00:00+00:00,449.95,465.54,445.0,459.29,116222.13927
2021-01-09T16:00:00+00:00,459.36,549.28,455.01,544.37,323037.5541
2021-01-09T20:00:00+00:00,544.43,588.67,528.87,574.88,187809.57723
2021-01-10T00:00:00+00:00,574.97,585.62,558.39,570.54,135232.94482
2021-01-10T04:00:00+00:00,570.56,629.79,568.98,614.31,233547.99105
2021-01-10T08:00:00+00:00,614.6,617.14,548.4,558.94,250874.87168
2021-01-10T12:00:00+00:00,559.26,618.22,550.0,586.16,280483.5173
2021-01-10T16:00:00+00:00,586.15,622.61,567.64,589.4,244212.81303
2021-01-10T20:00:00+00:00,589.82,613.47,558.88,599.98,220737.76447
2021-01-11T00:00:00+00:00,599.94,602.92,471.11,507.41,260413.10312
2021-01-11T04:00:00+00:00,507.47,519.46,457.11,490.07,218971.97652
2021-01-11T08:00:00+00:00,490.1,525.77,482.6,485.45,167615.18839
2021-01-11T12:00:00+00:00,485.08,498.95,440.0,440.87,255550.11578
2021-01-11T16:00:00+00:00,441.2,453.58,400.0,431.02,298311.84811
2021-01-11T20:00:00+00:00,431.3,484.27,421.56,476.78,136708.05385
2021-01-12T00:00:00+00:00,476.87,490.69,456.57,489.27,127900.28996
2021-01-12T04:00:00+00:00,488.98,510.0,476.55,502.96,121323.66443
2021-01-12T08:00:00+00:00,502.76,503.42,463.0,477.79,140419.2504
2021-01-12T12:00:00+00:00,477.71,485.0,443.01,461.0,114869.80779
2021-01-12T16:00:00+00:00,461.17,478.86,455.56,461.74,66770.35655
2021-01-12T20:00:00+00:00,461.9,468.92,444.49,451.88,57560.43797
2021-01-13T00:00:00+00:00,451.81,485.96,435.1,470.49,156709.15193
2021-01-13T04:00:00+00:00,470.21,478.94,455.62,474.32,74265.30596
2021-01-13T08:00:00+00:00,474.35,487.67,469.13,476.43,75334.74808
2021-01-13T12:00:00+00:00,476.46,483.0,469.56,479.01,50740.02889
2021-01-13T16:00:00+00:00,479.09,484.31,472.0,481.19,42951.50009
2021-01-13T20:00:00+00:00,481.16,500.88,478.8,496.06,69470.28709
2021-01-14T00:00:00+00:00,496.11,507.0,483.5,486.91,65904.95828
2021-01-14T04:00:00+00:00,487.02,504.37,483.89,499.16,50077.51472
2021-01-14T08:00:00+00:00,499.16,514.89,493.37,506.62,72735.53
2021-01-14T12:00:00+00:00,506.65,523.31,497.88,517.94,110289.81425
2021-01-14T16:00:00+00:00,517.86,538.88,517.86,532.07,92278.0901
2021-01-14T20:00:00+00:00,531.9,533.5,499.77,527.0,85647.80188
2021-01-15T00:00:00+00:00,527.15,536.39,506.0,512.94,67321.22963
2021-01-15T04:00:00+00:00,512.94,514.21,496.0,511.95,71882.29592
2021-01-15T08:00:00+00:00,511.99,516.0,503.15,504.8,52298.8783
2021-01-15T12:00:00+00:00,505.0,512.9,466.36,471.84,131035.82482
2021-01-15T16:00:00+00:00,472.4,482.91,452.61,473.58,121635.97525
2021-01-15T20:00:00+00:00,473.96,493.41,470.57,490.7,44400.93919
2021-01-16T00:00:00+00:00,490.7,497.99,476.05,485.33,79738.66506
2021-01-16T04:00:00+00:00,485.33,492.42,473.41,487.04,56796.97651
2021-01-16T08:00:00+00:00,487.04,506.51,484.57,503.26,66031.96931
2021-01-16T12:00:00+00:00,503.72,512.78,491.62,506.31,78143.28716
2021-01-16T16:00:00+00:00,506.33,515.55,486.34,496.65,88130.95392
2021-01-16T20:00:00+00:00,496.69,501.24,480.0,489.74,36599.01654
2021-01-17T00:00:00+00:00,489.78,495.84,481.22,487.95,35627.97899
2021-01-17T04:00:00+00:00,488.0,490.74,465.68,471.27,61920.47775
2021-01-17T08:00:00+00:00,471.2,479.48,461.45,478.05,61015.70358
2021-01-17T12:00:00+00:00,478.33,483.49,467.79,479.82,39028.46338
2021-01-17T16:00:00+00:00,479.77,483.31,474.66,476.15,32724.27217
2021-01-17T20:00:00+00:00,476.42,490.34,475.97,479.37,26112.25704
2021-01-18T00:00:00+00:00,479.32,490.96,470.0,473.02,43272.62086
2021-01-18T04:00:00+00:00,473.23,482.53,469.28,478.78,24950.78784
2021-01-18T08:00:00+00:00,479.06,485.17,473.16,481.58,29229.464
2021-01-18T12:00:00+00:00,481.38,509.9,480.35,496.82,133209.39413
2021-01-18T16:00:00+00:00,496.79,500.81,479.13,488.8,36693.61763
2021-01-18T20:00:00+00:00,488.77,514.54,487.6,508.95,42654.6826
2021-01-19T00:00:00+00:00,508.83,526.93,502.76,515.71,100134.19476
2021-01-19T04:00:00+00:00,515.89,529.08,512.6,527.99,64558.05969
2021-01-19T08:00:00+00:00,528.0,536.38,519.22,534.05,79916.98826
2021-01-19T12:00:00+00:00,534.11,542.69,519.36,542.09,78873.87016
2021-01-19T16:00:00+00:00,542.09,553.73,510.55,518.72,119000.43324
2021-01-19T20:00:00+00:00,518.74,527.82,505.78,507.04,41790.53897
2021-01-20T00:00:00+00:00,507.14,518.62,494.49,495.35,91378.27591
2021-01-20T04:00:00+00:00,495.4,508.32,491.37,503.86,50561.45032
2021-01-20T08:00:00+00:00,504.03,506.75,471.99,480.11,89036.6752
2021-01-20T12:00:00+00:00,479.91,491.96,473.0,477.61,61299.27151
2021-01-20T16:00:00+00:00,477.74,497.9,470.01,496.33,60016.03171
2021-01-20T20:00:00+00:00,496.6,499.69,487.9,496.95,20384.65596
2021-01-21T00:00:00+00:00,496.96,499.4,480.74,484.74,26914.63495
2021-01-21T04:00:00+00:00,484.66,487.1,471.63,479.65,36258.42744
2021-01-21T08:00:00+00:00,479.64,479.78,439.74,445.38,111397.48099
2021-01-21T12:00:00+00:00,445.46,456.0,434.36,438.4,88861.47093
2021-01-21T16:00:00+00:00,438.62,448.58,429.01,444.58,72470.14201
2021-01-21T20:00:00+00:00,444.45,445.33,405.48,418.68,60738.58345
2021-01-22T00:00:00+00:00,418.41,420.63,391.77,414.27,131421.28719
2021-01-22T04:00:00+00:00,414.28,425.26,412.0,414.98,57375.73729
2021-01-22T08:00:00+00:00,415.16,434.0,410.14,429.93,53603.769
2021-01-22T12:00:00+00:00,430.01,448.32,428.05,443.76,55794.40923
2021-01-22T16:00:00+00:00,443.72,450.46,436.11,448.3,36367.04294
2021-01-22T20:00:00+00:00,448.3,449.06,436.92,439.79,24003.17368
2021-01-23T00:00:00+00:00,439.79,440.01,425.41,430.87,36632.9964
2021-01-23T04:00:00+00:00,430.72,444.0,430.0,440.33,34515.03591
2021-01-23T08:00:00+00:00,440.35,442.15,416.05,421.44,38069.90058
2021-01-23T12:00:00+00:00,421.28,431.5,418.68,427.99,25671.17042
2021-01-23T16:00:00+00:00,428.32,434.84,424.39,434.05,20089.72594
2021-01-23T20:00:00+00:00,434.29,436.99,428.37,431.36,12967.25833
2021-01-24T00:00:00+00:00,431.34,435.75,425.75,434.81,15465.54727
2021-01-24T04:00:00+00:00,435.0,443.71,434.32,439.08,28686.09441
2021-01-24T08:00:00+00:00,439.33,448.84,435.26,445.5,27055.20858
2021-01-24T12:00:00+00:00,445.62,447.75,430.66,434.47,29050.41471
2021-01-24T16:00:00+00:00,434.53,437.91,421.4,425.59,26270.66407
2021-01-24T20:00:00+00:00,425.6,442.1,425.07,439.52,16285.38887
2021-01-25T00:00:00+00:00,439.67,456.41,438.46,455.22,58427.23742
2021-01-25T04:00:00+00:00,455.38,457.3,447.76,452.08,27810.2539
2021-01-25T08:00:00+00:00,452.25,454.11,442.32,449.37,20551.12478
2021-01-25T12:00:00+00:00,449.33,465.2,447.58,459.56,46815.85839
2021-01-25T16:00:00+00:00,459.71,463.2,444.64,445.51,30792.33608
2021-01-25T20:00:00+00:00,445.53,447.21,430.43,432.28,31138.43105
2021-01-26T00:00:00+00:00,432.2,438.69,422.85,425.36,34686.43485
2021-01-26T04:00:00+00:00,425.3,431.75,420.75,425.59,31556.24725
2021-01-26T08:00:00+00:00,425.77,435.67,424.56,431.55,26702.35973
2021-01-26T12:00:00+00:00,431.56,433.14,413.02,421.1,43446.8114
2021-01-26T16:00:00+00:00,420.93,430.36,416.3,427.31,26551.95092
2021-01-26T20:00:00+00:00,427.28,431.22,421.11,427.46,16000.25682
2021-01-27T00:00:00+00:00,427.6,428.08,414.2,416.72,19258.02633
2021-01-27T04:00:00+00:00,416.5,416.74,403.9,407.5,25946.57221
2021-01-27T08:00:00+00:00,407.41,407.56,388.88,389.4,48633.45546
2021-01-27T12:00:00+00:00,389.38,397.71,369.79,382.69,87331.76318
2021-01-27T16:00:00+00:00,382.79,385.45,370.0,379.53,60369.3103
2021-01-27T20:00:00+00:00,379.53,385.65,374.11,377.17,36368.02357
2021-01-28T00:00:00+00:00,377.25,393.16,370.14,391.21,35282.23407
2021-01-28T04:00:00+00:00,391.34,398.41,387.66,388.77,33197.31999
2021-01-28T08:00:00+00:00,388.66,395.0,385.65,391.98,26873.53697
2021-01-28T12:00:00+00:00,392.06,400.16,390.32,396.82,39119.88243
2021-01-28T16:00:00+00:00,396.99,400.31,390.63,393.48,26642.69211
2021-01-28T20:00:00+00:00,393.4,414.66,392.16,404.75,38333.67895
2021-01-29T00:00:00+00:00,404.77,415.4,401.06,402.54,34902.76416
2021-01-29T04:00:00+00:00,402.5,412.56,391.12,402.81,61422.12591
2021-01-29T08:00:00+00:00,402.65,429.55,395.54,424.13,151115.85991
2021-01-29T12:00:00+00:00,424.21,435.08,419.04,424.49,75739.24534
2021-01-29T16:00:00+00:00,424.49,427.35,400.69,405.07,62953.03457
2021-01-29T20:00:00+00:00,404.81,412.53,402.07,407.03,26992.50874
2021-01-30T00:00:00+00:00,407.09,410.95,392.13,395.44,42467.19248
2021-01-30T04:00:00+00:00,395.22,402.29,393.49,400.25,21236.80661
2021-01-30T08:00:00+00:00,400.36,416.65,395.64,403.39,49331.90091
2021-01-30T12:00:00+00:00,403.39,414.52,397.14,412.66,43464.88487
2021-01-30T16:00:00+00:00,412.49,419.91,405.14,414.88,41143.6598
2021-01-30T20:00:00+00:00,414.96,417.22,410.6,417.02,14901.83401
2021-01-31T00:00:00+00:00,417.0,417.05,406.25,406.81,17558.51884
2021-01-31T04:00:00+00:00,406.74,408.27,399.85,401.58,31719.20902
2021-01-31T08:00:00+00:00,401.58,412.91,400.02,409.38,31632.11668
2021-01-31T12:00:00+00:00,409.3,415.2,393.0,396.27,31430.9069
2021-01-31T16:00:00+00:00,396.43,399.48,390.51,395.81,23280.05293
2021-01-31T20:00:00+00:00,395.78,403.21,392.88,399.3,15332.77288
2021-02-01T00:00:00+00:00,399.3,404.12,389.51,401.56,34716.20199
2021-02-01T04:00:00+00:00,401.89,414.98,399.99,410.12,30920.18213
2021-02-01T08:00:00+00:00,410.4,445.72,408.28,432.0,103121.74708
2021-02-01T12:00:00+00:00,432.0,434.21,401.64,406.88,93723.63807
2021-02-01T16:00:00+00:00,406.9,412.07,403.88,407.72,35589.48639
2021-02-01T20:00:00+00:00,407.75,417.18,406.29,414.48,21361.74197
2021-02-02T00:00:00+00:00,414.43,421.34,410.97,412.57,32010.02599
2021-02-02T04:00:00+00:00,412.55,425.35,411.91,421.83,43876.16444
2021-02-02T08:00:00+00:00,421.89,432.31,416.33,421.3,45382.82935
2021-02-02T12:00:00+00:00,421.28,429.49,419.4,423.9,27721.37519
2021-02-02T16:00:00+00:00,423.78,430.31,420.26,429.18,34215.8906
2021-02-02T20:00:00+00:00,429.21,434.94,426.72,430.31,25234.80587
2021-02-03T00:00:00+00:00,430.23,443.67,430.11,439.76,38851.52509
2021-02-03T04:00:00+00:00,439.76,446.46,435.35,437.1,37024.19503
2021-02-03T08:00:00+00:00,437.11,442.35,429.68,431.86,37961.26476
2021-02-03T12:00:00+00:00,432.2,443.08,428.09,440.56,34747.43442
2021-02-03T16:00:00+00:00,440.62,449.8,433.7,441.59,47726.19402
2021-02-03T20:00:00+00:00,441.44,447.92,439.35,446.1,17573.61391
2021-02-04T00:00:00+00:00,446.13,454.94,433.8,435.27,51548.95005
2021-02-04T04:00:00+00:00,435.25,441.4,433.67,436.17,33540.23258
2021-02-04T08:00:00+00:00,436.24,443.2,420.48,425.0,63936.67625
2021-02-04T12:00:00+00:00,425.0,429.48,412.74,417.83,40954.55992
2021-02-04T16:00:00+00:00,417.91,425.31,415.22,424.44,25689.67155
2021-02-04T20:00:00+00:00,424.52,428.8,420.22,420.91,21374.64288
2021-02-05T00:00:00+00:00,421.03,432.24,417.54,429.54,26732.16227
2021-02-05T04:00:00+00:00,429.46,435.81,426.25,435.63,23046.93007
2021-02-05T08:00:00+00:00,435.75,438.4,430.0,437.65,36153.69845
2021-02-05T12:00:00+00:00,437.77,441.83,434.56,438.4,48278.17898
2021-02-05T16:00:00+00:00,438.39,442.76,428.98,433.99,33694.36499
2021-02-05T20:00:00+00:00,433.84,449.0,432.5,447.72,28677.66434
2021-02-06T00:00:00+00:00,447.86,485.0,445.79,473.36,161706.3179
2021-02-06T04:00:00+00:00,473.1,482.43,463.38,476.71,62975.31467
2021-02-06T08:00:00+00:00,477.03,490.25,474.15,479.41,77183.13815
2021-02-06T12:00:00+00:00,479.61,483.65,471.81,478.51,64893.17566
2021-02-06T16:00:00+00:00,478.53,483.32,459.35,466.4,59313.46326
2021-02-06T20:00:00+00:00,466.22,467.0,454.7,457.78,40437.25465
2021-02-07T00:00:00+00:00,458.27,463.77,442.14,448.89,59651.54072
2021-02-07T04:00:00+00:00,448.73,458.73,440.54,455.94,36218.27621
2021-02-07T08:00:00+00:00,455.9,460.22,452.05,455.93,36781.80159
2021-02-07T12:00:00+00:00,455.92,464.06,435.39,439.11,67435.32144
2021-02-07T16:00:00+00:00,439.35,445.4,429.37,441.16,44985.44788
2021-02-07T20:00:00+00:00,441.27,447.19,438.2,444.8,18858.18132
2021-02-08T00:00:00+00:00,444.77,450.51,436.54,439.46,28928.80412
2021-02-08T04:00:00+00:00,439.37,452.24,439.0,450.12,24529.47352
2021-02-08T08:00:00+00:00,450.28,459.36,446.52,454.23,34891.05867
2021-02-08T12:00:00+00:00,454.32,477.71,449.45,473.43,106424.62094
2021-02-08T16:00:00+00:00,473.48,483.63,464.78,474.4,53564.45582
2021-02-08T20:00:00+00:00,474.41,488.86,471.97,483.99,39029.95268
2021-02-09T00:00:00+00:00,483.99,496.1,476.0,493.34,72025.02302
2021-02-09T04:00:00+00:00,493.34,509.09,492.9,495.8,76006.21717
2021-02-09T08:00:00+00:00,495.82,499.81,475.0,486.28,89843.47366
2021-02-09T12:00:00+00:00,486.21,496.58,472.7,492.38,61690.90359
2021-02-09T16:00:00+00:00,492.39,514.4,487.01,505.01,82117.26575
2021-02-09T20:00:00+00:00,505.32,519.5,501.23,514.42,48329.43627
2021-02-10T00:00:00+00:00,514.85,532.25,506.9,523.41,83279.35513
2021-02-10T04:00:00+00:00,523.19,527.8,503.96,522.43,65149.99921
2021-02-10T08:00:00+00:00,522.45,538.96,514.32,525.79,80254.95301
2021-02-10T12:00:00+00:00,525.79,525.79,467.51,477.95,162597.00057
2021-02-10T16:00:00+00:00,477.67,492.18,472.67,490.03,55831.2867
2021-02-10T20:00:00+00:00,490.05,500.63,479.84,494.85,31338.6267
2021-02-11T00:00:00+00:00,495.08,508.21,490.51,502.49,34935.42975
2021-02-11T04:00:00+00:00,502.51,515.0,499.12,507.92,32693.07852
2021-02-11T08:00:00+00:00,507.62,528.0,505.84,520.43,61194.91883
2021-02-11T12:00:00+00:00,520.32,542.47,520.19,529.5,82527.1875
2021-02-11T16:00:00+00:00,529.5,539.36,518.68,528.29,53031.57787
2021-02-11T20:00:00+00:00,528.18,535.63,514.25,530.4,44986.26508
2021-02-12T00:00:00+00:00,529.91,546.94,526.02,528.88,60254.64212
2021-02-12T04:00:00+00:00,528.77,530.0,509.84,526.88,60990.00222
2021-02-12T08:00:00+00:00,527.01,550.0,525.12,542.79,52236.36576
2021-02-12T12:00:00+00:00,542.83,556.09,521.97,544.52,99173.65936
2021-02-12T16:00:00+00:00,544.52,556.5,544.52,548.3,55960.37161
2021-02-12T20:00:00+00:00,548.28,580.0,548.26,576.43,57141.23387
2021-02-13T00:00:00+00:00,576.15,587.23,576.15,580.49,47361.52724
2021-02-13T04:00:00+00:00,580.24,582.62,559.77,559.85,49281.69864
2021-02-13T08:00:00+00:00,559.84,580.74,540.0,552.82,81579.12485
2021-02-13T12:00:00+00:00,553.06,598.3,547.9,595.91,70594.03882
2021-02-13T16:00:00+00:00,595.61,656.38,586.0,654.48,196389.43774
2021-02-13T20:00:00+00:00,654.48,668.6,630.6,668.3,132113.31524
2021-02-14T00:00:00+00:00,668.32,728.49,659.57,687.96,219531.51751
2021-02-14T04:00:00+00:00,687.93,712.56,667.71,699.82,125926.49501
2021-02-14T08:00:00+00:00,699.82,718.49,683.05,693.0,85146.11659
2021-02-14T12:00:00+00:00,693.12,716.06,652.0,670.21,156305.24979
2021-02-14T16:00:00+00:00,670.22,702.8,669.01,683.12,75368.65431
2021-02-14T20:00:00+00:00,683.1,749.0,679.06,720.44,118809.9891
2021-02-15T00:00:00+00:00,720.4,748.13,601.0,666.15,262702.38647
2021-02-15T04:00:00+00:00,666.05,689.16,636.64,680.73,113001.05579
2021-02-15T08:00:00+00:00,680.95,736.0,670.02,719.0,157946.68311
2021-02-15T12:00:00+00:00,718.98,739.36,701.01,738.59,103816.00644
2021-02-15T16:00:00+00:00,738.6,773.84,733.35,752.04,135918.36076
2021-02-15T20:00:00+00:00,752.39,755.91,679.92,715.52,122378.95034
2021-02-16T00:00:00+00:00,715.61,745.0,687.55,735.24,110822.54853
2021-02-16T04:00:00+00:00,735.14,735.14,701.7,723.0,70041.0941
2021-02-16T08:00:00+00:00,722.95,725.0,703.57,708.31,59258.94633
2021-02-16T12:00:00+00:00,708.44,732.55,684.34,699.69,116918.61418
2021-02-16T16:00:00+00:00,699.69,703.49,668.8,691.47,82567.89506
2021-02-16T20:00:00+00:00,691.64,710.22,675.73,705.39,51610.54337
2021-02-17T00:00:00+00:00,705.51,721.71,688.3,689.15,61047.4516
2021-02-17T04:00:00+00:00,689.19,713.11,675.26,712.94,74476.12797
2021-02-17T08:00:00+00:00,712.93,725.85,703.63,712.42,70561.85743
2021-02-17T12:00:00+00:00,712.37,725.84,707.4,715.17,67097.10112
2021-02-17T16:00:00+00:00,715.36,722.28,707.45,716.66,40710.84905
2021-02-17T20:00:00+00:00,716.76,726.9,709.41,716.45,39805.97748
2021-02-18T00:00:00+00:00,716.39,730.0,714.01,717.37,56331.32284
2021-02-18T04:00:00+00:00,717.5,725.0,708.65,716.02,41036.36323
2021-02-18T08:00:00+00:00,715.78,720.0,694.54,703.13,50884.92108
2021-02-18T12:00:00+00:00,703.22,712.37,689.5,700.76,55600.57663
2021-02-18T16:00:00+00:00,701.01,704.67,688.75,695.7,37752.95836
2021-02-18T20:00:00+00:00,695.62,711.85,692.99,703.7,25114.6274
2021-02-19T00:00:00+00:00,704.04,712.68,681.26,694.08,56067.71837
2021-02-19T04:00:00+00:00,693.89,718.57,687.1,716.22,60014.18297
2021-02-19T08:00:00+00:00,716.24,723.68,711.17,720.99,47818.60618
2021-02-19T12:00:00+00:00,721.0,744.12,710.0,716.52,89999.24876
2021-02-19T16:00:00+00:00,716.93,723.39,698.0,712.78,68903.20187
2021-02-19T20:00:00+00:00,712.98,730.65,711.39,718.98,35990.88053
2021-02-20T00:00:00+00:00,718.95,730.98,708.22,725.36,72071.44072
2021-02-20T04:00:00+00:00,725.36,748.88,718.46,721.09,73205.8093
2021-02-20T08:00:00+00:00,721.1,733.87,715.35,725.74,51049.00672
2021-02-20T12:00:00+00:00,725.73,741.46,695.72,708.0,92927.33176
2021-02-20T16:00:00+00:00,708.05,722.17,705.8,711.92,54221.1227
2021-02-20T20:00:00+00:00,712.13,712.13,626.65,678.29,120280.5066
2021-02-21T00:00:00+00:00,678.09,694.17,665.51,681.39,59453.93778
2021-02-21T04:00:00+00:00,681.25,688.38,670.52,673.38,41378.23983
2021-02-21T08:00:00+00:00,673.52,700.49,669.06,694.21,44098.71773
2021-02-21T12:00:00+00:00,694.03,736.61,679.6,733.76,109355.64196
2021-02-21T16:00:00+00:00,733.83,735.85,711.0,719.26,62145.54568
2021-02-21T20:00:00+00:00,719.07,719.22,695.62,706.28,44196.08397
2021-02-22T00:00:00+00:00,706.16,710.42,671.56,674.86,81095.58357
2021-02-22T04:00:00+00:00,674.75,693.95,664.92,687.72,59977.87849
2021-02-22T08:00:00+00:00,688.07,691.91,643.9,651.61,78071.6204
2021-02-22T12:00:00+00:00,651.69,654.31,535.17,607.25,255597.08746
2021-02-22T16:00:00+00:00,607.47,621.81,586.14,610.93,86410.73387
2021-02-22T20:00:00+00:00,610.96,630.48,609.45,628.98,36488.12629
2021-02-23T00:00:00+00:00,628.6,632.53,579.06,589.9,93222.90272
2021-02-23T04:00:00+00:00,589.9,600.84,548.0,560.34,143043.80219
2021-02-23T08:00:00+00:00,559.84,564.94,407.8,480.94,346736.83095
2021-02-23T12:00:00+00:00,480.93,521.49,465.54,513.82,199836.9161
2021-02-23T16:00:00+00:00,513.81,525.43,478.67,479.05,86562.72857
2021-02-23T20:00:00+00:00,479.01,517.65,475.5,515.84,37788.31585
2021-02-24T00:00:00+00:00,515.84,549.14,495.53,544.68,122672.32052
2021-02-24T04:00:00+00:00,544.96,553.67,528.23,539.53,59470.58209
2021-02-24T08:00:00+00:00,539.43,556.13,534.82,543.25,57172.35384
2021-02-24T12:00:00+00:00,543.36,549.75,510.68,533.3,78236.29242
2021-02-24T16:00:00+00:00,533.08,544.06,515.44,517.88,48419.84556
2021-02-24T20:00:00+00:00,518.09,527.68,503.4,526.99,38952.69502
2021-02-25T00:00:00+00:00,527.08,544.0,523.39,528.09,47816.58109
2021-02-25T04:00:00+00:00,527.88,538.92,519.65,532.35,33201.30862
2021-02-25T08:00:00+00:00,532.33,545.0,514.61,543.16,60733.44891
2021-02-25T12:00:00+00:00,543.16,558.0,537.08,546.04,71702.38709
2021-02-25T16:00:00+00:00,546.2,548.55,520.66,524.35,41492.13022
2021-02-25T20:00:00+00:00,524.35,525.42,493.62,499.67,62450.83542
2021-02-26T00:00:00+00:00,499.06,507.21,473.11,490.83,101777.68532
2021-02-26T04:00:00+00:00,490.98,496.35,457.22,466.77,88103.05368
2021-02-26T08:00:00+00:00,466.58,489.21,466.58,482.01,65455.87539
2021-02-26T12:00:00+00:00,481.96,494.94,475.81,493.13,44362.6331
2021-02-26T16:00:00+00:00,493.15,508.6,490.19,493.15,37926.63146
2021-02-26T20:00:00+00:00,493.59,497.55,476.08,484.46,33653.91826
2021-02-27T00:00:00+00:00,484.46,500.39,483.66,493.94,34263.39037
2021-02-27T04:00:00+00:00,493.91,502.54,488.68,491.48,30008.01396
2021-02-27T08:00:00+00:00,491.42,510.0,480.5,489.97,44563.8178
2021-02-27T12:00:00+00:00,489.97,499.57,484.22,485.39,37465.52948
2021-02-27T16:00:00+00:00,485.36,496.83,482.73,496.58,20668.49861
2021-02-27T20:00:00+00:00,496.58,497.27,473.09,483.35,23863.20887
2021-02-28T00:00:00+00:00,483.21,485.25,454.63,457.26,53357.39024
2021-02-28T04:00:00+00:00,457.27,468.12,441.06,449.75,68157.54201
2021-02-28T08:00:00+00:00,449.85,465.34,449.57,461.08,25958.24317
2021-02-28T12:00:00+00:00,461.42,463.23,437.38,442.14,61028.53336
2021-02-28T16:00:00+00:00,442.06,452.92,431.4,451.28,51838.3964
2021-02-28T20:00:00+00:00,451.44,466.22,450.16,460.12,23438.93029
2021-03-01T00:00:00+00:00,460.17,471.71,457.28,466.92,28752.17611
2021-03-01T04:00:00+00:00,467.14,471.96,459.92,466.21,20922.0252
2021-03-01T08:00:00+00:00,466.34,486.48,466.21,482.28,44582.17763
2021-03-01T12:00:00+00:00,482.21,501.09,479.51,501.0,47227.8034
2021-03-01T16:00:00+00:00,501.01,506.35,483.68,486.97,38411.63985
2021-03-01T20:00:00+00:00,486.82,502.39,484.39,501.61,17263.16599
2021-03-02T00:00:00+00:00,501.35,509.98,494.06,500.0,35438.11157
2021-03-02T04:00:00+00:00,500.15,505.41,494.33,497.78,22918.78312
2021-03-02T08:00:00+00:00,497.95,549.87,497.55,539.53,108977.01927
2021-03-02T12:00:00+00:00,539.5,546.64,524.34,536.98,73014.2465
2021-03-02T16:00:00+00:00,536.94,537.29,507.68,509.84,65266.8564
2021-03-02T20:00:00+00:00,509.95,518.0,501.25,517.62,45794.60573
2021-03-03T00:00:00+00:00,517.49,526.43,510.79,519.96,35552.63787
2021-03-03T04:00:00+00:00,519.97,538.05,519.58,535.35,43523.95732
2021-03-03T08:00:00+00:00,535.57,546.75,532.54,537.83,51778.17241
2021-03-03T12:00:00+00:00,537.95,555.71,526.13,534.54,72261.69108
2021-03-03T16:00:00+00:00,534.54,540.84,530.5,534.4,25881.93361
2021-03-03T20:00:00+00:00,534.4,535.79,520.66,520.82,24514.80361
2021-03-04T00:00:00+00:00,520.84,538.73,511.69,514.27,39342.29506
2021-03-04T04:00:00+00:00,514.09,520.74,508.17,520.63,29752.18999
2021-03-04T08:00:00+00:00,520.38,526.75,508.28,515.58,36925.49204
2021-03-04T12:00:00+00:00,515.55,524.28,509.6,516.68,27152.31838
2021-03-04T16:00:00+00:00,516.54,519.67,492.43,498.76,41452.75559
2021-03-04T20:00:00+00:00,498.72,509.88,494.83,505.31,17462.41088
2021-03-05T00:00:00+00:00,505.46,505.83,476.48,486.33,37693.99258
2021-03-05T04:00:00+00:00,486.11,488.41,478.02,484.6,17990.98927
2021-03-05T08:00:00+00:00,484.61,487.19,472.7,486.95,20844.11848
2021-03-05T12:00:00+00:00,487.07,499.58,482.86,487.36,29938.50741
2021-03-05T16:00:00+00:00,487.28,500.15,480.7,498.51,24621.26472
2021-03-05T20:00:00+00:00,498.64,504.85,496.48,497.22,15911.51209
2021-03-06T00:00:00+00:00,496.95,501.49,493.28,495.09,7272.48871
2021-03-06T04:00:00+00:00,495.44,505.87,489.0,502.55,15569.65699
2021-03-06T08:00:00+00:00,502.47,504.43,494.28,495.75,13145.20024
2021-03-06T12:00:00+00:00,495.82,496.01,482.28,485.83,22189.90886
2021-03-06T16:00:00+00:00,485.86,497.61,483.81,495.32,14383.23997
2021-03-06T20:00:00+00:00,495.44,503.25,494.06,500.38,10175.06301
2021-03-07T00:00:00+00:00,500.31,511.0,500.31,506.4,21735.8971
2021-03-07T04:00:00+00:00,506.41,512.72,503.03,511.23,12201.62868
2021-03-07T08:00:00+00:00,511.11,515.96,509.19,510.69,22362.09096
2021-03-07T12:00:00+00:00,510.7,512.22,503.0,510.51,17820.38822
2021-03-07T16:00:00+00:00,510.66,514.6,507.95,510.36,13989.01673
2021-03-07T20:00:00+00:00,510.15,519.11,504.19,516.56,16861.68903
2021-03-08T00:00:00+00:00,516.83,526.72,514.57,517.05,38397.36863
2021-03-08T04:00:00+00:00,517.04,522.68,503.53,506.79,23091.47097
2021-03-08T08:00:00+00:00,506.81,509.9,500.33,509.69,20033.66874
2021-03-08T12:00:00+00:00,509.76,524.41,504.14,519.0,30269.2098
2021-03-08T16:00:00+00:00,518.99,526.25,515.6,520.25,22967.76707
2021-03-08T20:00:00+00:00,520.26,529.84,517.83,529.15,16837.84076
2021-03-09T00:00:00+00:00,529.2,544.52,523.22,544.32,31963.17983
2021-03-09T04:00:00+00:00,544.33,547.13,534.01,535.6,25102.00357
2021-03-09T08:00:00+00:00,535.64,545.87,535.15,539.6,21719.84672
2021-03-09T12:00:00+00:00,539.6,541.96,531.1,537.03,24517.25366
2021-03-09T16:00:00+00:00,536.83,541.15,531.97,534.56,19741.77567
2021-03-09T20:00:00+00:00,534.56,545.65,533.13,545.32,20567.22605
2021-03-10T00:00:00+00:00,545.44,559.7,517.0,520.67,62017.36185
2021-03-10T04:00:00+00:00,520.93,531.28,517.43,529.72,18932.83344
2021-03-10T08:00:00+00:00,529.64,539.46,527.65,534.0,18961.67115
2021-03-10T12:00:00+00:00,534.03,550.33,532.97,549.57,37144.60912
2021-03-10T16:00:00+00:00,549.67,568.24,544.23,561.82,55575.76287
2021-03-10T20:00:00+00:00,561.95,562.72,545.32,546.27,37134.06546
2021-03-11T00:00:00+00:00,546.42,565.15,535.0,558.36,51185.7337
2021-03-11T04:00:00+00:00,558.84,564.0,538.45,539.19,51555.19785
2021-03-11T08:00:00+00:00,539.1,545.34,528.0,545.34,57223.93439
2021-03-11T12:00:00+00:00,545.19,555.05,535.68,538.51,39149.41763
2021-03-11T16:00:00+00:00,538.57,547.43,537.42,542.0,25450.16213
2021-03-11T20:00:00+00:00,542.24,555.0,540.89,549.85,19710.4462
2021-03-12T00:00:00+00:00,549.81,564.08,541.47,556.23,42955.8766
2021-03-12T04:00:00+00:00,556.41,557.22,543.39,546.78,23253.0239
2021-03-12T08:00:00+00:00,546.8,553.19,530.65,536.98,37995.12769
2021-03-12T12:00:00+00:00,537.0,539.61,508.89,529.57,55753.80124
2021-03-12T16:00:00+00:00,529.59,537.11,525.21,525.77,28229.15241
2021-03-12T20:00:00+00:00,525.62,539.77,522.68,538.44,20960.578
2021-03-13T00:00:00+00:00,538.36,549.25,521.27,541.6,35457.95245
2021-03-13T04:00:00+00:00,541.59,548.97,536.08,548.82,21800.08521
2021-03-13T08:00:00+00:00,548.78,570.58,543.52,565.25,47778.17962
2021-03-13T12:00:00+00:00,565.55,595.48,559.11,593.37,72848.00765
2021-03-13T16:00:00+00:00,593.53,608.96,586.2,599.92,47772.80859
2021-03-13T20:00:00+00:00,600.1,608.15,590.01,593.99,34938.45231
2021-03-14T00:00:00+00:00,594.06,601.98,584.09,598.57,37450.84346
2021-03-14T04:00:00+00:00,598.61,599.45,578.7,579.76,25361.21341
2021-03-14T08:00:00+00:00,579.76,590.63,561.83,575.41,40972.07338
2021-03-14T12:00:00+00:00,575.49,581.52,561.0,563.18,35341.58085
2021-03-14T16:00:00+00:00,563.08,570.99,555.21,567.52,26024.33941
2021-03-14T20:00:00+00:00,567.66,573.11,551.18,552.02,32701.51745
2021-03-15T00:00:00+00:00,551.72,567.94,549.0,565.8,25222.19117
2021-03-15T04:00:00+00:00,565.89,568.16,520.61,532.9,54214.43903
2021-03-15T08:00:00+00:00,532.9,538.89,514.56,528.85,64087.13966
2021-03-15T12:00:00+00:00,528.87,534.89,519.52,522.67,34053.57271
2021-03-15T16:00:00+00:00,522.67,530.62,517.54,529.62,22097.82975
2021-03-15T20:00:00+00:00,529.53,533.1,521.76,523.2,18756.66087
2021-03-16T00:00:00+00:00,523.56,528.12,502.2,518.02,41412.76679
2021-03-16T04:00:00+00:00,517.94,538.45,512.19,532.16,32952.30491
2021-03-16T08:00:00+00:00,532.36,537.58,521.6,525.52,24976.96884
2021-03-16T12:00:00+00:00,525.27,531.98,518.46,529.59,18965.15321
2021-03-16T16:00:00+00:00,529.69,531.69,515.31,521.81,14168.4432
2021-03-16T20:00:00+00:00,521.71,529.0,520.67,528.5,11276.56518
2021-03-17T00:00:00+00:00,528.63,530.99,520.13,520.97,11368.38972
2021-03-17T04:00:00+00:00,521.13,534.01,518.09,526.57,12337.79495
2021-03-17T08:00:00+00:00,526.73,530.0,512.28,515.92,17655.55403
2021-03-17T12:00:00+00:00,515.75,521.25,511.4,517.58,14897.08896
2021-03-17T16:00:00+00:00,517.49,538.7,513.61,534.97,18905.86499
2021-03-17T20:00:00+00:00,534.95,542.04,530.88,541.57,14992.84206
2021-03-18T00:00:00+00:00,541.67,545.17,536.78,537.58,20484.53264
2021-03-18T04:00:00+00:00,537.51,540.78,532.66,533.83,14455.98604
2021-03-18T08:00:00+00:00,533.56,537.68,530.58,531.84,12952.1881
2021-03-18T12:00:00+00:00,531.94,542.5,527.92,542.0,20497.32082
2021-03-18T16:00:00+00:00,542.0,547.0,524.56,525.32,26208.08284
2021-03-18T20:00:00+00:00,525.37,532.09,522.59,528.17,11970.38583
2021-03-19T00:00:00+00:00,528.45,537.85,516.92,533.95,20747.08411
2021-03-19T04:00:00+00:00,533.95,538.22,528.35,528.92,11275.41658
2021-03-19T08:00:00+00:00,529.12,540.0,527.25,538.52,15880.40135
2021-03-19T12:00:00+00:00,538.69,541.0,531.42,538.41,12962.719
2021-03-19T16:00:00+00:00,538.31,551.0,536.24,542.55,22071.74985
2021-03-19T20:00:00+00:00,542.73,544.26,531.09,532.37,10532.21918
2021-03-20T00:00:00+00:00,532.3,542.57,529.51,540.77,9685.72388
2021-03-20T04:00:00+00:00,540.82,542.16,536.23,539.35,8521.36854
2021-03-20T08:00:00+00:00,539.42,550.21,539.14,549.63,13901.36825
2021-03-20T12:00:00+00:00,549.82,551.88,539.06,541.67,17320.74375
2021-03-20T16:00:00+00:00,541.49,550.04,537.0,547.31,17378.60046
2021-03-20T20:00:00+00:00,547.34,547.88,535.09,536.05,13380.69107
2021-03-21T00:00:00+00:00,536.28,543.26,528.23,531.88,15322.26438
2021-03-21T04:00:00+00:00,532.07,532.16,522.15,526.27,13222.64593
2021-03-21T08:00:00+00:00,526.19,529.2,515.0,520.35,20063.57556
2021-03-21T12:00:00+00:00,520.39,526.0,515.2,522.65,10560.28258
2021-03-21T16:00:00+00:00,522.24,527.55,518.59,526.54,7665.32574
2021-03-21T20:00:00+00:00,526.58,529.24,521.77,523.59,7352.49514
2021-03-22T00:00:00+00:00,523.58,524.45,512.9,520.41,14835.39214
2021-03-22T04:00:00+00:00,520.51,526.0,518.01,521.59,10377.44187
2021-03-22T08:00:00+00:00,521.59,527.0,515.69,525.37,14708.60442
2021-03-22T12:00:00+00:00,525.23,539.63,520.68,531.19,39655.96907
2021-03-22T16:00:00+00:00,531.4,538.76,523.56,524.01,23151.47409
2021-03-22T20:00:00+00:00,524.01,527.61,506.0,509.07,26640.04516
2021-03-23T00:00:00+00:00,509.1,531.56,505.4,529.99,34751.5547
2021-03-23T04:00:00+00:00,529.99,533.59,512.49,519.37,40053.78292
2021-03-23T08:00:00+00:00,519.37,529.53,513.5,519.87,21963.89944
2021-03-23T12:00:00+00:00,519.87,528.29,519.55,522.81,19681.34316
2021-03-23T16:00:00+00:00,522.83,525.48,514.83,515.55,13619.10068
2021-03-23T20:00:00+00:00,515.55,516.56,510.06,510.76,13028.81784
2021-03-24T00:00:00+00:00,510.81,516.2,504.77,513.53,14268.13457
2021-03-24T04:00:00+00:00,513.5,520.49,509.55,519.69,10378.03583
2021-03-24T08:00:00+00:00,519.65,524.42,518.82,523.17,14163.00409
2021-03-24T12:00:00+00:00,523.12,529.58,519.91,523.37,25657.66356
2021-03-24T16:00:00+00:00,523.51,525.07,507.25,507.45,14536.34272
2021-03-24T20:00:00+00:00,507.44,510.98,441.47,474.22,72969.81066
2021-03-25T00:00:00+00:00,474.23,478.81,451.0,463.22,39943.02814
2021-03-25T04:00:00+00:00,463.32,473.66,459.65,464.68,18003.77786
2021-03-25T08:00:00+00:00,464.67,478.43,463.95,471.49,19869.5855
2021-03-25T12:00:00+00:00,471.55,474.91,456.45,467.38,27065.52237
2021-03-25T16:00:00+00:00,467.38,480.89,464.03,480.52,17818.976
2021-03-25T20:00:00+00:00,480.42,482.4,471.96,472.8,10632.38489
2021-03-26T00:00:00+00:00,472.79,479.8,470.36,476.25,13305.84417
2021-03-26T04:00:00+00:00,476.31,478.68,471.2,476.26,15555.92273
2021-03-26T08:00:00+00:00,476.26,494.36,474.44,489.36,37233.64157
2021-03-26T12:00:00+00:00,489.82,498.05,487.37,492.59,30875.30761
2021-03-26T16:00:00+00:00,492.51,497.75,489.12,497.11,12966.34806
2021-03-26T20:00:00+00:00,497.13,507.69,497.13,505.81,15157.89801
2021-03-27T00:00:00+00:00,505.75,509.66,500.25,502.21,13314.84282
2021-03-27T04:00:00+00:00,502.17,504.79,496.44,498.4,8852.91454
2021-03-27T08:00:00+00:00,498.4,501.89,492.21,492.65,11772.94708
2021-03-27T12:00:00+00:00,492.81,495.21,484.88,494.0,15125.33758
2021-03-27T16:00:00+00:00,493.95,502.29,493.85,500.33,11630.45621
2021-03-27T20:00:00+00:00,500.35,505.2,498.95,500.58,8021.07157
2021-03-28T00:00:00+00:00,500.59,505.59,485.0,502.12,15683.25302
2021-03-28T04:00:00+00:00,502.15,505.45,499.54,502.98,9064.74427
2021-03-28T08:00:00+00:00,502.99,504.12,496.12,496.22,9354.90789
2021-03-28T12:00:00+00:00,496.33,501.84,492.22,500.66,10728.02013
2021-03-28T16:00:00+00:00,500.67,502.45,487.79,492.35,13945.04516
2021-03-28T20:00:00+00:00,492.08,497.75,489.78,497.04,6934.07147
2021-03-29T00:00:00+00:00,497.1,502.43,491.5,499.97,11753.77927
2021-03-29T04:00:00+00:00,500.11,511.34,498.2,508.04,14985.99094
2021-03-29T08:00:00+00:00,508.23,522.62,508.23,519.98,22454.63466
2021-03-29T12:00:00+00:00,519.96,525.0,511.87,517.75,18342.62808
2021-03-29T16:00:00+00:00,517.09,522.76,514.29,517.72,12353.67249
2021-03-29T20:00:00+00:00,517.8,520.77,515.02,518.36,6905.08803
2021-03-30T00:00:00+00:00,518.37,519.95,511.3,513.74,10084.43562
2021-03-30T04:00:00+00:00,513.74,520.2,511.5,518.5,12942.75294
2021-03-30T08:00:00+00:00,518.43,536.55,518.43,533.24,28954.80596
2021-03-30T12:00:00+00:00,533.23,536.55,523.45,524.83,16593.18668
2021-03-30T16:00:00+00:00,524.83,531.69,524.61,531.67,8925.48959
2021-03-30T20:00:00+00:00,531.66,531.75,522.47,525.75,7117.49368
2021-03-31T00:00:00+00:00,525.75,533.39,518.75,523.42,17460.94939
2021-03-31T04:00:00+00:00,523.11,533.3,509.75,517.28,24465.52471
2021-03-31T08:00:00+00:00,516.88,535.0,502.63,516.64,30834.44283
2021-03-31T12:00:00+00:00,516.55,527.68,513.62,526.79,13923.90075
2021-03-31T16:00:00+00:00,526.69,534.14,520.61,525.7,16172.23027
2021-03-31T20:00:00+00:00,525.67,545.15,524.0,541.06,26673.03899
2021-04-01T00:00:00+00:00,541.11,554.67,540.48,541.56,28979.97865
2021-04-01T04:00:00+00:00,541.56,544.96,531.79,538.96,17824.09462
2021-04-01T08:00:00+00:00,538.97,546.82,528.65,533.4,21097.11263
2021-04-01T12:00:00+00:00,533.4,546.65,529.43,543.73,18861.83388
2021-04-01T16:00:00+00:00,543.73,559.23,530.02,553.34,45241.56608
2021-04-01T20:00:00+00:00,553.34,560.0,549.77,556.66,16835.67044
2021-04-02T00:00:00+00:00,556.66,565.42,545.13,560.33,30863.42362
2021-04-02T04:00:00+00:00,560.33,562.26,551.79,557.4,18974.39709
2021-04-02T08:00:00+00:00,557.41,576.69,555.5,575.32,25263.54217
2021-04-02T12:00:00+00:00,575.09,588.24,564.61,585.59,53611.77138
2021-04-02T16:00:00+00:00,585.28,598.54,576.09,579.65,57462.53986
2021-04-02T20:00:00+00:00,579.75,587.88,571.34,580.64,19861.36074
2021-04-03T00:00:00+00:00,580.4,595.91,580.02,584.15,29347.38076
2021-04-03T04:00:00+00:00,584.26,594.46,583.32,589.04,20618.47095
2021-04-03T08:00:00+00:00,589.08,593.43,569.22,580.64,35047.34717
2021-04-03T12:00:00+00:00,580.67,584.39,562.54,564.28,22914.26537
2021-04-03T16:00:00+00:00,564.56,570.5,540.81,556.66,45847.19082
2021-04-03T20:00:00+00:00,556.54,556.61,529.1,530.59,30418.41309
2021-04-04T00:00:00+00:00,530.66,548.26,521.07,547.57,28050.25389
2021-04-04T04:00:00+00:00,547.54,553.9,541.8,553.69,14587.3577
2021-04-04T08:00:00+00:00,553.81,560.84,548.57,551.08,16884.63499
2021-04-04T12:00:00+00:00,551.08,561.8,548.32,552.84,20213.66415
2021-04-04T16:00:00+00:00,552.59,564.4,551.13,556.32,15815.97392
2021-04-04T20:00:00+00:00,556.27,560.83,552.73,560.78,12003.26058
2021-04-05T00:00:00+00:00,560.8,582.49,553.66,575.01,47551.10512
2021-04-05T04:00:00+00:00,574.83,583.24,559.61,568.07,30021.07826
2021-04-05T08:00:00+00:00,568.14,596.83,561.96,596.82,41007.07281
2021-04-05T12:00:00+00:00,596.82,619.48,595.87,618.68,72146.28557
2021-04-05T16:00:00+00:00,619.1,629.15,609.99,611.0,54652.17756
2021-04-05T20:00:00+00:00,611.36,650.0,611.0,647.21,48551.63833
2021-04-06T00:00:00+00:00,647.24,660.37,636.58,643.62,60494.92133
2021-04-06T04:00:00+00:00,643.67,648.46,625.22,628.67,33799.28357
2021-04-06T08:00:00+00:00,628.73,670.96,625.4,663.09,77472.54954
2021-04-06T12:00:00+00:00,663.09,673.9,614.68,637.03,77232.64966
2021-04-06T16:00:00+00:00,637.1,660.34,636.64,650.93,34637.98
2021-04-06T20:00:00+00:00,650.56,664.71,641.1,662.5,21346.91516
2021-04-07T00:00:00+00:00,662.71,682.5,646.96,682.1,42349.21301
2021-04-07T04:00:00+00:00,682.11,694.71,650.19,671.16,94864.13499
2021-04-07T08:00:00+00:00,671.11,673.27,595.71,617.78,109918.47141
2021-04-07T12:00:00+00:00,617.78,641.43,594.29,625.69,76381.18815
2021-04-07T16:00:00+00:00,625.64,642.29,603.83,622.03,54734.76854
2021-04-07T20:00:00+00:00,622.5,631.69,609.06,615.93,21997.17191
2021-04-08T00:00:00+00:00,615.77,632.86,609.73,617.96,31169.9448
2021-04-08T04:00:00+00:00,618.01,640.6,617.6,636.08,20868.82475
2021-04-08T08:00:00+00:00,635.81,641.0,609.14,617.35,35395.26664
2021-04-08T12:00:00+00:00,617.34,641.74,614.53,636.27,27175.02915
2021-04-08T16:00:00+00:00,636.28,642.0,626.47,629.41,15427.02397
2021-04-08T20:00:00+00:00,629.4,643.82,623.11,643.35,15074.40736
2021-04-09T00:00:00+00:00,642.93,649.7,633.28,635.75,19760.34936
2021-04-09T04:00:00+00:00,635.47,645.56,633.01,639.68,15564.26367
2021-04-09T08:00:00+00:00,639.86,642.4,628.51,639.68,20668.68635
2021-04-09T12:00:00+00:00,639.59,641.88,625.0,638.0,28064.82333
2021-04-09T16:00:00+00:00,638.22,640.17,630.08,637.46,15267.84149
2021-04-09T20:00:00+00:00,637.76,641.83,627.55,631.21,12489.73082
2021-04-10T00:00:00+00:00,631.38,642.97,624.37,642.71,20717.05432
2021-04-10T04:00:00+00:00,642.6,666.9,641.0,663.29,51086.45944
2021-04-10T08:00:00+00:00,663.26,667.89,654.79,656.36,21407.17524
2021-04-10T12:00:00+00:00,656.34,677.48,645.35,675.76,37837.88929
2021-04-10T16:00:00+00:00,675.51,681.9,659.3,671.44,43143.01694
2021-04-10T20:00:00+00:00,671.45,676.09,653.51,673.1,23874.50629
2021-04-11T00:00:00+00:00,673.41,715.7,672.43,711.8,76566.79598
2021-04-11T04:00:00+00:00,712.09,712.82,684.91,700.25,61542.13778
2021-04-11T08:00:00+00:00,700.1,704.7,682.82,691.77,36067.58301
2021-04-11T12:00:00+00:00,691.82,693.92,669.48,684.79,45149.80921
2021-04-11T16:00:00+00:00,684.45,688.03,670.48,681.2,25777.34982
2021-04-11T20:00:00+00:00,681.13,692.89,672.01,689.65,17274.21691
2021-04-12T00:00:00+00:00,689.68,692.37,677.09,685.68,17849.45655
2021-04-12T04:00:00+00:00,685.76,696.27,683.52,691.95,25261.78296
2021-04-12T08:00:00+00:00,692.0,696.6,664.35,676.06,37203.9656
2021-04-12T12:00:00+00:00,676.12,700.0,654.32,666.13,31408.70895
2021-04-12T16:00:00+00:00,666.12,697.07,652.05,673.26,41032.62731
2021-04-12T20:00:00+00:00,673.65,676.97,668.84,670.39,11035.71493
2021-04-13T00:00:00+00:00,670.57,680.57,666.8,673.52,25096.05477
2021-04-13T04:00:00+00:00,673.6,695.0,668.14,692.39,44529.43054
2021-04-13T08:00:00+00:00,692.18,719.97,690.17,717.01,74995.38465
2021-04-13T12:00:00+00:00,717.03,733.88,711.45,733.43,63513.07226
2021-04-13T16:00:00+00:00,733.18,748.51,725.27,740.2,61788.09032
2021-04-13T20:00:00+00:00,740.24,752.0,719.68,745.14,52338.71951
2021-04-14T00:00:00+00:00,745.06,823.34,744.88,812.31,133964.12666
2021-04-14T04:00:00+00:00,812.5,829.0,805.86,811.17,73760.70359
2021-04-14T08:00:00+00:00,810.84,822.12,766.6,808.76,120877.99378
2021-04-14T12:00:00+00:00,808.76,817.13,758.0,794.71,108337.30248
2021-04-14T16:00:00+00:00,794.62,846.0,787.78,801.2,113672.19218
2021-04-14T20:00:00+00:00,801.6,830.1,792.3,814.85,41954.12629
2021-04-15T00:00:00+00:00,814.61,827.35,797.7,815.01,43303.71204
2021-04-15T04:00:00+00:00,814.97,838.96,802.08,822.65,50374.16224
2021-04-15T08:00:00+00:00,822.27,829.0,798.9,809.76,44877.55334
2021-04-15T12:00:00+00:00,809.52,842.94,808.01,838.21,67259.02217
2021-04-15T16:00:00+00:00,838.05,860.85,831.71,851.06,70833.69709
2021-04-15T20:00:00+00:00,851.35,876.87,843.13,864.82,53336.43972
2021-04-16T00:00:00+00:00,864.44,967.57,864.44,957.83,155167.70246
2021-04-16T04:00:00+00:00,957.8,958.4,882.61,911.98,161579.174
2021-04-16T08:00:00+00:00,911.0,930.0,847.88,895.9,120657.06103
2021-04-16T12:00:00+00:00,895.5,1030.02,816.19,1001.05,172931.55019
2021-04-16T16:00:00+00:00,1001.12,1175.14,984.02,1041.15,330622.92136
2021-04-16T20:00:00+00:00,1040.87,1174.11,1023.57,1103.53,99247.67731
2021-04-17T00:00:00+00:00,1103.54,1178.24,1074.34,1134.65,126942.50527
2021-04-17T04:00:00+00:00,1134.84,1219.98,1103.75,1179.0,152916.42422
2021-04-17T08:00:00+00:00,1179.35,1195.04,1069.95,1105.25,137075.52945
2021-04-17T12:00:00+00:00,1105.56,1136.22,1020.2,1039.04,141088.8761
2021-04-17T16:00:00+00:00,1039.38,1062.97,992.41,1038.82,112596.83716
2021-04-17T20:00:00+00:00,1039.27,1066.91,988.62,991.76,62903.82144
2021-04-18T00:00:00+00:00,992.11,1015.3,806.89,888.65,199801.26516
2021-04-18T04:00:00+00:00,889.2,939.3,860.43,922.7,174907.82794
2021-04-18T08:00:00+00:00,922.74,932.14,838.62,846.67,166405.25159
2021-04-18T12:00:00+00:00,846.66,932.06,839.69,926.72,107946.67594
2021-04-18T16:00:00+00:00,926.11,948.26,899.16,921.12,74291.35541
2021-04-18T20:00:00+00:00,920.79,976.74,914.96,972.51,58390.13427
2021-04-19T00:00:00+00:00,972.51,1040.52,934.84,1016.16,111416.77391
2021-04-19T04:00:00+00:00,1016.14,1016.64,982.11,1001.49,65982.67378
2021-04-19T08:00:00+00:00,1001.0,1002.99,916.14,966.34,99973.84497
2021-04-19T12:00:00+00:00,966.76,973.91,872.18,884.74,151391.88412
2021-04-19T16:00:00+00:00,883.79,933.25,876.58,927.71,69053.838
2021-04-19T20:00:00+00:00,927.71,939.86,883.23,891.27,40807.68837
2021-04-20T00:00:00+00:00,891.57,899.85,828.0,861.4,71894.45337
2021-04-20T04:00:00+00:00,861.98,907.71,841.08,872.76,74381.7996
2021-04-20T08:00:00+00:00,872.87,972.69,867.86,952.87,116435.55075
2021-04-20T12:00:00+00:00,953.22,963.76,894.35,942.88,93437.99715
2021-04-20T16:00:00+00:00,943.16,963.69,919.24,961.25,76138.61278
2021-04-20T20:00:00+00:00,961.2,964.98,929.7,940.79,42489.53043
2021-04-21T00:00:00+00:00,940.41,998.8,940.02,950.63,100979.73854
2021-04-21T04:00:00+00:00,951.03,967.08,938.46,943.87,42451.30534
2021-04-21T08:00:00+00:00,944.59,949.32,899.31,913.92,73926.79912
2021-04-21T12:00:00+00:00,913.82,981.0,904.42,979.77,87879.08564
2021-04-21T16:00:00+00:00,979.94,989.0,947.69,964.95,39910.37485
2021-04-21T20:00:00+00:00,965.16,966.17,903.6,909.2,45450.74893
2021-04-22T00:00:00+00:00,909.27,931.22,885.0,900.58,81469.88899
2021-04-22T04:00:00+00:00,901.2,938.66,899.72,919.26,30367.35384
2021-04-22T08:00:00+00:00,919.26,966.69,889.31,948.59,86226.27938
2021-04-22T12:00:00+00:00,948.12,968.32,930.0,943.2,54609.98724
2021-04-22T16:00:00+00:00,943.69,971.61,904.58,925.08,80503.08533
2021-04-22T20:00:00+00:00,925.08,925.26,840.0,853.08,85143.28899
2021-04-23T00:00:00+00:00,853.22,874.44,685.36,782.93,219327.28536
2021-04-23T04:00:00+00:00,782.91,788.99,730.0,751.86,143943.58441
2021-04-23T08:00:00+00:00,750.42,812.68,736.6,797.86,94921.63555
2021-04-23T12:00:00+00:00,797.22,805.0,752.0,800.73,77088.03587
2021-04-23T16:00:00+00:00,800.91,819.49,785.39,816.3,42407.23559
2021-04-23T20:00:00+00:00,816.76,841.24,805.35,839.34,30728.65168
2021-04-24T00:00:00+00:00,839.34,843.01,787.22,815.6,57000.89397
2021-04-24T04:00:00+00:00,815.8,817.79,789.41,796.82,34382.40932
2021-04-24T08:00:00+00:00,796.46,807.68,747.79,759.91,69074.30398
2021-04-24T12:00:00+00:00,760.05,792.74,753.6,787.4,47563.73321
2021-04-24T16:00:00+00:00,787.36,798.65,766.44,789.14,25634.81294
2021-04-24T20:00:00+00:00,789.01,801.76,764.0,770.41,21388.83656
2021-04-25T00:00:00+00:00,771.36,787.92,762.8,766.91,23738.12923
2021-04-25T04:00:00+00:00,767.07,769.94,766.4,769.28,65.6981
2021-04-25T08:00:00+00:00,769.2,782.76,759.64,774.06,24502.02565
2021-04-25T12:00:00+00:00,774.44,802.82,770.82,800.44,34901.18404
2021-04-25T16:00:00+00:00,800.44,807.01,766.23,767.53,29016.71468
2021-04-25T20:00:00+00:00,766.64,774.03,715.28,758.87,51951.48053
2021-04-26T00:00:00+00:00,759.3,813.69,750.44,810.0,59312.30804
2021-04-26T04:00:00+00:00,810.0,828.75,800.2,820.19,33509.36837
2021-04-26T08:00:00+00:00,820.07,836.49,806.43,831.41,37323.95704
2021-04-26T12:00:00+00:00,831.33,838.63,820.78,831.34,36743.16798
2021-04-26T16:00:00+00:00,831.35,843.35,814.8,838.65,40955.22504
2021-04-26T20:00:00+00:00,838.86,850.0,816.24,848.88,33039.26098
2021-04-27T00:00:00+00:00,848.89,867.98,832.19,853.53,35097.38598
2021-04-27T04:00:00+00:00,853.16,872.41,845.06,863.03,29896.18385
2021-04-27T08:00:00+00:00,862.97,883.0,855.09,878.11,28221.07076
2021-04-27T12:00:00+00:00,878.49,882.0,851.0,871.3,35723.90867
2021-04-27T16:00:00+00:00,871.74,892.0,863.25,868.18,41135.6038
2021-04-27T20:00:00+00:00,868.83,891.63,868.83,890.58,20416.17817
2021-04-28T00:00:00+00:00,890.15,929.0,885.29,885.69,58860.8945
2021-04-28T04:00:00+00:00,885.69,901.91,852.39,876.26,57439.92891
2021-04-28T08:00:00+00:00,876.0,893.5,859.86,885.25,41001.24918
2021-04-28T12:00:00+00:00,885.23,898.13,865.69,878.44,35158.44573
2021-04-28T16:00:00+00:00,878.47,895.7,874.84,895.45,18632.19372
2021-04-28T20:00:00+00:00,895.42,911.04,874.87,910.44,40316.2091
2021-04-29T00:00:00+00:00,910.44,914.96,878.0,883.51,34335.34038
2021-04-29T04:00:00+00:00,883.42,892.0,871.21,890.0,22442.45003
2021-04-29T08:00:00+00:00,889.92,903.27,880.04,898.0,32191.73398
2021-04-29T12:00:00+00:00,898.0,915.0,876.0,883.77,28789.72853
2021-04-29T16:00:00+00:00,883.84,886.37,860.44,869.94,23041.12069
2021-04-29T20:00:00+00:00,870.07,886.88,859.01,880.43,13578.12019
2021-04-30T00:00:00+00:00,880.23,889.39,869.05,880.25,18544.29733
2021-04-30T04:00:00+00:00,880.21,925.46,879.39,918.45,43414.76957
2021-04-30T08:00:00+00:00,918.46,935.18,911.71,920.42,24397.71743
2021-04-30T12:00:00+00:00,920.29,961.33,919.3,961.0,45886.83522
2021-04-30T16:00:00+00:00,961.05,1000.83,960.72,987.2,52763.99523
2021-04-30T20:00:00+00:00,987.08,999.73,974.23,995.51,26804.57803
2021-05-01T00:00:00+00:00,995.9,1031.27,979.69,1019.5,56924.27925
2021-05-01T04:00:00+00:00,1019.45,1026.92,1001.58,1003.25,28317.03396
2021-05-01T08:00:00+00:00,1003.85,1012.08,976.53,1010.47,39141.30483
2021-05-01T12:00:00+00:00,1010.34,1010.34,975.9,993.13,26321.09062
2021-05-01T16:00:00+00:00,993.22,1004.02,986.24,999.04,17937.17358
2021-05-01T20:00:00+00:00,998.84,1013.3,986.21,1003.77,18144.20533
2021-05-02T00:00:00+00:00,1003.55,1011.0,964.11,964.8,29097.25646
2021-05-02T04:00:00+00:00,964.8,985.46,950.32,971.2,30338.49363
2021-05-02T08:00:00+00:00,971.13,987.76,960.58,986.67,19253.56462
2021-05-02T12:00:00+00:00,987.14,988.72,971.36,977.84,15606.85887
2021-05-02T16:00:00+00:00,977.63,987.1,969.52,986.27,13695.84681
2021-05-02T20:00:00+00:00,986.46,990.28,966.42,972.25,12644.32296
2021-05-03T00:00:00+00:00,972.67,1007.07,971.2,998.45,28469.46671
2021-05-03T04:00:00+00:00,998.54,1022.99,994.0,1021.9,19268.89691
2021-05-03T08:00:00+00:00,1021.41,1039.5,1012.07,1021.7,26722.34573
2021-05-03T12:00:00+00:00,1021.68,1028.96,990.0,1002.77,30931.10571
2021-05-03T16:00:00+00:00,1002.74,1049.0,994.96,1023.2,42736.66663
2021-05-03T20:00:00+00:00,1023.2,1026.23,1002.07,1015.02,22181.00601
2021-05-04T00:00:00+00:00,1015.68,1017.44,934.19,950.36,85966.8424
2021-05-04T04:00:00+00:00,949.94,973.88,945.0,959.44,24627.77085
2021-05-04T08:00:00+00:00,959.24,1037.3,950.72,1019.48,77104.19567
2021-05-04T12:00:00+00:00,1019.48,1055.99,951.65,954.83,123451.6431
2021-05-04T16:00:00+00:00,955.97,982.81,930.69,975.74,62855.42397
2021-05-04T20:00:00+00:00,975.74,988.0,945.07,950.89,26167.57852
2021-05-05T00:00:00+00:00,951.02,1098.66,939.01,1087.09,128873.26856
2021-05-05T04:00:00+00:00,1086.97,1091.0,1043.1,1081.17,70235.00917
2021-05-05T08:00:00+00:00,1081.72,1242.68,1067.0,1200.0,189336.70994
2021-05-05T12:00:00+00:00,1200.0,1340.0,1174.14,1290.0,199985.8452
2021-05-05T16:00:00+00:00,1290.4,1352.92,1247.63,1351.27,180457.43004
2021-05-05T20:00:00+00:00,1351.01,1477.0,1326.57,1453.49,213567.31061
2021-05-06T00:00:00+00:00,1453.04,1469.49,1306.17,1352.11,182765.17502
2021-05-06T04:00:00+00:00,1352.53,1395.0,1270.12,1325.17,113226.25013
2021-05-06T08:00:00+00:00,1325.19,1465.0,1301.3,1422.18,188269.6526
2021-05-06T12:00:00+00:00,1422.15,1447.53,1363.5,1420.98,132761.06521
2021-05-06T16:00:00+00:00,1420.94,1610.3,1360.0,1463.17,291265.98165
2021-05-06T20:00:00+00:00,1463.47,1575.0,1408.98,1509.27,113923.5723
2021-05-07T00:00:00+00:00,1509.22,1511.42,1343.64,1378.38,173689.06773
2021-05-07T04:00:00+00:00,1378.38,1432.85,1340.83,1373.99,110433.63052
2021-05-07T08:00:00+00:00,1373.99,1441.58,1365.93,1402.76,63893.86758
2021-05-07T12:00:00+00:00,1402.75,1452.52,1377.09,1386.92,79636.35401
2021-05-07T16:00:00+00:00,1386.9,1402.12,1310.66,1341.83,67914.64488
2021-05-07T20:00:00+00:00,1341.96,1352.73,1269.44,1340.72,75550.1625
2021-05-08T00:00:00+00:00,1340.15,1449.63,1322.33,1421.08,89189.20492
2021-05-08T04:00:00+00:00,1420.12,1425.0,1348.04,1395.73,57475.75393
2021-05-08T08:00:00+00:00,1396.09,1446.5,1388.24,1394.13,58561.09528
2021-05-08T12:00:00+00:00,1393.9,1409.53,1324.88,1336.33,53374.57953
2021-05-08T16:00:00+00:00,1336.04,1407.94,1327.57,1382.82,59465.98827
2021-05-08T20:00:00+00:00,1382.51,1405.0,1350.13,1396.86,36820.55551
2021-05-09T00:00:00+00:00,1396.73,1429.88,1362.04,1366.99,51885.85007
2021-05-09T04:00:00+00:00,1366.57,1384.81,1325.53,1354.3,39409.10504
2021-05-09T08:00:00+00:00,1354.33,1379.77,1336.61,1340.16,31646.00232
2021-05-09T12:00:00+00:00,1340.0,1343.9,1282.73,1339.11,62783.78028
2021-05-09T16:00:00+00:00,1339.24,1353.0,1310.35,1318.0,21958.48147
2021-05-09T20:00:00+00:00,1317.93,1430.0,1314.15,1427.8,50189.68486
2021-05-10T00:00:00+00:00,1427.87,1530.7,1420.08,1524.28,87022.81255
2021-05-10T04:00:00+00:00,1524.99,1571.87,1487.22,1491.78,69443.02852
2021-05-10T08:00:00+00:00,1491.9,1524.41,1412.77,1468.95,59357.38508
2021-05-10T12:00:00+00:00,1468.56,1488.96,1400.14,1487.91,56158.04788
2021-05-10T16:00:00+00:00,1487.42,1507.33,1331.0,1347.92,79534.54205
2021-05-10T20:00:00+00:00,1347.48,1395.92,1198.15,1321.31,129170.41246
2021-05-11T00:00:00+00:00,1321.2,1381.62,1300.0,1325.31,74673.0441
2021-05-11T04:00:00+00:00,1325.08,1363.0,1313.26,1349.48,31315.06371
2021-05-11T08:00:00+00:00,1349.8,1395.3,1332.63,1352.6,40609.47866
2021-05-11T12:00:00+00:00,1351.94,1485.79,1320.0,1455.38,111838.06031
2021-05-11T16:00:00+00:00,1455.52,1495.83,1433.27,1453.46,54437.80542
2021-05-11T20:00:00+00:00,1453.0,1550.0,1450.0,1547.51,38442.75506
2021-05-12T00:00:00+00:00,1548.29,1650.0,1540.5,1592.32,96311.22919
2021-05-12T04:00:00+00:00,1592.46,1599.0,1512.74,1524.76,41020.6377
2021-05-12T08:00:00+00:00,1524.99,1547.43,1460.35,1500.98,56131.88594
2021-05-12T12:00:00+00:00,1500.81,1514.2,1413.0,1433.13,74145.81328
2021-05-12T16:00:00+00:00,1432.59,1449.0,1350.49,1445.0,103767.91855
2021-05-12T20:00:00+00:00,1445.0,1453.88,1200.0,1236.46,119012.68682
2021-05-13T00:00:00+00:00,1236.46,1334.57,1154.46,1302.04,150749.49573
2021-05-13T04:00:00+00:00,1302.46,1344.1,1289.75,1320.12,44901.79811
2021-05-13T08:00:00+00:00,1320.37,1326.9,1175.14,1243.92,125641.50966
2021-05-13T12:00:00+00:00,1243.86,1291.28,1214.57,1228.73,70375.10939
2021-05-13T16:00:00+00:00,1228.69,1264.58,1133.42,1162.91,111384.76591
2021-05-13T20:00:00+00:00,1162.4,1261.36,1152.24,1258.52,48460.49465
2021-05-14T00:00:00+00:00,1257.11,1278.0,1226.3,1234.62,54028.99827
2021-05-14T04:00:00+00:00,1234.12,1285.76,1223.79,1271.51,44032.83804
2021-05-14T08:00:00+00:00,1271.77,1322.45,1270.43,1321.44,43914.2312
2021-05-14T12:00:00+00:00,1321.41,1357.45,1282.62,1346.24,44757.45236
2021-05-14T16:00:00+00:00,1346.14,1361.44,1285.8,1293.98,33350.96722
2021-05-14T20:00:00+00:00,1293.67,1315.46,1262.43,1296.38,26632.5646
2021-05-15T00:00:00+00:00,1296.78,1336.84,1275.87,1283.54,40000.73831
2021-05-15T04:00:00+00:00,1283.74,1293.0,1232.0,1241.33,32556.07672
2021-05-15T08:00:00+00:00,1241.35,1262.59,1208.65,1240.81,39874.48618
2021-05-15T12:00:00+00:00,1240.2,1269.0,1217.16,1233.75,36485.85975
2021-05-15T16:00:00+00:00,1233.78,1290.0,1161.79,1191.99,62240.19701
2021-05-15T20:00:00+00:00,1192.87,1219.0,1162.51,1171.75,30202.60261
2021-05-16T00:00:00+00:00,1171.36,1251.5,1157.41,1223.88,44175.66658
2021-05-16T04:00:00+00:00,1224.01,1261.19,1219.19,1244.04,31702.5326
2021-05-16T08:00:00+00:00,1243.97,1282.0,1230.9,1245.99,31013.30528
2021-05-16T12:00:00+00:00,1246.67,1259.21,1186.1,1188.01,41256.02537
2021-05-16T16:00:00+00:00,1188.11,1200.89,1101.13,1126.99,74286.8936
2021-05-16T20:00:00+00:00,1127.5,1171.4,1098.93,1166.69,58843.33244
2021-05-17T00:00:00+00:00,1166.88,1168.14,1001.55,1014.93,97297.57275
2021-05-17T04:00:00+00:00,1015.35,1117.58,988.43,1111.32,103882.39442
2021-05-17T08:00:00+00:00,1111.84,1138.97,1092.98,1123.45,46193.54473
2021-05-17T12:00:00+00:00,1124.63,1138.31,1038.54,1046.62,47012.35182
2021-05-17T16:00:00+00:00,1045.99,1092.0,1001.14,1090.46,68187.42629
2021-05-17T20:00:00+00:00,1090.46,1115.94,1038.37,1069.74,41649.69906
2021-05-18T00:00:00+00:00,1069.62,1139.71,1051.2,1117.39,48270.91104
2021-05-18T04:00:00+00:00,1116.82,1145.0,1112.5,1118.06,31313.90445
2021-05-18T08:00:00+00:00,1118.17,1166.13,1111.0,1153.29,34204.47145
2021-05-18T12:00:00+00:00,1153.67,1156.49,1058.3,1082.79,61330.15554
2021-05-18T16:00:00+00:00,1082.83,1124.51,1069.26,1096.01,36040.81067
2021-05-18T20:00:00+00:00,1095.86,1111.39,1070.0,1089.32,20134.12388
2021-05-19T00:00:00+00:00,1089.43,1113.06,984.83,1000.22,77353.57191
2021-05-19T04:00:00+00:00,1000.38,1011.0,912.0,964.05,113556.31616
2021-05-19T08:00:00+00:00,963.87,972.6,770.0,851.84,129581.04374
2021-05-19T12:00:00+00:00,851.93,1100.0,490.0,795.5,354685.28416
2021-05-19T16:00:00+00:00,794.5,855.0,734.86,775.97,178170.78189
2021-05-19T20:00:00+00:00,774.47,802.42,692.56,694.51,90111.65971
2021-05-20T00:00:00+00:00,694.5,745.7,600.0,732.92,199710.96651
2021-05-20T04:00:00+00:00,733.12,831.05,717.03,806.26,103086.98484
2021-05-20T08:00:00+00:00,806.87,813.83,760.32,808.71,83204.25158
2021-05-20T12:00:00+00:00,809.18,864.28,796.28,827.58,84350.79883
2021-05-20T16:00:00+00:00,827.58,830.85,761.42,808.81,76919.86612
2021-05-20T20:00:00+00:00,808.73,833.76,785.65,817.65,40508.65314
2021-05-21T00:00:00+00:00,817.58,850.93,814.32,818.3,54649.76945
2021-05-21T04:00:00+00:00,818.46,820.9,771.12,785.74,51743.64268
2021-05-21T08:00:00+00:00,785.84,830.0,744.0,803.8,156489.6383
2021-05-21T12:00:00+00:00,803.8,814.31,676.18,693.68,172830.63047
2021-05-21T16:00:00+00:00,693.79,720.4,651.01,664.29,148620.01575
2021-05-21T20:00:00+00:00,664.29,743.0,604.0,687.5,115536.36658
2021-05-22T00:00:00+00:00,687.51,698.96,648.85,658.2,68683.37777
2021-05-22T04:00:00+00:00,658.33,666.0,598.98,642.03,115931.21666
2021-05-22T08:00:00+00:00,641.52,721.76,641.47,698.16,95759.10221
2021-05-22T12:00:00+00:00,698.33,714.21,647.0,668.64,76954.08787
2021-05-22T16:00:00+00:00,668.64,674.32,628.16,630.92,50862.93425
2021-05-22T20:00:00+00:00,631.09,657.57,628.39,629.85,48405.81449
2021-05-23T00:00:00+00:00,629.96,659.85,614.35,646.0,63632.22625
2021-05-23T04:00:00+00:00,645.74,648.48,590.35,600.98,58255.60204
2021-05-23T08:00:00+00:00,601.12,601.23,548.01,561.29,146661.41589
2021-05-23T12:00:00+00:00,561.25,569.72,501.0,523.27,170476.37596
2021-05-23T16:00:00+00:00,523.17,536.92,468.13,510.85,180863.00979
2021-05-23T20:00:00+00:00,510.77,561.09,510.77,552.37,67543.29979
2021-05-24T00:00:00+00:00,551.74,595.03,538.11,579.65,84632.00585
2021-05-24T04:00:00+00:00,579.72,626.14,558.93,621.53,70795.54205
2021-05-24T08:00:00+00:00,621.75,655.0,602.29,648.48,88086.73322
2021-05-24T12:00:00+00:00,648.05,681.43,639.15,671.64,83783.6099
2021-05-24T16:00:00+00:00,671.77,695.72,650.52,691.82,69426.3204
2021-05-24T20:00:00+00:00,691.91,759.99,684.15,754.0,73318.59745
2021-05-25T00:00:00+00:00,753.8,792.61,695.25,713.69,125050.85761
2021-05-25T04:00:00+00:00,713.62,761.69,693.02,747.79,82422.69999
2021-05-25T08:00:00+00:00,747.77,752.11,667.6,672.56,84172.98913
2021-05-25T12:00:00+00:00,672.69,719.18,669.15,704.68,87438.44607
2021-05-25T16:00:00+00:00,705.78,706.0,671.93,677.28,39994.41319
2021-05-25T20:00:00+00:00,677.05,723.76,674.85,718.79,34259.62419
2021-05-26T00:00:00+00:00,719.5,754.86,707.24,752.01,44751.33362
2021-05-26T04:00:00+00:00,752.34,786.57,740.73,782.0,46569.36099
2021-05-26T08:00:00+00:00,782.01,788.66,751.35,765.64,43444.78317
2021-05-26T12:00:00+00:00,765.81,780.0,721.68,735.77,67855.39333
2021-05-26T16:00:00+00:00,735.72,748.5,720.3,735.97,41116.96686
2021-05-26T20:00:00+00:00,735.47,766.77,731.16,763.96,25298.97918
2021-05-27T00:00:00+00:00,764.16,774.7,700.52,717.38,59805.56899
2021-05-27T04:00:00+00:00,717.22,741.0,705.74,733.6,27538.24144
2021-05-27T08:00:00+00:00,733.97,769.53,723.47,766.0,31331.34281
2021-05-27T12:00:00+00:00,766.0,806.87,754.9,783.35,63496.94138
2021-05-27T16:00:00+00:00,783.53,788.45,755.6,765.89,26797.008
2021-05-27T20:00:00+00:00,765.53,774.44,741.65,750.03,24918.56313
2021-05-28T00:00:00+00:00,750.2,761.57,725.78,741.95,37450.73408
2021-05-28T04:00:00+00:00,741.31,741.31,674.0,705.33,71990.5342
2021-05-28T08:00:00+00:00,705.67,712.57,652.25,657.55,72664.44733
2021-05-28T12:00:00+00:00,657.14,709.06,652.91,702.01,55501.80574
2021-05-28T16:00:00+00:00,701.79,709.01,669.6,698.74,37269.25053
2021-05-28T20:00:00+00:00,698.97,709.0,667.24,688.28,27738.01829
2021-05-29T00:00:00+00:00,688.75,721.25,687.38,715.46,30306.81045
2021-05-29T04:00:00+00:00,715.3,718.32,686.37,687.39,28015.6345
2021-05-29T08:00:00+00:00,687.19,692.31,653.29,670.78,39023.95692
2021-05-29T12:00:00+00:00,670.69,670.82,627.5,639.68,47399.49212
2021-05-29T16:00:00+00:00,639.87,657.77,621.12,631.18,30163.07606
2021-05-29T20:00:00+00:00,631.05,657.46,617.57,651.96,22404.54569
2021-05-30T00:00:00+00:00,652.0,653.47,616.04,649.69,32821.18706
2021-05-30T04:00:00+00:00,649.86,688.0,645.89,681.13,27674.13846
2021-05-30T08:00:00+00:00,681.29,687.0,669.19,686.56,20569.28307
2021-05-30T12:00:00+00:00,686.1,688.61,651.06,662.69,24282.87196
2021-05-30T16:00:00+00:00,662.88,675.0,657.7,668.93,17448.75025
2021-05-30T20:00:00+00:00,668.72,670.68,655.45,661.66,15275.97313
2021-05-31T00:00:00+00:00,661.41,673.46,634.34,641.45,25374.99305
2021-05-31T04:00:00+00:00,641.45,676.9,635.0,672.07,30232.38816
2021-05-31T08:00:00+00:00,672.06,698.93,666.91,689.68,40879.10679
2021-05-31T12:00:00+00:00,689.6,706.35,674.52,704.5,34557.89091
2021-05-31T16:00:00+00:00,704.73,708.63,691.2,698.13,22013.2868
2021-05-31T20:00:00+00:00,698.13,711.4,693.12,702.46,20829.26541
2021-06-01T00:00:00+00:00,702.47,721.33,683.87,691.01,38621.60005
2021-06-01T04:00:00+00:00,690.95,706.2,681.19,693.97,30211.86614
2021-06-01T08:00:00+00:00,693.6,698.87,670.84,689.36,31937.42246
2021-06-01T12:00:00+00:00,689.61,701.41,668.13,679.63,25921.4195
2021-06-01T16:00:00+00:00,679.9,685.19,672.68,676.91,17353.53661
2021-06-01T20:00:00+00:00,676.96,693.14,675.87,691.13,17783.34114
2021-06-02T00:00:00+00:00,691.07,696.21,674.59,686.06,16899.14838
2021-06-02T04:00:00+00:00,685.98,697.8,681.8,696.39,16590.13986
2021-06-02T08:00:00+00:00,696.39,703.4,688.17,692.53,26672.65776
2021-06-02T12:00:00+00:00,692.32,716.44,691.01,710.02,33054.9533
2021-06-02T16:00:00+00:00,709.86,714.87,702.18,704.5,14004.09276
2021-06-02T20:00:00+00:00,704.5,704.6,691.26,697.36,13651.01629
2021-06-03T00:00:00+00:00,697.68,702.48,687.43,699.87,15813.22032
2021-06-03T04:00:00+00:00,699.7,719.97,698.72,712.0,23058.44698
2021-06-03T08:00:00+00:00,711.77,735.53,710.07,718.43,36416.85658
2021-06-03T12:00:00+00:00,718.66,729.33,705.93,712.53,29207.92714
2021-06-03T16:00:00+00:00,712.4,724.11,706.38,709.21,16670.7055
2021-06-03T20:00:00+00:00,709.11,720.8,706.53,718.91,11945.05029
2021-06-04T00:00:00+00:00,718.98,720.0,675.95,688.0,35203.65704
2021-06-04T04:00:00+00:00,687.96,689.68,647.57,659.99,33301.04319
2021-06-04T08:00:00+00:00,660.12,670.0,651.27,659.02,20278.6496
2021-06-04T12:00:00+00:00,658.96,669.76,642.67,667.25,24715.76742
2021-06-04T16:00:00+00:00,667.17,674.36,662.24,669.76,14130.77535
2021-06-04T20:00:00+00:00,669.69,679.73,664.42,670.74,11220.72642
2021-06-05T00:00:00+00:00,670.57,686.87,664.62,679.61,17485.78029
2021-06-05T04:00:00+00:00,679.62,688.93,679.0,680.1,10439.61556
2021-06-05T08:00:00+00:00,680.28,683.87,646.89,651.58,32247.32491
2021-06-05T12:00:00+00:00,651.36,657.0,641.51,655.45,22753.80998
2021-06-05T16:00:00+00:00,655.22,658.13,648.77,649.59,11551.35058
2021-06-05T20:00:00+00:00,649.8,659.71,634.13,649.31,16242.17813
2021-06-06T00:00:00+00:00,649.04,662.49,645.19,658.51,12440.26328
2021-06-06T04:00:00+00:00,658.34,670.0,657.74,664.37,11097.45711
2021-06-06T08:00:00+00:00,664.34,668.13,656.64,657.33,8324.35893
2021-06-06T12:00:00+00:00,657.09,665.06,648.02,657.84,14371.17018
2021-06-06T16:00:00+00:00,657.83,660.62,648.42,649.62,8180.40762
2021-06-06T20:00:00+00:00,649.68,657.31,644.57,656.1,9103.05526
2021-06-07T00:00:00+00:00,656.17,670.63,651.41,663.53,15485.6481
2021-06-07T04:00:00+00:00,663.58,667.35,655.4,659.46,8696.97105
2021-06-07T08:00:00+00:00,659.62,668.05,655.53,663.99,11352.00501
2021-06-07T12:00:00+00:00,664.0,668.9,650.0,652.45,15803.91085
2021-06-07T16:00:00+00:00,652.49,653.54,634.47,640.19,17653.58924
2021-06-07T20:00:00+00:00,640.0,641.48,590.47,596.45,39231.44238
2021-06-08T00:00:00+00:00,596.3,604.89,565.59,579.94,46500.62779
2021-06-08T04:00:00+00:00,579.83,587.04,563.11,582.53,35637.92427
2021-06-08T08:00:00+00:00,582.46,592.53,576.46,586.68,24043.99441
2021-06-08T12:00:00+00:00,586.74,601.86,542.63,563.56,58510.76784
2021-06-08T16:00:00+00:00,563.7,593.54,556.87,590.99,31528.92806
2021-06-08T20:00:00+00:00,590.85,604.57,588.44,595.31,17643.87089
2021-06-09T00:00:00+00:00,595.31,597.02,566.72,573.66,22471.25569
2021-06-09T04:00:00+00:00,573.72,598.0,566.11,591.64,24986.0309
2021-06-09T08:00:00+00:00,591.61,608.04,583.46,605.83,28124.62139
2021-06-09T12:00:00+00:00,605.83,628.43,590.82,626.39,39574.84533
2021-06-09T16:00:00+00:00,626.18,633.94,615.37,619.68,24118.82871
2021-06-09T20:00:00+00:00,619.67,634.63,617.45,634.0,15298.86655
2021-06-10T00:00:00+00:00,633.99,639.2,623.55,624.89,18913.2089
2021-06-10T04:00:00+00:00,624.9,628.79,610.51,616.37,17229.41073
2021-06-10T08:00:00+00:00,616.31,632.44,601.68,621.93,28074.1681
2021-06-10T12:00:00+00:00,621.97,623.32,601.51,606.66,22004.41722
2021-06-10T16:00:00+00:00,606.4,608.55,594.14,598.63,16506.15167
2021-06-10T20:00:00+00:00,598.65,607.54,588.19,601.11,15168.59186
2021-06-11T00:00:00+00:00,601.61,608.09,585.16,598.77,17819.30304
2021-06-11T04:00:00+00:00,598.7,606.18,592.75,601.58,16790.47224
2021-06-11T08:00:00+00:00,601.85,610.83,599.66,603.79,16761.33997
2021-06-11T12:00:00+00:00,603.88,611.6,588.65,591.84,18148.93549
2021-06-11T16:00:00+00:00,591.63,594.32,581.63,584.55,18028.68204
2021-06-11T20:00:00+00:00,584.43,588.98,569.43,577.04,14138.05008
2021-06-12T00:00:00+00:00,577.19,578.07,549.35,556.76,26433.37485
2021-06-12T04:00:00+00:00,556.61,560.69,547.86,557.95,14806.41003
2021-06-12T08:00:00+00:00,557.97,571.07,547.18,566.5,16686.29204
2021-06-12T12:00:00+00:00,566.86,583.55,565.7,574.49,17048.52112
2021-06-12T16:00:00+00:00,574.26,586.99,571.82,583.48,10469.5697
2021-06-12T20:00:00+00:00,583.68,591.84,578.44,580.0,10707.07207
2021-06-13T00:00:00+00:00,580.06,586.83,565.36,565.36,13297.5312
2021-06-13T04:00:00+00:00,565.34,566.64,558.61,563.52,12985.04365
2021-06-13T08:00:00+00:00,563.37,573.83,560.14,571.22,9227.73417
2021-06-13T12:00:00+00:00,571.01,575.67,562.85,570.4,8153.04186
2021-06-13T16:00:00+00:00,570.4,592.95,570.26,592.69,17567.48179
2021-06-13T20:00:00+00:00,592.67,615.49,592.14,613.46,20851.54163
2021-06-14T00:00:00+00:00,613.41,622.65,607.19,609.54,15555.53903
2021-06-14T04:00:00+00:00,609.53,616.87,607.48,612.67,10349.36196
2021-06-14T08:00:00+00:00,612.54,613.06,598.94,602.92,20181.99996
2021-06-14T12:00:00+00:00,602.82,631.3,599.07,630.42,24502.35706
2021-06-14T16:00:00+00:00,630.31,636.0,618.59,623.68,17788.91444
2021-06-14T20:00:00+00:00,623.82,642.0,620.93,641.5,15964.33521
2021-06-15T00:00:00+00:00,641.29,646.24,630.67,637.06,12420.63782
2021-06-15T04:00:00+00:00,637.23,650.35,636.0,646.72,16253.3496
2021-06-15T08:00:00+00:00,646.78,647.62,626.52,630.87,18719.91677
2021-06-15T12:00:00+00:00,630.76,635.24,616.43,620.23,19033.47792
2021-06-15T16:00:00+00:00,620.27,634.65,619.07,630.95,16695.293
2021-06-15T20:00:00+00:00,630.77,632.14,623.49,627.17,7617.51471
2021-06-16T00:00:00+00:00,627.16,627.24,612.52,622.36,10548.11024
2021-06-16T04:00:00+00:00,622.37,628.17,621.77,622.27,9540.44305
2021-06-16T08:00:00+00:00,622.22,625.62,604.61,606.42,12857.14422
2021-06-16T12:00:00+00:00,606.4,608.29,593.11,597.93,20264.30106
2021-06-16T16:00:00+00:00,597.87,607.7,589.58,605.2,21355.75381
2021-06-16T20:00:00+00:00,605.22,605.87,590.11,593.73,9474.08904
2021-06-17T00:00:00+00:00,593.7,614.71,590.89,613.14,10779.47294
2021-06-17T04:00:00+00:00,613.43,619.92,608.27,616.3,9480.76535
2021-06-17T08:00:00+00:00,616.25,621.0,615.5,616.99,10795.25446
2021-06-17T12:00:00+00:00,616.97,617.06,604.02,611.74,13818.59526
2021-06-17T16:00:00+00:00,611.75,613.66,583.66,588.44,19786.60399
2021-06-17T20:00:00+00:00,588.31,599.73,584.46,598.95,7757.50494
2021-06-18T00:00:00+00:00,599.01,599.34,583.66,593.38,7836.46402
2021-06-18T04:00:00+00:00,593.28,596.8,588.0,593.98,7313.78849
2021-06-18T08:00:00+00:00,593.84,599.48,581.92,590.44,13073.22334
2021-06-18T12:00:00+00:00,590.6,592.03,562.0,562.96,28323.187
2021-06-18T16:00:00+00:00,563.16,570.87,544.69,547.58,23253.65646
2021-06-18T20:00:00+00:00,547.58,565.25,546.62,563.21,11646.00463
2021-06-19T00:00:00+00:00,563.27,570.2,551.88,556.07,11294.20966
2021-06-19T04:00:00+00:00,556.14,573.36,555.97,572.72,12090.00357
2021-06-19T08:00:00+00:00,572.79,575.63,567.81,573.7,8980.02812
2021-06-19T12:00:00+00:00,573.65,581.59,568.59,576.46,10203.78618
2021-06-19T16:00:00+00:00,576.59,578.1,560.06,566.26,7768.69441
2021-06-19T20:00:00+00:00,566.23,567.32,551.33,552.12,9359.2167
2021-06-20T00:00:00+00:00,552.04,556.41,545.55,553.7,9891.32509
2021-06-20T04:00:00+00:00,553.59,560.86,552.65,557.13,5885.26377
2021-06-20T08:00:00+00:00,557.06,557.82,519.19,522.43,39188.52661
2021-06-20T12:00:00+00:00,522.43,535.42,513.36,530.02,18247.34042
2021-06-20T16:00:00+00:00,530.02,550.49,528.9,548.52,11454.51275
2021-06-20T20:00:00+00:00,548.58,559.67,547.21,556.16,11298.85011
2021-06-21T00:00:00+00:00,556.1,559.88,534.73,534.78,12509.75301
2021-06-21T04:00:00+00:00,534.84,535.77,495.77,504.91,53472.55022
2021-06-21T08:00:00+00:00,505.08,510.0,465.35,489.88,65989.20828
2021-06-21T12:00:00+00:00,489.74,501.8,471.93,486.87,35110.38491
2021-06-21T16:00:00+00:00,486.75,491.33,472.09,485.07,24206.0602
2021-06-21T20:00:00+00:00,484.7,491.33,454.13,455.4,35617.3256
2021-06-22T00:00:00+00:00,455.22,478.76,435.0,472.57,46054.42466
2021-06-22T04:00:00+00:00,472.73,473.68,455.51,459.14,15534.27839
2021-06-22T08:00:00+00:00,459.47,460.25,415.88,416.08,63577.33418
2021-06-22T12:00:00+00:00,416.09,442.69,387.61,434.45,137964.83026
2021-06-22T16:00:00+00:00,434.58,453.73,431.16,438.66,44747.36973
2021-06-22T20:00:00+00:00,438.5,452.9,434.58,444.06,24034.56855
2021-06-23T00:00:00+00:00,444.24,477.94,428.0,471.4,53415.16628
2021-06-23T04:00:00+00:00,471.5,481.59,466.98,474.64,17979.14778
2021-06-23T08:00:00+00:00,474.78,480.44,467.21,470.55,17681.01278
2021-06-23T12:00:00+00:00,470.46,485.9,461.77,462.66,38695.89513
2021-06-23T16:00:00+00:00,462.74,472.36,452.61,452.63,27619.41928
2021-06-23T20:00:00+00:00,452.73,473.73,452.41,472.79,17137.92342
2021-06-24T00:00:00+00:00,472.99,478.27,455.24,469.0,23886.52945
2021-06-24T04:00:00+00:00,469.0,488.91,467.13,481.84,27343.82267
2021-06-24T08:00:00+00:00,481.83,493.34,481.06,491.93,15281.80494
2021-06-24T12:00:00+00:00,491.92,495.82,484.71,486.84,15994.78428
2021-06-24T16:00:00+00:00,486.87,495.71,484.7,488.21,15116.96189
2021-06-24T20:00:00+00:00,488.5,489.34,480.26,486.96,10558.84019
2021-06-25T00:00:00+00:00,486.97,497.55,478.71,490.5,21212.96015
2021-06-25T04:00:00+00:00,490.39,491.68,469.58,473.62,19656.0462
2021-06-25T08:00:00+00:00,473.62,474.89,463.0,467.08,21463.14728
2021-06-25T12:00:00+00:00,467.15,476.26,457.63,462.72,21466.3632
2021-06-25T16:00:00+00:00,462.82,467.08,451.82,463.56,23729.99896
2021-06-25T20:00:00+00:00,463.41,468.99,449.18,449.22,22946.89505
2021-06-26T00:00:00+00:00,449.23,462.57,444.01,455.01,26662.70433
2021-06-26T04:00:00+00:00,455.01,464.49,435.94,436.98,19762.50877
2021-06-26T08:00:00+00:00,436.83,449.49,428.43,447.92,31077.58666
2021-06-26T12:00:00+00:00,447.67,450.74,432.45,442.32,20362.21663
2021-06-26T16:00:00+00:00,442.31,449.48,431.23,444.4,13675.70141
2021-06-26T20:00:00+00:00,444.33,459.81,438.77,459.58,10950.18662
2021-06-27T00:00:00+00:00,459.56,468.57,456.23,467.72,15931.02424
2021-06-27T04:00:00+00:00,467.77,469.99,459.58,465.91,9370.41929
2021-06-27T08:00:00+00:00,465.91,466.65,451.23,455.32,13828.33133
2021-06-27T12:00:00+00:00,455.28,460.21,451.5,456.54,10668.21478
2021-06-27T16:00:00+00:00,456.62,458.02,446.35,451.4,9451.72654
2021-06-27T20:00:00+00:00,451.33,478.31,447.08,477.79,17169.7381
2021-06-28T00:00:00+00:00,477.76,479.65,472.31,476.36,11377.89931
2021-06-28T04:00:00+00:00,476.32,488.18,475.29,486.89,10637.08233
2021-06-28T08:00:00+00:00,486.99,488.92,474.09,475.23,11745.11084
2021-06-28T12:00:00+00:00,475.35,512.99,472.5,511.77,33576.47137
2021-06-28T16:00:00+00:00,511.62,518.8,500.02,503.58,37337.0055
2021-06-28T20:00:00+00:00,503.48,509.41,495.15,501.83,13857.057
2021-06-29T00:00:00+00:00,501.62,514.0,499.89,505.08,18146.45759
2021-06-29T04:00:00+00:00,504.95,523.18,502.64,520.5,20316.72818
2021-06-29T08:00:00+00:00,520.49,544.48,518.5,542.78,29946.87447
2021-06-29T12:00:00+00:00,542.76,546.83,527.1,533.23,40077.76355
2021-06-29T16:00:00+00:00,533.32,540.62,526.97,533.95,21639.13194
2021-06-29T20:00:00+00:00,533.87,534.45,518.0,524.01,21170.86368
2021-06-30T00:00:00+00:00,524.26,534.33,516.08,518.12,24183.51692
2021-06-30T04:00:00+00:00,518.01,521.3,508.47,518.81,19931.45496
2021-06-30T08:00:00+00:00,518.88,519.01,503.78,514.77,17179.87182
2021-06-30T12:00:00+00:00,514.69,516.04,498.14,500.49,18517.41128
2021-06-30T16:00:00+00:00,500.81,520.96,498.71,520.65,15483.22471
2021-06-30T20:00:00+00:00,520.66,528.15,514.79,526.8,14766.06941
2021-07-01T00:00:00+00:00,526.8,526.81,507.89,507.92,14846.62213
2021-07-01T04:00:00+00:00,507.93,513.99,491.65,492.32,23519.70993
2021-07-01T08:00:00+00:00,492.46,497.37,486.18,495.7,20428.98517
2021-07-01T12:00:00+00:00,495.44,498.91,485.46,494.19,17308.29014
2021-07-01T16:00:00+00:00,493.89,501.15,487.0,491.51,14628.88964
2021-07-01T20:00:00+00:00,491.51,502.49,490.0,495.79,24101.52548
2021-07-02T00:00:00+00:00,495.74,504.73,481.85,483.24,18471.60576
2021-07-02T04:00:00+00:00,482.95,489.28,477.45,486.87,15019.4411
2021-07-02T08:00:00+00:00,486.75,490.25,475.69,480.86,21918.03535
2021-07-02T12:00:00+00:00,480.75,493.54,478.53,492.07,16192.18612
2021-07-02T16:00:00+00:00,492.0,493.46,483.79,487.57,9200.66298
2021-07-02T20:00:00+00:00,487.18,496.88,483.15,495.76,8407.32284
2021-07-03T00:00:00+00:00,495.76,498.79,487.84,492.02,7363.15696
2021-07-03T04:00:00+00:00,492.1,510.63,489.45,506.12,11830.09729
2021-07-03T08:00:00+00:00,506.19,514.87,505.39,508.49,12675.87203
2021-07-03T12:00:00+00:00,508.55,512.14,505.0,508.53,9370.47134
2021-07-03T16:00:00+00:00,508.86,511.75,504.17,507.13,6739.82758
2021-07-03T20:00:00+00:00,507.17,508.69,497.22,505.24,11393.07073
2021-07-04T00:00:00+00:00,505.24,506.38,495.26,500.65,7778.4905
2021-07-04T04:00:00+00:00,500.68,524.1,500.56,522.32,14835.27832
2021-07-04T08:00:00+00:00,522.42,523.56,517.34,521.87,12257.42088
2021-07-04T12:00:00+00:00,521.8,542.04,520.01,538.56,30228.53848
2021-07-04T16:00:00+00:00,538.56,540.0,531.98,534.86,10864.32445
2021-07-04T20:00:00+00:00,534.98,539.02,525.41,526.73,12107.03398
2021-07-05T00:00:00+00:00,526.92,527.43,514.22,517.68,19107.51826
2021-07-05T04:00:00+00:00,517.43,519.35,511.84,516.02,12066.80748
2021-07-05T08:00:00+00:00,516.04,519.11,487.0,490.78,33701.0079
2021-07-05T12:00:00+00:00,491.12,504.97,489.39,500.67,15829.14413
2021-07-05T16:00:00+00:00,500.65,514.37,496.33,512.8,15666.19595
2021-07-05T20:00:00+00:00,512.79,515.62,504.16,504.31,11036.11332
2021-07-06T00:00:00+00:00,504.42,516.46,503.42,512.15,10224.86096
2021-07-06T04:00:00+00:00,512.15,525.96,512.15,524.32,16851.36346
2021-07-06T08:00:00+00:00,524.18,525.05,502.93,508.94,24174.23717
2021-07-06T12:00:00+00:00,508.91,515.7,505.34,507.03,17015.94941
2021-07-06T16:00:00+00:00,507.1,509.88,500.85,507.44,12177.59825
2021-07-06T20:00:00+00:00,507.47,512.99,499.62,511.55,8684.39018
2021-07-07T00:00:00+00:00,511.42,522.89,505.35,521.4,18093.64071
2021-07-07T04:00:00+00:00,521.55,528.13,521.55,524.27,21237.80842
2021-07-07T08:00:00+00:00,524.23,534.48,524.01,532.51,16126.66856
2021-07-07T12:00:00+00:00,532.52,537.74,519.27,520.99,24609.93576
2021-07-07T16:00:00+00:00,520.9,524.34,518.9,520.15,13293.64476
2021-07-07T20:00:00+00:00,520.18,520.18,507.26,509.35,15005.29414
2021-07-08T00:00:00+00:00,509.13,510.81,492.52,501.14,30568.1475
2021-07-08T04:00:00+00:00,500.97,501.16,480.64,485.01,23377.65791
2021-07-08T08:00:00+00:00,484.86,496.27,479.02,496.14,16052.37681
2021-07-08T12:00:00+00:00,496.14,497.19,485.83,495.29,11581.80623
2021-07-08T16:00:00+00:00,495.11,499.12,491.59,497.27,10136.16301
2021-07-08T20:00:00+00:00,497.36,498.22,483.93,490.3,11443.59079
2021-07-09T00:00:00+00:00,490.31,490.62,471.22,484.66,19081.84496
2021-07-09T04:00:00+00:00,484.71,495.66,484.28,488.89,12728.68176
2021-07-09T08:00:00+00:00,488.83,488.96,476.46,479.09,11375.57103
2021-07-09T12:00:00+00:00,479.06,505.69,476.06,502.4,26253.19811
2021-07-09T16:00:00+00:00,502.62,505.94,499.19,501.77,8764.03441
2021-07-09T20:00:00+00:00,501.8,510.28,499.88,504.16,9674.91191
2021-07-10T00:00:00+00:00,504.03,511.26,495.53,497.49,12234.08607
2021-07-10T04:00:00+00:00,497.13,500.09,489.68,495.19,12629.37743
2021-07-10T08:00:00+00:00,495.07,499.31,490.25,495.05,8655.42354
2021-07-10T12:00:00+00:00,494.82,496.86,490.13,495.28,6679.8939
2021-07-10T16:00:00+00:00,495.3,501.98,483.62,488.2,12090.89964
2021-07-10T20:00:00+00:00,488.22,498.1,484.44,496.94,8646.00849
2021-07-11T00:00:00+00:00,496.95,501.86,491.52,493.4,10184.65478
2021-07-11T04:00:00+00:00,493.63,495.48,489.3,492.31,6537.05115
2021-07-11T08:00:00+00:00,492.31,496.65,490.66,494.36,7260.86746
2021-07-11T12:00:00+00:00,494.37,500.0,492.58,499.93,6906.43995
2021-07-11T16:00:00+00:00,499.88,500.67,493.78,495.08,8417.66351
2021-07-11T20:00:00+00:00,495.09,503.73,491.97,498.11,9054.4998
2021-07-12T00:00:00+00:00,498.1,505.0,496.25,504.96,9021.47742
2021-07-12T04:00:00+00:00,504.96,509.02,501.66,502.34,9233.07228
2021-07-12T08:00:00+00:00,502.34,504.74,486.0,487.39,18142.66979
2021-07-12T12:00:00+00:00,487.4,492.49,485.56,486.71,10348.90079
2021-07-12T16:00:00+00:00,486.6,489.55,472.67,475.17,16729.09736
2021-07-12T20:00:00+00:00,475.03,482.19,471.06,479.58,10769.38453
2021-07-13T00:00:00+00:00,479.58,484.41,476.05,481.49,7592.43254
2021-07-13T04:00:00+00:00,481.71,483.41,470.3,481.34,14088.1585
2021-07-13T08:00:00+00:00,481.41,483.31,475.36,476.24,7358.74673
2021-07-13T12:00:00+00:00,476.22,477.06,466.05,473.71,14521.31806
2021-07-13T16:00:00+00:00,473.74,475.86,460.1,460.69,13164.76024
2021-07-13T20:00:00+00:00,460.82,467.2,459.77,465.1,6996.60281
2021-07-14T00:00:00+00:00,465.0,468.46,443.41,447.13,20057.37596
2021-07-14T04:00:00+00:00,447.04,452.66,443.86,450.35,13301.57705
2021-07-14T08:00:00+00:00,450.36,466.22,444.04,464.09,18859.82475
2021-07-14T12:00:00+00:00,464.22,478.44,462.75,471.33,17524.95472
2021-07-14T16:00:00+00:00,471.44,476.79,468.18,468.65,9887.97956
2021-07-14T20:00:00+00:00,468.69,472.26,466.0,467.36,6133.06789
2021-07-15T00:00:00+00:00,467.36,474.01,458.24,458.34,13946.40934
2021-07-15T04:00:00+00:00,458.28,459.31,452.1,455.39,13364.68624
2021-07-15T08:00:00+00:00,455.33,462.79,447.24,449.35,17194.33774
2021-07-15T12:00:00+00:00,449.33,454.81,445.95,450.95,14330.89641
2021-07-15T16:00:00+00:00,450.87,457.58,443.62,454.85,13841.64662
2021-07-15T20:00:00+00:00,455.12,458.27,451.28,455.9,6335.94366
2021-07-16T00:00:00+00:00,455.76,464.76,449.82,462.99,13284.62836
2021-07-16T04:00:00+00:00,463.06,464.35,449.57,453.38,10859.99649
2021-07-16T08:00:00+00:00,453.6,453.62,436.7,437.61,16546.38316
2021-07-16T12:00:00+00:00,437.58,449.92,437.13,449.41,13118.89972
2021-07-16T16:00:00+00:00,449.41,450.88,444.3,445.28,9146.26639
2021-07-16T20:00:00+00:00,445.11,447.25,437.13,438.02,9448.30118
2021-07-17T00:00:00+00:00,438.12,446.81,430.86,434.63,18172.68304
2021-07-17T04:00:00+00:00,434.57,439.72,432.73,436.27,6993.94759
2021-07-17T08:00:00+00:00,436.24,444.76,430.01,433.1,15427.53234
2021-07-17T12:00:00+00:00,433.19,437.52,431.21,436.5,10405.70984
2021-07-17T16:00:00+00:00,436.43,443.09,434.22,442.73,8939.57438
2021-07-17T20:00:00+00:00,442.78,443.27,435.56,436.07,6829.9429
2021-07-18T00:00:00+00:00,436.15,453.28,435.54,450.49,14376.97295
2021-07-18T04:00:00+00:00,450.52,451.85,444.21,444.91,8545.97104
2021-07-18T08:00:00+00:00,444.75,448.47,444.23,447.44,8590.47033
2021-07-18T12:00:00+00:00,447.44,448.11,431.74,434.81,14154.40348
2021-07-18T16:00:00+00:00,434.63,440.54,433.3,438.37,8135.59871
2021-07-18T20:00:00+00:00,438.24,445.25,434.49,437.92,10103.68065
2021-07-19T00:00:00+00:00,438.0,440.69,431.84,435.88,8047.94369
2021-07-19T04:00:00+00:00,435.89,441.37,435.89,437.84,8360.19903
2021-07-19T08:00:00+00:00,437.88,439.72,431.32,432.21,9164.98121
2021-07-19T12:00:00+00:00,432.0,433.51,413.22,414.94,33606.31941
2021-07-19T16:00:00+00:00,414.88,418.1,413.69,417.66,8869.85055
2021-07-19T20:00:00+00:00,417.7,418.48,413.72,414.94,5143.03838
2021-07-20T00:00:00+00:00,414.94,422.22,391.41,392.71,39480.22257
2021-07-20T04:00:00+00:00,392.8,397.62,391.24,395.79,19160.97791
2021-07-20T08:00:00+00:00,395.6,395.94,383.53,390.63,22199.68925
2021-07-20T12:00:00+00:00,390.76,404.88,388.53,403.28,23475.0844
2021-07-20T16:00:00+00:00,403.21,404.88,397.68,401.93,10764.27501
2021-07-20T20:00:00+00:00,402.02,405.25,396.39,398.48,8728.91108
2021-07-21T00:00:00+00:00,398.61,403.19,392.0,401.81,13303.376
2021-07-21T04:00:00+00:00,401.73,416.94,401.0,414.01,19928.0089
2021-07-21T08:00:00+00:00,413.99,421.22,411.3,420.22,14918.42154
2021-07-21T12:00:00+00:00,420.18,428.64,417.76,428.18,17399.51738
2021-07-21T16:00:00+00:00,428.22,435.56,420.82,421.8,34639.7996
2021-07-21T20:00:00+00:00,421.9,431.16,421.65,430.7,10228.50227
2021-07-22T00:00:00+00:00,430.76,436.63,424.27,426.91,12288.19015
2021-07-22T04:00:00+00:00,426.8,437.61,426.76,433.84,14777.22048
2021-07-22T08:00:00+00:00,433.87,437.34,427.57,432.88,13105.59075
2021-07-22T12:00:00+00:00,432.86,443.12,425.1,442.2,19576.26761
2021-07-22T16:00:00+00:00,442.28,445.48,440.45,441.89,10068.14956
2021-07-22T20:00:00+00:00,441.9,443.2,435.97,442.15,8113.5247
2021-07-23T00:00:00+00:00,442.27,450.71,439.66,444.31,13560.26302
2021-07-23T04:00:00+00:00,444.25,448.53,439.62,444.39,11345.71546
2021-07-23T08:00:00+00:00,444.39,444.86,436.71,440.39,10858.4295
2021-07-23T12:00:00+00:00,440.42,446.5,436.81,437.02,10201.78528
2021-07-23T16:00:00+00:00,436.98,437.97,431.36,436.96,10749.64164
2021-07-23T20:00:00+00:00,436.98,456.12,435.97,454.78,15213.29517
2021-07-24T00:00:00+00:00,454.8,459.52,453.05,459.29,14400.80574
2021-07-24T04:00:00+00:00,459.29,460.13,456.43,458.38,9746.66523
2021-07-24T08:00:00+00:00,458.38,459.06,454.66,456.31,9876.82188
2021-07-24T12:00:00+00:00,456.18,458.78,454.47,456.36,9108.38464
2021-07-24T16:00:00+00:00,456.31,464.79,450.27,451.36,18590.47365
2021-07-24T20:00:00+00:00,451.25,458.99,449.92,458.49,9021.42641
2021-07-25T00:00:00+00:00,458.63,459.52,445.71,448.62,15680.45374
2021-07-25T04:00:00+00:00,448.61,456.39,447.1,455.01,13142.24701
2021-07-25T08:00:00+00:00,455.01,456.35,449.2,450.46,11317.58481
2021-07-25T12:00:00+00:00,450.5,450.5,442.21,446.06,12793.02861
2021-07-25T16:00:00+00:00,445.96,446.89,441.68,443.34,9804.16374
2021-07-25T20:00:00+00:00,443.29,455.06,441.17,454.99,11258.0585
2021-07-26T00:00:00+00:00,455.06,500.62,452.65,495.17,89720.08879
2021-07-26T04:00:00+00:00,495.04,512.22,493.2,502.25,38846.42448
2021-07-26T08:00:00+00:00,502.2,511.02,496.75,505.99,22244.69508
2021-07-26T12:00:00+00:00,506.03,509.0,487.09,501.82,29032.15305
2021-07-26T16:00:00+00:00,501.82,517.91,501.21,508.26,33225.16723
2021-07-26T20:00:00+00:00,508.26,508.55,474.55,481.09,49106.8955
2021-07-27T00:00:00+00:00,481.25,486.6,467.51,473.27,29099.70855
2021-07-27T04:00:00+00:00,473.26,477.74,471.87,476.14,16861.78297
2021-07-27T08:00:00+00:00,476.16,488.94,473.24,488.5,18141.06632
2021-07-27T12:00:00+00:00,488.54,503.0,485.42,492.25,27913.797
2021-07-27T16:00:00+00:00,491.78,496.11,484.79,492.91,15680.77591
2021-07-27T20:00:00+00:00,493.31,504.1,493.24,501.91,16896.18214
2021-07-28T00:00:00+00:00,501.79,504.79,492.43,498.18,22293.91419
2021-07-28T04:00:00+00:00,498.16,519.52,489.26,515.15,30915.72516
2021-07-28T08:00:00+00:00,515.05,517.9,506.62,515.13,24503.63605
2021-07-28T12:00:00+00:00,515.22,515.88,501.0,506.59,20388.45971
2021-07-28T16:00:00+00:00,506.85,515.67,498.2,511.2,28279.34823
2021-07-28T20:00:00+00:00,511.16,512.0,503.68,511.41,10086.52215
2021-07-29T00:00:00+00:00,511.66,512.85,500.37,504.11,13255.66282
2021-07-29T04:00:00+00:00,504.12,510.66,502.35,506.24,7980.92488
2021-07-29T08:00:00+00:00,506.22,512.22,498.56,501.56,12175.48252
2021-07-29T12:00:00+00:00,501.69,523.65,499.11,520.03,24913.81061
2021-07-29T16:00:00+00:00,519.87,547.66,519.2,533.98,58027.42025
2021-07-29T20:00:00+00:00,534.03,541.75,530.36,538.9,15974.60838
2021-07-30T00:00:00+00:00,539.01,548.16,534.81,539.41,19448.00441
2021-07-30T04:00:00+00:00,539.26,540.5,530.85,534.15,18023.33006
2021-07-30T08:00:00+00:00,534.12,534.76,516.55,523.04,30593.80307
2021-07-30T12:00:00+00:00,523.04,530.11,521.32,527.93,15356.61834
2021-07-30T16:00:00+00:00,528.01,536.64,525.05,534.62,10833.2403
2021-07-30T20:00:00+00:00,534.72,553.38,533.83,552.77,31977.68933
2021-07-31T00:00:00+00:00,552.78,558.0,545.55,549.12,22595.99003
2021-07-31T04:00:00+00:00,549.07,549.69,538.08,544.59,12762.57424
2021-07-31T08:00:00+00:00,544.53,552.64,540.67,541.83,20970.08848
2021-07-31T12:00:00+00:00,541.78,544.97,537.01,543.53,15130.01077
2021-07-31T16:00:00+00:00,543.51,544.5,536.73,539.46,9170.0509
2021-07-31T20:00:00+00:00,539.39,551.74,537.89,545.98,12860.55699
2021-08-01T00:00:00+00:00,545.8,564.57,541.11,561.17,26369.29107
2021-08-01T04:00:00+00:00,561.35,562.85,551.38,552.88,17308.51309
2021-08-01T08:00:00+00:00,552.91,555.0,541.28,547.49,15044.4702
2021-08-01T12:00:00+00:00,547.27,552.1,543.01,546.81,14936.43628
2021-08-01T16:00:00+00:00,546.81,550.47,538.01,548.33,19729.27511
2021-08-01T20:00:00+00:00,548.3,552.48,512.0,526.26,34724.3759
2021-08-02T00:00:00+00:00,526.26,535.38,519.5,534.45,21506.55315
2021-08-02T04:00:00+00:00,534.42,555.0,533.03,549.81,17967.60426
2021-08-02T08:00:00+00:00,549.9,565.87,543.43,560.74,40695.76136
2021-08-02T12:00:00+00:00,560.89,567.57,551.0,552.52,26895.03011
2021-08-02T16:00:00+00:00,552.5,554.73,544.05,545.6,14344.1238
2021-08-02T20:00:00+00:00,545.7,548.85,541.21,543.3,11159.99048
2021-08-03T00:00:00+00:00,543.27,551.92,533.65,534.95,19018.58891
2021-08-03T04:00:00+00:00,534.99,538.48,523.21,532.99,18504.79707
2021-08-03T08:00:00+00:00,532.9,535.8,526.59,528.26,12935.7805
2021-08-03T12:00:00+00:00,528.26,538.8,521.32,531.67,20722.5249
2021-08-03T16:00:00+00:00,531.8,539.68,529.8,536.45,11426.72691
2021-08-03T20:00:00+00:00,536.39,543.85,534.76,538.6,8459.1891
2021-08-04T00:00:00+00:00,538.52,540.73,533.54,533.68,8863.98142
2021-08-04T04:00:00+00:00,533.53,534.26,526.89,529.86,11126.61182
2021-08-04T08:00:00+00:00,529.99,532.43,524.44,532.13,9837.91966
2021-08-04T12:00:00+00:00,532.08,546.25,531.54,542.76,22926.83427
2021-08-04T16:00:00+00:00,542.78,550.0,541.8,547.1,16723.74721
2021-08-04T20:00:00+00:00,547.24,552.84,544.46,545.72,17897.75211
2021-08-05T00:00:00+00:00,545.73,548.38,538.29,542.23,14353.31622
2021-08-05T04:00:00+00:00,542.23,542.85,531.39,534.75,13696.32236
2021-08-05T08:00:00+00:00,534.74,536.14,524.0,529.79,20598.75377
2021-08-05T12:00:00+00:00,529.85,538.59,522.66,534.49,32079.3093
2021-08-05T16:00:00+00:00,534.32,549.0,531.24,545.73,34719.95488
2021-08-05T20:00:00+00:00,545.86,550.82,545.65,548.39,13415.30595
2021-08-06T00:00:00+00:00,548.42,550.55,541.65,544.17,17532.05118
2021-08-06T04:00:00+00:00,544.21,550.0,541.23,544.35,15366.8229
2021-08-06T08:00:00+00:00,544.33,546.45,538.13,538.26,16168.04946
2021-08-06T12:00:00+00:00,538.17,559.6,536.93,557.56,28991.84023
2021-08-06T16:00:00+00:00,557.62,561.17,551.81,555.18,40839.24689
2021-08-06T20:00:00+00:00,555.22,559.81,551.64,557.42,13211.42148
2021-08-07T00:00:00+00:00,557.45,576.0,553.42,573.82,37781.64111
2021-08-07T04:00:00+00:00,574.03,576.79,566.79,570.3,21224.90316
2021-08-07T08:00:00+00:00,570.26,585.31,568.19,583.64,32753.4749
2021-08-07T12:00:00+00:00,583.63,590.76,568.62,579.42,47998.23907
2021-08-07T16:00:00+00:00,579.45,587.37,568.97,579.61,34106.98593
2021-08-07T20:00:00+00:00,579.8,584.63,571.51,583.53,16996.88735
2021-08-08T00:00:00+00:00,583.61,590.01,567.5,575.9,33984.27219
2021-08-08T04:00:00+00:00,576.04,586.89,569.44,578.34,24013.39819
2021-08-08T08:00:00+00:00,578.42,582.11,568.76,571.76,19588.30467
2021-08-08T12:00:00+00:00,571.84,579.79,560.8,562.93,25806.86253
2021-08-08T16:00:00+00:00,562.9,566.66,555.81,561.25,23829.49272
2021-08-08T20:00:00+00:00,561.23,565.42,554.05,555.56,17021.12922
2021-08-09T00:00:00+00:00,555.57,556.81,543.08,550.86,23937.70076
2021-08-09T04:00:00+00:00,551.0,559.82,548.25,559.65,16658.34712
2021-08-09T08:00:00+00:00,559.42,579.88,558.46,578.36,30708.29822
2021-08-09T12:00:00+00:00,578.28,599.65,572.14,598.24,41539.42455
2021-08-09T16:00:00+00:00,598.27,600.0,588.41,594.43,26842.99164
2021-08-09T20:00:00+00:00,594.67,601.0,582.44,591.37,22331.49057
2021-08-10T00:00:00+00:00,591.32,596.14,581.7,582.49,22787.26341
2021-08-10T04:00:00+00:00,582.39,589.5,578.2,589.16,16296.89867
2021-08-10T08:00:00+00:00,589.04,592.7,579.33,586.54,27303.49932
2021-08-10T12:00:00+00:00,586.58,607.57,580.42,583.79,43484.05162
2021-08-10T16:00:00+00:00,583.62,591.08,573.4,590.93,18949.68621
2021-08-10T20:00:00+00:00,590.87,598.29,587.74,592.06,15270.59467
2021-08-11T00:00:00+00:00,592.24,602.5,590.49,597.01,17958.12518
2021-08-11T04:00:00+00:00,597.01,615.57,592.54,610.96,29684.63151
2021-08-11T08:00:00+00:00,610.87,613.2,603.46,604.38,20992.91625
2021-08-11T12:00:00+00:00,604.36,624.33,602.41,617.15,27906.90473
2021-08-11T16:00:00+00:00,617.31,628.5,614.43,627.24,21957.08223
2021-08-11T20:00:00+00:00,626.93,632.46,612.42,620.37,25101.49177
2021-08-12T00:00:00+00:00,620.28,649.86,618.87,639.04,38118.30696
2021-08-12T04:00:00+00:00,638.9,641.87,605.79,622.57,37847.00441
2021-08-12T08:00:00+00:00,622.45,626.83,610.01,610.76,27703.6313
2021-08-12T12:00:00+00:00,610.66,615.47,596.0,600.83,29752.95069
2021-08-12T16:00:00+00:00,601.2,608.9,592.37,606.18,18548.22431
2021-08-12T20:00:00+00:00,606.13,609.44,595.22,606.21,12818.69858
2021-08-13T00:00:00+00:00,606.09,619.0,601.1,616.83,12618.23854
2021-08-13T04:00:00+00:00,616.54,636.0,616.54,632.72,13927.43608
2021-08-13T08:00:00+00:00,632.78,643.08,629.13,635.11,27560.79186
2021-08-13T12:00:00+00:00,635.13,643.54,623.57,626.74,21120.30407
2021-08-13T16:00:00+00:00,626.74,634.36,623.26,631.14,12810.75151
2021-08-13T20:00:00+00:00,630.97,655.48,629.6,654.44,21654.3359
2021-08-14T00:00:00+00:00,654.5,665.97,651.4,657.76,29591.88675
2021-08-14T04:00:00+00:00,657.76,667.82,652.64,664.72,14576.32456
2021-08-14T08:00:00+00:00,664.71,670.53,642.0,652.19,40440.55536
2021-08-14T12:00:00+00:00,652.53,664.76,644.18,664.57,19746.12201
2021-08-14T16:00:00+00:00,664.34,676.32,660.96,672.35,22336.74229
2021-08-14T20:00:00+00:00,672.36,692.88,660.4,692.08,20570.95477
2021-08-15T00:00:00+00:00,691.95,709.66,687.38,695.72,48337.89888
2021-08-15T04:00:00+00:00,695.71,699.98,672.03,679.3,31541.34981
2021-08-15T08:00:00+00:00,679.23,691.41,674.39,686.71,25504.81279
2021-08-15T12:00:00+00:00,686.82,693.21,673.05,689.55,24335.5537
2021-08-15T16:00:00+00:00,689.54,692.0,675.71,691.21,16681.95312
2021-08-15T20:00:00+00:00,691.41,707.86,690.03,703.42,17808.33718
2021-08-16T00:00:00+00:00,703.25,714.76,698.71,699.97,25149.88211
2021-08-16T04:00:00+00:00,699.92,707.09,694.63,697.54,16474.08746
2021-08-16T08:00:00+00:00,697.56,706.86,692.37,703.2,17710.86152
2021-08-16T12:00:00+00:00,703.19,704.67,679.11,687.5,28590.39703
2021-08-16T16:00:00+00:00,687.38,691.75,680.28,680.83,12754.02724
2021-08-16T20:00:00+00:00,680.78,687.5,673.16,673.31,19064.23562
2021-08-17T00:00:00+00:00,673.26,688.83,659.48,686.13,21418.64852
2021-08-17T04:00:00+00:00,686.01,690.49,669.74,679.48,18280.84261
2021-08-17T08:00:00+00:00,679.72,691.05,677.1,687.7,13502.30988
2021-08-17T12:00:00+00:00,687.85,690.71,665.1,665.95,17027.95405
2021-08-17T16:00:00+00:00,666.06,676.0,662.62,666.05,13654.04858
2021-08-17T20:00:00+00:00,666.04,668.37,637.66,639.19,25375.03388
2021-08-18T00:00:00+00:00,639.13,645.34,619.72,638.59,34732.95686
2021-08-18T04:00:00+00:00,638.66,645.73,633.07,636.92,12812.04951
2021-08-18T08:00:00+00:00,636.61,647.24,632.29,634.96,17409.56738
2021-08-18T12:00:00+00:00,634.93,646.5,634.06,646.43,14166.34906
2021-08-18T16:00:00+00:00,646.48,655.25,635.56,636.16,17094.03908
2021-08-18T20:00:00+00:00,636.16,641.34,629.4,632.04,12413.84297
2021-08-19T00:00:00+00:00,631.95,641.51,625.29,625.71,15581.40782
2021-08-19T04:00:00+00:00,625.57,632.61,622.28,627.96,12903.06057
2021-08-19T08:00:00+00:00,627.98,633.73,621.66,622.42,14916.71916
2021-08-19T12:00:00+00:00,622.39,640.88,619.6,639.95,16068.90966
2021-08-19T16:00:00+00:00,639.95,653.41,637.36,652.11,16389.74749
2021-08-19T20:00:00+00:00,652.19,660.27,647.63,659.83,11999.97483
2021-08-20T00:00:00+00:00,659.71,666.5,655.67,655.86,17908.13751
2021-08-20T04:00:00+00:00,655.86,661.32,652.93,656.51,15631.21856
2021-08-20T08:00:00+00:00,656.44,663.74,652.13,659.01,10807.62634
2021-08-20T12:00:00+00:00,658.75,680.49,658.42,680.07,19297.87665
2021-08-20T16:00:00+00:00,680.07,684.39,673.61,676.79,14296.14474
2021-08-20T20:00:00+00:00,676.84,700.45,675.76,693.99,19351.22216
2021-08-21T00:00:00+00:00,694.08,700.0,675.99,697.56,26455.67154
2021-08-21T04:00:00+00:00,697.75,697.95,687.76,692.02,15264.08511
2021-08-21T08:00:00+00:00,692.02,693.3,674.28,677.93,15422.82065
2021-08-21T12:00:00+00:00,678.04,688.2,676.85,684.41,10383.75937
2021-08-21T16:00:00+00:00,684.31,690.39,671.25,673.59,12831.99574
2021-08-21T20:00:00+00:00,673.51,684.99,671.78,675.56,7941.85133
2021-08-22T00:00:00+00:00,675.32,683.76,672.77,674.09,7986.72458
2021-08-22T04:00:00+00:00,674.0,689.39,673.87,687.24,11665.25303
2021-08-22T08:00:00+00:00,687.22,689.14,678.98,680.92,9259.21295
2021-08-22T12:00:00+00:00,680.94,681.62,657.15,663.75,18124.27905
2021-08-22T16:00:00+00:00,663.85,665.0,652.0,659.97,11624.57509
2021-08-22T20:00:00+00:00,659.91,673.72,654.24,672.29,10830.95797
2021-08-23T00:00:00+00:00,672.32,689.54,668.38,689.06,20823.75682
2021-08-23T04:00:00+00:00,689.12,691.66,678.75,682.89,28378.5309
2021-08-23T08:00:00+00:00,683.06,691.09,681.5,686.8,15080.7554
2021-08-23T12:00:00+00:00,686.87,694.24,668.14,672.41,57453.3886
2021-08-23T16:00:00+00:00,672.55,675.01,664.55,667.89,17099.71613
2021-08-23T20:00:00+00:00,667.99,680.48,664.12,678.22,9748.9777
2021-08-24T00:00:00+00:00,678.05,681.75,665.71,671.29,13654.36433
2021-08-24T04:00:00+00:00,671.28,683.68,669.24,680.98,12131.39196
2021-08-24T08:00:00+00:00,680.98,681.52,669.29,674.48,10025.21292
2021-08-24T12:00:00+00:00,674.5,674.58,644.24,646.42,26794.73572
2021-08-24T16:00:00+00:00,646.51,647.91,633.27,643.74,21534.46622
2021-08-24T20:00:00+00:00,643.87,648.79,635.64,636.38,8141.43366
2021-08-25T00:00:00+00:00,636.25,648.83,636.12,639.51,11772.69179
2021-08-25T04:00:00+00:00,639.53,658.76,638.78,648.21,13039.03706
2021-08-25T08:00:00+00:00,648.08,648.59,626.28,633.68,18275.94368
2021-08-25T12:00:00+00:00,633.73,647.77,628.02,646.5,25158.32993
2021-08-25T16:00:00+00:00,646.58,648.28,640.07,641.88,11249.2045
2021-08-25T20:00:00+00:00,641.88,650.87,641.84,650.39,6253.05047
2021-08-26T00:00:00+00:00,650.4,656.26,629.83,630.85,15803.16224
2021-08-26T04:00:00+00:00,630.92,633.61,612.0,617.5,17474.3092
2021-08-26T08:00:00+00:00,617.7,620.5,612.1,613.5,10730.236
2021-08-26T12:00:00+00:00,613.6,621.4,605.6,611.2,15498.2261
2021-08-26T16:00:00+00:00,611.3,614.0,603.89,611.8,16824.45887
2021-08-26T20:00:00+00:00,611.7,617.1,605.4,606.1,9220.482
2021-08-27T00:00:00+00:00,606.2,612.6,596.2,603.4,22250.54439
2021-08-27T04:00:00+00:00,603.4,613.0,599.0,612.3,11697.026
2021-08-27T08:00:00+00:00,612.2,616.4,605.1,613.4,9925.735
2021-08-27T12:00:00+00:00,613.3,629.8,608.5,626.1,18215.08532
2021-08-27T16:00:00+00:00,626.2,628.5,621.0,622.2,8221.164
2021-08-27T20:00:00+00:00,622.1,636.4,620.0,636.0,11587.55247
2021-08-28T00:00:00+00:00,635.9,639.0,630.6,632.0,10700.31054
2021-08-28T04:00:00+00:00,632.0,635.4,627.1,630.1,8844.821
2021-08-28T08:00:00+00:00,630.2,639.1,628.7,630.3,7757.54339
2021-08-28T12:00:00+00:00,630.1,636.3,626.5,633.2,7463.965
2021-08-28T16:00:00+00:00,633.1,634.4,622.7,623.5,7277.847
2021-08-28T20:00:00+00:00,623.4,646.8,622.4,646.6,17815.40376
2021-08-29T00:00:00+00:00,646.6,693.2,646.5,692.9,107268.84047
2021-08-29T04:00:00+00:00,692.8,693.4,671.4,676.7,30420.50978
2021-08-29T08:00:00+00:00,676.9,684.0,666.1,666.5,22198.535
2021-08-29T12:00:00+00:00,666.7,668.9,656.4,662.3,21784.183
2021-08-29T16:00:00+00:00,662.2,664.4,657.4,663.0,12191.303
2021-08-29T20:00:00+00:00,663.0,669.7,657.8,659.0,14198.592
2021-08-30T00:00:00+00:00,659.0,665.2,641.1,643.5,17811.102
2021-08-30T04:00:00+00:00,643.5,647.5,641.2,646.3,13524.158
2021-08-30T08:00:00+00:00,646.2,653.0,642.8,645.2,11763.572
2021-08-30T12:00:00+00:00,645.2,645.3,635.2,642.7,13870.212
2021-08-30T16:00:00+00:00,642.6,652.3,641.3,652.1,11730.928
2021-08-30T20:00:00+00:00,652.1,652.3,630.0,632.4,13827.834
2021-08-31T00:00:00+00:00,632.3,634.5,623.9,631.1,13755.909
2021-08-31T04:00:00+00:00,631.0,646.9,624.5,646.0,13576.813
2021-08-31T08:00:00+00:00,646.1,650.0,635.0,648.3,14875.366
2021-08-31T12:00:00+00:00,648.3,651.4,636.5,641.7,15548.576
2021-08-31T16:00:00+00:00,641.7,643.2,631.3,637.4,18901.025
2021-08-31T20:00:00+00:00,637.4,638.0,628.3,636.6,8991.836
2021-09-01T00:00:00+00:00,636.8,638.9,625.3,633.7,10320.625
2021-09-01T04:00:00+00:00,633.9,640.1,631.6,636.9,8324.941
2021-09-01T08:00:00+00:00,636.9,643.5,636.9,641.5,9430.609
2021-09-01T12:00:00+00:00,641.5,645.0,637.6,642.4,9988.242
2021-09-01T16:00:00+00:00,642.5,651.2,639.5,642.1,46816.389
2021-09-01T20:00:00+00:00,642.2,657.4,640.5,655.7,24240.832
2021-09-02T00:00:00+00:00,655.8,667.9,652.5,663.0,17061.316
2021-09-02T04:00:00+00:00,663.2,673.1,659.9,666.8,14974.191
2021-09-02T08:00:00+00:00,666.8,673.2,665.7,673.0,12249.738
2021-09-02T12:00:00+00:00,672.9,673.9,655.2,659.6,16696.808
2021-09-02T16:00:00+00:00,659.6,664.6,658.7,661.8,9851.083
2021-09-02T20:00:00+00:00,661.9,668.0,661.4,664.3,7862.557
2021-09-03T00:00:00+00:00,664.3,674.8,651.0,668.4,21450.644
2021-09-03T04:00:00+00:00,668.4,672.3,664.4,665.6,14031.348
2021-09-03T08:00:00+00:00,665.6,685.0,664.9,682.4,27801.928
2021-09-03T12:00:00+00:00,682.6,713.4,677.2,706.4,51346.86891
2021-09-03T16:00:00+00:00,706.5,721.7,700.2,720.0,41962.15196
2021-09-03T20:00:00+00:00,719.9,721.4,698.8,713.7,26505.049
2021-09-04T00:00:00+00:00,713.6,721.3,704.3,710.8,21595.219
2021-09-04T04:00:00+00:00,710.8,712.2,701.0,701.8,18910.88
2021-09-04T08:00:00+00:00,701.9,737.5,696.4,705.6,64273.65884
2021-09-04T12:00:00+00:00,705.6,715.4,703.6,707.9,23778.289
2021-09-04T16:00:00+00:00,707.9,712.3,697.8,706.8,19538.053
2021-09-04T20:00:00+00:00,706.7,713.2,706.4,709.0,14150.395
2021-09-05T00:00:00+00:00,709.1,714.3,700.0,700.7,19087.142
2021-09-05T04:00:00+00:00,700.8,707.0,698.1,704.6,13613.19
2021-09-05T08:00:00+00:00,704.6,712.4,703.3,710.8,13360.048
2021-09-05T12:00:00+00:00,710.8,734.1,709.3,728.5,38805.151
2021-09-05T16:00:00+00:00,728.4,739.1,723.4,737.9,23817.14881
2021-09-05T20:00:00+00:00,738.0,767.4,734.2,764.5,32663.29962
2021-09-06T00:00:00+00:00,764.5,767.7,741.2,745.0,27010.282
2021-09-06T04:00:00+00:00,745.0,784.0,743.2,782.0,40007.04008
2021-09-06T08:00:00+00:00,782.0,803.6,772.4,776.1,68780.2294
2021-09-06T12:00:00+00:00,776.3,791.4,750.8,782.5,57671.576
2021-09-06T16:00:00+00:00,782.6,790.0,774.6,786.8,19915.109
2021-09-06T20:00:00+00:00,786.7,797.0,780.8,784.5,19879.233
2021-09-07T00:00:00+00:00,784.5,787.6,773.2,775.3,17935.983
2021-09-07T04:00:00+00:00,775.4,779.6,756.2,761.6,23256.296
2021-09-07T08:00:00+00:00,761.5,762.5,721.2,737.0,65165.653
2021-09-07T12:00:00+00:00,737.0,741.9,583.1,662.1,148248.92246
2021-09-07T16:00:00+00:00,662.0,688.4,640.7,651.4,88750.303
2021-09-07T20:00:00+00:00,651.5,678.1,647.3,673.4,33002.9
2021-09-08T00:00:00+00:00,673.5,679.6,665.3,669.1,25221.645
2021-09-08T04:00:00+00:00,669.1,678.6,646.7,647.9,33321.606
2021-09-08T08:00:00+00:00,647.9,664.7,644.1,659.0,26659.476
2021-09-08T12:00:00+00:00,659.2,665.5,653.3,662.4,21045.439
2021-09-08T16:00:00+00:00,662.3,666.9,658.9,662.1,12317.455
2021-09-08T20:00:00+00:00,662.1,670.0,657.3,662.7,12024.853
2021-09-09T00:00:00+00:00,662.8,671.2,655.7,669.8,17565.894
2021-09-09T04:00:00+00:00,670.0,670.8,660.0,669.6,14021.045
2021-09-09T08:00:00+00:00,669.3,673.5,663.1,665.0,13609.461
2021-09-09T12:00:00+00:00,665.0,673.2,655.4,669.4,26684.888
2021-09-09T16:00:00+00:00,669.4,673.1,661.7,662.6,12556.338
2021-09-09T20:00:00+00:00,662.5,666.1,658.5,661.5,7021.797
2021-09-10T00:00:00+00:00,661.4,673.9,658.6,668.8,14721.982
2021-09-10T04:00:00+00:00,668.8,670.2,657.5,659.7,11542.785
2021-09-10T08:00:00+00:00,659.8,662.5,650.1,655.6,16447.885
2021-09-10T12:00:00+00:00,655.8,656.6,624.8,637.8,27723.814
2021-09-10T16:00:00+00:00,637.9,639.1,631.7,636.6,7685.76
2021-09-10T20:00:00+00:00,636.5,639.7,617.9,628.9,11860.489
2021-09-11T00:00:00+00:00,628.8,638.4,625.6,630.4,11258.216
2021-09-11T04:00:00+00:00,630.5,639.4,626.3,631.8,10085.685
2021-09-11T08:00:00+00:00,631.9,643.3,626.4,641.4,9643.228
2021-09-11T12:00:00+00:00,641.4,647.9,641.3,644.1,11052.515
2021-09-11T16:00:00+00:00,644.0,647.9,637.3,638.4,8561.168
2021-09-11T20:00:00+00:00,638.4,640.8,630.0,636.1,8240.63
2021-09-12T00:00:00+00:00,636.2,639.7,623.1,632.4,8077.778
2021-09-12T04:00:00+00:00,632.6,634.6,626.9,631.8,5795.21
2021-09-12T08:00:00+00:00,631.8,649.0,629.8,648.9,16100.625
2021-09-12T12:00:00+00:00,649.0,651.6,644.1,649.7,10343.069
2021-09-12T16:00:00+00:00,649.4,654.1,647.7,649.5,8921.357
2021-09-12T20:00:00+00:00,649.5,655.3,640.5,646.5,14465.317
2021-09-13T00:00:00+00:00,646.6,650.0,627.7,627.8,16470.697
2021-09-13T04:00:00+00:00,627.7,629.5,607.3,611.5,23109.527
2021-09-13T08:00:00+00:00,611.4,612.8,601.0,611.0,21093.018
2021-09-13T12:00:00+00:00,610.9,661.3,591.4,612.3,89843.241
2021-09-13T16:00:00+00:00,612.1,617.8,610.4,613.4,11067.426
2021-09-13T20:00:00+00:00,613.4,621.5,613.3,614.1,7929.859
2021-09-14T00:00:00+00:00,614.1,619.3,608.4,616.5,11168.773
2021-09-14T04:00:00+00:00,616.6,622.6,610.3,616.6,10347.938
2021-09-14T08:00:00+00:00,616.8,627.1,616.7,622.6,10508.667
2021-09-14T12:00:00+00:00,622.5,642.6,616.5,638.0,23204.619
2021-09-14T16:00:00+00:00,637.9,642.4,634.9,639.0,9578.0
2021-09-14T20:00:00+00:00,639.1,642.8,634.5,640.7,8451.542
2021-09-15T00:00:00+00:00,640.6,641.9,635.3,638.7,8776.448
2021-09-15T04:00:00+00:00,638.7,639.4,632.2,638.7,8774.645
2021-09-15T08:00:00+00:00,638.7,645.5,633.7,639.3,12453.347
2021-09-15T12:00:00+00:00,639.3,650.5,637.1,650.0,14382.537
2021-09-15T16:00:00+00:00,649.9,651.9,647.8,651.1,8361.608
2021-09-15T20:00:00+00:00,651.1,656.9,648.7,652.6,10034.595
2021-09-16T00:00:00+00:00,652.5,655.3,636.4,639.1,18733.959
2021-09-16T04:00:00+00:00,639.0,645.1,638.6,644.2,15708.455
2021-09-16T08:00:00+00:00,644.1,645.7,637.5,642.3,8924.454
2021-09-16T12:00:00+00:00,642.2,645.5,625.7,637.0,16859.858
2021-09-16T16:00:00+00:00,636.9,641.2,632.1,637.9,9472.429
2021-09-16T20:00:00+00:00,638.1,641.4,630.3,639.2,7528.585
2021-09-17T00:00:00+00:00,639.2,643.6,635.8,640.4,6964.925
2021-09-17T04:00:00+00:00,640.5,646.1,636.0,640.7,11854.719
2021-09-17T08:00:00+00:00,640.5,647.9,620.1,620.7,21117.509
2021-09-17T12:00:00+00:00,620.6,629.5,612.4,627.4,22861.243
2021-09-17T16:00:00+00:00,627.1,631.5,619.0,627.4,9188.455
2021-09-17T20:00:00+00:00,627.4,627.8,613.9,621.2,7889.777
2021-09-18T00:00:00+00:00,621.4,629.1,614.2,627.7,12069.84
2021-09-18T04:00:00+00:00,627.8,637.3,627.8,636.1,10135.46
2021-09-18T08:00:00+00:00,636.2,638.3,629.1,630.7,6546.834
2021-09-18T12:00:00+00:00,630.6,637.9,628.4,630.1,12486.467
2021-09-18T16:00:00+00:00,630.1,631.5,625.1,629.4,4868.527
2021-09-18T20:00:00+00:00,629.4,631.2,618.9,630.8,8421.29
2021-09-19T00:00:00+00:00,630.6,647.5,621.2,633.7,23128.229
2021-09-19T04:00:00+00:00,633.7,639.9,630.7,636.9,7730.516
2021-09-19T08:00:00+00:00,637.1,638.7,607.5,611.5,16802.685
2021-09-19T12:00:00+00:00,611.3,620.4,609.1,617.4,12537.031
2021-09-19T16:00:00+00:00,617.3,619.2,610.8,611.5,8198.863
2021-09-19T20:00:00+00:00,611.7,617.7,601.7,608.7,12180.966
2021-09-20T00:00:00+00:00,608.8,609.3,573.7,582.4,31486.09571
2021-09-20T04:00:00+00:00,582.3,586.6,560.5,569.3,21731.1889
2021-09-20T08:00:00+00:00,569.4,575.6,540.5,550.1,43758.64981
2021-09-20T12:00:00+00:00,550.0,555.6,530.1,551.0,45831.31339
2021-09-20T16:00:00+00:00,551.0,554.8,538.1,549.3,20844.947
2021-09-20T20:00:00+00:00,549.3,551.4,534.5,542.7,16136.546
2021-09-21T00:00:00+00:00,542.6,544.8,510.7,537.7,42932.90463
2021-09-21T04:00:00+00:00,537.8,544.2,527.6,543.5,21630.077
2021-09-21T08:00:00+00:00,543.4,552.4,541.2,547.7,24373.514
2021-09-21T12:00:00+00:00,547.8,551.9,534.6,545.2,40178.937
2021-09-21T16:00:00+00:00,545.0,545.1,522.6,524.7,24176.346
2021-09-21T20:00:00+00:00,524.5,527.8,496.6,505.4,35748.00043
2021-09-22T00:00:00+00:00,505.1,521.7,496.2,515.2,25405.246
2021-09-22T04:00:00+00:00,515.2,526.4,511.6,524.6,15270.018
2021-09-22T08:00:00+00:00,524.4,529.0,518.2,519.2,21482.112
2021-09-22T12:00:00+00:00,519.7,537.5,518.4,536.5,16341.414
2021-09-22T16:00:00+00:00,536.6,546.6,534.2,540.3,19685.424
2021-09-22T20:00:00+00:00,540.1,548.1,537.3,547.7,13184.443
2021-09-23T00:00:00+00:00,547.6,549.8,535.4,548.8,15719.169
2021-09-23T04:00:00+00:00,548.9,549.4,539.3,548.4,11218.908
2021-09-23T08:00:00+00:00,548.3,549.5,533.2,535.3,14588.312
2021-09-23T12:00:00+00:00,535.3,545.7,532.3,539.3,10996.273
2021-09-23T16:00:00+00:00,539.4,553.8,539.2,552.1,14213.117
2021-09-23T20:00:00+00:00,552.0,553.2,546.4,552.7,8804.642
2021-09-24T00:00:00+00:00,552.6,556.8,540.7,541.9,10462.206
2021-09-24T04:00:00+00:00,541.9,546.2,536.2,542.7,12982.376
2021-09-24T08:00:00+00:00,542.8,545.6,478.9,498.3,79929.01037
2021-09-24T12:00:00+00:00,498.6,511.3,490.0,504.7,32003.083
2021-09-24T16:00:00+00:00,504.5,511.0,501.7,508.5,14922.64
2021-09-24T20:00:00+00:00,508.7,519.5,508.1,513.5,14121.721
2021-09-25T00:00:00+00:00,513.2,520.7,506.9,516.8,16977.066
2021-09-25T04:00:00+00:00,516.7,521.5,511.6,512.1,11387.807
2021-09-25T08:00:00+00:00,512.3,523.3,501.7,512.3,23071.632
2021-09-25T12:00:00+00:00,512.2,517.3,506.0,513.5,19128.904
2021-09-25T16:00:00+00:00,513.4,517.9,507.9,515.9,15716.304
2021-09-25T20:00:00+00:00,516.0,519.0,507.5,516.8,13168.504
2021-09-26T00:00:00+00:00,516.9,517.7,500.9,509.8,18123.221
2021-09-26T04:00:00+00:00,509.4,512.2,480.8,487.7,28497.657
2021-09-26T08:00:00+00:00,487.6,519.4,480.2,510.9,43343.962
2021-09-26T12:00:00+00:00,511.0,519.9,511.0,518.2,24680.077
2021-09-26T16:00:00+00:00,518.2,518.4,507.6,510.6,13460.398
2021-09-26T20:00:00+00:00,510.7,513.4,495.7,503.2,33509.624
2021-09-27T00:00:00+00:00,503.1,515.2,498.7,510.2,26387.925
2021-09-27T04:00:00+00:00,510.5,513.0,504.0,504.2,11276.124
2021-09-27T08:00:00+00:00,504.3,510.0,500.7,506.0,14314.175
2021-09-27T12:00:00+00:00,506.0,508.4,494.2,499.7,23770.408
2021-09-27T16:00:00+00:00,499.8,502.5,494.9,498.7,17641.383
2021-09-27T20:00:00+00:00,498.6,503.0,487.6,488.0,12634.073
2021-09-28T00:00:00+00:00,488.1,496.5,485.6,493.9,16474.652
2021-09-28T04:00:00+00:00,494.0,496.4,481.9,483.7,15368.653
2021-09-28T08:00:00+00:00,483.7,498.6,481.2,498.2,21055.081
2021-09-28T12:00:00+00:00,498.1,499.3,481.5,483.7,25760.478
2021-09-28T16:00:00+00:00,483.6,487.6,476.8,482.6,14662.302
2021-09-28T20:00:00+00:00,482.7,488.1,472.2,474.2,10944.3428
2021-09-29T00:00:00+00:00,474.0,487.4,471.3,486.7,16533.28854
2021-09-29T04:00:00+00:00,486.8,491.0,483.7,489.7,12343.606
2021-09-29T08:00:00+00:00,489.4,494.9,482.3,492.8,14053.438
2021-09-29T12:00:00+00:00,492.8,498.2,483.6,484.4,16062.664
2021-09-29T16:00:00+00:00,484.6,486.9,475.8,476.6,13425.199
2021-09-29T20:00:00+00:00,476.7,485.7,471.5,484.9,9481.158
2021-09-30T00:00:00+00:00,484.9,499.9,481.9,499.4,17160.487
2021-09-30T04:00:00+00:00,499.3,506.1,496.0,498.1,12948.265
2021-09-30T08:00:00+00:00,498.0,500.8,491.2,495.1,10495.526
2021-09-30T12:00:00+00:00,495.1,503.1,492.5,497.3,11932.737
2021-09-30T16:00:00+00:00,497.5,503.6,492.6,497.5,11428.585
2021-09-30T20:00:00+00:00,497.5,503.0,494.4,502.6,9337.234
2021-10-01T00:00:00+00:00,502.8,507.8,500.3,503.2,9442.341
2021-10-01T04:00:00+00:00,503.4,514.3,501.8,514.1,14627.663
2021-10-01T08:00:00+00:00,513.9,537.2,511.1,534.7,36006.424
2021-10-01T12:00:00+00:00,534.9,537.8,529.2,536.9,16479.894
2021-10-01T16:00:00+00:00,537.0,544.0,536.3,540.8,14776.686
2021-10-01T20:00:00+00:00,540.9,544.7,537.1,543.7,10704.196
2021-10-02T00:00:00+00:00,543.7,548.7,537.6,538.5,12332.639
2021-10-02T04:00:00+00:00,538.5,544.0,537.5,542.2,8137.895
2021-10-02T08:00:00+00:00,542.1,542.5,536.4,540.7,9667.595
2021-10-02T12:00:00+00:00,540.7,554.3,540.4,552.3,16289.473
2021-10-02T16:00:00+00:00,552.3,559.9,549.9,559.8,11669.291
2021-10-02T20:00:00+00:00,559.8,559.9,548.4,552.1,9263.492
2021-10-03T00:00:00+00:00,552.0,556.1,544.5,554.8,11236.468
2021-10-03T04:00:00+00:00,554.7,554.9,550.2,550.4,5452.629
2021-10-03T08:00:00+00:00,550.4,574.6,546.5,569.1,19835.87
2021-10-03T12:00:00+00:00,569.1,575.9,562.8,566.3,15450.189
2021-10-03T16:00:00+00:00,566.3,579.1,564.1,573.8,13453.833
2021-10-03T20:00:00+00:00,573.8,575.0,564.8,571.0,8389.861
2021-10-04T00:00:00+00:00,571.1,571.2,548.8,549.0,15270.446
2021-10-04T04:00:00+00:00,549.0,556.5,545.8,556.2,9674.798
2021-10-04T08:00:00+00:00,556.2,556.3,543.3,545.8,10303.965
2021-10-04T12:00:00+00:00,545.9,559.4,530.2,541.1,28672.758
2021-10-04T16:00:00+00:00,540.9,554.7,539.4,551.1,19235.383
2021-10-04T20:00:00+00:00,551.3,558.2,545.1,550.7,21206.696
2021-10-05T00:00:00+00:00,550.8,557.9,548.8,555.0,11365.173
2021-10-05T04:00:00+00:00,555.0,565.4,551.6,562.5,13726.24
2021-10-05T08:00:00+00:00,562.3,569.6,558.6,564.6,12798.769
2021-10-05T12:00:00+00:00,564.8,577.7,560.9,569.5,15696.578
2021-10-05T16:00:00+00:00,569.4,589.1,567.9,588.9,24587.245
2021-10-05T20:00:00+00:00,589.0,600.3,587.6,594.5,22853.896
2021-10-06T00:00:00+00:00,594.7,604.5,588.1,591.5,16090.174
2021-10-06T04:00:00+00:00,591.5,596.5,583.2,584.7,16183.331
2021-10-06T08:00:00+00:00,584.7,586.9,562.1,567.4,27209.749
2021-10-06T12:00:00+00:00,567.4,626.5,566.6,619.7,93799.501
2021-10-06T16:00:00+00:00,619.7,625.4,609.3,619.8,27667.947
2021-10-06T20:00:00+00:00,620.0,622.9,613.9,617.1,13860.612
2021-10-07T00:00:00+00:00,617.2,618.6,597.6,601.9,24360.995
2021-10-07T04:00:00+00:00,601.8,625.4,600.4,624.1,25449.732
2021-10-07T08:00:00+00:00,623.9,636.7,615.1,625.3,41861.056
2021-10-07T12:00:00+00:00,625.2,626.4,606.3,623.5,27435.078
2021-10-07T16:00:00+00:00,623.5,627.7,606.6,613.1,29305.358
2021-10-07T20:00:00+00:00,613.1,617.5,605.7,611.3,11287.091
2021-10-08T00:00:00+00:00,611.5,615.0,587.5,595.7,28063.616
2021-10-08T04:00:00+00:00,595.6,607.6,593.9,605.5,13417.363
2021-10-08T08:00:00+00:00,605.5,617.8,604.0,604.3,34086.704
2021-10-08T12:00:00+00:00,604.3,608.1,597.6,603.7,18569.395
2021-10-08T16:00:00+00:00,603.7,607.3,600.1,603.9,9897.21
2021-10-08T20:00:00+00:00,603.9,604.1,593.5,596.2,11183.694
2021-10-09T00:00:00+00:00,596.3,606.3,591.3,603.6,11009.501
2021-10-09T04:00:00+00:00,603.5,609.3,600.4,609.0,12545.805
2021-10-09T08:00:00+00:00,609.0,620.4,601.3,613.4,17759.943
2021-10-09T12:00:00+00:00,613.2,623.6,612.0,622.9,16453.795
2021-10-09T16:00:00+00:00,623.0,624.5,616.0,617.6,18061.527
2021-10-09T20:00:00+00:00,617.4,618.0,613.3,615.2,6718.407
2021-10-10T00:00:00+00:00,615.2,615.3,600.0,609.4,16311.318
2021-10-10T04:00:00+00:00,609.5,623.2,607.4,619.7,13678.614
2021-10-10T08:00:00+00:00,619.7,622.8,608.9,614.4,15305.222
2021-10-10T12:00:00+00:00,614.4,614.6,604.5,607.1,9253.588
2021-10-10T16:00:00+00:00,607.2,607.8,596.9,598.0,9116.483
2021-10-10T20:00:00+00:00,597.9,605.3,582.1,584.7,22068.853
2021-10-11T00:00:00+00:00,584.5,605.1,576.7,604.9,17794.046
2021-10-11T04:00:00+00:00,604.9,615.6,603.8,614.7,12208.089
2021-10-11T08:00:00+00:00,614.8,617.6,595.4,601.4,17916.884
2021-10-11T12:00:00+00:00,601.8,618.5,598.9,612.4,20258.124
2021-10-11T16:00:00+00:00,612.6,615.3,597.7,599.0,18816.899
2021-10-11T20:00:00+00:00,598.9,601.8,588.7,601.3,15510.46
2021-10-12T00:00:00+00:00,601.1,601.3,581.9,585.6,16001.182
2021-10-12T04:00:00+00:00,585.6,593.2,580.1,588.6,17625.23
2021-10-12T08:00:00+00:00,588.3,593.7,569.8,576.1,19383.865
2021-10-12T12:00:00+00:00,576.1,587.9,567.7,584.4,23253.336
2021-10-12T16:00:00+00:00,584.1,587.7,580.8,582.0,13229.931
2021-10-12T20:00:00+00:00,582.0,589.3,577.2,587.9,8644.518
2021-10-13T00:00:00+00:00,587.9,594.9,584.8,591.7,10110.431
2021-10-13T04:00:00+00:00,591.7,594.4,571.6,572.4,19760.162
2021-10-13T08:00:00+00:00,572.4,582.0,571.4,581.6,13438.261
2021-10-13T12:00:00+00:00,581.6,587.4,573.3,586.2,23115.915
2021-10-13T16:00:00+00:00,586.3,591.0,584.0,586.8,14704.928
2021-10-13T20:00:00+00:00,587.2,594.4,586.4,593.7,9966.609
2021-10-14T00:00:00+00:00,593.7,603.4,590.3,598.0,15819.771
2021-10-14T04:00:00+00:00,598.0,600.0,594.7,595.5,10229.721
2021-10-14T08:00:00+00:00,595.5,607.7,595.0,604.2,14080.676
2021-10-14T12:00:00+00:00,604.2,605.5,594.4,599.3,14858.424
2021-10-14T16:00:00+00:00,599.6,601.2,592.1,597.8,14795.383
2021-10-14T20:00:00+00:00,597.7,599.4,593.5,599.1,5339.472
2021-10-15T00:00:00+00:00,599.1,631.7,585.6,629.0,45077.064
2021-10-15T04:00:00+00:00,629.1,637.2,621.3,622.0,30171.676
2021-10-15T08:00:00+00:00,622.2,623.4,605.3,613.0,19639.807
2021-10-15T12:00:00+00:00,612.6,623.1,607.5,618.5,33414.753
2021-10-15T16:00:00+00:00,618.4,631.7,616.4,630.4,23083.273
2021-10-15T20:00:00+00:00,630.3,634.9,622.6,625.7,18158.353
2021-10-16T00:00:00+00:00,625.4,636.0,625.4,629.1,13111.161
2021-10-16T04:00:00+00:00,629.1,632.1,623.6,627.1,10067.762
2021-10-16T08:00:00+00:00,627.1,648.3,626.3,645.1,23993.314
2021-10-16T12:00:00+00:00,645.1,645.8,629.5,640.2,22804.543
2021-10-16T16:00:00+00:00,640.2,649.4,631.7,632.4,21320.847
2021-10-16T20:00:00+00:00,632.2,633.3,623.9,625.4,9504.829
2021-10-17T00:00:00+00:00,625.6,628.5,618.2,626.4,11613.872
2021-10-17T04:00:00+00:00,626.3,628.7,618.9,619.2,9085.491
2021-10-17T08:00:00+00:00,619.3,624.5,619.0,619.9,7071.452
2021-10-17T12:00:00+00:00,619.9,621.0,607.4,609.1,18230.524
2021-10-17T16:00:00+00:00,609.2,614.4,605.6,606.6,13466.984
2021-10-17T20:00:00+00:00,606.8,612.6,589.7,612.5,24757.234
2021-10-18T00:00:00+00:00,612.6,619.3,610.1,614.5,11930.0
2021-10-18T04:00:00+00:00,615.0,619.2,612.8,614.0,8796.052
2021-10-18T08:00:00+00:00,614.0,617.7,602.5,606.2,14483.505
2021-10-18T12:00:00+00:00,605.9,614.0,598.3,608.1,20278.837
2021-10-18T16:00:00+00:00,608.1,610.2,599.3,605.4,9869.129
2021-10-18T20:00:00+00:00,605.4,612.2,603.1,611.5,5517.387
2021-10-19T00:00:00+00:00,611.3,623.7,608.1,622.7,10247.431
2021-10-19T04:00:00+00:00,622.8,625.0,615.3,618.5,13984.418
2021-10-19T08:00:00+00:00,618.4,618.5,612.4,612.9,7502.414
2021-10-19T12:00:00+00:00,612.9,616.9,599.4,605.7,21978.755
2021-10-19T16:00:00+00:00,605.8,612.6,605.6,612.0,8195.578
2021-10-19T20:00:00+00:00,612.0,620.0,609.9,618.5,9808.782
2021-10-20T00:00:00+00:00,618.5,619.8,610.0,610.0,8715.617
2021-10-20T04:00:00+00:00,610.0,611.6,605.1,608.2,6902.824
2021-10-20T08:00:00+00:00,608.1,613.6,608.0,612.6,8125.81
2021-10-20T12:00:00+00:00,612.6,643.2,612.3,643.1,43207.862
2021-10-20T16:00:00+00:00,643.1,648.9,641.3,647.3,17467.305
2021-10-20T20:00:00+00:00,647.4,648.1,642.1,644.7,9215.483
2021-10-21T00:00:00+00:00,644.6,653.9,639.0,641.7,24940.613
2021-10-21T04:00:00+00:00,641.6,642.4,635.1,641.5,13476.046
2021-10-21T08:00:00+00:00,641.5,655.9,640.0,641.4,26933.443
2021-10-21T12:00:00+00:00,641.4,646.1,621.1,629.5,31880.345
2021-10-21T16:00:00+00:00,629.5,633.2,624.4,627.9,10282.868
2021-10-21T20:00:00+00:00,627.7,632.0,621.9,623.4,8532.28
2021-10-22T00:00:00+00:00,623.3,635.3,623.1,635.3,8223.605
2021-10-22T04:00:00+00:00,635.3,635.6,629.1,634.4,9206.201
2021-10-22T08:00:00+00:00,634.3,635.7,627.7,634.2,7357.373
2021-10-22T12:00:00+00:00,634.2,637.0,615.9,620.4,20977.406
2021-10-22T16:00:00+00:00,620.2,622.9,612.5,622.2,13939.584
2021-10-22T20:00:00+00:00,621.9,626.8,616.3,623.9,6432.018
2021-10-23T00:00:00+00:00,623.8,631.9,620.2,631.6,6553.713
2021-10-23T04:00:00+00:00,631.5,637.6,629.3,633.2,8774.722
2021-10-23T08:00:00+00:00,633.1,634.5,614.8,631.7,13350.807
2021-10-23T12:00:00+00:00,631.7,632.2,622.5,628.0,9885.232
2021-10-23T16:00:00+00:00,627.8,630.3,621.7,623.9,7021.156
2021-10-23T20:00:00+00:00,623.8,629.2,621.9,629.1,4588.309
2021-10-24T00:00:00+00:00,629.0,633.1,625.0,630.9,10068.469
2021-10-24T04:00:00+00:00,631.0,631.9,620.8,622.7,11816.287
2021-10-24T08:00:00+00:00,622.7,631.4,619.9,621.6,11045.829
2021-10-24T12:00:00+00:00,621.6,623.8,608.1,609.5,18788.281
2021-10-24T16:00:00+00:00,609.5,616.2,605.6,615.4,9228.591
2021-10-24T20:00:00+00:00,615.5,618.0,613.3,617.2,5414.755
2021-10-25T00:00:00+00:00,617.2,623.0,614.8,621.4,7380.074
2021-10-25T04:00:00+00:00,621.5,624.4,619.6,622.4,11065.015
2021-10-25T08:00:00+00:00,622.5,623.6,616.8,621.7,8900.064
2021-10-25T12:00:00+00:00,621.6,628.3,618.4,627.2,11149.859
2021-10-25T16:00:00+00:00,627.2,628.5,615.7,616.8,14062.563
2021-10-25T20:00:00+00:00,616.8,624.1,616.8,621.3,5713.507
2021-10-26T00:00:00+00:00,621.3,632.2,619.6,628.0,8520.816
2021-10-26T04:00:00+00:00,628.1,628.7,621.6,623.9,6298.917
2021-10-26T08:00:00+00:00,623.9,628.6,622.1,622.4,6816.436
2021-10-26T12:00:00+00:00,622.4,623.1,607.0,614.1,16791.924
2021-10-26T16:00:00+00:00,613.9,617.9,609.5,617.6,8158.143
2021-10-26T20:00:00+00:00,617.5,624.8,600.0,611.9,21798.015
2021-10-27T00:00:00+00:00,612.0,615.4,608.9,612.5,8438.454
2021-10-27T04:00:00+00:00,612.5,619.2,588.3,588.6,22594.068
2021-10-27T08:00:00+00:00,588.7,588.7,531.2,557.7,65912.06
2021-10-27T12:00:00+00:00,557.7,567.0,555.7,559.2,17150.546
2021-10-27T16:00:00+00:00,559.1,563.7,550.8,558.6,12142.213
2021-10-27T20:00:00+00:00,558.6,561.7,547.7,548.4,11369.046
2021-10-28T00:00:00+00:00,548.4,558.5,543.8,555.5,16069.119
2021-10-28T04:00:00+00:00,555.5,566.9,551.5,563.9,19120.788
2021-10-28T08:00:00+00:00,563.9,579.5,563.9,569.8,22563.891
2021-10-28T12:00:00+00:00,569.9,574.4,566.0,570.0,20729.647
2021-10-28T16:00:00+00:00,570.0,599.0,563.4,586.6,37559.084
2021-10-28T20:00:00+00:00,586.6,592.1,576.5,578.7,17422.348
2021-10-29T00:00:00+00:00,578.7,591.1,575.9,590.1,12504.506
2021-10-29T04:00:00+00:00,590.1,591.4,578.0,578.3,8792.049
2021-10-29T08:00:00+00:00,578.3,584.9,574.2,579.5,9480.464
2021-10-29T12:00:00+00:00,579.5,590.3,576.4,589.2,10911.249
2021-10-29T16:00:00+00:00,589.1,593.5,587.5,590.8,9487.126
2021-10-29T20:00:00+00:00,591.0,596.6,590.6,594.8,5968.367
2021-10-30T00:00:00+00:00,594.9,596.0,588.3,591.3,7643.791
2021-10-30T04:00:00+00:00,591.4,600.3,589.4,599.5,8603.975
2021-10-30T08:00:00+00:00,599.5,601.1,591.1,596.0,7159.832
2021-10-30T12:00:00+00:00,595.9,596.0,580.8,586.8,12060.458
2021-10-30T16:00:00+00:00,586.7,588.5,583.2,587.5,6220.783
2021-10-30T20:00:00+00:00,587.4,588.6,576.0,585.3,7354.113
2021-10-31T00:00:00+00:00,585.3,604.9,584.1,595.8,21935.153
2021-10-31T04:00:00+00:00,595.8,596.6,590.1,591.9,8418.615
2021-10-31T08:00:00+00:00,591.9,592.1,576.7,577.8,11464.43
2021-10-31T12:00:00+00:00,577.6,602.1,573.9,591.5,25171.481
2021-10-31T16:00:00+00:00,591.6,597.3,588.0,596.8,9258.556
2021-10-31T20:00:00+00:00,596.7,600.9,594.7,596.9,8048.352
2021-11-01T00:00:00+00:00,596.9,599.6,580.4,581.9,14615.132
2021-11-01T04:00:00+00:00,582.1,596.6,578.5,595.5,11034.059
2021-11-01T08:00:00+00:00,595.7,596.8,584.8,585.3,10998.07
2021-11-01T12:00:00+00:00,585.3,590.8,585.0,586.0,8060.388
2021-11-01T16:00:00+00:00,586.1,593.7,580.8,588.6,12157.711
2021-11-01T20:00:00+00:00,588.6,589.3,584.7,586.9,5419.089
2021-11-02T00:00:00+00:00,587.0,592.3,584.7,588.1,8590.02
2021-11-02T04:00:00+00:00,588.0,589.5,582.1,583.7,7307.046
2021-11-02T08:00:00+00:00,583.8,600.9,582.7,593.1,15359.107
2021-11-02T12:00:00+00:00,593.1,600.6,592.9,600.1,10518.38
2021-11-02T16:00:00+00:00,600.3,608.6,596.0,603.7,13121.475
2021-11-02T20:00:00+00:00,603.6,603.6,595.9,598.4,9536.624
2021-11-03T00:00:00+00:00,598.5,600.1,594.4,599.2,10090.055
2021-11-03T04:00:00+00:00,599.3,619.3,593.9,618.5,32108.245
2021-11-03T08:00:00+00:00,618.4,618.9,610.1,613.7,12576.175
2021-11-03T12:00:00+00:00,613.6,614.0,588.8,600.0,29352.341
2021-11-03T16:00:00+00:00,600.0,620.0,598.3,611.2,26387.933
2021-11-03T20:00:00+00:00,611.4,614.0,608.9,611.0,6947.177
2021-11-04T00:00:00+00:00,611.2,613.2,606.7,608.2,9309.855
2021-11-04T04:00:00+00:00,608.1,610.4,601.1,601.3,7740.51
2021-11-04T08:00:00+00:00,601.2,605.0,595.1,597.5,14550.338
2021-11-04T12:00:00+00:00,597.5,603.2,586.2,589.6,19428.55
2021-11-04T16:00:00+00:00,589.7,596.5,588.0,596.1,9289.507
2021-11-04T20:00:00+00:00,596.2,597.7,593.3,595.6,4352.076
2021-11-05T00:00:00+00:00,595.4,600.1,591.6,599.4,8325.808
2021-11-05T04:00:00+00:00,599.4,607.6,597.4,602.2,9680.217
2021-11-05T08:00:00+00:00,602.3,632.8,592.6,599.7,95907.207
2021-11-05T12:00:00+00:00,599.7,606.3,593.3,594.3,33402.671
2021-11-05T16:00:00+00:00,594.4,600.4,593.7,598.7,10910.624
2021-11-05T20:00:00+00:00,598.5,600.6,595.1,597.7,5477.114
2021-11-06T00:00:00+00:00,597.6,600.5,594.2,597.7,7550.137
2021-11-06T04:00:00+00:00,597.3,602.4,591.8,592.6,9841.162
2021-11-06T08:00:00+00:00,592.6,595.9,579.4,583.2,14879.739
2021-11-06T12:00:00+00:00,583.1,583.8,576.2,582.6,10282.798
2021-11-06T16:00:00+00:00,582.8,586.9,580.5,585.6,5124.277
2021-11-06T20:00:00+00:00,585.7,588.7,584.6,587.4,4236.163
2021-11-07T00:00:00+00:00,587.4,592.2,585.8,591.5,6458.378
2021-11-07T04:00:00+00:00,591.5,592.3,588.0,588.5,4434.934
2021-11-07T08:00:00+00:00,588.4,594.8,586.2,591.6,5868.571
2021-11-07T12:00:00+00:00,591.7,598.5,589.7,596.2,8947.651
2021-11-07T16:00:00+00:00,596.2,597.3,594.3,594.7,5583.618
2021-11-07T20:00:00+00:00,594.7,600.5,593.8,600.4,5772.418
2021-11-08T00:00:00+00:00,600.4,614.0,598.7,610.3,23178.637
2021-11-08T04:00:00+00:00,610.2,615.0,607.6,611.9,13522.356
2021-11-08T08:00:00+00:00,612.0,621.3,609.2,620.9,20755.194
2021-11-08T12:00:00+00:00,621.0,627.7,612.3,626.0,22181.209
2021-11-08T16:00:00+00:00,626.0,637.0,625.1,633.0,29821.772
2021-11-08T20:00:00+00:00,633.0,643.0,625.5,638.4,22150.381
2021-11-09T00:00:00+00:00,638.4,668.5,636.5,668.4,76907.509
2021-11-09T04:00:00+00:00,668.4,671.8,661.3,664.6,32078.258
2021-11-09T08:00:00+00:00,664.4,675.8,662.0,671.9,33987.271
2021-11-09T12:00:00+00:00,671.9,702.9,667.4,700.9,93163.796
2021-11-09T16:00:00+00:00,700.6,713.2,694.4,708.3,61124.025
2021-11-09T20:00:00+00:00,708.4,731.4,703.7,717.5,40348.149
2021-11-10T00:00:00+00:00,717.4,721.8,684.6,689.8,54412.346
2021-11-10T04:00:00+00:00,689.8,701.8,682.1,698.0,33194.666
2021-11-10T08:00:00+00:00,698.1,726.5,694.3,717.7,40437.494
2021-11-10T12:00:00+00:00,717.9,729.3,705.4,717.4,52888.253
2021-11-10T16:00:00+00:00,717.8,720.1,695.0,697.4,27903.162
2021-11-10T20:00:00+00:00,697.4,700.2,643.9,662.9,81654.505
2021-11-11T00:00:00+00:00,662.7,671.2,658.4,670.2,24129.815
2021-11-11T04:00:00+00:00,670.1,677.7,666.1,676.5,13819.949
2021-11-11T08:00:00+00:00,676.4,680.8,670.6,680.1,15892.004
2021-11-11T12:00:00+00:00,680.1,680.6,670.0,673.9,20512.511
2021-11-11T16:00:00+00:00,674.0,677.5,669.5,676.1,11210.653
2021-11-11T20:00:00+00:00,676.1,679.6,673.7,675.8,7875.537
2021-11-12T00:00:00+00:00,675.8,684.5,671.8,676.3,17891.117
2021-11-12T04:00:00+00:00,676.3,678.0,665.7,668.6,13262.249
2021-11-12T08:00:00+00:00,668.8,673.1,650.8,653.3,24977.045
2021-11-12T12:00:00+00:00,653.3,663.9,648.6,651.7,23225.71
2021-11-12T16:00:00+00:00,651.5,665.9,646.7,662.6,15832.477
2021-11-12T20:00:00+00:00,662.4,670.5,662.1,668.1,11931.221
2021-11-13T00:00:00+00:00,668.2,670.8,658.2,660.3,15252.092
2021-11-13T04:00:00+00:00,660.3,664.1,658.0,663.0,10340.188
2021-11-13T08:00:00+00:00,663.1,663.5,655.4,659.5,8116.508
2021-11-13T12:00:00+00:00,659.2,669.1,656.4,667.6,10851.102
2021-11-13T16:00:00+00:00,667.6,670.8,663.9,665.6,8642.663
2021-11-13T20:00:00+00:00,665.5,669.2,664.6,665.6,6164.005
2021-11-14T00:00:00+00:00,665.7,672.6,665.5,671.1,12783.963
2021-11-14T04:00:00+00:00,671.1,675.6,667.4,669.5,11428.315
2021-11-14T08:00:00+00:00,669.7,670.6,661.8,664.3,8284.46
2021-11-14T12:00:00+00:00,664.3,666.6,660.3,661.7,8563.951
2021-11-14T16:00:00+00:00,661.4,664.6,657.3,662.8,9038.911
2021-11-14T20:00:00+00:00,662.9,679.6,661.6,679.5,15544.215
2021-11-15T00:00:00+00:00,679.6,686.3,671.5,674.3,20443.277
2021-11-15T04:00:00+00:00,674.3,678.4,671.8,676.8,8650.301
2021-11-15T08:00:00+00:00,676.8,682.2,673.3,677.9,11004.207
2021-11-15T12:00:00+00:00,678.0,679.4,667.2,668.8,12883.293
2021-11-15T16:00:00+00:00,668.9,672.9,666.0,671.7,9731.763
2021-11-15T20:00:00+00:00,671.6,671.6,664.3,665.6,9787.215
2021-11-16T00:00:00+00:00,665.6,665.7,616.9,622.0,53079.286
2021-11-16T04:00:00+00:00,622.1,625.8,614.3,622.0,24673.837
2021-11-16T08:00:00+00:00,622.0,625.5,571.0,602.8,56510.597
2021-11-16T12:00:00+00:00,602.9,615.9,598.4,606.5,22042.732
2021-11-16T16:00:00+00:00,606.4,611.3,598.6,603.8,13371.065
2021-11-16T20:00:00+00:00,603.6,608.8,591.4,597.8,14677.115
2021-11-17T00:00:00+00:00,598.0,603.7,579.2,584.3,20961.449
2021-11-17T04:00:00+00:00,584.4,595.7,578.2,592.0,17951.692
2021-11-17T08:00:00+00:00,591.8,598.4,577.4,597.9,23910.395
2021-11-17T12:00:00+00:00,597.9,599.0,582.8,587.8,14471.912
2021-11-17T16:00:00+00:00,588.0,596.1,585.6,588.5,10177.074
2021-11-17T20:00:00+00:00,588.3,596.4,585.1,595.0,8477.19
2021-11-18T00:00:00+00:00,595.1,601.9,589.5,589.6,11410.902
2021-11-18T04:00:00+00:00,589.6,591.8,579.8,582.3,11936.812
2021-11-18T08:00:00+00:00,582.4,586.5,571.6,577.4,18175.633
2021-11-18T12:00:00+00:00,577.5,584.3,552.6,559.2,29088.662
2021-11-18T16:00:00+00:00,559.3,565.0,542.5,561.8,30014.344
2021-11-18T20:00:00+00:00,562.1,565.8,549.2,554.4,12070.487
2021-11-19T00:00:00+00:00,554.4,564.5,548.1,550.1,19094.939
2021-11-19T04:00:00+00:00,550.1,560.4,549.5,555.5,10741.109
2021-11-19T08:00:00+00:00,555.6,569.2,555.6,562.4,13553.084
2021-11-19T12:00:00+00:00,562.3,575.5,561.4,573.1,12008.187
2021-11-19T16:00:00+00:00,573.2,577.0,571.1,573.6,9341.607
2021-11-19T20:00:00+00:00,573.7,574.8,569.3,574.3,5901.944
2021-11-20T00:00:00+00:00,574.3,584.2,573.2,576.8,11294.638
2021-11-20T04:00:00+00:00,576.8,581.7,574.8,579.6,5940.609
2021-11-20T08:00:00+00:00,579.6,586.1,578.7,584.8,5934.494
2021-11-20T12:00:00+00:00,584.8,585.5,565.8,566.9,12848.814
2021-11-20T16:00:00+00:00,566.9,588.3,564.6,582.0,14423.074
2021-11-20T20:00:00+00:00,581.9,585.0,579.5,584.5,5428.492
2021-11-21T00:00:00+00:00,584.5,584.9,568.7,570.1,10025.731
2021-11-21T04:00:00+00:00,570.1,575.2,569.6,573.4,5746.644
2021-11-21T08:00:00+00:00,573.4,579.5,570.6,572.9,7943.35
2021-11-21T12:00:00+00:00,573.0,579.8,570.1,578.9,6400.763
2021-11-21T16:00:00+00:00,579.0,585.4,577.3,580.5,6938.459
2021-11-21T20:00:00+00:00,580.4,583.4,573.7,574.4,5988.054
2021-11-22T00:00:00+00:00,574.7,575.4,557.5,562.0,14629.149
2021-11-22T04:00:00+00:00,561.9,565.7,556.4,562.2,7569.204
2021-11-22T08:00:00+00:00,562.1,569.8,562.0,563.2,8069.114
2021-11-22T12:00:00+00:00,563.5,578.3,556.8,566.7,20596.867
2021-11-22T16:00:00+00:00,566.9,568.2,546.6,551.2,16476.949
2021-11-22T20:00:00+00:00,551.2,561.0,549.7,556.9,12088.215
2021-11-23T00:00:00+00:00,556.9,563.5,554.0,561.9,10522.148
2021-11-23T04:00:00+00:00,562.0,562.8,552.7,554.2,10765.391
2021-11-23T08:00:00+00:00,554.2,566.8,546.2,554.5,23506.307
2021-11-23T12:00:00+00:00,554.7,567.9,553.2,562.1,13457.222
2021-11-23T16:00:00+00:00,562.2,567.0,561.1,567.0,10307.211
2021-11-23T20:00:00+00:00,567.0,575.6,564.5,571.1,8467.772
2021-11-24T00:00:00+00:00,571.0,572.4,558.4,561.7,11369.943
2021-11-24T04:00:00+00:00,561.8,586.2,561.6,580.0,23393.417
2021-11-24T08:00:00+00:00,579.9,585.2,572.4,580.2,16807.567
2021-11-24T12:00:00+00:00,580.1,606.7,573.2,599.7,40394.729
2021-11-24T16:00:00+00:00,599.6,601.0,582.3,598.5,26280.237
2021-11-24T20:00:00+00:00,598.4,620.2,595.7,618.8,29726.742
2021-11-25T00:00:00+00:00,618.6,635.9,613.2,619.5,32627.122
2021-11-25T04:00:00+00:00,619.5,621.0,607.5,614.3,18991.809
2021-11-25T08:00:00+00:00,614.3,631.5,611.0,623.7,19572.099
2021-11-25T12:00:00+00:00,623.7,630.7,623.2,625.9,15924.506
2021-11-25T16:00:00+00:00,626.1,630.1,616.8,628.9,22581.818
2021-11-25T20:00:00+00:00,628.9,629.5,615.2,616.8,9307.289
2021-11-26T00:00:00+00:00,616.7,618.7,602.0,602.9,23129.895
2021-11-26T04:00:00+00:00,602.8,607.4,576.7,587.9,23739.433
2021-11-26T08:00:00+00:00,587.7,588.2,540.0,545.6,112098.129
2021-11-26T12:00:00+00:00,545.5,566.1,544.2,561.5,33690.288
2021-11-26T16:00:00+00:00,561.6,565.9,555.8,561.2,30787.971
2021-11-26T20:00:00+00:00,561.2,566.6,554.9,557.3,14746.245
2021-11-27T00:00:00+00:00,557.1,570.5,554.9,566.3,13422.736
2021-11-27T04:00:00+00:00,566.1,572.0,562.8,564.2,8907.4
2021-11-27T08:00:00+00:00,564.1,573.4,562.6,565.4,9610.604
2021-11-27T12:00:00+00:00,565.4,567.0,561.8,563.4,9262.561
2021-11-27T16:00:00+00:00,563.2,566.2,561.1,564.0,6321.212
2021-11-27T20:00:00+00:00,563.8,566.3,557.3,562.7,7726.529
2021-11-28T00:00:00+00:00,562.4,564.0,542.8,547.7,16245.396
2021-11-28T04:00:00+00:00,547.8,555.1,545.4,554.0,7474.597
2021-11-28T08:00:00+00:00,554.0,558.4,548.0,553.3,10090.125
2021-11-28T12:00:00+00:00,553.4,554.4,549.5,551.8,6303.879
2021-11-28T16:00:00+00:00,551.9,556.7,530.8,549.4,23295.159
2021-11-28T20:00:00+00:00,549.5,569.2,549.5,568.7,15045.177
2021-11-29T00:00:00+00:00,568.9,572.9,561.7,562.8,13157.975
2021-11-29T04:00:00+00:00,563.0,566.0,562.0,565.1,4969.054
2021-11-29T08:00:00+00:00,565.2,574.3,557.0,568.0,16038.548
2021-11-29T12:00:00+00:00,567.9,577.5,566.5,567.8,15761.643
2021-11-29T16:00:00+00:00,567.8,581.4,566.6,567.6,19974.192
2021-11-29T20:00:00+00:00,567.7,578.6,566.6,574.9,10705.046
2021-11-30T00:00:00+00:00,575.0,580.0,565.4,568.3,15292.457
2021-11-30T04:00:00+00:00,568.3,570.3,560.0,562.0,10674.032
2021-11-30T08:00:00+00:00,562.3,574.0,556.7,571.6,18370.259
2021-11-30T12:00:00+00:00,571.8,587.7,571.7,572.8,25221.411
2021-11-30T16:00:00+00:00,573.3,578.8,565.0,572.6,21181.491
2021-11-30T20:00:00+00:00,572.7,576.2,568.7,570.4,6644.855
2021-12-01T00:00:00+00:00,570.4,578.7,567.9,576.9,9734.154
2021-12-01T04:00:00+00:00,576.8,577.3,567.8,572.6,7975.9
2021-12-01T08:00:00+00:00,572.9,582.8,569.4,575.4,12241.956
2021-12-01T12:00:00+00:00,575.4,586.5,573.1,585.0,14551.467
2021-12-01T16:00:00+00:00,584.9,586.7,574.4,576.5,9638.288
2021-12-01T20:00:00+00:00,576.5,576.8,565.0,570.8,9491.102
2021-12-02T00:00:00+00:00,570.5,572.0,558.1,562.0,11992.219
2021-12-02T04:00:00+00:00,561.8,567.1,560.5,564.6,6533.325
2021-12-02T08:00:00+00:00,564.6,574.6,562.7,564.3,13452.424
2021-12-02T12:00:00+00:00,564.6,570.4,561.4,564.6,11771.853
2021-12-02T16:00:00+00:00,564.5,566.5,561.0,564.0,9263.512
2021-12-02T20:00:00+00:00,564.2,568.0,561.1,561.7,5093.756
2021-12-03T00:00:00+00:00,561.6,563.8,550.4,554.6,10686.432
2021-12-03T04:00:00+00:00,554.5,559.9,553.3,558.8,5896.054
2021-12-03T08:00:00+00:00,558.8,564.6,557.7,562.0,6903.352
2021-12-03T12:00:00+00:00,562.0,567.8,556.1,557.2,12658.769
2021-12-03T16:00:00+00:00,557.1,557.1,539.5,539.9,15476.853
2021-12-03T20:00:00+00:00,539.8,541.3,518.7,532.4,32803.955
2021-12-04T00:00:00+00:00,532.4,534.8,508.9,509.3,23252.953
2021-12-04T04:00:00+00:00,509.2,518.0,344.1,453.4,259155.99627
2021-12-04T08:00:00+00:00,453.2,464.3,441.6,449.8,94395.511
2021-12-04T12:00:00+00:00,450.1,471.9,442.2,467.2,42261.215
2021-12-04T16:00:00+00:00,467.2,475.1,459.4,474.8,22163.858
2021-12-04T20:00:00+00:00,474.8,475.6,467.3,473.2,13033.599
2021-12-05T00:00:00+00:00,473.1,477.8,462.4,470.9,24564.146
2021-12-05T04:00:00+00:00,470.9,472.4,465.1,466.8,10807.942
2021-12-05T08:00:00+00:00,466.8,467.7,454.8,457.5,18783.164
2021-12-05T12:00:00+00:00,457.4,465.7,434.7,441.9,55402.033
2021-12-05T16:00:00+00:00,441.8,457.2,440.7,453.2,43959.893
2021-12-05T20:00:00+00:00,453.1,457.9,445.2,453.0,11385.901
2021-12-06T00:00:00+00:00,453.2,453.6,438.2,450.2,22483.803
2021-12-06T04:00:00+00:00,450.2,451.0,428.7,434.6,18214.861
2021-12-06T08:00:00+00:00,434.4,445.6,418.8,443.7,56988.659
2021-12-06T12:00:00+00:00,443.7,454.2,435.6,448.5,45163.829
2021-12-06T16:00:00+00:00,448.7,461.1,445.6,455.2,21357.256
2021-12-06T20:00:00+00:00,455.2,480.4,455.2,474.8,19765.79
2021-12-07T00:00:00+00:00,474.5,479.5,466.1,467.6,28629.664
2021-12-07T04:00:00+00:00,467.9,470.3,463.7,465.4,8827.859
2021-12-07T08:00:00+00:00,465.4,475.0,463.9,474.2,14038.089
2021-12-07T12:00:00+00:00,474.1,502.4,465.3,492.4,62233.104
2021-12-07T16:00:00+00:00,492.6,493.3,475.8,480.1,21229.765
2021-12-07T20:00:00+00:00,480.1,481.8,469.6,474.3,11931.655
2021-12-08T00:00:00+00:00,474.1,477.1,463.4,464.7,25805.167
2021-12-08T04:00:00+00:00,464.6,483.6,464.5,479.2,26755.018
2021-12-08T08:00:00+00:00,479.0,483.8,463.8,472.0,23139.261
2021-12-08T12:00:00+00:00,472.2,487.0,466.4,480.1,23976.802
2021-12-08T16:00:00+00:00,480.1,488.2,474.8,480.8,11011.836
2021-12-08T20:00:00+00:00,480.9,481.5,475.2,480.4,5722.542
2021-12-09T00:00:00+00:00,480.7,483.0,463.0,463.3,20637.879
2021-12-09T04:00:00+00:00,463.3,468.4,457.8,466.5,12591.346
2021-12-09T08:00:00+00:00,466.4,469.3,456.6,468.6,23363.137
2021-12-09T12:00:00+00:00,468.5,470.5,450.5,458.7,23820.722
2021-12-09T16:00:00+00:00,458.8,461.8,448.8,455.1,17051.139
2021-12-09T20:00:00+00:00,455.1,459.0,448.0,448.6,10706.502
2021-12-10T00:00:00+00:00,448.8,459.2,447.0,455.5,16704.742
2021-12-10T04:00:00+00:00,455.4,457.6,440.8,447.1,19805.244
2021-12-10T08:00:00+00:00,447.1,463.4,443.2,462.6,18634.038
2021-12-10T12:00:00+00:00,462.9,468.8,445.2,448.4,28957.618
2021-12-10T16:00:00+00:00,448.4,451.4,441.5,450.1,20348.848
2021-12-10T20:00:00+00:00,450.1,453.3,436.7,438.6,12184.939
2021-12-11T00:00:00+00:00,438.1,451.8,431.8,447.5,20342.212
2021-12-11T04:00:00+00:00,447.6,458.5,447.2,451.2,20885.301
2021-12-11T08:00:00+00:00,451.4,460.6,450.5,451.3,11393.42
2021-12-11T12:00:00+00:00,451.5,456.9,449.1,456.4,9827.993
2021-12-11T16:00:00+00:00,456.4,459.4,450.6,451.3,7267.621
2021-12-11T20:00:00+00:00,451.4,461.5,451.1,459.3,8000.618
2021-12-12T00:00:00+00:00,459.4,461.1,452.5,453.0,10069.569
2021-12-12T04:00:00+00:00,453.1,453.3,448.8,450.2,6625.98
2021-12-12T08:00:00+00:00,450.3,450.6,441.9,447.9,10364.104
2021-12-12T12:00:00+00:00,447.9,454.7,447.4,450.5,7856.862
2021-12-12T16:00:00+00:00,450.4,461.3,449.4,458.9,10890.821
2021-12-12T20:00:00+00:00,459.0,462.5,456.9,458.0,5739.233
2021-12-13T00:00:00+00:00,457.9,460.3,439.1,445.0,15030.736
2021-12-13T04:00:00+00:00,445.0,449.7,441.1,442.8,9043.435
2021-12-13T08:00:00+00:00,442.9,452.8,439.9,449.6,12224.961
2021-12-13T12:00:00+00:00,449.6,454.4,428.0,429.8,22000.744
2021-12-13T16:00:00+00:00,429.8,434.8,414.3,423.4,25101.046
2021-12-13T20:00:00+00:00,423.7,430.2,420.4,421.8,16041.573
2021-12-14T00:00:00+00:00,421.9,429.0,418.5,424.2,14807.001
2021-12-14T04:00:00+00:00,424.2,433.3,419.5,431.8,24704.041
2021-12-14T08:00:00+00:00,431.9,440.7,427.6,440.1,15855.546
2021-12-14T12:00:00+00:00,440.2,441.9,425.7,427.9,14409.622
2021-12-14T16:00:00+00:00,427.9,431.6,422.2,426.7,10628.362
2021-12-14T20:00:00+00:00,426.6,440.0,426.5,436.8,14050.751
2021-12-15T00:00:00+00:00,436.7,438.8,430.8,434.5,9247.746
2021-12-15T04:00:00+00:00,434.4,438.9,432.2,437.9,9008.954
2021-12-15T08:00:00+00:00,437.9,442.0,428.6,431.2,10414.112
2021-12-15T12:00:00+00:00,431.2,433.0,418.3,418.9,16527.309
2021-12-15T16:00:00+00:00,418.7,443.5,416.7,440.1,33466.533
2021-12-15T20:00:00+00:00,440.1,450.0,438.7,447.6,14988.65
2021-12-16T00:00:00+00:00,447.7,449.0,443.6,445.0,6677.645
2021-12-16T04:00:00+00:00,445.0,447.0,441.0,443.8,7069.254
2021-12-16T08:00:00+00:00,443.9,454.3,443.0,451.6,8910.503
2021-12-16T12:00:00+00:00,451.5,451.9,443.5,449.1,9662.959
2021-12-16T16:00:00+00:00,449.3,449.8,440.6,442.2,11104.419
2021-12-16T20:00:00+00:00,442.2,446.3,437.1,438.3,7875.857
2021-12-17T00:00:00+00:00,438.2,441.5,436.3,438.4,5783.978
2021-12-17T04:00:00+00:00,438.4,440.0,429.4,432.1,7601.445
2021-12-17T08:00:00+00:00,432.0,434.9,428.9,430.5,7070.768
2021-12-17T12:00:00+00:00,430.5,433.0,417.7,431.2,19927.245
2021-12-17T16:00:00+00:00,431.3,434.3,427.0,427.5,10143.272
2021-12-17T20:00:00+00:00,427.6,433.1,421.2,424.5,9739.914
2021-12-18T00:00:00+00:00,424.6,431.4,419.0,429.2,12226.59
2021-12-18T04:00:00+00:00,429.1,436.4,427.0,431.5,8009.433
2021-12-18T08:00:00+00:00,431.4,439.3,431.1,436.2,8331.895
2021-12-18T12:00:00+00:00,436.3,438.7,432.9,435.3,6893.263
2021-12-18T16:00:00+00:00,435.3,436.3,430.7,435.7,4470.206
2021-12-18T20:00:00+00:00,435.5,437.7,433.7,435.7,3468.954
2021-12-19T00:00:00+00:00,435.7,445.5,432.3,443.0,10082.489
2021-12-19T04:00:00+00:00,443.0,444.8,439.8,440.8,6268.578
2021-12-19T08:00:00+00:00,440.8,441.4,434.0,436.5,7059.376
2021-12-19T12:00:00+00:00,436.5,441.7,433.1,437.0,10481.807
2021-12-19T16:00:00+00:00,437.0,442.5,432.0,433.1,7162.088
2021-12-19T20:00:00+00:00,433.1,438.7,431.8,432.8,3997.031
2021-12-20T00:00:00+00:00,432.7,437.4,429.2,435.3,11750.85
2021-12-20T04:00:00+00:00,435.3,440.0,426.6,428.6,12797.563
2021-12-20T08:00:00+00:00,428.6,429.5,421.0,425.7,8944.495
2021-12-20T12:00:00+00:00,425.5,428.2,419.0,421.9,10775.465
2021-12-20T16:00:00+00:00,421.9,428.4,420.7,427.5,6096.073
2021-12-20T20:00:00+00:00,427.6,434.9,427.6,430.2,11471.8
2021-12-21T00:00:00+00:00,430.2,437.4,426.7,436.9,13161.445
2021-12-21T04:00:00+00:00,436.9,439.9,433.5,433.7,9949.191
2021-12-21T08:00:00+00:00,434.0,436.9,433.2,435.2,6348.921
2021-12-21T12:00:00+00:00,435.2,438.8,432.5,434.3,7940.68
2021-12-21T16:00:00+00:00,434.4,437.1,433.7,436.0,4607.648
2021-12-21T20:00:00+00:00,435.9,440.7,434.7,437.7,4341.563
2021-12-22T00:00:00+00:00,437.7,443.4,435.0,441.8,6854.43
2021-12-22T04:00:00+00:00,442.0,442.4,439.4,440.4,5199.328
2021-12-22T08:00:00+00:00,440.4,442.9,436.3,442.3,6225.642
2021-12-22T12:00:00+00:00,442.3,444.9,434.6,444.6,10527.985
2021-12-22T16:00:00+00:00,444.5,447.1,440.8,444.6,7316.346
2021-12-22T20:00:00+00:00,444.7,445.1,436.9,438.1,5363.511
2021-12-23T00:00:00+00:00,438.1,444.6,434.6,440.7,9594.354
2021-12-23T04:00:00+00:00,440.8,441.2,434.6,436.0,5241.664
2021-12-23T08:00:00+00:00,435.9,439.5,434.4,438.4,6659.405
2021-12-23T12:00:00+00:00,438.2,443.1,437.7,443.0,6998.571
2021-12-23T16:00:00+00:00,443.0,458.4,441.8,456.1,15661.691
2021-12-23T20:00:00+00:00,456.2,456.7,453.3,455.6,6432.166
2021-12-24T00:00:00+00:00,455.7,459.7,454.6,458.6,8667.837
2021-12-24T04:00:00+00:00,458.5,459.3,452.4,456.2,6816.272
2021-12-24T08:00:00+00:00,456.1,461.2,455.5,456.4,7136.097
2021-12-24T12:00:00+00:00,456.3,458.2,449.2,454.6,10131.646
2021-12-24T16:00:00+00:00,454.7,459.3,452.0,453.7,8357.281
2021-12-24T20:00:00+00:00,453.6,456.4,448.5,451.8,5987.547
2021-12-25T00:00:00+00:00,451.9,456.2,449.5,451.5,4573.39
2021-12-25T04:00:00+00:00,451.5,454.6,450.2,453.2,3311.775
2021-12-25T08:00:00+00:00,453.3,454.2,447.4,450.7,5005.439
2021-12-25T12:00:00+00:00,450.7,455.8,450.7,452.9,5769.463
2021-12-25T16:00:00+00:00,453.0,459.7,449.5,457.2,8439.042
2021-12-25T20:00:00+00:00,457.1,460.5,454.8,455.1,4900.946
2021-12-26T00:00:00+00:00,455.2,455.4,444.3,445.8,12212.538
2021-12-26T04:00:00+00:00,445.9,448.1,445.1,447.8,4161.103
2021-12-26T08:00:00+00:00,447.7,451.6,445.6,448.7,7279.951
2021-12-26T12:00:00+00:00,448.6,452.0,447.4,450.5,3577.925
2021-12-26T16:00:00+00:00,450.5,453.9,450.2,453.7,4199.954
2021-12-26T20:00:00+00:00,453.4,454.9,449.0,451.6,4497.755
2021-12-27T00:00:00+00:00,451.6,453.0,447.5,451.7,6141.069
2021-12-27T04:00:00+00:00,451.7,452.7,449.9,450.7,4668.485
2021-12-27T08:00:00+00:00,450.7,468.7,449.3,466.6,25507.908
2021-12-27T12:00:00+00:00,466.6,472.1,464.4,470.0,16714.741
2021-12-27T16:00:00+00:00,470.0,475.0,467.3,470.3,10689.354
2021-12-27T20:00:00+00:00,470.3,476.0,463.3,465.3,9734.995
2021-12-28T00:00:00+00:00,465.5,465.5,451.8,455.3,15383.204
2021-12-28T04:00:00+00:00,455.3,455.8,446.2,452.3,15358.512
2021-12-28T08:00:00+00:00,452.3,457.0,450.0,455.4,8387.704
2021-12-28T12:00:00+00:00,455.4,456.5,446.2,449.3,8437.699
2021-12-28T16:00:00+00:00,449.1,449.8,437.7,442.8,13883.99
2021-12-28T20:00:00+00:00,442.8,446.9,438.4,439.0,6907.736
2021-12-29T00:00:00+00:00,438.9,445.4,438.1,444.0,5989.886
2021-12-29T04:00:00+00:00,444.1,444.7,438.1,439.8,4542.919
2021-12-29T08:00:00+00:00,439.9,445.8,438.9,441.5,6076.639
2021-12-29T12:00:00+00:00,441.4,441.7,429.4,440.0,14781.231
2021-12-29T16:00:00+00:00,440.1,440.4,434.8,437.5,4815.167
2021-12-29T20:00:00+00:00,437.4,440.7,426.4,430.1,13230.863
2021-12-30T00:00:00+00:00,430.0,431.6,423.5,428.7,11954.649
2021-12-30T04:00:00+00:00,428.6,433.3,428.2,432.7,4883.681
2021-12-30T08:00:00+00:00,432.6,436.1,428.9,435.5,5584.733
2021-12-30T12:00:00+00:00,435.5,437.1,430.3,430.5,6757.025
2021-12-30T16:00:00+00:00,430.4,434.6,430.4,431.6,4902.557
2021-12-30T20:00:00+00:00,431.5,434.0,427.5,431.7,4344.582
2021-12-31T00:00:00+00:00,431.4,434.8,427.8,429.6,8060.456
2021-12-31T04:00:00+00:00,429.5,431.9,421.4,424.3,10414.269
2021-12-31T08:00:00+00:00,424.3,437.1,422.8,433.9,16697.553
2021-12-31T12:00:00+00:00,433.9,436.6,432.0,436.1,8892.917
2021-12-31T16:00:00+00:00,436.1,437.2,419.2,420.2,14754.948
2021-12-31T20:00:00+00:00,420.2,432.1,419.6,430.2,6934.786
2022-01-01T00:00:00+00:00,430.3,437.2,430.3,435.2,4772.65
2022-01-01T04:00:00+00:00,435.1,438.3,432.5,435.1,4338.901
2022-01-01T08:00:00+00:00,435.2,442.0,433.6,434.6,11409.504
2022-01-01T12:00:00+00:00,434.7,444.3,434.6,441.4,7309.596
2022-01-01T16:00:00+00:00,441.3,446.1,440.6,442.8,7351.829
2022-01-01T20:00:00+00:00,442.8,445.2,441.5,444.8,3786.034
2022-01-02T00:00:00+00:00,444.8,450.6,442.6,448.4,6748.392
2022-01-02T04:00:00+00:00,448.4,449.6,443.4,445.2,8508.171
2022-01-02T08:00:00+00:00,445.2,449.3,443.9,445.4,10554.206
2022-01-02T12:00:00+00:00,445.4,448.7,443.2,447.1,9435.929
2022-01-02T16:00:00+00:00,447.1,452.4,444.2,444.8,9669.548
2022-01-02T20:00:00+00:00,444.7,448.6,444.0,447.7,2872.273
2022-01-03T00:00:00+00:00,447.6,447.9,441.7,442.4,3242.299
2022-01-03T04:00:00+00:00,442.4,444.1,440.7,442.7,4289.826
2022-01-03T08:00:00+00:00,442.7,446.3,439.1,445.8,3780.989
2022-01-03T12:00:00+00:00,445.8,446.8,440.3,441.6,6004.524
2022-01-03T16:00:00+00:00,441.6,442.6,435.9,435.9,6422.829
2022-01-03T20:00:00+00:00,435.8,436.5,431.1,434.7,7099.087
2022-01-04T00:00:00+00:00,434.8,435.5,427.4,430.7,8336.953
2022-01-04T04:00:00+00:00,430.8,432.5,428.6,431.2,4850.558
2022-01-04T08:00:00+00:00,431.1,434.9,429.7,434.8,4985.56
2022-01-04T12:00:00+00:00,434.9,439.5,431.2,435.4,7245.818
2022-01-04T16:00:00+00:00,435.5,436.8,425.4,428.3,8262.593
2022-01-04T20:00:00+00:00,428.3,431.1,425.9,427.1,5744.482
2022-01-05T00:00:00+00:00,427.0,430.6,426.3,429.6,5392.816
2022-01-05T04:00:00+00:00,429.6,431.5,427.5,431.2,4187.82
2022-01-05T08:00:00+00:00,431.2,432.5,426.8,427.9,4605.807
2022-01-05T12:00:00+00:00,427.9,431.0,424.2,429.6,7948.008
2022-01-05T16:00:00+00:00,429.6,430.0,410.4,411.8,13748.314
2022-01-05T20:00:00+00:00,411.9,413.0,391.1,399.4,31709.313
2022-01-06T00:00:00+00:00,399.5,402.6,392.7,393.1,12596.235
2022-01-06T04:00:00+00:00,393.1,399.1,391.6,394.9,12709.136
2022-01-06T08:00:00+00:00,394.9,395.5,387.3,391.7,16522.782
2022-01-06T12:00:00+00:00,391.7,396.0,388.5,393.2,15100.77
2022-01-06T16:00:00+00:00,393.2,401.9,390.9,400.1,17201.112
2022-01-06T20:00:00+00:00,400.0,403.9,397.8,399.8,8319.287
2022-01-07T00:00:00+00:00,399.7,400.9,382.4,384.4,16405.532
2022-01-07T04:00:00+00:00,384.7,386.3,375.3,383.6,20942.016
2022-01-07T08:00:00+00:00,383.6,401.7,382.7,395.1,22764.007
2022-01-07T12:00:00+00:00,395.0,398.4,378.3,384.5,25993.8
2022-01-07T16:00:00+00:00,384.4,394.7,380.6,388.3,16026.367
2022-01-07T20:00:00+00:00,388.7,389.8,383.8,385.7,5822.091
2022-01-08T00:00:00+00:00,385.8,391.6,385.2,387.9,9287.139
2022-01-08T04:00:00+00:00,388.2,390.4,385.5,389.2,5646.299
2022-01-08T08:00:00+00:00,389.2,391.4,387.1,390.1,9496.526
2022-01-08T12:00:00+00:00,390.1,391.1,378.9,381.9,13451.396
2022-01-08T16:00:00+00:00,381.8,382.9,361.0,366.3,30051.897
2022-01-08T20:00:00+00:00,366.2,378.0,364.5,372.9,10757.439
2022-01-09T00:00:00+00:00,372.8,380.3,370.4,376.9,10059.125
2022-01-09T04:00:00+00:00,376.9,379.4,375.5,376.4,6000.629
2022-01-09T08:00:00+00:00,376.4,378.0,370.3,373.5,9256.013
2022-01-09T12:00:00+00:00,373.5,375.6,367.8,371.4,9429.176
2022-01-09T16:00:00+00:00,371.3,380.9,370.8,379.9,10223.143
2022-01-09T20:00:00+00:00,380.0,381.1,375.2,376.8,7477.991
2022-01-10T00:00:00+00:00,376.8,378.4,372.3,374.5,6593.368
2022-01-10T04:00:00+00:00,374.5,377.4,373.5,375.7,5181.381
2022-01-10T08:00:00+00:00,375.7,376.3,369.4,370.6,9031.261
2022-01-10T12:00:00+00:00,370.7,371.0,347.6,357.5,34040.813
2022-01-10T16:00:00+00:00,357.6,370.7,352.9,357.1,32485.103
2022-01-10T20:00:00+00:00,357.3,366.0,355.5,363.6,12582.281
2022-01-11T00:00:00+00:00,363.5,369.3,361.8,368.1,6543.016
2022-01-11T04:00:00+00:00,368.2,368.8,364.8,367.8,8587.067
2022-01-11T08:00:00+00:00,367.9,371.6,363.1,365.9,11439.503
2022-01-11T12:00:00+00:00,365.9,368.6,361.7,367.7,11173.365
2022-01-11T16:00:00+00:00,367.7,375.0,366.8,368.0,17578.127
2022-01-11T20:00:00+00:00,368.0,370.6,367.0,369.8,7314.147
2022-01-12T00:00:00+00:00,369.8,371.8,367.8,368.4,9788.075
2022-01-12T04:00:00+00:00,368.4,373.6,368.4,369.6,7809.066
2022-01-12T08:00:00+00:00,369.7,377.4,369.1,374.3,9604.981
2022-01-12T12:00:00+00:00,374.2,383.3,374.1,381.6,13673.031
2022-01-12T16:00:00+00:00,381.5,385.6,380.0,384.5,7346.152
2022-01-12T20:00:00+00:00,384.7,385.9,382.3,383.8,4924.388
2022-01-13T00:00:00+00:00,383.7,385.2,379.3,383.6,6465.619
2022-01-13T04:00:00+00:00,383.5,388.4,382.5,387.3,6928.825
2022-01-13T08:00:00+00:00,387.3,390.7,384.2,385.2,6459.466
2022-01-13T12:00:00+00:00,385.1,391.7,379.8,382.4,12982.752
2022-01-13T16:00:00+00:00,382.4,384.6,377.8,380.0,12534.412
2022-01-13T20:00:00+00:00,380.0,380.6,376.4,377.5,5105.665
2022-01-14T00:00:00+00:00,377.5,384.7,375.6,383.0,7838.681
2022-01-14T04:00:00+00:00,382.9,391.2,382.9,388.1,6922.704
2022-01-14T08:00:00+00:00,388.1,388.5,379.0,381.2,9126.413
2022-01-14T12:00:00+00:00,381.0,391.7,379.2,389.6,13187.455
2022-01-14T16:00:00+00:00,389.7,393.7,386.8,387.7,8453.672
2022-01-14T20:00:00+00:00,387.7,388.8,384.0,385.6,4214.796
2022-01-15T00:00:00+00:00,385.5,387.9,382.9,385.3,5421.341
2022-01-15T04:00:00+00:00,385.4,391.2,384.8,390.8,4629.437
2022-01-15T08:00:00+00:00,391.0,391.2,388.2,389.3,3657.349
2022-01-15T12:00:00+00:00,389.3,390.8,384.8,390.5,5916.452
2022-01-15T16:00:00+00:00,390.6,392.4,389.1,392.3,3905.757
2022-01-15T20:00:00+00:00,392.3,393.0,390.6,390.6,3043.033
2022-01-16T00:00:00+00:00,390.7,393.4,387.8,389.1,4631.581
2022-01-16T04:00:00+00:00,389.2,389.3,385.0,387.6,3557.039
2022-01-16T08:00:00+00:00,387.6,388.3,383.6,384.9,3964.839
2022-01-16T12:00:00+00:00,384.8,388.8,382.3,387.6,5732.052
2022-01-16T16:00:00+00:00,387.8,391.2,387.1,387.4,3291.236
2022-01-16T20:00:00+00:00,387.4,389.9,386.9,388.1,2089.215
2022-01-17T00:00:00+00:00,388.2,389.2,379.9,380.0,6439.839
2022-01-17T04:00:00+00:00,379.8,382.7,378.4,381.7,6135.718
2022-01-17T08:00:00+00:00,381.6,383.8,380.5,380.8,4157.61
2022-01-17T12:00:00+00:00,380.9,381.9,376.5,377.2,6455.524
2022-01-17T16:00:00+00:00,377.1,378.6,374.7,378.1,5957.892
2022-01-17T20:00:00+00:00,378.0,382.1,373.0,380.6,6275.407
2022-01-18T00:00:00+00:00,380.7,398.7,380.6,388.6,27281.665
2022-01-18T04:00:00+00:00,388.5,391.3,381.0,384.1,18826.563
2022-01-18T08:00:00+00:00,384.0,384.2,375.5,381.3,11115.367
2022-01-18T12:00:00+00:00,381.1,383.0,374.6,378.4,10944.974
2022-01-18T16:00:00+00:00,378.5,382.0,376.2,380.8,6712.171
2022-01-18T20:00:00+00:00,380.9,384.2,379.1,381.4,5699.606
2022-01-19T00:00:00+00:00,381.4,384.3,374.4,377.1,10768.584
2022-01-19T04:00:00+00:00,377.2,378.1,366.3,367.9,12082.519
2022-01-19T08:00:00+00:00,368.0,372.6,365.8,371.4,9862.362
2022-01-19T12:00:00+00:00,371.5,374.3,369.1,370.3,9165.964
2022-01-19T16:00:00+00:00,370.3,373.0,367.6,372.0,7393.103
2022-01-19T20:00:00+00:00,372.0,373.5,368.9,368.9,5084.452
2022-01-20T00:00:00+00:00,369.0,371.4,367.4,370.8,4243.031
2022-01-20T04:00:00+00:00,370.7,372.8,370.1,372.0,3631.811
2022-01-20T08:00:00+00:00,372.1,373.3,370.1,372.9,6008.286
2022-01-20T12:00:00+00:00,372.8,384.0,371.2,383.3,14560.921
2022-01-20T16:00:00+00:00,383.3,384.2,377.2,378.8,6336.046
2022-01-20T20:00:00+00:00,378.8,379.2,356.3,357.5,13852.015
2022-01-21T00:00:00+00:00,357.4,360.0,338.8,339.7,27587.60788
2022-01-21T04:00:00+00:00,339.5,344.5,339.5,342.8,14682.749
2022-01-21T08:00:00+00:00,342.9,344.6,341.9,343.7,7106.139
2022-01-21T12:00:00+00:00,343.6,344.1,330.8,341.7,22060.989
2022-01-21T16:00:00+00:00,341.7,343.3,333.0,333.6,18562.331
2022-01-21T20:00:00+00:00,333.8,338.4,308.0,314.9,45765.36892
2022-01-22T00:00:00+00:00,314.8,318.8,306.9,309.9,17512.594
2022-01-22T04:00:00+00:00,309.9,311.2,288.3,289.1,40197.06138
2022-01-22T08:00:00+00:00,289.0,295.8,265.0,287.8,55978.01203
2022-01-22T12:00:00+00:00,287.8,303.3,284.0,285.0,39685.214
2022-01-22T16:00:00+00:00,285.1,294.2,281.3,284.6,35324.368
2022-01-22T20:00:00+00:00,284.9,297.3,283.0,291.8,21871.904
2022-01-23T00:00:00+00:00,291.9,297.3,287.7,291.3,13457.779
2022-01-23T04:00:00+00:00,291.2,298.0,290.3,296.5,18810.827
2022-01-23T08:00:00+00:00,296.5,300.9,294.9,295.0,20371.011
2022-01-23T12:00:00+00:00,295.0,298.4,284.5,288.9,19862.627
2022-01-23T16:00:00+00:00,288.8,292.1,283.8,285.2,22862.585
2022-01-23T20:00:00+00:00,285.1,303.5,284.1,302.5,25481.609
2022-01-24T00:00:00+00:00,302.4,302.7,289.7,292.4,12208.273
2022-01-24T04:00:00+00:00,292.3,295.2,285.3,286.0,15648.209
2022-01-24T08:00:00+00:00,285.9,292.8,266.2,270.5,62699.405
2022-01-24T12:00:00+00:00,270.6,278.6,259.6,277.3,65652.22685
2022-01-24T16:00:00+00:00,277.3,289.0,270.3,287.3,41659.089
2022-01-24T20:00:00+00:00,287.1,296.3,286.6,292.3,15707.45
2022-01-25T00:00:00+00:00,292.3,292.5,287.5,291.0,8707.223
2022-01-25T04:00:00+00:00,290.9,291.5,284.7,287.9,8561.053
2022-01-25T08:00:00+00:00,287.8,293.0,259.9,287.3,32972.08
2022-01-25T12:00:00+00:00,287.3,292.1,283.2,288.0,19608.344
2022-01-25T16:00:00+00:00,288.0,294.6,287.5,291.4,17468.081
2022-01-25T20:00:00+00:00,291.4,294.0,286.5,291.6,12722.851
2022-01-26T00:00:00+00:00,291.6,292.7,286.8,292.2,16069.779
2022-01-26T04:00:00+00:00,292.2,298.0,291.6,294.9,15555.298
2022-01-26T08:00:00+00:00,295.0,299.7,295.0,299.5,12895.573
2022-01-26T12:00:00+00:00,299.5,306.9,297.2,304.5,16042.335
2022-01-26T16:00:00+00:00,304.4,314.9,298.1,301.0,33873.515
2022-01-26T20:00:00+00:00,300.8,300.8,283.8,289.1,28620.752
2022-01-27T00:00:00+00:00,289.1,290.7,277.5,279.5,22109.436
2022-01-27T04:00:00+00:00,279.4,286.8,278.8,285.4,12458.58
2022-01-27T08:00:00+00:00,285.4,290.3,283.6,289.8,12109.134
2022-01-27T12:00:00+00:00,289.9,294.9,289.5,290.9,15863.063
2022-01-27T16:00:00+00:00,291.1,292.7,286.7,287.8,12926.671
2022-01-27T20:00:00+00:00,287.9,290.1,279.5,289.6,19883.695
2022-01-28T00:00:00+00:00,289.6,293.1,285.0,292.7,10295.535
2022-01-28T04:00:00+00:00,292.7,295.6,284.1,284.1,13965.977
2022-01-28T08:00:00+00:00,284.3,287.5,282.9,285.5,12835.206
2022-01-28T12:00:00+00:00,285.6,288.9,281.8,288.6,12988.692
2022-01-28T16:00:00+00:00,288.7,292.5,287.4,290.3,8421.76
2022-01-28T20:00:00+00:00,290.3,297.4,289.9,296.8,8656.117
2022-01-29T00:00:00+00:00,296.8,299.3,293.1,294.7,5995.575
2022-01-29T04:00:00+00:00,294.7,298.2,294.1,297.9,3382.655
2022-01-29T08:00:00+00:00,297.8,298.3,293.6,294.5,4465.569
2022-01-29T12:00:00+00:00,294.4,299.0,291.3,293.2,8659.095
2022-01-29T16:00:00+00:00,293.1,297.6,291.6,296.7,4892.137
2022-01-29T20:00:00+00:00,296.8,302.1,295.9,298.8,8141.687
2022-01-30T00:00:00+00:00,298.9,298.9,294.0,295.2,6009.821
2022-01-30T04:00:00+00:00,295.2,302.0,295.1,301.2,5593.573
2022-01-30T08:00:00+00:00,301.2,302.2,298.5,299.1,7080.288
2022-01-30T12:00:00+00:00,299.2,300.1,294.3,296.7,7411.841
2022-01-30T16:00:00+00:00,296.9,297.6,288.5,289.6,7362.861
2022-01-30T20:00:00+00:00,289.5,294.2,287.7,290.0,9716.595
2022-01-31T00:00:00+00:00,289.9,290.5,279.6,281.3,10994.265
2022-01-31T04:00:00+00:00,281.2,281.9,278.8,281.5,6916.153
2022-01-31T08:00:00+00:00,281.5,282.9,278.1,281.6,9540.434
2022-01-31T12:00:00+00:00,281.4,286.5,278.1,285.3,11944.17
2022-01-31T16:00:00+00:00,285.3,290.4,282.2,282.4,18360.559
2022-01-31T20:00:00+00:00,282.4,286.0,280.6,285.0,10270.363
2022-02-01T00:00:00+00:00,284.9,288.7,282.5,288.2,9154.222
2022-02-01T04:00:00+00:00,288.3,289.2,285.1,286.9,6081.847
2022-02-01T08:00:00+00:00,286.8,290.9,282.8,285.8,10076.203
2022-02-01T12:00:00+00:00,285.6,288.6,283.2,286.3,13633.749
2022-02-01T16:00:00+00:00,286.4,289.5,284.3,284.6,8553.707
2022-02-01T20:00:00+00:00,284.6,289.3,284.6,287.7,4281.653
2022-02-02T00:00:00+00:00,287.8,290.2,286.3,289.0,7015.735
2022-02-02T04:00:00+00:00,289.0,290.8,287.7,288.2,6202.714
2022-02-02T08:00:00+00:00,288.4,295.2,287.7,294.8,9586.128
2022-02-02T12:00:00+00:00,294.7,296.8,284.5,285.2,15241.632
2022-02-02T16:00:00+00:00,285.2,286.6,281.0,284.7,10715.996
2022-02-02T20:00:00+00:00,284.8,286.0,276.3,277.8,15624.115
2022-02-03T00:00:00+00:00,277.9,279.1,273.2,276.6,9506.435
2022-02-03T04:00:00+00:00,276.7,281.3,276.0,279.1,13443.132
2022-02-03T08:00:00+00:00,279.0,280.1,271.2,274.9,11475.445
2022-02-03T12:00:00+00:00,275.1,277.1,271.1,276.2,13461.615
2022-02-03T16:00:00+00:00,276.2,277.9,271.3,272.9,8292.717
2022-02-03T20:00:00+00:00,272.9,281.7,271.0,281.2,10077.316
2022-02-04T00:00:00+00:00,281.2,281.5,276.7,276.9,8408.182
2022-02-04T04:00:00+00:00,276.9,285.5,276.4,285.0,13081.283
2022-02-04T08:00:00+00:00,284.8,290.5,284.8,285.8,10359.62
2022-02-04T12:00:00+00:00,286.0,295.2,282.7,292.2,23804.205
2022-02-04T16:00:00+00:00,292.1,300.1,291.8,299.3,20618.959
2022-02-04T20:00:00+00:00,299.3,307.0,297.4,306.2,11697.417
2022-02-05T00:00:00+00:00,306.1,307.1,302.5,306.2,14530.89
2022-02-05T04:00:00+00:00,306.1,314.2,305.9,309.3,13979.339
2022-02-05T08:00:00+00:00,309.4,314.8,309.4,314.6,7004.278
2022-02-05T12:00:00+00:00,314.6,325.3,314.3,322.5,21408.64
2022-02-05T16:00:00+00:00,322.4,329.0,315.7,318.9,26871.441
2022-02-05T20:00:00+00:00,318.9,322.9,318.5,320.5,6164.264
2022-02-06T00:00:00+00:00,320.3,328.0,320.3,326.3,7217.163
2022-02-06T04:00:00+00:00,326.3,327.3,320.9,322.9,8038.378
2022-02-06T08:00:00+00:00,322.9,325.9,319.2,320.5,11089.258
2022-02-06T12:00:00+00:00,320.5,327.1,312.0,318.3,26667.594
2022-02-06T16:00:00+00:00,318.3,320.4,316.2,318.8,6613.303
2022-02-06T20:00:00+00:00,318.9,326.6,316.0,324.7,10365.836
2022-02-07T00:00:00+00:00,324.6,332.4,317.9,330.5,19297.581
2022-02-07T04:00:00+00:00,330.4,335.5,328.2,333.1,17379.905
2022-02-07T08:00:00+00:00,333.2,337.8,331.8,336.7,9583.213
2022-02-07T12:00:00+00:00,336.8,341.0,335.6,338.9,19413.89
2022-02-07T16:00:00+00:00,338.9,342.0,333.4,339.7,19377.815
2022-02-07T20:00:00+00:00,339.7,343.9,334.2,343.1,15001.451
2022-02-08T00:00:00+00:00,343.2,352.7,337.3,350.1,27085.932
2022-02-08T04:00:00+00:00,350.1,355.9,345.3,347.0,26613.675
2022-02-08T08:00:00+00:00,347.0,347.8,330.4,333.8,29575.629
2022-02-08T12:00:00+00:00,333.8,333.8,324.9,330.4,21325.291
2022-02-08T16:00:00+00:00,330.4,332.4,325.7,330.1,15531.565
2022-02-08T20:00:00+00:00,330.1,338.6,329.5,335.5,15181.949
2022-02-09T00:00:00+00:00,335.4,336.4,328.2,330.6,11054.894
2022-02-09T04:00:00+00:00,330.7,341.1,330.6,339.9,17353.254
2022-02-09T08:00:00+00:00,339.8,340.8,334.5,337.7,14585.984
2022-02-09T12:00:00+00:00,337.7,346.7,336.8,344.4,19444.644
2022-02-09T16:00:00+00:00,344.4,347.2,341.6,344.1,12854.713
2022-02-09T20:00:00+00:00,344.2,347.7,343.7,345.9,7650.74
2022-02-10T00:00:00+00:00,345.8,346.1,336.2,339.0,13083.406
2022-02-10T04:00:00+00:00,338.8,345.9,337.6,345.8,8048.48
2022-02-10T08:00:00+00:00,345.8,359.2,345.4,357.0,18054.0
2022-02-10T12:00:00+00:00,357.0,362.7,342.5,354.9,50000.939
2022-02-10T16:00:00+00:00,355.0,356.3,344.7,345.6,16631.361
2022-02-10T20:00:00+00:00,345.7,348.1,339.8,340.7,10873.364
2022-02-11T00:00:00+00:00,340.7,340.8,330.9,339.4,20600.767
2022-02-11T04:00:00+00:00,339.4,340.4,334.7,340.1,12190.402
2022-02-11T08:00:00+00:00,340.1,342.1,332.3,335.3,11694.769
2022-02-11T12:00:00+00:00,335.4,340.3,334.6,337.4,10279.715
2022-02-11T16:00:00+00:00,337.4,338.1,323.8,327.7,19012.844
2022-02-11T20:00:00+00:00,327.7,328.2,316.6,320.9,18212.242
2022-02-12T00:00:00+00:00,320.7,323.0,317.1,321.5,8624.237
2022-02-12T04:00:00+00:00,321.6,323.8,312.1,317.6,9856.132
2022-02-12T08:00:00+00:00,317.6,320.4,313.8,319.9,8471.907
2022-02-12T12:00:00+00:00,319.9,320.3,312.3,319.3,10696.611
2022-02-12T16:00:00+00:00,319.2,329.9,317.9,325.0,12192.567
2022-02-12T20:00:00+00:00,325.0,330.6,316.8,330.5,12845.51
2022-02-13T00:00:00+00:00,330.4,334.5,326.8,327.4,10244.175
2022-02-13T04:00:00+00:00,327.4,331.3,327.1,328.4,5580.844
2022-02-13T08:00:00+00:00,328.3,329.1,324.4,327.0,4350.212
2022-02-13T12:00:00+00:00,327.1,340.0,325.9,337.8,18414.541
2022-02-13T16:00:00+00:00,337.7,338.5,325.1,328.3,15073.245
2022-02-13T20:00:00+00:00,328.4,336.3,327.4,333.6,11515.553
2022-02-14T00:00:00+00:00,333.7,337.7,321.6,322.3,16728.725
2022-02-14T04:00:00+00:00,322.2,324.4,318.4,323.7,9384.865
2022-02-14T08:00:00+00:00,323.7,324.8,319.8,322.0,6426.883
2022-02-14T12:00:00+00:00,322.1,329.6,319.5,326.8,11055.513
2022-02-14T16:00:00+00:00,326.7,333.8,325.9,328.8,11768.37
2022-02-14T20:00:00+00:00,328.9,332.9,327.1,330.5,5930.251
2022-02-15T00:00:00+00:00,330.5,339.6,328.9,335.9,10601.189
2022-02-15T04:00:00+00:00,335.8,337.0,331.9,334.0,6070.225
2022-02-15T08:00:00+00:00,333.9,341.6,333.9,338.3,10179.049
2022-02-15T12:00:00+00:00,338.2,339.8,334.3,339.2,11899.239
2022-02-15T16:00:00+00:00,339.2,340.2,336.8,337.5,4968.255
2022-02-15T20:00:00+00:00,337.5,344.7,335.3,343.2,8667.829
2022-02-16T00:00:00+00:00,343.2,343.3,335.7,336.0,7636.004
2022-02-16T04:00:00+00:00,335.9,338.3,332.4,337.9,5162.088
2022-02-16T08:00:00+00:00,338.1,340.8,334.9,339.4,7767.714
2022-02-16T12:00:00+00:00,339.3,340.0,329.0,331.1,14810.113
2022-02-16T16:00:00+00:00,331.1,337.7,328.9,336.4,8937.707
2022-02-16T20:00:00+00:00,336.4,338.0,333.3,334.3,6565.741
2022-02-17T00:00:00+00:00,334.3,336.3,329.8,330.2,7910.922
2022-02-17T04:00:00+00:00,330.3,332.5,326.9,332.4,7007.2
2022-02-17T08:00:00+00:00,332.4,332.7,324.2,328.3,9715.518
2022-02-17T12:00:00+00:00,328.2,330.0,321.3,323.1,10402.671
2022-02-17T16:00:00+00:00,323.0,324.8,311.6,316.6,14633.536
2022-02-17T20:00:00+00:00,316.6,317.0,309.4,313.0,10531.543
2022-02-18T00:00:00+00:00,313.1,316.2,309.8,313.8,9342.737
2022-02-18T04:00:00+00:00,313.7,316.4,312.3,314.7,6743.877
2022-02-18T08:00:00+00:00,314.8,319.0,313.2,314.1,8605.732
2022-02-18T12:00:00+00:00,314.1,317.2,308.0,309.7,18302.739
2022-02-18T16:00:00+00:00,309.6,313.6,306.3,313.0,12838.916
2022-02-18T20:00:00+00:00,313.2,313.9,308.8,310.0,5832.628
2022-02-19T00:00:00+00:00,310.1,313.2,309.2,312.2,4741.201
2022-02-19T04:00:00+00:00,312.3,316.2,311.8,314.5,4782.1
2022-02-19T08:00:00+00:00,314.5,315.0,307.4,308.7,9072.002
2022-02-19T12:00:00+00:00,308.8,312.9,305.1,311.3,11165.199
2022-02-19T16:00:00+00:00,311.2,315.0,307.9,308.4,8305.611
2022-02-19T20:00:00+00:00,308.3,312.4,307.7,311.9,3680.979
2022-02-20T00:00:00+00:00,312.0,312.7,307.5,308.1,5104.158
2022-02-20T04:00:00+00:00,308.0,309.1,298.3,301.6,19053.644
2022-02-20T08:00:00+00:00,301.6,302.3,296.6,301.6,10036.371
2022-02-20T12:00:00+00:00,301.6,304.4,296.9,300.6,9623.632
2022-02-20T16:00:00+00:00,300.5,302.8,299.1,301.3,4884.14
2022-02-20T20:00:00+00:00,301.3,306.8,298.0,302.6,11063.674
2022-02-21T00:00:00+00:00,302.6,310.8,300.8,306.2,14248.3
2022-02-21T04:00:00+00:00,306.2,310.2,306.1,307.4,7717.023
2022-02-21T08:00:00+00:00,307.4,308.4,294.3,296.6,15225.336
2022-02-21T12:00:00+00:00,296.5,306.6,291.6,302.6,24525.955
2022-02-21T16:00:00+00:00,302.6,305.3,293.5,296.6,19709.852
2022-02-21T20:00:00+00:00,296.5,299.7,282.4,283.2,23510.248
2022-02-22T00:00:00+00:00,283.3,287.5,275.4,278.6,22492.856
2022-02-22T04:00:00+00:00,278.7,284.7,278.6,281.2,13306.021
2022-02-22T08:00:00+00:00,281.3,291.0,281.1,288.4,15195.938
2022-02-22T12:00:00+00:00,288.3,295.5,286.8,291.8,15651.938
2022-02-22T16:00:00+00:00,291.7,292.8,287.5,291.2,9915.378
2022-02-22T20:00:00+00:00,291.1,294.5,288.7,293.2,7030.434
2022-02-23T00:00:00+00:00,293.2,294.9,289.4,292.6,14053.65
2022-02-23T04:00:00+00:00,292.6,298.6,292.2,298.4,10073.653
2022-02-23T08:00:00+00:00,298.4,304.2,297.6,301.8,10679.436
2022-02-23T12:00:00+00:00,301.9,305.2,298.0,298.6,9999.605
2022-02-23T16:00:00+00:00,298.6,303.2,293.0,294.3,9402.015
2022-02-23T20:00:00+00:00,294.2,294.4,286.9,288.3,7236.717
2022-02-24T00:00:00+00:00,288.4,289.2,266.6,270.3,28774.292
2022-02-24T04:00:00+00:00,270.3,272.5,259.6,266.3,51907.621
2022-02-24T08:00:00+00:00,266.4,270.6,260.9,265.5,29370.98
2022-02-24T12:00:00+00:00,265.5,275.2,261.6,273.2,27059.451
2022-02-24T16:00:00+00:00,273.1,294.9,271.6,294.1,30692.677
2022-02-24T20:00:00+00:00,294.1,309.7,293.7,300.6,39656.057
2022-02-25T00:00:00+00:00,300.5,304.8,297.4,300.8,16693.436
2022-02-25T04:00:00+00:00,300.8,301.9,294.8,297.6,8654.582
2022-02-25T08:00:00+00:00,297.7,298.6,290.3,296.3,15271.152
2022-02-25T12:00:00+00:00,296.3,303.6,294.0,302.7,23242.506
2022-02-25T16:00:00+00:00,302.5,304.7,294.8,303.3,10024.393
2022-02-25T20:00:00+00:00,303.3,312.2,301.5,308.5,10099.985
2022-02-26T00:00:00+00:00,308.7,324.7,307.8,320.5,20028.29
2022-02-26T04:00:00+00:00,320.5,323.1,312.6,317.3,11131.696
2022-02-26T08:00:00+00:00,317.3,319.6,312.7,313.8,10990.77
2022-02-26T12:00:00+00:00,313.8,319.6,312.1,316.6,9533.173
2022-02-26T16:00:00+00:00,316.6,318.2,307.2,313.8,12851.212
2022-02-26T20:00:00+00:00,313.7,318.4,311.7,315.3,5716.869
2022-02-27T00:00:00+00:00,315.2,316.7,306.1,309.6,11288.802
2022-02-27T04:00:00+00:00,309.6,315.0,307.6,314.5,4914.223
2022-02-27T08:00:00+00:00,314.4,319.9,313.2,319.2,11361.701
2022-02-27T12:00:00+00:00,319.3,321.8,309.6,318.1,14977.164
2022-02-27T16:00:00+00:00,318.0,318.3,301.4,302.0,11471.46
2022-02-27T20:00:00+00:00,301.9,308.6,299.4,304.0,14246.979
2022-02-28T00:00:00+00:00,304.0,308.3,300.5,304.9,6857.933
2022-02-28T04:00:00+00:00,304.7,310.5,301.9,309.8,6969.517
2022-02-28T08:00:00+00:00,309.7,312.7,308.5,312.2,4910.275
2022-02-28T12:00:00+00:00,312.2,329.9,309.5,329.4,18581.568
2022-02-28T16:00:00+00:00,329.2,331.1,323.8,326.2,10800.395
2022-02-28T20:00:00+00:00,326.6,339.2,325.6,339.0,15632.887
2022-03-01T00:00:00+00:00,339.0,343.8,329.7,331.2,22531.777
2022-03-01T04:00:00+00:00,331.2,332.2,326.2,328.0,9516.374
2022-03-01T08:00:00+00:00,328.0,329.7,320.2,325.8,13295.339
2022-03-01T12:00:00+00:00,325.7,336.2,324.0,326.6,26075.518
2022-03-01T16:00:00+00:00,326.5,330.3,323.6,326.7,8417.141
2022-03-01T20:00:00+00:00,326.5,328.9,323.9,328.7,5332.085
2022-03-02T00:00:00+00:00,328.7,331.0,322.3,329.7,9702.755
2022-03-02T04:00:00+00:00,329.7,331.4,323.5,325.1,7373.171
2022-03-02T08:00:00+00:00,325.2,329.4,323.3,328.0,5564.398
2022-03-02T12:00:00+00:00,327.9,330.4,318.0,320.8,19695.131
2022-03-02T16:00:00+00:00,320.8,324.5,318.2,319.7,6555.803
2022-03-02T20:00:00+00:00,319.9,322.9,319.3,320.2,4122.941
2022-03-03T00:00:00+00:00,320.1,321.8,311.9,318.1,10430.598
2022-03-03T04:00:00+00:00,318.2,321.4,314.3,317.8,5168.075
2022-03-03T08:00:00+00:00,317.8,320.3,314.6,317.9,6802.044
2022-03-03T12:00:00+00:00,317.8,319.8,307.4,309.7,10561.168
2022-03-03T16:00:00+00:00,309.9,311.3,305.4,309.9,6097.027
2022-03-03T20:00:00+00:00,309.9,316.1,308.6,315.3,4706.714
2022-03-04T00:00:00+00:00,315.2,315.5,302.4,306.3,10111.636
2022-03-04T04:00:00+00:00,306.3,309.0,304.9,306.2,4757.779
2022-03-04T08:00:00+00:00,306.3,309.2,301.4,307.8,5708.102
2022-03-04T12:00:00+00:00,307.9,308.7,300.5,301.5,10879.431
2022-03-04T16:00:00+00:00,301.4,302.4,292.2,292.9,9158.029
2022-03-04T20:00:00+00:00,292.9,293.8,285.8,290.4,10587.51
2022-03-05T00:00:00+00:00,290.4,290.6,283.3,287.6,11559.082
2022-03-05T04:00:00+00:00,287.6,291.3,284.8,290.2,4731.385
2022-03-05T08:00:00+00:00,290.3,292.2,288.2,290.3,3713.842
2022-03-05T12:00:00+00:00,290.3,292.4,288.0,291.5,4152.379
2022-03-05T16:00:00+00:00,291.6,295.5,290.8,293.6,5048.762
2022-03-05T20:00:00+00:00,293.6,294.5,291.7,294.2,2528.317
2022-03-06T00:00:00+00:00,294.2,296.2,292.2,293.7,3472.068
2022-03-06T04:00:00+00:00,293.4,294.7,289.5,292.0,4864.781
2022-03-06T08:00:00+00:00,292.0,292.0,284.0,286.6,6564.528
2022-03-06T12:00:00+00:00,286.7,290.9,286.0,288.2,3815.57
2022-03-06T16:00:00+00:00,288.0,291.8,286.7,287.8,3874.013
2022-03-06T20:00:00+00:00,287.6,292.2,281.3,282.0,10504.561
2022-03-07T00:00:00+00:00,282.1,282.6,275.8,278.9,14592.641
2022-03-07T04:00:00+00:00,279.0,280.2,276.8,277.7,6564.425
2022-03-07T08:00:00+00:00,277.8,281.0,275.6,280.7,5888.44
2022-03-07T12:00:00+00:00,280.8,289.9,280.8,289.1,10712.593
2022-03-07T16:00:00+00:00,289.1,291.1,271.8,272.5,16214.974
2022-03-07T20:00:00+00:00,272.7,277.3,270.0,273.9,11736.091
2022-03-08T00:00:00+00:00,273.8,281.5,272.3,280.4,9007.082
2022-03-08T04:00:00+00:00,280.4,282.2,277.2,280.7,10724.706
2022-03-08T08:00:00+00:00,280.7,287.0,280.3,285.6,10965.214
2022-03-08T12:00:00+00:00,285.6,287.7,279.7,281.9,16243.562
2022-03-08T16:00:00+00:00,282.0,289.7,278.8,285.2,17110.773
2022-03-08T20:00:00+00:00,285.2,286.1,281.2,284.7,7879.099
2022-03-09T00:00:00+00:00,284.4,300.2,283.6,297.6,15304.485
2022-03-09T04:00:00+00:00,297.8,302.9,297.8,301.6,11983.566
2022-03-09T08:00:00+00:00,301.7,306.5,299.9,305.0,12713.353
2022-03-09T12:00:00+00:00,305.0,308.3,303.1,307.7,13005.316
2022-03-09T16:00:00+00:00,307.7,318.2,306.5,310.7,19100.04
2022-03-09T20:00:00+00:00,310.8,311.8,307.1,307.2,6951.555
2022-03-10T00:00:00+00:00,307.1,309.0,298.6,301.1,14512.705
2022-03-10T04:00:00+00:00,301.0,301.9,284.4,288.0,18199.053
2022-03-10T08:00:00+00:00,288.0,291.6,285.6,289.5,6161.938
2022-03-10T12:00:00+00:00,289.5,293.2,283.3,287.5,15425.246
2022-03-10T16:00:00+00:00,287.6,291.2,286.0,291.0,5317.392
2022-03-10T20:00:00+00:00,291.1,291.9,288.5,289.4,4451.587
2022-03-11T00:00:00+00:00,289.5,290.1,281.8,283.9,9149.532
2022-03-11T04:00:00+00:00,283.9,288.5,281.1,287.8,5494.296
2022-03-11T08:00:00+00:00,287.9,292.8,284.8,291.5,7600.198
2022-03-11T12:00:00+00:00,291.5,294.9,286.9,288.3,13423.482
2022-03-11T16:00:00+00:00,288.3,288.3,282.3,283.9,8053.989
2022-03-11T20:00:00+00:00,283.8,292.6,282.7,287.7,9135.45
2022-03-12T00:00:00+00:00,287.6,294.0,287.2,291.9,9546.481
2022-03-12T04:00:00+00:00,291.7,293.2,290.5,291.6,4915.527
2022-03-12T08:00:00+00:00,291.6,294.3,289.4,292.0,4449.823
2022-03-12T12:00:00+00:00,292.1,293.6,289.3,291.1,4490.855
2022-03-12T16:00:00+00:00,291.1,293.0,290.2,290.7,4887.914
2022-03-12T20:00:00+00:00,290.7,292.4,289.9,290.8,3691.617
2022-03-13T00:00:00+00:00,290.7,295.5,289.5,295.3,5494.778
2022-03-13T04:00:00+00:00,295.4,296.1,293.8,294.0,4363.412
2022-03-13T08:00:00+00:00,294.0,294.2,287.4,288.4,9566.444
2022-03-13T12:00:00+00:00,288.3,288.7,283.9,287.6,8467.038
2022-03-13T16:00:00+00:00,287.5,288.7,287.1,287.3,3543.859
2022-03-13T20:00:00+00:00,287.1,288.2,278.1,279.7,9171.78
2022-03-14T00:00:00+00:00,279.7,282.5,277.4,280.3,9288.313
2022-03-14T04:00:00+00:00,280.3,287.0,280.1,286.1,9629.949
2022-03-14T08:00:00+00:00,286.1,288.4,285.1,285.2,5437.962
2022-03-14T12:00:00+00:00,285.3,288.2,282.7,286.5,8206.085
2022-03-14T16:00:00+00:00,286.4,286.9,280.0,282.8,8078.236
2022-03-14T20:00:00+00:00,282.7,290.0,282.1,289.5,7281.67
2022-03-15T00:00:00+00:00,289.5,291.0,284.6,285.4,6995.608
2022-03-15T04:00:00+00:00,285.3,287.9,282.2,284.0,8968.131
2022-03-15T08:00:00+00:00,284.1,285.2,281.8,284.1,8337.653
2022-03-15T12:00:00+00:00,284.0,287.5,281.6,286.0,10463.616
2022-03-15T16:00:00+00:00,286.0,292.9,285.2,291.6,11021.835
2022-03-15T20:00:00+00:00,291.6,292.5,288.6,289.3,5137.086
2022-03-16T00:00:00+00:00,289.2,302.5,287.3,290.8,18674.213
2022-03-16T04:00:00+00:00,290.7,291.0,286.8,290.0,9649.436
2022-03-16T08:00:00+00:00,290.0,294.7,289.6,292.1,9156.528
2022-03-16T12:00:00+00:00,292.0,294.1,289.5,293.0,6370.641
2022-03-16T16:00:00+00:00,293.0,297.0,286.2,296.4,15778.368
2022-03-16T20:00:00+00:00,296.4,300.6,296.4,299.8,6739.642
2022-03-17T00:00:00+00:00,299.8,301.3,297.5,299.0,5691.694
2022-03-17T04:00:00+00:00,299.0,299.3,294.4,295.3,5573.387
2022-03-17T08:00:00+00:00,295.3,298.1,294.9,297.1,3874.021
2022-03-17T12:00:00+00:00,297.1,299.9,295.0,296.2,6838.528
2022-03-17T16:00:00+00:00,296.2,297.9,295.3,297.8,3538.456
2022-03-17T20:00:00+00:00,297.8,297.9,295.3,296.3,2707.47
2022-03-18T00:00:00+00:00,296.2,296.8,290.5,291.9,11042.007
2022-03-18T04:00:00+00:00,291.8,297.8,290.7,295.5,7804.276
2022-03-18T08:00:00+00:00,295.4,298.2,293.6,294.9,5901.592
2022-03-18T12:00:00+00:00,294.9,300.3,294.5,299.4,7801.165
2022-03-18T16:00:00+00:00,299.4,305.0,299.3,304.5,9833.218
2022-03-18T20:00:00+00:00,304.5,306.5,303.7,305.5,5442.019
2022-03-19T00:00:00+00:00,305.5,312.6,305.4,312.1,7921.36
2022-03-19T04:00:00+00:00,312.1,313.4,309.8,310.3,4758.934
2022-03-19T08:00:00+00:00,310.4,312.2,309.4,311.3,3939.872
2022-03-19T12:00:00+00:00,311.3,313.9,309.4,312.8,6012.997
2022-03-19T16:00:00+00:00,312.8,322.9,312.3,322.6,10769.46
2022-03-19T20:00:00+00:00,322.5,328.6,321.3,327.8,9862.515
2022-03-20T00:00:00+00:00,327.8,328.8,319.7,325.2,8900.408
2022-03-20T04:00:00+00:00,325.2,325.5,321.1,322.0,6443.262
2022-03-20T08:00:00+00:00,322.0,324.9,317.8,321.4,7365.555
2022-03-20T12:00:00+00:00,321.3,323.4,317.2,320.3,8231.642
2022-03-20T16:00:00+00:00,320.2,326.5,315.3,319.0,11549.917
2022-03-20T20:00:00+00:00,319.0,332.9,317.3,327.4,21065.152
2022-03-21T00:00:00+00:00,327.4,334.0,320.2,324.0,22982.736
2022-03-21T04:00:00+00:00,324.1,332.0,323.1,331.8,8981.609
2022-03-21T08:00:00+00:00,331.8,335.7,329.2,332.1,10040.128
2022-03-21T12:00:00+00:00,332.0,334.7,324.2,328.1,12864.12
2022-03-21T16:00:00+00:00,328.0,340.6,327.3,337.5,18118.125
2022-03-21T20:00:00+00:00,337.5,338.8,333.4,334.9,4671.331
2022-03-22T00:00:00+00:00,334.8,349.0,334.3,348.0,26343.147
2022-03-22T04:00:00+00:00,347.9,357.8,347.2,355.5,27367.203
2022-03-22T08:00:00+00:00,355.4,374.2,355.3,371.6,44275.56
2022-03-22T12:00:00+00:00,371.6,377.7,367.2,367.8,33179.664
2022-03-22T16:00:00+00:00,367.8,387.1,367.7,378.8,38686.664
2022-03-22T20:00:00+00:00,378.8,382.3,375.3,375.4,16335.506
2022-03-23T00:00:00+00:00,375.4,384.3,354.8,356.8,49038.252
2022-03-23T04:00:00+00:00,356.8,369.4,353.2,362.6,30225.183
2022-03-23T08:00:00+00:00,362.6,366.6,358.9,360.5,11699.841
2022-03-23T12:00:00+00:00,360.6,368.8,358.7,366.9,15760.344
2022-03-23T16:00:00+00:00,366.9,367.1,355.1,356.0,16089.787
2022-03-23T20:00:00+00:00,356.1,365.2,355.7,364.0,8954.335
2022-03-24T00:00:00+00:00,364.0,367.2,351.5,353.4,22387.014
2022-03-24T04:00:00+00:00,353.4,361.8,353.3,360.4,12822.619
2022-03-24T08:00:00+00:00,360.4,361.3,355.3,355.8,12779.249
2022-03-24T12:00:00+00:00,355.9,362.9,351.7,361.9,18329.417
2022-03-24T16:00:00+00:00,361.8,366.2,358.3,363.4,12968.94
2022-03-24T20:00:00+00:00,363.4,367.6,362.2,366.1,7547.731
2022-03-25T00:00:00+00:00,366.1,371.2,360.0,362.2,16259.955
2022-03-25T04:00:00+00:00,362.3,365.7,358.9,359.7,10141.576
2022-03-25T08:00:00+00:00,359.6,366.9,353.7,365.9,20379.356
2022-03-25T12:00:00+00:00,365.8,366.6,355.2,357.1,13963.149
2022-03-25T16:00:00+00:00,357.2,374.3,352.8,372.3,30247.442
2022-03-25T20:00:00+00:00,372.3,372.8,359.3,364.9,12916.214
2022-03-26T00:00:00+00:00,365.0,366.3,359.7,361.2,9318.525
2022-03-26T04:00:00+00:00,361.3,365.2,357.4,364.5,8577.202
2022-03-26T08:00:00+00:00,364.6,365.3,358.7,359.3,8489.787
2022-03-26T12:00:00+00:00,359.2,363.2,356.5,361.2,10053.453
2022-03-26T16:00:00+00:00,361.2,363.0,359.7,360.1,4607.112
2022-03-26T20:00:00+00:00,360.1,362.6,359.7,362.1,4268.764
2022-03-27T00:00:00+00:00,362.0,364.4,360.4,362.2,16429.371
2022-03-27T04:00:00+00:00,362.2,363.3,359.8,362.6,5340.545
2022-03-27T08:00:00+00:00,362.6,363.4,357.7,358.4,8293.214
2022-03-27T12:00:00+00:00,358.2,364.3,354.7,363.3,10879.843
2022-03-27T16:00:00+00:00,363.1,365.6,360.6,360.9,7047.572
2022-03-27T20:00:00+00:00,360.9,377.3,359.0,376.6,20527.299
2022-03-28T00:00:00+00:00,376.6,382.1,369.3,374.9,19450.545
2022-03-28T04:00:00+00:00,374.9,385.9,372.5,380.8,29142.528
2022-03-28T08:00:00+00:00,380.8,382.9,376.5,378.9,11405.523
2022-03-28T12:00:00+00:00,378.9,385.8,377.1,378.6,19905.766
2022-03-28T16:00:00+00:00,378.5,383.5,375.3,380.6,15381.512
2022-03-28T20:00:00+00:00,380.7,383.7,363.3,368.5,22843.748
2022-03-29T00:00:00+00:00,368.4,374.6,367.3,371.6,17029.98
2022-03-29T04:00:00+00:00,371.7,376.9,371.6,374.0,8241.524
2022-03-29T08:00:00+00:00,373.9,380.6,373.3,380.4,13119.15
2022-03-29T12:00:00+00:00,380.4,387.5,371.6,372.7,29481.268
2022-03-29T16:00:00+00:00,372.7,373.8,366.9,372.7,19754.857
2022-03-29T20:00:00+00:00,372.5,374.3,366.2,373.3,14115.795
2022-03-30T00:00:00+00:00,373.2,373.2,362.7,369.2,17807.409
2022-03-30T04:00:00+00:00,369.1,380.5,368.3,378.1,11255.438
2022-03-30T08:00:00+00:00,378.2,380.8,374.5,377.9,10960.548
2022-03-30T12:00:00+00:00,377.9,385.7,376.4,381.7,24036.273
2022-03-30T16:00:00+00:00,381.6,386.7,375.3,377.8,14927.771
2022-03-30T20:00:00+00:00,377.9,382.0,376.3,380.1,9094.408
2022-03-31T00:00:00+00:00,380.1,386.1,378.2,380.3,12580.521
2022-03-31T04:00:00+00:00,380.4,381.5,377.5,381.4,7476.308
2022-03-31T08:00:00+00:00,381.3,384.6,380.0,382.3,7325.285
2022-03-31T12:00:00+00:00,382.3,389.6,363.8,369.1,47996.263
2022-03-31T16:00:00+00:00,369.1,377.8,362.3,376.8,22413.726
2022-03-31T20:00:00+00:00,376.8,391.2,376.7,384.3,27332.161
2022-04-01T00:00:00+00:00,384.0,389.4,363.2,371.1,38497.953
2022-04-01T04:00:00+00:00,371.2,372.0,366.1,371.4,9164.033
2022-04-01T08:00:00+00:00,371.3,373.6,367.6,368.9,10096.019
2022-04-01T12:00:00+00:00,368.9,382.9,364.8,378.9,20277.531
2022-04-01T16:00:00+00:00,378.8,382.9,376.4,382.3,10191.316
2022-04-01T20:00:00+00:00,382.4,382.4,374.8,377.2,6549.012
2022-04-02T00:00:00+00:00,377.2,383.1,375.6,377.2,23585.634
2022-04-02T04:00:00+00:00,377.3,380.9,376.3,379.5,5712.963
2022-04-02T08:00:00+00:00,379.4,382.0,377.7,377.8,7401.393
2022-04-02T12:00:00+00:00,377.8,381.8,372.1,375.8,16809.99
2022-04-02T16:00:00+00:00,375.8,378.1,370.0,374.9,10082.172
2022-04-02T20:00:00+00:00,375.0,376.6,371.6,372.5,4284.419
2022-04-03T00:00:00+00:00,372.5,375.9,368.1,375.8,9335.089
2022-04-03T04:00:00+00:00,375.9,379.3,375.5,377.6,5082.529
2022-04-03T08:00:00+00:00,377.8,378.1,373.2,375.8,5321.759
2022-04-03T12:00:00+00:00,375.8,378.0,374.2,376.5,4797.317
2022-04-03T16:00:00+00:00,376.5,377.8,373.7,374.4,4823.473
2022-04-03T20:00:00+00:00,374.3,381.4,374.2,378.6,7025.176
2022-04-04T00:00:00+00:00,378.7,379.6,372.0,375.8,9887.696
2022-04-04T04:00:00+00:00,375.7,378.9,373.5,377.1,4639.49
2022-04-04T08:00:00+00:00,377.1,377.3,369.2,375.1,9012.341
2022-04-04T12:00:00+00:00,375.0,378.8,371.3,371.7,16478.743
2022-04-04T16:00:00+00:00,371.9,374.2,362.7,370.3,9116.88
2022-04-04T20:00:00+00:00,370.4,376.7,368.7,376.2,5082.826
2022-04-05T00:00:00+00:00,376.2,377.0,372.4,376.9,4607.005
2022-04-05T04:00:00+00:00,376.9,379.4,373.9,379.0,5086.457
2022-04-05T08:00:00+00:00,379.1,380.3,375.3,378.1,5672.356
2022-04-05T12:00:00+00:00,378.1,382.2,368.8,370.5,16302.423
2022-04-05T16:00:00+00:00,370.4,374.0,368.3,370.5,4960.828
2022-04-05T20:00:00+00:00,370.6,371.5,364.9,365.4,3960.369
2022-04-06T00:00:00+00:00,365.3,368.1,347.5,356.0,22262.189
2022-04-06T04:00:00+00:00,356.2,360.0,354.6,357.4,6061.163
2022-04-06T08:00:00+00:00,357.3,360.9,350.5,351.4,8831.832
2022-04-06T12:00:00+00:00,351.2,354.4,339.0,343.8,15359.404
2022-04-06T16:00:00+00:00,343.8,349.1,339.3,339.9,13669.971
2022-04-06T20:00:00+00:00,340.0,341.3,329.0,331.0,8512.111
2022-04-07T00:00:00+00:00,330.9,335.8,325.1,333.3,13321.833
2022-04-07T04:00:00+00:00,333.4,337.0,331.8,335.0,4722.807
2022-04-07T08:00:00+00:00,334.9,339.9,332.9,338.7,5851.006
2022-04-07T12:00:00+00:00,338.7,340.0,329.3,333.8,6187.458
2022-04-07T16:00:00+00:00,333.5,337.6,333.2,335.2,2923.219
2022-04-07T20:00:00+00:00,335.3,339.2,333.8,336.1,3133.672
2022-04-08T00:00:00+00:00,336.0,337.7,334.7,336.6,4719.496
2022-04-08T04:00:00+00:00,336.6,338.2,334.4,337.0,4813.66
2022-04-08T08:00:00+00:00,337.0,337.3,329.2,330.0,6293.08
2022-04-08T12:00:00+00:00,330.0,338.5,327.0,335.2,10122.495
2022-04-08T16:00:00+00:00,335.1,336.1,327.5,328.8,7955.015
2022-04-08T20:00:00+00:00,328.8,329.8,320.7,323.0,5590.491
2022-04-09T00:00:00+00:00,322.9,327.2,321.4,323.6,4875.686
2022-04-09T04:00:00+00:00,323.5,325.9,322.5,324.4,4750.455
2022-04-09T08:00:00+00:00,324.3,326.5,322.2,326.0,2269.882
2022-04-09T12:00:00+00:00,326.0,326.9,322.7,323.3,5850.444
2022-04-09T16:00:00+00:00,323.3,327.1,323.1,326.3,2330.55
2022-04-09T20:00:00+00:00,326.3,327.7,324.1,325.9,3671.184
2022-04-10T00:00:00+00:00,326.0,328.4,324.9,326.4,2789.634
2022-04-10T04:00:00+00:00,326.4,327.9,324.4,325.8,5400.755
2022-04-10T08:00:00+00:00,325.7,327.1,322.5,325.0,5355.639
2022-04-10T12:00:00+00:00,325.0,328.8,324.0,326.9,5834.671
2022-04-10T16:00:00+00:00,327.0,332.4,327.0,331.2,3451.117
2022-04-10T20:00:00+00:00,331.3,332.0,318.2,319.8,9752.093
2022-04-11T00:00:00+00:00,319.8,321.0,311.6,314.6,11485.102
2022-04-11T04:00:00+00:00,314.5,317.8,314.2,317.2,4097.079
2022-04-11T08:00:00+00:00,317.1,317.9,303.2,304.3,16218.622
2022-04-11T12:00:00+00:00,304.3,305.2,300.3,301.8,8686.305
2022-04-11T16:00:00+00:00,301.8,304.3,298.8,300.2,7482.595
2022-04-11T20:00:00+00:00,300.4,301.2,290.7,294.8,9695.807
2022-04-12T00:00:00+00:00,294.9,300.0,293.3,300.0,9322.42
2022-04-12T04:00:00+00:00,300.1,305.8,299.6,302.8,8972.828
2022-04-12T08:00:00+00:00,302.9,304.3,300.5,304.1,8029.364
2022-04-12T12:00:00+00:00,304.0,307.4,301.8,304.4,8938.289
2022-04-12T16:00:00+00:00,304.5,305.9,297.3,297.7,5653.897
2022-04-12T20:00:00+00:00,297.8,305.4,297.3,305.0,6698.145
2022-04-13T00:00:00+00:00,305.0,306.5,301.3,304.0,6368.676
2022-04-13T04:00:00+00:00,303.9,307.7,302.8,305.8,5009.228
2022-04-13T08:00:00+00:00,305.9,325.5,304.8,320.1,28077.566
2022-04-13T12:00:00+00:00,320.1,340.0,319.9,337.4,54550.824
2022-04-13T16:00:00+00:00,337.6,343.8,335.2,342.1,26456.428
2022-04-13T20:00:00+00:00,342.1,349.6,340.8,341.2,18860.428
2022-04-14T00:00:00+00:00,341.1,349.9,340.4,348.0,12866.15
2022-04-14T04:00:00+00:00,348.0,353.3,342.1,346.2,19662.033
2022-04-14T08:00:00+00:00,346.1,346.4,336.8,337.5,11070.818
2022-04-14T12:00:00+00:00,337.4,340.3,332.8,333.4,16055.647
2022-04-14T16:00:00+00:00,333.5,338.1,332.6,335.1,8544.547
2022-04-14T20:00:00+00:00,334.9,339.5,333.1,337.6,4538.569
2022-04-15T00:00:00+00:00,337.6,345.2,334.6,344.1,8819.362
2022-04-15T04:00:00+00:00,344.1,344.8,336.0,340.4,5645.198
2022-04-15T08:00:00+00:00,340.4,341.7,333.8,336.0,8863.691
2022-04-15T12:00:00+00:00,335.9,341.8,333.2,341.2,7794.093
2022-04-15T16:00:00+00:00,341.4,344.8,336.2,336.5,5987.191
2022-04-15T20:00:00+00:00,336.3,341.8,334.6,340.8,4288.9
2022-04-16T00:00:00+00:00,340.8,344.5,339.6,339.9,4817.75
2022-04-16T04:00:00+00:00,339.8,344.4,339.7,343.7,3829.37
2022-04-16T08:00:00+00:00,343.6,347.8,343.0,345.0,5644.641
2022-04-16T12:00:00+00:00,345.0,347.1,338.7,340.0,6833.753
2022-04-16T16:00:00+00:00,339.9,342.6,339.1,341.6,3835.52
2022-04-16T20:00:00+00:00,341.5,344.0,339.8,342.8,2848.586
2022-04-17T00:00:00+00:00,342.8,345.0,340.3,341.9,3191.283
2022-04-17T04:00:00+00:00,341.9,345.7,341.9,344.4,2646.883
2022-04-17T08:00:00+00:00,344.3,348.8,343.9,346.7,4373.602
2022-04-17T12:00:00+00:00,346.8,348.7,343.8,344.5,4797.252
2022-04-17T16:00:00+00:00,344.6,344.8,336.2,339.5,6660.563
2022-04-17T20:00:00+00:00,339.6,339.8,327.2,328.1,10288.956
2022-04-18T00:00:00+00:00,327.9,328.5,326.2,326.9,5627.715
2022-04-18T04:00:00+00:00,326.8,327.0,316.3,316.9,10608.247
2022-04-18T08:00:00+00:00,316.9,317.2,312.8,315.4,7601.677
2022-04-18T12:00:00+00:00,315.4,322.0,314.8,319.3,9792.103
2022-04-18T16:00:00+00:00,319.3,340.9,317.3,337.4,15473.695
2022-04-18T20:00:00+00:00,337.6,341.0,336.4,340.3,5991.627
2022-04-19T00:00:00+00:00,340.4,343.0,333.8,334.8,9079.927
2022-04-19T04:00:00+00:00,334.8,337.6,332.4,333.8,3896.696
2022-04-19T08:00:00+00:00,333.8,337.4,333.2,333.9,7831.554
2022-04-19T12:00:00+00:00,333.8,340.3,333.3,337.3,9911.678
2022-04-19T16:00:00+00:00,337.3,339.4,334.8,337.3,6582.645
2022-04-19T20:00:00+00:00,337.3,341.0,335.7,340.5,3337.299
2022-04-20T00:00:00+00:00,340.4,340.8,334.3,334.8,6707.647
2022-04-20T04:00:00+00:00,334.9,340.0,334.7,338.3,7391.358
2022-04-20T08:00:00+00:00,338.3,344.6,337.0,344.3,7333.927
2022-04-20T12:00:00+00:00,344.3,344.7,335.0,341.0,20887.254
2022-04-20T16:00:00+00:00,340.9,341.1,329.6,329.8,8841.815
2022-04-20T20:00:00+00:00,329.7,333.9,328.9,330.7,5541.389
2022-04-21T00:00:00+00:00,330.6,335.5,330.1,334.8,6298.68
2022-04-21T04:00:00+00:00,334.8,335.5,331.0,333.1,4704.607
2022-04-21T08:00:00+00:00,333.0,340.9,327.7,339.8,9520.226
2022-04-21T12:00:00+00:00,339.8,345.7,337.3,337.4,8352.208
2022-04-21T16:00:00+00:00,337.7,339.3,325.9,326.5,10043.79
2022-04-21T20:00:00+00:00,326.6,326.7,311.2,315.6,15387.259
2022-04-22T00:00:00+00:00,315.6,334.8,314.2,325.4,17920.754
2022-04-22T04:00:00+00:00,325.5,328.1,320.0,324.1,8695.169
2022-04-22T08:00:00+00:00,324.1,327.3,319.8,324.6,9820.352
2022-04-22T12:00:00+00:00,324.6,325.1,317.9,319.0,13536.678
2022-04-22T16:00:00+00:00,319.0,321.4,317.6,318.2,6719.07
2022-04-22T20:00:00+00:00,318.2,321.8,317.3,321.1,2614.403
2022-04-23T00:00:00+00:00,321.0,324.2,317.6,318.0,4150.698
2022-04-23T04:00:00+00:00,318.3,319.3,315.3,318.1,2727.053
2022-04-23T08:00:00+00:00,318.1,318.8,316.9,317.7,2055.0
2022-04-23T12:00:00+00:00,317.8,318.9,315.9,318.1,3440.447
2022-04-23T16:00:00+00:00,318.1,319.8,314.5,315.9,3825.595
2022-04-23T20:00:00+00:00,315.9,317.0,311.2,312.5,3418.012
2022-04-24T00:00:00+00:00,312.5,314.2,311.2,313.5,4040.733
2022-04-24T04:00:00+00:00,313.5,314.6,312.6,314.3,1748.671
2022-04-24T08:00:00+00:00,314.2,314.4,311.3,312.2,2132.665
2022-04-24T12:00:00+00:00,312.2,315.0,310.1,312.6,4999.079
2022-04-24T16:00:00+00:00,312.6,313.1,308.0,311.7,6562.889
2022-04-24T20:00:00+00:00,311.8,312.0,307.1,307.7,2407.339
2022-04-25T00:00:00+00:00,307.6,308.9,300.2,308.0,10206.716
2022-04-25T04:00:00+00:00,308.0,308.2,302.0,302.3,12930.821
2022-04-25T08:00:00+00:00,302.1,305.8,299.8,305.4,8859.451
2022-04-25T12:00:00+00:00,305.5,310.6,303.0,307.8,9307.537
2022-04-25T16:00:00+00:00,307.8,314.0,307.4,313.5,7369.241
2022-04-25T20:00:00+00:00,313.5,315.9,312.2,314.5,4118.311
2022-04-26T00:00:00+00:00,314.6,316.9,312.7,312.9,5388.933
2022-04-26T04:00:00+00:00,312.9,316.0,311.3,315.5,4820.513
2022-04-26T08:00:00+00:00,315.6,321.8,315.4,320.6,14953.042
2022-04-26T12:00:00+00:00,320.6,320.9,303.6,303.6,14808.7
2022-04-26T16:00:00+00:00,303.6,305.9,296.1,298.8,12091.783
2022-04-26T20:00:00+00:00,298.8,300.2,291.3,296.0,13066.048
2022-04-27T00:00:00+00:00,296.1,303.7,293.6,302.0,8356.833
2022-04-27T04:00:00+00:00,302.1,307.9,301.1,307.9,4087.609
2022-04-27T08:00:00+00:00,307.8,308.2,301.8,304.2,13940.328
2022-04-27T12:00:00+00:00,304.3,308.3,300.9,306.7,12231.514
2022-04-27T16:00:00+00:00,306.6,309.4,302.7,303.8,6311.047
2022-04-27T20:00:00+00:00,304.0,308.3,303.8,307.2,2646.532
2022-04-28T00:00:00+00:00,307.2,309.8,303.3,303.6,4468.108
2022-04-28T04:00:00+00:00,303.6,308.4,303.6,306.8,10736.037
2022-04-28T08:00:00+00:00,306.7,312.4,306.6,309.6,5424.659
2022-04-28T12:00:00+00:00,309.7,312.5,303.7,307.1,10138.183
2022-04-28T16:00:00+00:00,307.0,311.9,304.5,308.6,9282.288
2022-04-28T20:00:00+00:00,308.6,310.1,305.6,306.5,3598.695
2022-04-29T00:00:00+00:00,306.4,307.5,302.3,305.2,12141.73
2022-04-29T04:00:00+00:00,305.2,309.0,303.6,307.5,7939.412
2022-04-29T08:00:00+00:00,307.6,308.7,296.9,298.2,11734.541
2022-04-29T12:00:00+00:00,298.1,303.5,295.9,301.7,11321.587
2022-04-29T16:00:00+00:00,301.7,302.4,290.8,291.8,9636.181
2022-04-29T20:00:00+00:00,291.8,295.7,291.6,294.6,4699.961
2022-04-30T00:00:00+00:00,294.8,296.5,292.6,294.5,4889.833
2022-04-30T04:00:00+00:00,294.5,298.3,293.6,296.0,4826.426
2022-04-30T08:00:00+00:00,296.0,296.5,292.9,293.2,3084.692
2022-04-30T12:00:00+00:00,293.2,294.2,287.1,289.3,6272.061
2022-04-30T16:00:00+00:00,289.2,290.5,285.2,287.5,6424.311
2022-04-30T20:00:00+00:00,287.4,287.9,267.3,277.7,25145.271
2022-05-01T00:00:00+00:00,277.8,279.5,272.7,278.9,11606.295
2022-05-01T04:00:00+00:00,278.9,282.4,276.1,276.8,5480.069
2022-05-01T08:00:00+00:00,276.9,280.3,276.5,277.1,3974.949
2022-05-01T12:00:00+00:00,277.1,284.3,276.0,283.1,5646.453
2022-05-01T16:00:00+00:00,283.2,287.8,279.0,280.0,8986.668
2022-05-01T20:00:00+00:00,280.1,285.9,279.2,284.0,7353.981
2022-05-02T00:00:00+00:00,284.0,290.0,283.9,285.2,10056.509
2022-05-02T04:00:00+00:00,285.3,289.3,284.5,285.9,13443.796
2022-05-02T08:00:00+00:00,286.0,286.7,279.6,280.7,6764.588
2022-05-02T12:00:00+00:00,280.8,287.6,279.8,284.8,12541.503
2022-05-02T16:00:00+00:00,284.9,286.5,280.1,283.8,7024.891
2022-05-02T20:00:00+00:00,283.8,287.1,282.1,285.0,3313.637
2022-05-03T00:00:00+00:00,285.1,287.6,283.2,286.5,3731.178
2022-05-03T04:00:00+00:00,286.6,288.7,285.3,288.3,5445.107
2022-05-03T08:00:00+00:00,288.4,289.6,285.7,289.2,4215.505
2022-05-03T12:00:00+00:00,289.2,289.7,283.8,283.9,7439.8
2022-05-03T16:00:00+00:00,283.9,284.5,276.3,277.9,12744.015
2022-05-03T20:00:00+00:00,277.9,281.7,276.3,279.4,6332.214
2022-05-04T00:00:00+00:00,279.5,284.8,278.4,283.0,5148.919
2022-05-04T04:00:00+00:00,283.1,287.2,281.8,286.8,4658.813
2022-05-04T08:00:00+00:00,286.8,290.7,286.8,289.7,10025.17
2022-05-04T12:00:00+00:00,289.7,290.4,284.9,285.9,7232.661
2022-05-04T16:00:00+00:00,285.9,299.3,284.9,298.3,19218.18
2022-05-04T20:00:00+00:00,298.2,300.3,296.0,300.0,8003.897
2022-05-05T00:00:00+00:00,299.8,302.6,299.7,301.6,5956.136
2022-05-05T04:00:00+00:00,301.6,301.9,297.6,298.8,4802.469
2022-05-05T08:00:00+00:00,298.8,300.5,296.2,296.7,9909.775
2022-05-05T12:00:00+00:00,296.7,299.0,275.2,278.3,30462.671
2022-05-05T16:00:00+00:00,278.2,280.0,272.3,276.6,24804.56
2022-05-05T20:00:00+00:00,276.5,277.9,273.7,277.3,6956.204
2022-05-06T00:00:00+00:00,277.3,277.6,273.1,276.6,10268.61
2022-05-06T04:00:00+00:00,276.5,277.9,271.1,273.4,8125.251
2022-05-06T08:00:00+00:00,273.3,275.1,267.5,270.4,9138.471
2022-05-06T12:00:00+00:00,270.4,277.4,265.5,273.7,22949.508
2022-05-06T16:00:00+00:00,273.7,275.7,271.2,274.5,9145.076
2022-05-06T20:00:00+00:00,274.6,276.5,272.4,274.9,3669.172
2022-05-07T00:00:00+00:00,274.9,275.5,271.4,271.9,4159.11
2022-05-07T04:00:00+00:00,271.9,274.2,269.1,273.7,5842.163
2022-05-07T08:00:00+00:00,273.6,277.0,273.6,276.0,5861.207
2022-05-07T12:00:00+00:00,276.0,277.4,273.9,276.9,5937.108
2022-05-07T16:00:00+00:00,276.8,277.5,274.6,274.8,3084.028
2022-05-07T20:00:00+00:00,274.7,274.7,263.5,268.0,12548.621
2022-05-08T00:00:00+00:00,268.1,269.3,261.6,265.2,12809.961
2022-05-08T04:00:00+00:00,265.1,269.2,264.3,266.0,6590.747
2022-05-08T08:00:00+00:00,266.0,269.8,265.4,268.1,4794.226
2022-05-08T12:00:00+00:00,268.1,268.6,262.0,262.7,9040.148
2022-05-08T16:00:00+00:00,262.7,267.0,260.0,266.1,14575.519
2022-05-08T20:00:00+00:00,266.1,266.6,260.7,261.7,7263.324
2022-05-09T00:00:00+00:00,261.8,266.5,255.1,258.3,11822.875
2022-05-09T04:00:00+00:00,258.4,260.3,253.0,253.4,9056.493
2022-05-09T08:00:00+00:00,253.4,255.9,242.5,248.1,21990.27943
2022-05-09T12:00:00+00:00,248.2,251.2,239.5,240.9,26122.0996
2022-05-09T16:00:00+00:00,240.9,241.3,220.1,230.3,67018.45864
2022-05-09T20:00:00+00:00,230.5,235.8,215.0,217.9,35739.37964
2022-05-10T00:00:00+00:00,217.7,227.1,210.6,221.8,54055.95
2022-05-10T04:00:00+00:00,221.9,244.4,221.5,237.3,39161.965
2022-05-10T08:00:00+00:00,237.3,240.6,232.9,238.2,26536.072
2022-05-10T12:00:00+00:00,238.2,243.3,227.8,233.7,29882.481
2022-05-10T16:00:00+00:00,233.7,238.4,230.0,231.0,18131.767
2022-05-10T20:00:00+00:00,231.0,232.9,221.4,231.5,18991.675
2022-05-11T00:00:00+00:00,231.6,233.9,226.9,230.2,14717.712
2022-05-11T04:00:00+00:00,230.0,233.7,216.5,221.4,38207.342
2022-05-11T08:00:00+00:00,221.4,250.0,220.0,223.8,71369.137
2022-05-11T12:00:00+00:00,223.9,232.6,195.0,213.3,121438.866
2022-05-11T16:00:00+00:00,213.4,215.3,194.8,195.6,42742.652
2022-05-11T20:00:00+00:00,195.8,199.5,183.6,194.9,57196.27283
2022-05-12T00:00:00+00:00,194.8,200.8,182.9,183.8,71073.168
2022-05-12T04:00:00+00:00,183.7,185.1,156.8,177.0,113551.82936
2022-05-12T08:00:00+00:00,177.1,188.1,169.5,186.2,55930.557
2022-05-12T12:00:00+00:00,186.2,219.1,186.0,215.9,66945.518
2022-05-12T16:00:00+00:00,215.8,227.2,196.4,196.6,71102.722
2022-05-12T20:00:00+00:00,196.7,204.9,189.4,194.2,30680.093
2022-05-13T00:00:00+00:00,194.3,222.2,191.7,219.1,82927.011
2022-05-13T04:00:00+00:00,219.2,221.3,205.2,205.4,79690.958
2022-05-13T08:00:00+00:00,205.5,218.1,205.5,216.3,79948.627
2022-05-13T12:00:00+00:00,216.4,219.1,205.6,209.3,26621.343
2022-05-13T16:00:00+00:00,209.4,213.2,203.0,206.0,25322.165
2022-05-13T20:00:00+00:00,206.0,209.7,200.3,202.4,26284.847
2022-05-14T00:00:00+00:00,202.3,206.1,199.8,204.0,23857.343
2022-05-14T04:00:00+00:00,203.9,203.9,197.4,198.3,14371.734
2022-05-14T08:00:00+00:00,198.3,203.5,192.8,195.9,19385.465
2022-05-14T12:00:00+00:00,196.0,196.4,186.8,188.5,16653.918
2022-05-14T16:00:00+00:00,188.4,209.4,186.7,209.2,26701.63
2022-05-14T20:00:00+00:00,209.3,237.1,205.5,208.8,97787.426
2022-05-15T00:00:00+00:00,208.9,215.0,203.6,206.0,38887.588
2022-05-15T04:00:00+00:00,206.1,214.7,205.3,208.5,23861.017
2022-05-15T08:00:00+00:00,208.6,210.8,205.6,209.6,21365.234
2022-05-15T12:00:00+00:00,209.5,211.9,202.5,205.1,21171.871
2022-05-15T16:00:00+00:00,205.1,209.3,204.1,209.2,11663.375
2022-05-15T20:00:00+00:00,209.2,216.1,208.3,214.9,21353.639
2022-05-16T00:00:00+00:00,214.9,214.9,203.1,204.5,24620.136
2022-05-16T04:00:00+00:00,204.5,205.4,196.5,199.4,30851.295
2022-05-16T08:00:00+00:00,199.5,204.4,197.0,200.7,17036.68
2022-05-16T12:00:00+00:00,200.6,204.2,196.1,200.0,23233.419
2022-05-16T16:00:00+00:00,200.0,203.6,197.4,200.2,15175.401
2022-05-16T20:00:00+00:00,200.1,201.9,196.2,197.6,11218.569
2022-05-17T00:00:00+00:00,197.7,208.2,194.8,206.7,18578.387
2022-05-17T04:00:00+00:00,206.7,208.5,203.5,203.6,11077.051
2022-05-17T08:00:00+00:00,203.5,208.8,203.3,205.6,12051.665
2022-05-17T12:00:00+00:00,205.5,208.9,200.9,204.2,28333.282
2022-05-17T16:00:00+00:00,204.2,215.6,197.2,211.6,145273.001
2022-05-17T20:00:00+00:00,211.6,211.9,204.0,206.9,29320.255
2022-05-18T00:00:00+00:00,206.8,209.2,201.2,201.8,12661.744
2022-05-18T04:00:00+00:00,201.8,204.3,201.5,204.2,7877.567
2022-05-18T08:00:00+00:00,204.2,204.6,199.8,200.6,9244.158
2022-05-18T12:00:00+00:00,200.7,201.0,189.6,190.6,20890.85
2022-05-18T16:00:00+00:00,190.6,196.4,189.2,195.5,15000.515
2022-05-18T20:00:00+00:00,195.6,195.6,186.2,186.9,14580.959
2022-05-19T00:00:00+00:00,187.0,190.9,180.8,188.1,30900.033
2022-05-19T04:00:00+00:00,188.1,191.5,186.8,189.2,12014.954
2022-05-19T08:00:00+00:00,189.2,192.2,185.8,191.7,16632.261
2022-05-19T12:00:00+00:00,191.7,198.9,190.0,196.2,21270.618
2022-05-19T16:00:00+00:00,196.3,198.6,193.0,193.0,14544.762
2022-05-19T20:00:00+00:00,192.9,197.3,192.2,196.5,6075.841
2022-05-20T00:00:00+00:00,196.6,200.6,195.1,196.1,16897.646
2022-05-20T04:00:00+00:00,196.1,197.4,191.3,193.9,20169.413
2022-05-20T08:00:00+00:00,193.9,200.1,193.5,199.5,13830.895
2022-05-20T12:00:00+00:00,199.5,199.5,187.4,188.2,24984.201
2022-05-20T16:00:00+00:00,188.2,191.7,186.1,191.3,14258.175
2022-05-20T20:00:00+00:00,191.4,194.6,190.0,190.1,12618.467
2022-05-21T00:00:00+00:00,190.0,192.7,186.6,192.5,14655.742
2022-05-21T04:00:00+00:00,192.6,194.2,190.5,193.0,9916.516
2022-05-21T08:00:00+00:00,192.8,193.9,190.0,191.2,6320.108
2022-05-21T12:00:00+00:00,191.1,195.6,190.2,195.0,8305.979
2022-05-21T16:00:00+00:00,195.0,195.8,190.4,192.4,7430.493
2022-05-21T20:00:00+00:00,192.4,193.5,189.9,192.4,4465.708
2022-05-22T00:00:00+00:00,192.3,194.6,191.5,192.9,6266.733
2022-05-22T04:00:00+00:00,192.8,194.9,190.3,194.7,7189.506
2022-05-22T08:00:00+00:00,194.6,200.0,193.9,198.0,12439.278
2022-05-22T12:00:00+00:00,198.1,202.4,196.2,198.7,14473.662
2022-05-22T16:00:00+00:00,198.8,199.0,195.3,196.8,8515.016
2022-05-22T20:00:00+00:00,196.7,200.7,195.7,197.9,9067.126
2022-05-23T00:00:00+00:00,197.9,200.0,195.6,197.4,9238.114
2022-05-23T04:00:00+00:00,197.4,201.7,196.6,199.9,19979.821
2022-05-23T08:00:00+00:00,199.9,208.2,197.6,205.2,25162.068
2022-05-23T12:00:00+00:00,205.2,205.6,198.8,202.8,23176.232
2022-05-23T16:00:00+00:00,202.9,203.8,192.6,192.9,21503.274
2022-05-23T20:00:00+00:00,192.9,196.5,189.0,192.0,17473.124
2022-05-24T00:00:00+00:00,191.9,193.4,190.1,193.0,11972.791
2022-05-24T04:00:00+00:00,192.9,194.1,191.1,192.5,7961.496
2022-05-24T08:00:00+00:00,192.4,193.5,187.3,192.3,14129.616
2022-05-24T12:00:00+00:00,192.3,194.8,183.2,192.9,25305.266
2022-05-24T16:00:00+00:00,192.8,194.8,189.2,194.4,12406.49
2022-05-24T20:00:00+00:00,194.4,197.5,193.6,195.6,7572.175
2022-05-25T00:00:00+00:00,195.6,201.4,192.9,197.6,23944.662
2022-05-25T04:00:00+00:00,197.6,197.7,192.3,193.5,14002.169
2022-05-25T08:00:00+00:00,193.4,195.0,189.5,191.2,18519.977
2022-05-25T12:00:00+00:00,191.1,194.2,190.0,191.2,26046.915
2022-05-25T16:00:00+00:00,191.2,193.6,189.3,191.0,14682.271
2022-05-25T20:00:00+00:00,191.0,193.3,189.9,190.2,5418.658
2022-05-26T00:00:00+00:00,190.2,192.8,189.1,190.9,6534.416
2022-05-26T04:00:00+00:00,190.8,192.2,185.5,188.3,16476.434
2022-05-26T08:00:00+00:00,188.3,188.5,177.1,179.9,27372.036
2022-05-26T12:00:00+00:00,179.7,185.8,172.4,184.2,29909.324
2022-05-26T16:00:00+00:00,184.3,189.0,182.4,182.4,12886.004
2022-05-26T20:00:00+00:00,182.4,185.3,179.3,179.4,9937.881
2022-05-27T00:00:00+00:00,179.3,185.0,173.4,182.5,24916.107
2022-05-27T04:00:00+00:00,182.4,184.5,175.0,180.6,22883.689
2022-05-27T08:00:00+00:00,180.6,182.0,177.5,179.1,20927.525
2022-05-27T12:00:00+00:00,179.0,182.1,174.0,174.9,31254.836
2022-05-27T16:00:00+00:00,174.8,178.1,171.6,176.1,29688.784
2022-05-27T20:00:00+00:00,176.1,177.6,172.4,174.8,12047.647
2022-05-28T00:00:00+00:00,174.9,177.6,173.0,175.5,13377.199
2022-05-28T04:00:00+00:00,175.5,178.3,174.7,176.5,9170.4
2022-05-28T08:00:00+00:00,176.5,177.8,175.5,176.5,6436.166
2022-05-28T12:00:00+00:00,176.4,179.6,175.9,178.7,8793.002
2022-05-28T16:00:00+00:00,178.7,179.3,176.8,179.1,6501.239
2022-05-28T20:00:00+00:00,179.0,180.6,177.6,178.7,3262.243
2022-05-29T00:00:00+00:00,178.7,179.9,175.5,177.6,10885.623
2022-05-29T04:00:00+00:00,177.5,180.3,176.6,179.4,4730.553
2022-05-29T08:00:00+00:00,179.5,181.0,178.1,180.1,5794.485
2022-05-29T12:00:00+00:00,180.1,184.7,179.9,180.6,15104.196
2022-05-29T16:00:00+00:00,180.7,184.1,180.7,183.0,7024.761
2022-05-29T20:00:00+00:00,182.9,186.4,182.6,185.2,11243.718
2022-05-30T00:00:00+00:00,185.2,191.1,184.5,187.0,23320.601
2022-05-30T04:00:00+00:00,187.0,190.4,185.9,189.5,16000.694
2022-05-30T08:00:00+00:00,189.6,190.8,187.5,188.7,9942.531
2022-05-30T12:00:00+00:00,188.6,189.9,186.0,188.2,13033.693
2022-05-30T16:00:00+00:00,188.3,191.0,187.9,189.5,7987.201
2022-05-30T20:00:00+00:00,189.4,199.6,188.9,196.9,22295.646
2022-05-31T00:00:00+00:00,197.0,201.7,194.2,197.9,25114.626
2022-05-31T04:00:00+00:00,197.9,201.3,196.4,198.7,39363.956
2022-05-31T08:00:00+00:00,198.8,201.9,197.6,199.6,21329.879
2022-05-31T12:00:00+00:00,199.6,199.7,191.6,197.7,22062.178
2022-05-31T16:00:00+00:00,197.6,199.3,195.1,197.5,21480.28
2022-05-31T20:00:00+00:00,197.4,207.4,196.7,204.6,22496.58
2022-06-01T00:00:00+00:00,204.7,211.3,199.2,200.9,29773.268
2022-06-01T04:00:00+00:00,200.9,201.5,197.5,199.1,14409.473
2022-06-01T08:00:00+00:00,199.1,201.7,198.5,200.1,20145.29
2022-06-01T12:00:00+00:00,200.2,207.0,193.0,193.3,41250.1
2022-06-01T16:00:00+00:00,193.3,196.3,188.7,190.3,22237.741
2022-06-01T20:00:00+00:00,190.2,190.4,184.1,186.0,14166.913
2022-06-02T00:00:00+00:00,185.9,188.3,183.1,184.0,15291.553
2022-06-02T04:00:00+00:00,184.0,186.3,182.8,185.3,9685.581
2022-06-02T08:00:00+00:00,185.2,188.2,182.4,187.5,10496.104
2022-06-02T12:00:00+00:00,187.6,188.0,182.8,187.4,13918.394
2022-06-02T16:00:00+00:00,187.4,188.7,185.1,186.5,7925.073
2022-06-02T20:00:00+00:00,186.5,189.8,186.4,189.0,5861.077
2022-06-03T00:00:00+00:00,188.9,191.8,186.8,190.2,9910.073
2022-06-03T04:00:00+00:00,190.2,190.4,188.2,188.8,5205.08
2022-06-03T08:00:00+00:00,188.8,189.4,181.1,182.6,12347.031
2022-06-03T12:00:00+00:00,182.4,184.1,180.2,182.6,17508.789
2022-06-03T16:00:00+00:00,182.6,183.4,181.2,182.1,4938.534
2022-06-03T20:00:00+00:00,182.1,185.2,181.6,183.1,3517.104
2022-06-04T00:00:00+00:00,183.0,183.3,180.0,181.5,8920.0
2022-06-04T04:00:00+00:00,181.5,185.0,181.3,184.5,4167.302
2022-06-04T08:00:00+00:00,184.5,186.5,183.7,184.9,5425.063
2022-06-04T12:00:00+00:00,184.9,187.7,183.0,187.5,6247.166
2022-06-04T16:00:00+00:00,187.6,189.4,186.1,188.2,6714.899
2022-06-04T20:00:00+00:00,188.2,189.9,187.2,188.8,3489.388
2022-06-05T00:00:00+00:00,188.7,190.0,185.4,187.9,6201.5
2022-06-05T04:00:00+00:00,187.9,188.9,186.9,187.9,2439.654
2022-06-05T08:00:00+00:00,187.9,188.5,186.3,187.6,3714.35
2022-06-05T12:00:00+00:00,187.6,189.0,186.0,188.9,5372.963
2022-06-05T16:00:00+00:00,188.9,190.3,177.9,182.5,86518.178
2022-06-05T20:00:00+00:00,182.6,183.3,179.5,179.9,9254.949
2022-06-06T00:00:00+00:00,179.9,187.3,179.0,187.2,15264.988
2022-06-06T04:00:00+00:00,187.3,188.4,183.7,187.3,16760.954
2022-06-06T08:00:00+00:00,187.3,189.2,186.4,186.9,15928.506
2022-06-06T12:00:00+00:00,186.9,188.9,183.8,186.2,18023.0
2022-06-06T16:00:00+00:00,186.1,186.2,181.9,183.5,14213.108
2022-06-06T20:00:00+00:00,183.5,186.1,182.4,185.6,8546.551
2022-06-07T00:00:00+00:00,185.5,186.7,173.1,176.4,21865.047
2022-06-07T04:00:00+00:00,176.3,177.0,174.8,176.1,6233.997
2022-06-07T08:00:00+00:00,176.1,178.8,174.2,175.1,9850.113
2022-06-07T12:00:00+00:00,175.1,179.2,174.6,177.6,9285.636
2022-06-07T16:00:00+00:00,177.7,182.9,176.2,181.0,9824.88
2022-06-07T20:00:00+00:00,181.0,188.1,178.6,182.1,29408.521
2022-06-08T00:00:00+00:00,182.0,183.0,176.2,177.2,13170.568
2022-06-08T04:00:00+00:00,177.2,179.9,176.3,179.4,9910.879
2022-06-08T08:00:00+00:00,179.4,181.1,178.4,180.4,5923.248
2022-06-08T12:00:00+00:00,180.4,182.9,178.2,181.3,10732.879
2022-06-08T16:00:00+00:00,181.4,181.7,174.9,176.4,12664.266
2022-06-08T20:00:00+00:00,176.5,178.8,176.4,176.8,6700.656
2022-06-09T00:00:00+00:00,176.8,178.0,175.4,176.9,5661.804
2022-06-09T04:00:00+00:00,176.9,179.0,176.3,178.9,3668.801
2022-06-09T08:00:00+00:00,178.9,180.7,177.7,178.3,7565.233
2022-06-09T12:00:00+00:00,178.2,178.8,176.0,177.5,8931.993
2022-06-09T16:00:00+00:00,177.5,178.8,174.0,174.2,7490.593
2022-06-09T20:00:00+00:00,174.1,176.1,172.4,175.6,8216.987
2022-06-10T00:00:00+00:00,175.6,177.1,171.0,174.8,11376.937
2022-06-10T04:00:00+00:00,174.9,176.1,174.3,174.3,4601.148
2022-06-10T08:00:00+00:00,174.3,177.6,172.9,174.6,11151.899
2022-06-10T12:00:00+00:00,174.5,175.7,166.1,171.0,33500.063
2022-06-10T16:00:00+00:00,170.9,172.0,166.0,168.2,19742.581
2022-06-10T20:00:00+00:00,168.2,170.1,167.1,167.4,5770.461
2022-06-11T00:00:00+00:00,167.5,169.6,166.8,169.0,7315.894
2022-06-11T04:00:00+00:00,168.9,169.8,167.7,169.0,4616.834
2022-06-11T08:00:00+00:00,169.0,169.2,161.3,162.3,17834.369
2022-06-11T12:00:00+00:00,162.3,163.3,154.7,158.1,28082.512
2022-06-11T16:00:00+00:00,158.0,162.4,155.1,158.9,16979.668
2022-06-11T20:00:00+00:00,158.8,161.5,155.6,156.7,12409.588
2022-06-12T00:00:00+00:00,156.8,158.4,149.7,151.3,32229.92366
2022-06-12T04:00:00+00:00,151.3,153.1,148.1,152.9,17898.207
2022-06-12T08:00:00+00:00,152.9,154.1,150.7,151.8,8981.863
2022-06-12T12:00:00+00:00,151.8,157.2,147.8,155.0,30470.989
2022-06-12T16:00:00+00:00,154.9,155.9,152.0,153.3,10784.995
2022-06-12T20:00:00+00:00,153.3,155.0,145.7,146.0,14762.32635
2022-06-13T00:00:00+00:00,146.1,149.1,137.1,141.4,44425.047
2022-06-13T04:00:00+00:00,141.3,146.1,134.8,136.4,45451.139
2022-06-13T08:00:00+00:00,136.6,137.7,127.1,130.7,79513.73375
2022-06-13T12:00:00+00:00,130.7,134.6,123.9,133.3,58573.87018
2022-06-13T16:00:00+00:00,133.4,137.1,130.1,131.5,34317.552
2022-06-13T20:00:00+00:00,131.5,136.3,124.2,127.1,27475.041
2022-06-14T00:00:00+00:00,127.0,131.7,117.7,130.6,70514.65053
2022-06-14T04:00:00+00:00,130.7,135.0,127.8,130.8,57013.238
2022-06-14T08:00:00+00:00,130.8,131.1,122.1,124.0,29096.787
2022-06-14T12:00:00+00:00,124.1,131.9,122.5,128.3,28278.67
2022-06-14T16:00:00+00:00,128.3,128.9,122.4,124.8,17709.112
2022-06-14T20:00:00+00:00,124.7,127.1,120.4,125.9,10617.098
2022-06-15T00:00:00+00:00,125.9,131.6,121.4,122.0,40326.864
2022-06-15T04:00:00+00:00,121.9,122.6,117.1,118.0,32258.118
2022-06-15T08:00:00+00:00,117.9,119.0,111.7,117.6,49369.282
2022-06-15T12:00:00+00:00,117.7,120.8,115.6,117.9,21715.581
2022-06-15T16:00:00+00:00,117.8,125.9,110.1,122.5,57994.18466
2022-06-15T20:00:00+00:00,122.5,128.5,122.0,127.9,17893.972
2022-06-16T00:00:00+00:00,128.0,130.9,125.7,125.8,22799.902
2022-06-16T04:00:00+00:00,125.8,127.2,118.3,119.2,60193.54
2022-06-16T08:00:00+00:00,119.2,119.5,110.8,112.3,79805.358
2022-06-16T12:00:00+00:00,112.3,114.9,108.2,112.2,92601.294
2022-06-16T16:00:00+00:00,112.1,115.0,110.0,111.1,40049.854
2022-06-16T20:00:00+00:00,111.1,113.3,107.2,109.4,24866.558
2022-06-17T00:00:00+00:00,109.4,114.8,107.9,111.8,39420.128
2022-06-17T04:00:00+00:00,111.9,117.7,111.6,114.7,32527.552
2022-06-17T08:00:00+00:00,114.8,116.1,106.6,110.5,162723.758
2022-06-17T12:00:00+00:00,110.4,117.2,108.4,116.8,85654.06
2022-06-17T16:00:00+00:00,116.7,120.6,115.5,119.0,69810.435
2022-06-17T20:00:00+00:00,118.9,122.1,117.1,121.5,36592.09
2022-06-18T00:00:00+00:00,121.6,125.4,117.0,118.2,33424.318
2022-06-18T04:00:00+00:00,118.2,120.9,111.7,113.9,47323.765
2022-06-18T08:00:00+00:00,113.9,120.0,111.3,115.5,62641.452
2022-06-18T12:00:00+00:00,115.5,123.3,115.3,119.4,44451.889
2022-06-18T16:00:00+00:00,119.4,121.3,111.9,112.0,54766.009
2022-06-18T20:00:00+00:00,112.2,122.2,109.0,115.5,44631.022
2022-06-19T00:00:00+00:00,115.4,118.9,113.0,114.2,19561.912
2022-06-19T04:00:00+00:00,114.1,115.6,111.1,114.3,18349.932
2022-06-19T08:00:00+00:00,114.3,123.9,113.7,120.2,32697.059
2022-06-19T12:00:00+00:00,120.2,121.6,116.5,119.4,29153.805
2022-06-19T16:00:00+00:00,119.3,122.0,117.5,120.6,25770.187
2022-06-19T20:00:00+00:00,120.6,122.3,117.9,120.6,66070.236
2022-06-20T00:00:00+00:00,120.5,121.4,116.1,119.4,38516.422
2022-06-20T04:00:00+00:00,119.4,120.6,117.7,119.0,12851.183
2022-06-20T08:00:00+00:00,118.9,124.6,118.7,124.3,21875.678
2022-06-20T12:00:00+00:00,124.3,124.4,119.6,121.5,22670.16
2022-06-20T16:00:00+00:00,121.5,122.9,118.6,121.9,28697.082
2022-06-20T20:00:00+00:00,121.9,122.6,116.5,118.7,24491.262
2022-06-21T00:00:00+00:00,118.7,119.9,116.7,118.8,19399.045
2022-06-21T04:00:00+00:00,118.8,121.5,117.8,118.7,40560.26
2022-06-21T08:00:00+00:00,118.7,122.1,116.5,116.9,135937.64
2022-06-21T12:00:00+00:00,116.9,120.6,113.8,119.8,79069.478
2022-06-21T16:00:00+00:00,119.8,123.2,118.3,118.9,38990.877
2022-06-21T20:00:00+00:00,118.8,120.8,117.6,119.6,16705.43
2022-06-22T00:00:00+00:00,119.6,119.6,114.3,114.7,28371.117
2022-06-22T04:00:00+00:00,114.6,117.6,112.5,113.0,24606.666
2022-06-22T08:00:00+00:00,113.0,116.3,112.5,115.5,20657.226
2022-06-22T12:00:00+00:00,115.5,118.0,113.7,114.5,21379.844
2022-06-22T16:00:00+00:00,114.5,115.9,112.9,114.5,17272.396
2022-06-22T20:00:00+00:00,114.4,115.2,112.5,112.8,10818.57
2022-06-23T00:00:00+00:00,112.8,116.4,111.5,114.5,14285.094
2022-06-23T04:00:00+00:00,114.5,117.1,114.5,115.6,14411.239
2022-06-23T08:00:00+00:00,115.6,117.3,115.4,116.3,12346.729
2022-06-23T12:00:00+00:00,116.3,118.5,114.0,114.9,19205.53
2022-06-23T16:00:00+00:00,114.8,116.8,114.1,116.6,11683.827
2022-06-23T20:00:00+00:00,116.6,118.0,115.4,116.4,17156.505
2022-06-24T00:00:00+00:00,116.4,120.3,115.8,117.9,31248.933
2022-06-24T04:00:00+00:00,117.9,119.4,116.4,118.3,23295.682
2022-06-24T08:00:00+00:00,118.3,120.9,117.2,119.8,30597.129
2022-06-24T12:00:00+00:00,119.8,121.2,115.2,116.2,41748.575
2022-06-24T16:00:00+00:00,116.2,117.5,114.5,117.3,27754.561
2022-06-24T20:00:00+00:00,117.3,118.4,113.5,114.3,61301.783
2022-06-25T00:00:00+00:00,114.3,114.7,111.8,112.1,73270.869
2022-06-25T04:00:00+00:00,112.2,116.3,111.0,116.0,76481.707
2022-06-25T08:00:00+00:00,116.0,116.2,113.8,114.2,38958.45
2022-06-25T12:00:00+00:00,114.3,114.3,111.2,112.0,43187.308
2022-06-25T16:00:00+00:00,112.0,115.1,111.7,114.5,18743.572
2022-06-25T20:00:00+00:00,114.5,115.8,113.3,115.5,17378.482
2022-06-26T00:00:00+00:00,115.6,118.7,114.6,117.6,44107.906
2022-06-26T04:00:00+00:00,117.6,118.5,116.2,117.5,37061.851
2022-06-26T08:00:00+00:00,117.5,119.0,116.5,118.6,27677.537
2022-06-26T12:00:00+00:00,118.6,119.5,115.1,116.2,38644.986
2022-06-26T16:00:00+00:00,116.2,118.1,114.0,115.2,34830.679
2022-06-26T20:00:00+00:00,115.1,117.2,112.4,112.9,30929.314
2022-06-27T00:00:00+00:00,112.9,115.7,112.6,114.9,21824.233
2022-06-27T04:00:00+00:00,114.9,116.2,114.0,115.9,17348.128
2022-06-27T08:00:00+00:00,115.9,117.2,115.0,115.1,16175.164
2022-06-27T12:00:00+00:00,115.1,115.5,110.1,112.0,47762.435
2022-06-27T16:00:00+00:00,112.0,112.7,110.2,111.5,25706.704
2022-06-27T20:00:00+00:00,111.6,112.9,111.0,111.5,11615.762
2022-06-28T00:00:00+00:00,111.5,112.4,107.2,109.1,31468.034
2022-06-28T04:00:00+00:00,109.2,111.7,108.6,111.0,33063.043
2022-06-28T08:00:00+00:00,111.0,112.9,110.6,111.3,34745.702
2022-06-28T12:00:00+00:00,111.2,112.9,107.7,108.0,37451.972
2022-06-28T16:00:00+00:00,108.0,110.3,104.3,105.6,32495.632
2022-06-28T20:00:00+00:00,105.5,106.9,102.2,103.3,29222.353
2022-06-29T00:00:00+00:00,103.2,105.6,101.5,104.5,25420.563
2022-06-29T04:00:00+00:00,104.5,105.0,101.3,103.1,21251.574
2022-06-29T08:00:00+00:00,103.0,105.6,102.4,104.8,26603.16
2022-06-29T12:00:00+00:00,104.8,108.1,103.5,105.8,36470.708
2022-06-29T16:00:00+00:00,105.8,107.3,103.8,106.8,16868.396
2022-06-29T20:00:00+00:00,106.8,107.7,103.4,104.6,14641.921
2022-06-30T00:00:00+00:00,104.7,104.9,102.1,104.4,16782.146
2022-06-30T04:00:00+00:00,104.4,104.9,100.0,101.1,38151.302
2022-06-30T08:00:00+00:00,101.2,101.2,98.0,99.3,28210.671
2022-06-30T12:00:00+00:00,99.4,101.0,97.2,99.7,29422.28
2022-06-30T16:00:00+00:00,99.7,100.7,99.1,100.1,13523.209
2022-06-30T20:00:00+00:00,100.1,103.5,98.0,103.2,18785.107
2022-07-01T00:00:00+00:00,103.2,106.6,101.1,101.2,25603.908
2022-07-01T04:00:00+00:00,101.3,102.6,99.8,101.6,17366.424
2022-07-01T08:00:00+00:00,101.5,102.4,98.2,99.3,20642.218
2022-07-01T12:00:00+00:00,99.4,101.6,99.0,100.5,14264.086
2022-07-01T16:00:00+00:00,100.5,102.2,100.3,101.9,11399.762
2022-07-01T20:00:00+00:00,102.0,103.2,100.9,101.5,15814.606
2022-07-02T00:00:00+00:00,101.5,102.5,100.6,101.0,17102.522
2022-07-02T04:00:00+00:00,101.0,102.5,100.8,101.1,6312.408
2022-07-02T08:00:00+00:00,101.2,103.6,100.7,103.2,10926.124
2022-07-02T12:00:00+00:00,103.2,104.5,102.0,102.8,9830.22
2022-07-02T16:00:00+00:00,102.8,106.5,102.6,106.3,11775.462
2022-07-02T20:00:00+00:00,106.3,107.2,105.0,106.6,8636.661
2022-07-03T00:00:00+00:00,106.6,108.2,103.9,104.8,11078.54
2022-07-03T04:00:00+00:00,104.8,105.5,102.6,103.6,14591.835
2022-07-03T08:00:00+00:00,103.6,103.7,102.0,102.8,6834.568
2022-07-03T12:00:00+00:00,102.8,103.5,101.8,102.5,7438.457
2022-07-03T16:00:00+00:00,102.4,104.9,102.2,104.6,10157.043
2022-07-03T20:00:00+00:00,104.6,106.7,104.6,105.7,14849.133
2022-07-04T00:00:00+00:00,105.7,106.3,103.0,103.2,11090.107
2022-07-04T04:00:00+00:00,103.2,103.8,102.6,103.0,13126.916
2022-07-04T08:00:00+00:00,103.0,106.0,102.6,105.9,12021.556
2022-07-04T12:00:00+00:00,105.8,108.0,104.4,106.6,18897.693
2022-07-04T16:00:00+00:00,106.6,108.5,106.2,106.5,14137.786
2022-07-04T20:00:00+00:00,106.5,108.6,106.0,108.1,9052.828
2022-07-05T00:00:00+00:00,108.2,108.8,105.8,107.2,11150.904
2022-07-05T04:00:00+00:00,107.1,108.5,106.4,107.3,13802.466
2022-07-05T08:00:00+00:00,107.2,107.3,103.2,103.4,18400.928
2022-07-05T12:00:00+00:00,103.3,103.4,101.7,102.8,22778.713
2022-07-05T16:00:00+00:00,102.7,106.2,102.5,105.4,15969.75
2022-07-05T20:00:00+00:00,105.3,107.1,104.0,104.1,19008.873
2022-07-06T00:00:00+00:00,104.0,105.5,102.8,104.3,15714.326
2022-07-06T04:00:00+00:00,104.4,105.2,103.7,104.1,11130.722
2022-07-06T08:00:00+00:00,104.2,104.9,103.7,104.4,8309.407
2022-07-06T12:00:00+00:00,104.3,107.0,103.8,104.8,31458.703
2022-07-06T16:00:00+00:00,104.8,106.1,104.8,105.2,16465.142
2022-07-06T20:00:00+00:00,105.2,107.3,104.8,105.9,15825.225
2022-07-07T00:00:00+00:00,106.0,106.6,105.4,106.1,14517.481
2022-07-07T04:00:00+00:00,106.2,106.2,105.0,105.6,7053.532
2022-07-07T08:00:00+00:00,105.5,107.1,105.5,107.0,8916.779
2022-07-07T12:00:00+00:00,106.9,110.7,106.7,109.0,29196.508
2022-07-07T16:00:00+00:00,109.0,110.8,108.3,110.6,14940.341
2022-07-07T20:00:00+00:00,110.7,112.5,110.0,111.5,18979.012
2022-07-08T00:00:00+00:00,111.5,113.7,110.2,112.4,17321.636
2022-07-08T04:00:00+00:00,112.3,112.7,109.7,109.9,12855.732
2022-07-08T08:00:00+00:00,109.9,110.5,108.2,109.4,13665.5
2022-07-08T12:00:00+00:00,109.3,110.0,106.8,109.8,27836.447
2022-07-08T16:00:00+00:00,109.7,110.8,108.4,110.2,13691.996
2022-07-08T20:00:00+00:00,110.2,110.8,108.1,108.6,8758.427
2022-07-09T00:00:00+00:00,108.6,110.0,108.5,109.3,8581.251
2022-07-09T04:00:00+00:00,109.3,110.8,109.1,110.8,8389.2
2022-07-09T08:00:00+00:00,110.7,112.2,109.8,110.0,14891.623
2022-07-09T12:00:00+00:00,110.0,110.5,109.4,110.1,7370.368
2022-07-09T16:00:00+00:00,110.1,113.1,110.1,111.5,16386.512
2022-07-09T20:00:00+00:00,111.4,112.2,110.8,111.3,5977.688
2022-07-10T00:00:00+00:00,111.4,111.6,108.3,109.1,11029.061
2022-07-10T04:00:00+00:00,109.1,110.1,108.8,109.8,4516.155
2022-07-10T08:00:00+00:00,109.9,110.3,108.9,109.5,6119.942
2022-07-10T12:00:00+00:00,109.5,109.7,105.7,106.2,11643.021
2022-07-10T16:00:00+00:00,106.1,107.7,105.3,107.7,10334.922
2022-07-10T20:00:00+00:00,107.7,108.6,106.5,106.8,10677.912
2022-07-11T00:00:00+00:00,106.8,107.3,104.4,105.4,12003.521
2022-07-11T04:00:00+00:00,105.3,105.3,103.4,104.3,9673.667
2022-07-11T08:00:00+00:00,104.2,105.2,103.8,104.0,6724.579
2022-07-11T12:00:00+00:00,104.0,105.2,102.8,103.8,9478.142
2022-07-11T16:00:00+00:00,103.9,104.7,102.7,103.1,12125.641
2022-07-11T20:00:00+00:00,103.2,103.4,98.6,99.1,19446.063
2022-07-12T00:00:00+00:00,99.1,101.2,98.0,100.2,16450.501
2022-07-12T04:00:00+00:00,100.2,100.6,98.5,100.1,9707.006
2022-07-12T08:00:00+00:00,100.1,100.3,98.7,99.8,16312.733
2022-07-12T12:00:00+00:00,99.7,100.8,99.5,100.2,10321.385
2022-07-12T16:00:00+00:00,100.1,100.7,98.0,98.3,12225.306
2022-07-12T20:00:00+00:00,98.3,98.8,96.7,97.2,13756.173
2022-07-13T00:00:00+00:00,97.3,99.3,96.3,98.4,10137.597
2022-07-13T04:00:00+00:00,98.4,101.2,98.3,100.4,10639.384
2022-07-13T08:00:00+00:00,100.4,101.0,100.1,100.5,15905.011
2022-07-13T12:00:00+00:00,100.5,101.6,95.2,98.0,40185.944
2022-07-13T16:00:00+00:00,98.0,100.5,97.5,99.2,14818.156
2022-07-13T20:00:00+00:00,99.1,102.7,98.9,102.5,9359.348
2022-07-14T00:00:00+00:00,102.6,103.4,100.9,101.6,14486.484
2022-07-14T04:00:00+00:00,101.6,102.3,100.4,100.8,7099.15
2022-07-14T08:00:00+00:00,100.8,101.0,99.2,99.6,15829.622
2022-07-14T12:00:00+00:00,99.6,102.5,99.1,102.3,17376.033
2022-07-14T16:00:00+00:00,102.3,104.1,101.6,103.0,15928.432
2022-07-14T20:00:00+00:00,103.1,103.8,102.2,103.0,8629.253
2022-07-15T00:00:00+00:00,103.0,104.0,101.9,103.7,11418.826
2022-07-15T04:00:00+00:00,103.7,104.0,102.4,103.1,16275.971
2022-07-15T08:00:00+00:00,103.0,105.6,102.7,104.5,19819.954
2022-07-15T12:00:00+00:00,104.5,105.7,104.1,104.2,17905.959
2022-07-15T16:00:00+00:00,104.1,106.4,103.6,106.3,15815.827
2022-07-15T20:00:00+00:00,106.3,107.0,105.4,106.2,11690.689
2022-07-16T00:00:00+00:00,106.2,106.5,104.3,104.9,8039.194
2022-07-16T04:00:00+00:00,104.8,105.3,103.8,104.2,6864.555
2022-07-16T08:00:00+00:00,104.2,105.7,104.0,105.1,5964.24
2022-07-16T12:00:00+00:00,105.0,107.0,104.9,107.0,9541.199
2022-07-16T16:00:00+00:00,106.9,110.6,106.7,108.6,40196.024
2022-07-16T20:00:00+00:00,108.7,110.7,107.8,109.5,17183.722
2022-07-17T00:00:00+00:00,109.5,110.3,107.8,109.2,18483.778
2022-07-17T04:00:00+00:00,109.3,113.1,109.1,111.2,40101.134
2022-07-17T08:00:00+00:00,111.2,112.1,109.6,110.4,27076.796
2022-07-17T12:00:00+00:00,110.4,111.0,108.6,110.0,15989.42
2022-07-17T16:00:00+00:00,110.0,116.3,109.1,113.2,38750.998
2022-07-17T20:00:00+00:00,113.2,115.0,110.0,110.3,20625.679
2022-07-18T00:00:00+00:00,110.3,115.0,110.0,114.0,20693.425
2022-07-18T04:00:00+00:00,114.0,118.4,113.5,117.6,31419.766
2022-07-18T08:00:00+00:00,117.6,119.5,116.8,117.2,24320.102
2022-07-18T12:00:00+00:00,117.2,119.5,115.6,118.9,28797.799
2022-07-18T16:00:00+00:00,118.9,119.3,113.9,114.8,25051.733
2022-07-18T20:00:00+00:00,115.0,122.1,114.8,121.4,27287.154
2022-07-19T00:00:00+00:00,121.3,124.2,117.0,117.3,47877.21
2022-07-19T04:00:00+00:00,117.2,119.4,115.9,118.3,35805.056
2022-07-19T08:00:00+00:00,118.4,122.7,117.9,121.6,27391.083
2022-07-19T12:00:00+00:00,121.7,126.9,121.2,125.6,62822.631
2022-07-19T16:00:00+00:00,125.5,129.3,125.3,128.1,48196.038
2022-07-19T20:00:00+00:00,128.1,129.6,127.7,128.3,32653.529
2022-07-20T00:00:00+00:00,128.3,129.5,125.0,127.3,38083.47
2022-07-20T04:00:00+00:00,127.2,130.0,126.5,126.6,23953.542
2022-07-20T08:00:00+00:00,126.6,129.4,124.4,127.3,23537.935
2022-07-20T12:00:00+00:00,127.3,131.3,126.4,129.5,27964.448
2022-07-20T16:00:00+00:00,129.4,129.7,125.4,126.0,20152.553
2022-07-20T20:00:00+00:00,126.0,126.7,119.8,121.7,33005.219
2022-07-21T00:00:00+00:00,121.8,124.3,117.5,119.0,30641.826
2022-07-21T04:00:00+00:00,119.1,122.8,117.9,121.0,23445.167
2022-07-21T08:00:00+00:00,121.0,121.8,119.3,120.1,27510.657
2022-07-21T12:00:00+00:00,120.2,123.0,119.9,122.0,26358.926
2022-07-21T16:00:00+00:00,122.1,124.0,120.6,122.8,26171.547
2022-07-21T20:00:00+00:00,122.7,123.8,121.4,123.1,10285.216
2022-07-22T00:00:00+00:00,123.1,129.1,122.4,126.3,32051.374
2022-07-22T04:00:00+00:00,126.3,126.9,124.1,125.6,34553.77
2022-07-22T08:00:00+00:00,125.7,128.7,125.4,127.1,17230.177
2022-07-22T12:00:00+00:00,127.1,129.5,125.7,126.0,33685.099
2022-07-22T16:00:00+00:00,126.0,128.5,121.3,121.5,43251.556
2022-07-22T20:00:00+00:00,121.5,124.5,119.7,123.3,26177.31
2022-07-23T00:00:00+00:00,123.2,124.4,122.1,123.8,9751.289
2022-07-23T04:00:00+00:00,123.7,127.1,123.5,125.6,13120.95
2022-07-23T08:00:00+00:00,125.6,127.0,120.3,120.5,31166.602
2022-07-23T12:00:00+00:00,120.5,122.6,119.9,121.8,16995.54
2022-07-23T16:00:00+00:00,121.8,122.3,118.1,120.2,27924.99
2022-07-23T20:00:00+00:00,120.2,123.8,120.1,122.4,17713.21
2022-07-24T00:00:00+00:00,122.3,125.8,122.3,123.9,32470.379
2022-07-24T04:00:00+00:00,123.9,128.5,123.6,127.1,32633.639
2022-07-24T08:00:00+00:00,127.2,127.9,125.3,126.6,15863.107
2022-07-24T12:00:00+00:00,126.5,132.5,124.9,131.0,34550.077
2022-07-24T16:00:00+00:00,131.0,132.7,129.6,129.8,20914.346
2022-07-24T20:00:00+00:00,129.7,135.0,129.7,131.9,27914.522
2022-07-25T00:00:00+00:00,131.9,133.1,125.1,126.9,39725.563
2022-07-25T04:00:00+00:00,126.8,128.4,124.9,126.0,26535.548
2022-07-25T08:00:00+00:00,126.0,126.9,125.0,125.2,10720.131
2022-07-25T12:00:00+00:00,125.3,126.0,123.1,123.9,21067.369
2022-07-25T16:00:00+00:00,123.9,124.5,120.4,122.2,31565.682
2022-07-25T20:00:00+00:00,122.1,124.2,117.5,118.0,37298.588
2022-07-26T00:00:00+00:00,118.1,118.7,114.6,116.3,39746.061
2022-07-26T04:00:00+00:00,116.2,117.5,115.2,115.2,22081.73
2022-07-26T08:00:00+00:00,115.3,116.5,114.6,116.1,18596.411
2022-07-26T12:00:00+00:00,116.1,116.9,113.6,115.3,16573.933
2022-07-26T16:00:00+00:00,115.3,116.7,114.2,115.6,12168.121
2022-07-26T20:00:00+00:00,115.6,119.1,115.2,118.9,17226.226
2022-07-27T00:00:00+00:00,118.8,119.3,116.1,116.7,15386.852
2022-07-27T04:00:00+00:00,116.8,119.6,116.7,118.8,21551.841
2022-07-27T08:00:00+00:00,118.8,119.4,116.8,116.9,16269.467
2022-07-27T12:00:00+00:00,116.9,119.4,116.7,118.4,13886.428
2022-07-27T16:00:00+00:00,118.5,125.5,117.1,125.4,46719.738
2022-07-27T20:00:00+00:00,125.5,127.5,124.5,127.4,23144.611
2022-07-28T00:00:00+00:00,127.4,137.8,127.1,135.8,68992.243
2022-07-28T04:00:00+00:00,135.8,143.4,135.8,142.4,84236.525
2022-07-28T08:00:00+00:00,142.3,148.4,141.8,144.2,98718.127
2022-07-28T12:00:00+00:00,144.3,152.9,139.3,150.9,92671.88
2022-07-28T16:00:00+00:00,151.0,159.7,150.5,153.7,80810.624
2022-07-28T20:00:00+00:00,153.8,157.3,151.6,155.8,36401.325
2022-07-29T00:00:00+00:00,155.8,159.4,148.5,151.5,88872.386
2022-07-29T04:00:00+00:00,151.6,155.1,148.6,152.9,91310.206
2022-07-29T08:00:00+00:00,152.7,165.5,149.9,152.0,111620.375
2022-07-29T12:00:00+00:00,152.1,155.7,147.3,153.1,68049.297
2022-07-29T16:00:00+00:00,153.1,153.6,148.0,151.6,24836.681
2022-07-29T20:00:00+00:00,151.5,156.0,149.8,151.9,19268.661
2022-07-30T00:00:00+00:00,151.9,154.6,146.0,146.9,40205.744
2022-07-30T04:00:00+00:00,146.9,147.3,144.2,147.1,31651.584
2022-07-30T08:00:00+00:00,147.1,148.5,144.3,146.7,22615.726
2022-07-30T12:00:00+00:00,146.8,152.6,146.6,150.2,37729.044
2022-07-30T16:00:00+00:00,150.1,152.4,146.5,147.2,24338.291
2022-07-30T20:00:00+00:00,147.2,149.0,143.2,145.5,14621.751
2022-07-31T00:00:00+00:00,145.5,147.6,144.1,147.2,15559.937
2022-07-31T04:00:00+00:00,147.3,150.4,146.9,147.6,17875.685
2022-07-31T08:00:00+00:00,147.6,148.4,145.6,147.4,12085.45
2022-07-31T12:00:00+00:00,147.3,147.6,144.4,147.3,18151.982
2022-07-31T16:00:00+00:00,147.4,149.3,142.2,145.9,27373.647
2022-07-31T20:00:00+00:00,145.8,146.4,138.6,139.3,23316.952
2022-08-01T00:00:00+00:00,139.3,142.2,138.3,141.0,16378.362
2022-08-01T04:00:00+00:00,141.0,142.1,138.4,140.4,20386.275
2022-08-01T08:00:00+00:00,140.3,140.8,136.2,138.3,17691.102
2022-08-01T12:00:00+00:00,138.3,140.2,135.6,138.9,19955.992
2022-08-01T16:00:00+00:00,138.8,138.9,134.0,135.8,21598.945
2022-08-01T20:00:00+00:00,135.9,138.7,135.6,137.9,9334.327
2022-08-02T00:00:00+00:00,137.8,139.0,130.3,130.7,29193.044
2022-08-02T04:00:00+00:00,130.7,132.3,128.7,131.3,27594.053
2022-08-02T08:00:00+00:00,131.2,134.9,129.0,133.5,24297.395
2022-08-02T12:00:00+00:00,133.5,135.7,130.5,134.9,22530.709
2022-08-02T16:00:00+00:00,134.8,137.6,132.5,134.0,16620.832
2022-08-02T20:00:00+00:00,134.1,135.7,133.3,133.7,9431.938
2022-08-03T00:00:00+00:00,133.7,134.1,130.3,133.1,16521.558
2022-08-03T04:00:00+00:00,133.1,135.4,132.5,134.3,18084.759
2022-08-03T08:00:00+00:00,134.4,138.1,134.4,137.6,22283.964
2022-08-03T12:00:00+00:00,137.6,139.5,136.5,138.6,15049.254
2022-08-03T16:00:00+00:00,138.5,143.0,137.5,140.4,14939.801
2022-08-03T20:00:00+00:00,140.4,141.4,133.0,133.9,14544.958
2022-08-04T00:00:00+00:00,133.8,138.5,133.3,136.9,13072.969
2022-08-04T04:00:00+00:00,137.0,138.3,135.1,135.5,8261.838
2022-08-04T08:00:00+00:00,135.5,137.4,134.4,135.9,10155.306
2022-08-04T12:00:00+00:00,135.8,138.5,134.5,136.5,14651.838
2022-08-04T16:00:00+00:00,136.6,137.4,132.4,133.6,15893.078
2022-08-04T20:00:00+00:00,133.6,135.0,133.0,134.3,5732.581
2022-08-05T00:00:00+00:00,134.3,138.5,133.9,138.0,11101.854
2022-08-05T04:00:00+00:00,138.0,139.3,136.9,137.4,27933.161
2022-08-05T08:00:00+00:00,137.5,139.8,137.0,139.7,14617.101
2022-08-05T12:00:00+00:00,139.8,140.5,136.5,137.3,27074.481
2022-08-05T16:00:00+00:00,137.3,137.7,135.6,136.7,15851.368
2022-08-05T20:00:00+00:00,136.5,142.2,136.3,142.0,14147.599
2022-08-06T00:00:00+00:00,141.9,142.5,139.0,139.5,22316.932
2022-08-06T04:00:00+00:00,139.4,141.9,139.4,140.2,17227.476
2022-08-06T08:00:00+00:00,140.2,141.6,139.5,140.4,10940.26
2022-08-06T12:00:00+00:00,140.3,142.5,140.3,141.1,9173.212
2022-08-06T16:00:00+00:00,141.1,143.5,139.1,142.1,16436.816
2022-08-06T20:00:00+00:00,142.0,143.3,140.4,141.3,8529.173
2022-08-07T00:00:00+00:00,141.3,142.2,137.9,140.5,15924.619
2022-08-07T04:00:00+00:00,140.5,141.3,139.8,140.5,11718.807
2022-08-07T08:00:00+00:00,140.6,141.3,139.3,141.2,8795.314
2022-08-07T12:00:00+00:00,141.2,141.8,140.4,141.5,8995.204
2022-08-07T16:00:00+00:00,141.6,143.3,141.4,142.1,7392.606
2022-08-07T20:00:00+00:00,142.2,143.9,140.9,141.0,9613.545
2022-08-08T00:00:00+00:00,141.0,142.2,140.2,141.7,9903.703
2022-08-08T04:00:00+00:00,141.6,144.5,141.4,144.1,11608.669
2022-08-08T08:00:00+00:00,144.1,148.1,144.1,146.7,26452.614
2022-08-08T12:00:00+00:00,146.8,147.8,143.6,144.1,26518.627
2022-08-08T16:00:00+00:00,144.0,145.1,143.1,144.6,13858.905
2022-08-08T20:00:00+00:00,144.7,145.7,141.5,143.6,8563.634
2022-08-09T00:00:00+00:00,143.6,144.5,142.5,144.2,13209.901
2022-08-09T04:00:00+00:00,144.1,144.4,142.6,143.5,9298.606
2022-08-09T08:00:00+00:00,143.5,143.6,135.4,136.2,28492.91
2022-08-09T12:00:00+00:00,136.2,137.2,133.3,135.4,31793.684
2022-08-09T16:00:00+00:00,135.3,135.7,133.4,133.8,17261.005
2022-08-09T20:00:00+00:00,133.7,135.6,133.6,134.7,14236.043
2022-08-10T00:00:00+00:00,134.8,134.8,131.4,132.1,21466.814
2022-08-10T04:00:00+00:00,132.0,133.9,132.0,133.7,8832.548
2022-08-10T08:00:00+00:00,133.6,134.7,133.1,134.4,11408.273
2022-08-10T12:00:00+00:00,134.3,143.8,133.7,142.4,45448.653
2022-08-10T16:00:00+00:00,142.5,143.6,139.3,140.5,13272.45
2022-08-10T20:00:00+00:00,140.5,143.3,140.5,142.2,7548.637
2022-08-11T00:00:00+00:00,142.1,144.8,141.7,143.5,23242.383
2022-08-11T04:00:00+00:00,143.5,144.7,142.0,143.0,34794.073
2022-08-11T08:00:00+00:00,143.0,144.0,142.5,143.6,22465.745
2022-08-11T12:00:00+00:00,143.6,148.8,143.5,143.9,45638.691
2022-08-11T16:00:00+00:00,143.9,145.5,143.2,144.3,12015.411
2022-08-11T20:00:00+00:00,144.4,144.7,142.1,142.9,7270.771
2022-08-12T00:00:00+00:00,142.9,143.4,141.0,142.0,10215.96
2022-08-12T04:00:00+00:00,142.0,143.1,141.4,141.9,7106.77
2022-08-12T08:00:00+00:00,141.8,143.2,138.4,138.8,16489.539
2022-08-12T12:00:00+00:00,138.8,140.9,138.8,140.5,12038.879
2022-08-12T16:00:00+00:00,140.5,143.1,140.2,142.4,11334.254
2022-08-12T20:00:00+00:00,142.4,143.4,141.6,143.2,9269.619
2022-08-13T00:00:00+00:00,143.2,145.2,142.8,145.1,12056.897
2022-08-13T04:00:00+00:00,145.1,147.1,144.1,145.4,14745.377
2022-08-13T08:00:00+00:00,145.5,146.1,144.1,145.2,12370.311
2022-08-13T12:00:00+00:00,145.3,145.3,142.9,145.1,7405.994
2022-08-13T16:00:00+00:00,145.1,145.2,142.4,143.2,9315.141
2022-08-13T20:00:00+00:00,143.1,145.1,142.9,144.2,7470.815
2022-08-14T00:00:00+00:00,144.2,144.7,141.8,143.8,11604.151
2022-08-14T04:00:00+00:00,143.9,147.7,143.7,146.7,14494.56
2022-08-14T08:00:00+00:00,146.6,146.8,145.0,145.2,10063.724
2022-08-14T12:00:00+00:00,145.2,145.2,141.1,144.1,14353.846
2022-08-14T16:00:00+00:00,144.0,144.4,138.1,139.7,18640.697
2022-08-14T20:00:00+00:00,139.7,140.3,138.3,139.5,9906.41
2022-08-15T00:00:00+00:00,139.5,143.4,138.1,141.4,14040.378
2022-08-15T04:00:00+00:00,141.3,141.4,134.1,134.9,29168.682
2022-08-15T08:00:00+00:00,134.9,135.8,133.8,134.6,15971.271
2022-08-15T12:00:00+00:00,134.5,137.6,133.8,137.5,19710.745
2022-08-15T16:00:00+00:00,137.5,137.7,136.4,137.1,7621.011
2022-08-15T20:00:00+00:00,137.0,138.1,134.7,137.2,7203.166
2022-08-16T00:00:00+00:00,137.2,138.4,134.7,137.1,10898.333
2022-08-16T04:00:00+00:00,137.1,137.4,134.9,136.6,8832.335
2022-08-16T08:00:00+00:00,136.5,138.5,136.2,137.6,9115.683
2022-08-16T12:00:00+00:00,137.7,138.0,135.2,137.1,9376.774
2022-08-16T16:00:00+00:00,137.1,137.6,134.5,137.0,7616.463
2022-08-16T20:00:00+00:00,136.9,137.4,135.6,136.4,4508.392
2022-08-17T00:00:00+00:00,136.4,144.9,136.1,144.3,33609.835
2022-08-17T04:00:00+00:00,144.3,144.7,138.4,138.4,29568.976
2022-08-17T08:00:00+00:00,138.5,140.1,137.2,138.6,17777.228
2022-08-17T12:00:00+00:00,138.6,138.8,132.4,134.0,25667.721
2022-08-17T16:00:00+00:00,134.0,136.0,133.5,134.6,12470.124
2022-08-17T20:00:00+00:00,134.7,135.3,133.1,133.8,8175.933
2022-08-18T00:00:00+00:00,133.8,134.8,132.4,133.7,8254.472
2022-08-18T04:00:00+00:00,133.8,134.0,132.2,133.4,10999.706
2022-08-18T08:00:00+00:00,133.3,135.0,132.8,134.9,16912.118
2022-08-18T12:00:00+00:00,134.9,136.4,134.0,136.0,27632.586
2022-08-18T16:00:00+00:00,136.0,136.1,131.8,132.8,19173.133
2022-08-18T20:00:00+00:00,132.8,133.8,127.2,129.1,17754.98
2022-08-19T00:00:00+00:00,129.0,129.1,124.4,126.8,33804.908
2022-08-19T04:00:00+00:00,126.8,127.8,117.4,121.0,49780.925
2022-08-19T08:00:00+00:00,121.1,121.2,118.0,119.6,23496.159
2022-08-19T12:00:00+00:00,119.6,120.4,118.3,119.5,21999.785
2022-08-19T16:00:00+00:00,119.4,120.9,115.8,118.1,27361.42
2022-08-19T20:00:00+00:00,118.1,118.5,113.4,114.4,20314.135
2022-08-20T00:00:00+00:00,114.5,116.9,114.4,116.1,15223.734
2022-08-20T04:00:00+00:00,116.0,118.3,115.7,117.7,12898.71
2022-08-20T08:00:00+00:00,117.6,117.7,116.5,116.9,9028.296
2022-08-20T12:00:00+00:00,116.9,117.2,115.8,116.8,6183.066
2022-08-20T16:00:00+00:00,116.7,116.9,112.2,112.7,17215.549
2022-08-20T20:00:00+00:00,112.8,115.3,111.3,114.6,19592.88
2022-08-21T00:00:00+00:00,114.7,116.1,114.5,115.1,11010.517
2022-08-21T04:00:00+00:00,115.0,116.5,114.2,116.3,17524.199
2022-08-21T08:00:00+00:00,116.3,119.0,116.3,118.9,12761.155
2022-08-21T12:00:00+00:00,118.9,119.4,117.4,117.8,10889.358
2022-08-21T16:00:00+00:00,117.9,119.0,117.3,118.8,10432.586
2022-08-21T20:00:00+00:00,118.8,120.6,117.2,119.7,14160.256
2022-08-22T00:00:00+00:00,119.8,122.1,118.3,118.8,12152.742
2022-08-22T04:00:00+00:00,118.8,119.8,115.8,115.9,12144.909
2022-08-22T08:00:00+00:00,115.9,118.8,113.3,116.8,21253.482
2022-08-22T12:00:00+00:00,116.9,123.5,116.1,122.4,30777.001
2022-08-22T16:00:00+00:00,122.4,122.9,118.8,119.8,14007.619
2022-08-22T20:00:00+00:00,119.8,123.1,119.7,122.7,12129.966
2022-08-23T00:00:00+00:00,122.7,124.9,122.5,122.5,11977.771
2022-08-23T04:00:00+00:00,122.6,124.8,119.9,124.8,18718.644
2022-08-23T08:00:00+00:00,124.8,133.4,124.8,131.4,54654.505
2022-08-23T12:00:00+00:00,131.4,133.6,130.2,131.8,28029.314
2022-08-23T16:00:00+00:00,131.8,135.5,131.6,134.4,29664.318
2022-08-23T20:00:00+00:00,134.5,135.8,132.6,133.3,18792.198
2022-08-24T00:00:00+00:00,133.4,135.1,131.2,132.0,22666.305
2022-08-24T04:00:00+00:00,132.0,139.3,131.3,134.6,40221.552
2022-08-24T08:00:00+00:00,134.7,135.4,132.5,133.2,16246.318
2022-08-24T12:00:00+00:00,133.2,134.3,131.7,133.0,17824.375
2022-08-24T16:00:00+00:00,132.9,134.5,132.9,133.4,15394.284
2022-08-24T20:00:00+00:00,133.5,133.8,130.3,130.4,10644.066
2022-08-25T00:00:00+00:00,130.4,132.0,129.5,130.1,10481.783
2022-08-25T04:00:00+00:00,130.0,132.1,128.9,132.0,19881.957
2022-08-25T08:00:00+00:00,131.9,132.8,129.5,130.7,10202.432
2022-08-25T12:00:00+00:00,130.6,131.8,128.5,129.6,17549.019
2022-08-25T16:00:00+00:00,129.7,131.3,129.3,130.9,7863.262
2022-08-25T20:00:00+00:00,131.0,131.4,129.8,130.6,6319.742
2022-08-26T00:00:00+00:00,130.6,130.6,128.7,130.1,6991.171
2022-08-26T04:00:00+00:00,130.0,130.4,125.6,126.4,13798.838
2022-08-26T08:00:00+00:00,126.3,127.2,124.8,125.5,20165.108
2022-08-26T12:00:00+00:00,125.5,128.9,120.7,121.6,41586.231
2022-08-26T16:00:00+00:00,121.7,122.1,117.9,119.5,21336.312
2022-08-26T20:00:00+00:00,119.4,120.1,114.8,116.0,22801.758
2022-08-27T00:00:00+00:00,116.1,118.5,115.6,117.4,26457.71
2022-08-27T04:00:00+00:00,117.4,117.7,115.2,117.6,27814.608
2022-08-27T08:00:00+00:00,117.6,117.6,116.5,116.8,15060.868
2022-08-27T12:00:00+00:00,116.9,117.0,113.1,114.6,38518.629
2022-08-27T16:00:00+00:00,114.7,115.6,113.3,115.2,27360.394
2022-08-27T20:00:00+00:00,115.2,116.0,114.0,115.2,8887.905
2022-08-28T00:00:00+00:00,115.2,116.3,114.6,115.4,7342.691
2022-08-28T04:00:00+00:00,115.4,116.1,114.5,115.7,6429.475
2022-08-28T08:00:00+00:00,115.8,121.3,115.5,118.0,29051.498
2022-08-28T12:00:00+00:00,117.9,118.0,115.7,117.9,12854.113
2022-08-28T16:00:00+00:00,117.9,118.4,117.0,117.9,6986.615
2022-08-28T20:00:00+00:00,117.8,118.6,111.7,112.6,21247.508
2022-08-29T00:00:00+00:00,112.6,123.5,110.8,116.2,36293.625
2022-08-29T04:00:00+00:00,116.3,116.6,114.5,115.5,26727.094
2022-08-29T08:00:00+00:00,115.5,115.7,114.4,115.3,11104.71
2022-08-29T12:00:00+00:00,115.4,119.6,115.4,118.8,18943.399
2022-08-29T16:00:00+00:00,118.9,119.5,117.6,118.0,9047.635
2022-08-29T20:00:00+00:00,118.1,120.0,117.7,119.5,8213.022
2022-08-30T00:00:00+00:00,119.4,119.5,117.4,119.1,17868.17
2022-08-30T04:00:00+00:00,119.1,120.8,118.7,119.4,9443.767
2022-08-30T08:00:00+00:00,119.4,120.0,118.2,119.0,7650.757
2022-08-30T12:00:00+00:00,118.9,119.3,113.1,114.0,31454.345
2022-08-30T16:00:00+00:00,113.9,116.3,111.7,114.7,21145.692
2022-08-30T20:00:00+00:00,114.7,115.5,114.1,114.6,8864.767
2022-08-31T00:00:00+00:00,114.6,118.0,114.6,117.2,12178.254
2022-08-31T04:00:00+00:00,117.2,118.0,116.1,116.6,7533.643
2022-08-31T08:00:00+00:00,116.6,117.5,115.7,116.7,6420.527
2022-08-31T12:00:00+00:00,116.7,117.7,114.2,116.3,11555.283
2022-08-31T16:00:00+00:00,116.4,117.0,114.8,116.2,8151.513
2022-08-31T20:00:00+00:00,116.1,117.0,114.5,115.2,4408.566
2022-09-01T00:00:00+00:00,115.0,117.1,113.4,114.6,11617.023
2022-09-01T04:00:00+00:00,114.6,115.5,113.1,113.7,7433.728
2022-09-01T08:00:00+00:00,113.7,116.6,113.4,116.3,16144.244
2022-09-01T12:00:00+00:00,116.3,116.4,112.9,113.8,11508.202
2022-09-01T16:00:00+00:00,113.8,116.2,113.5,115.9,11533.368
2022-09-01T20:00:00+00:00,115.9,117.2,115.7,116.7,7476.346
2022-09-02T00:00:00+00:00,116.7,117.6,115.6,117.3,8068.547
2022-09-02T04:00:00+00:00,117.4,117.9,116.2,116.4,11774.724
2022-09-02T08:00:00+00:00,116.4,117.1,115.8,116.6,4714.917
2022-09-02T12:00:00+00:00,116.7,119.8,116.4,119.4,28095.521
2022-09-02T16:00:00+00:00,119.4,120.5,114.6,115.6,45799.985
2022-09-02T20:00:00+00:00,115.6,116.6,115.2,116.3,8565.021
2022-09-03T00:00:00+00:00,116.4,117.5,115.8,116.5,8195.737
2022-09-03T04:00:00+00:00,116.6,118.5,115.8,116.7,26853.819
2022-09-03T08:00:00+00:00,116.7,117.9,116.7,117.6,5786.07
2022-09-03T12:00:00+00:00,117.6,118.3,117.1,117.5,5988.442
2022-09-03T16:00:00+00:00,117.5,119.7,116.8,117.4,21303.399
2022-09-03T20:00:00+00:00,117.3,118.0,116.8,117.8,14611.643
2022-09-04T00:00:00+00:00,117.8,118.2,117.4,117.7,7951.136
2022-09-04T04:00:00+00:00,117.8,117.9,116.2,116.4,7514.562
2022-09-04T08:00:00+00:00,116.3,117.2,115.8,117.1,9347.597
2022-09-04T12:00:00+00:00,117.1,118.2,116.2,116.9,20324.625
2022-09-04T16:00:00+00:00,116.9,117.9,116.6,117.6,14579.238
2022-09-04T20:00:00+00:00,117.6,118.4,117.1,118.3,6479.096
2022-09-05T00:00:00+00:00,118.4,119.6,117.9,118.3,9538.959
2022-09-05T04:00:00+00:00,118.4,119.3,117.0,117.3,8475.662
2022-09-05T08:00:00+00:00,117.2,118.4,117.1,117.8,16208.344
2022-09-05T12:00:00+00:00,117.8,124.9,117.6,123.2,38107.713
2022-09-05T16:00:00+00:00,123.2,124.2,122.1,123.2,11827.104
2022-09-05T20:00:00+00:00,123.2,126.4,123.1,125.7,19136.498
2022-09-06T00:00:00+00:00,125.7,128.0,123.1,125.5,20703.837
2022-09-06T04:00:00+00:00,125.5,126.6,125.3,126.1,9867.477
2022-09-06T08:00:00+00:00,126.1,126.3,123.6,125.1,9381.519
2022-09-06T12:00:00+00:00,125.1,126.1,123.1,124.9,21873.62
2022-09-06T16:00:00+00:00,125.0,125.5,113.0,113.6,61170.44
2022-09-06T20:00:00+00:00,113.7,113.7,111.7,112.2,23004.785
2022-09-07T00:00:00+00:00,112.2,113.3,110.3,112.1,22478.871
2022-09-07T04:00:00+00:00,112.1,112.6,111.3,112.5,24891.9
2022-09-07T08:00:00+00:00,112.4,113.2,111.7,112.4,11142.844
2022-09-07T12:00:00+00:00,112.4,114.5,111.9,113.5,15230.706
2022-09-07T16:00:00+00:00,113.4,116.0,113.2,115.5,15508.946
2022-09-07T20:00:00+00:00,115.4,119.5,115.3,118.7,21431.576
2022-09-08T00:00:00+00:00,118.8,119.2,117.4,117.7,9843.081
2022-09-08T04:00:00+00:00,117.7,118.5,115.9,117.1,19669.859
2022-09-08T08:00:00+00:00,117.0,125.7,116.8,125.4,32243.324
2022-09-08T12:00:00+00:00,125.5,130.5,124.6,127.5,83138.125
2022-09-08T16:00:00+00:00,127.5,130.1,124.3,128.7,49140.978
2022-09-08T20:00:00+00:00,128.7,129.0,126.5,126.5,18817.631
2022-09-09T00:00:00+00:00,126.6,140.2,126.0,129.4,37877.297
2022-09-09T04:00:00+00:00,129.4,131.5,128.5,129.1,45503.337
2022-09-09T08:00:00+00:00,129.0,137.1,128.4,134.8,87712.904
2022-09-09T12:00:00+00:00,134.8,138.8,133.4,134.2,54632.843
2022-09-09T16:00:00+00:00,134.2,135.6,131.0,131.4,21546.981
2022-09-09T20:00:00+00:00,131.4,135.2,130.9,132.7,22023.661
2022-09-10T00:00:00+00:00,132.7,134.8,131.1,133.6,25453.788
2022-09-10T04:00:00+00:00,133.5,135.0,131.0,131.5,13781.176
2022-09-10T08:00:00+00:00,131.4,134.2,131.4,133.5,25213.617
2022-09-10T12:00:00+00:00,133.5,134.7,131.5,133.0,22804.368
2022-09-10T16:00:00+00:00,133.0,133.4,130.4,131.8,16287.809
2022-09-10T20:00:00+00:00,131.9,133.8,131.2,132.6,16059.913
2022-09-11T00:00:00+00:00,132.6,133.2,130.6,131.2,21624.305
2022-09-11T04:00:00+00:00,131.2,131.5,128.0,130.2,11984.759
2022-09-11T08:00:00+00:00,130.2,131.2,129.5,130.7,8825.826
2022-09-11T12:00:00+00:00,130.8,131.2,129.8,130.7,9421.087
2022-09-11T16:00:00+00:00,130.8,133.4,130.8,131.7,31930.079
2022-09-11T20:00:00+00:00,131.7,131.9,127.4,130.3,12514.391
2022-09-12T00:00:00+00:00,130.3,132.0,127.5,128.5,27297.717
2022-09-12T04:00:00+00:00,128.5,130.3,127.6,130.0,23410.866
2022-09-12T08:00:00+00:00,130.0,132.9,129.6,132.3,20589.127
2022-09-12T12:00:00+00:00,132.2,132.9,127.4,128.0,23500.566
2022-09-12T16:00:00+00:00,128.0,129.5,126.2,128.6,12917.379
2022-09-12T20:00:00+00:00,128.7,129.4,128.0,129.0,6570.055
2022-09-13T00:00:00+00:00,128.9,129.1,126.6,128.8,13377.752
2022-09-13T04:00:00+00:00,128.8,130.0,128.2,129.2,13302.847
2022-09-13T08:00:00+00:00,129.3,133.7,128.5,132.7,19998.618
2022-09-13T12:00:00+00:00,132.8,133.8,119.6,120.1,88975.11
2022-09-13T16:00:00+00:00,120.1,121.6,116.0,118.5,40437.765
2022-09-13T20:00:00+00:00,118.4,119.2,116.5,117.6,20108.748
2022-09-14T00:00:00+00:00,117.5,120.7,116.8,120.4,11873.129
2022-09-14T04:00:00+00:00,120.4,120.5,117.6,118.8,6570.366
2022-09-14T08:00:00+00:00,118.8,120.1,117.6,118.3,9691.208
2022-09-14T12:00:00+00:00,118.5,120.2,117.5,118.5,12559.278
2022-09-14T16:00:00+00:00,118.6,119.4,116.0,118.4,21955.036
2022-09-14T20:00:00+00:00,118.4,120.8,117.8,119.9,10921.538
2022-09-15T00:00:00+00:00,119.9,120.2,116.0,117.4,17586.325
2022-09-15T04:00:00+00:00,117.4,120.8,116.3,120.0,20458.256
2022-09-15T08:00:00+00:00,120.0,120.2,119.0,120.0,11317.669
2022-09-15T12:00:00+00:00,120.0,123.0,116.1,118.4,34937.421
2022-09-15T16:00:00+00:00,118.4,119.3,117.6,118.6,10318.077
2022-09-15T20:00:00+00:00,118.7,120.4,117.2,117.6,8341.438
2022-09-16T00:00:00+00:00,117.5,118.8,116.3,118.1,10996.297
2022-09-16T04:00:00+00:00,118.2,119.3,117.3,117.4,11988.234
2022-09-16T08:00:00+00:00,117.4,120.1,116.1,119.4,17581.523
2022-09-16T12:00:00+00:00,119.4,120.1,116.5,118.7,34831.316
2022-09-16T16:00:00+00:00,118.7,119.2,116.8,118.7,14846.948
2022-09-16T20:00:00+00:00,118.6,120.9,118.6,119.5,12626.268
2022-09-17T00:00:00+00:00,119.5,121.0,119.4,120.0,12899.228
2022-09-17T04:00:00+00:00,120.0,121.2,119.3,120.9,8571.686
2022-09-17T08:00:00+00:00,120.8,121.6,120.2,120.5,8476.451
2022-09-17T12:00:00+00:00,120.4,123.5,120.1,122.4,18081.722
2022-09-17T16:00:00+00:00,122.3,123.1,121.7,122.1,13601.732
2022-09-17T20:00:00+00:00,122.1,122.5,121.6,122.1,5023.167
2022-09-18T00:00:00+00:00,122.2,122.2,120.2,121.1,7978.464
2022-09-18T04:00:00+00:00,121.1,121.9,120.8,121.4,12481.69
2022-09-18T08:00:00+00:00,121.4,121.6,119.1,119.7,10519.142
2022-09-18T12:00:00+00:00,119.7,120.3,117.8,118.0,11336.741
2022-09-18T16:00:00+00:00,118.0,118.3,114.7,116.3,20062.949
2022-09-18T20:00:00+00:00,116.3,116.3,110.5,111.8,29735.996
2022-09-19T00:00:00+00:00,111.7,113.4,107.5,108.2,30216.277
2022-09-19T04:00:00+00:00,108.3,109.6,106.4,108.4,28455.811
2022-09-19T08:00:00+00:00,108.3,109.6,106.7,108.8,13300.482
2022-09-19T12:00:00+00:00,108.9,112.3,108.5,110.5,23717.085
2022-09-19T16:00:00+00:00,110.5,112.5,109.7,112.0,9371.44
2022-09-19T20:00:00+00:00,112.1,112.9,111.7,112.0,7571.641
2022-09-20T00:00:00+00:00,112.0,112.9,110.8,112.5,18568.232
2022-09-20T04:00:00+00:00,112.5,114.3,111.9,113.3,11925.909
2022-09-20T08:00:00+00:00,113.3,114.1,112.2,112.9,9090.691
2022-09-20T12:00:00+00:00,112.8,114.0,111.0,113.8,18385.634
2022-09-20T16:00:00+00:00,113.8,114.9,111.5,112.7,19661.006
2022-09-20T20:00:00+00:00,112.8,113.8,111.8,112.8,9338.136
2022-09-21T00:00:00+00:00,112.7,114.0,112.2,113.0,8263.273
2022-09-21T04:00:00+00:00,113.1,113.5,110.3,111.3,16961.114
2022-09-21T08:00:00+00:00,111.3,113.4,110.8,113.2,10647.334
2022-09-21T12:00:00+00:00,113.2,115.1,113.0,113.6,15546.202
2022-09-21T16:00:00+00:00,113.7,119.2,111.9,114.6,52073.816
2022-09-21T20:00:00+00:00,114.6,114.8,108.3,108.9,20637.588
2022-09-22T00:00:00+00:00,108.8,110.9,108.7,110.2,9454.578
2022-09-22T04:00:00+00:00,110.3,112.3,110.1,112.2,18207.616
2022-09-22T08:00:00+00:00,112.2,116.7,112.2,115.9,17539.275
2022-09-22T12:00:00+00:00,116.0,116.9,114.3,115.1,15270.396
2022-09-22T16:00:00+00:00,115.2,116.7,114.1,115.5,9729.388
2022-09-22T20:00:00+00:00,115.6,117.3,114.7,116.5,7642.137
2022-09-23T00:00:00+00:00,116.6,119.1,115.0,119.0,11193.142
2022-09-23T04:00:00+00:00,119.0,120.4,116.8,117.2,14023.286
2022-09-23T08:00:00+00:00,117.1,117.5,114.5,114.7,28160.598
2022-09-23T12:00:00+00:00,114.7,116.2,112.3,114.1,16257.866
2022-09-23T16:00:00+00:00,114.0,115.1,112.8,115.0,10474.823
2022-09-23T20:00:00+00:00,115.0,120.5,115.0,120.1,15968.526
2022-09-24T00:00:00+00:00,120.2,120.3,118.2,119.4,9942.412
2022-09-24T04:00:00+00:00,119.5,120.8,118.4,119.2,10673.93
2022-09-24T08:00:00+00:00,119.2,121.5,118.7,120.7,9958.724
2022-09-24T12:00:00+00:00,120.7,122.1,119.6,120.3,12574.976
2022-09-24T16:00:00+00:00,120.3,122.3,119.9,121.0,14335.202
2022-09-24T20:00:00+00:00,121.0,121.1,117.3,117.3,9553.827
2022-09-25T00:00:00+00:00,117.3,118.4,116.3,117.3,12169.02
2022-09-25T04:00:00+00:00,117.3,118.5,116.5,117.8,6031.509
2022-09-25T08:00:00+00:00,117.7,117.9,116.6,117.4,3985.935
2022-09-25T12:00:00+00:00,117.4,117.5,114.3,115.2,15692.801
2022-09-25T16:00:00+00:00,115.2,115.5,113.4,114.1,11152.267
2022-09-25T20:00:00+00:00,114.2,114.5,112.1,113.5,13579.498
2022-09-26T00:00:00+00:00,113.5,114.9,113.0,114.0,15769.746
2022-09-26T04:00:00+00:00,113.9,114.6,112.5,113.5,10725.516
2022-09-26T08:00:00+00:00,113.5,117.6,113.3,115.0,17265.889
2022-09-26T12:00:00+00:00,114.9,116.6,114.2,115.9,10017.169
2022-09-26T16:00:00+00:00,115.8,116.5,114.9,115.9,7193.56
2022-09-26T20:00:00+00:00,115.9,116.4,114.9,116.3,5219.899
2022-09-27T00:00:00+00:00,116.3,119.5,115.9,118.8,20708.403
2022-09-27T04:00:00+00:00,118.9,119.6,118.1,118.7,12484.902
2022-09-27T08:00:00+00:00,118.8,120.0,118.4,118.7,13033.255
2022-09-27T12:00:00+00:00,118.8,120.7,118.3,118.5,30523.972
2022-09-27T16:00:00+00:00,118.4,118.9,112.4,114.1,23182.39
2022-09-27T20:00:00+00:00,114.0,114.6,113.2,114.3,5897.707
2022-09-28T00:00:00+00:00,114.3,114.9,110.1,111.7,18971.77
2022-09-28T04:00:00+00:00,111.6,112.5,110.2,111.8,15516.173
2022-09-28T08:00:00+00:00,111.8,112.9,110.7,112.0,11213.971
2022-09-28T12:00:00+00:00,112.1,114.1,111.9,113.5,11045.095
2022-09-28T16:00:00+00:00,113.5,114.7,112.9,114.4,11609.943
2022-09-28T20:00:00+00:00,114.5,115.9,113.9,114.1,9703.076
2022-09-29T00:00:00+00:00,114.1,115.3,113.8,115.0,8429.194
2022-09-29T04:00:00+00:00,115.0,115.9,113.5,114.1,9786.321
2022-09-29T08:00:00+00:00,114.1,118.0,113.8,116.7,18623.567
2022-09-29T12:00:00+00:00,116.8,116.8,113.7,116.0,16019.521
2022-09-29T16:00:00+00:00,116.0,116.9,114.8,116.0,11485.193
2022-09-29T20:00:00+00:00,115.9,117.4,115.7,116.9,14244.556
2022-09-30T00:00:00+00:00,117.0,117.8,115.4,116.7,17815.47
2022-09-30T04:00:00+00:00,116.6,117.3,116.3,116.4,12892.55
2022-09-30T08:00:00+00:00,116.3,117.5,116.1,116.7,12120.868
2022-09-30T12:00:00+00:00,116.6,125.0,114.8,123.3,50171.99
2022-09-30T16:00:00+00:00,123.4,124.8,122.0,122.5,29051.304
2022-09-30T20:00:00+00:00,122.5,123.4,119.6,120.1,19591.743
2022-10-01T00:00:00+00:00,120.0,121.0,118.5,119.5,12772.057
2022-10-01T04:00:00+00:00,119.4,120.0,117.7,118.5,12626.766
2022-10-01T08:00:00+00:00,118.4,118.8,117.3,117.8,7215.517
2022-10-01T12:00:00+00:00,117.8,118.5,117.2,117.6,7248.745
2022-10-01T16:00:00+00:00,117.6,117.7,116.4,116.6,8729.953
2022-10-01T20:00:00+00:00,116.6,117.4,115.8,117.1,9929.734
2022-10-02T00:00:00+00:00,117.1,118.0,116.7,118.0,10795.355
2022-10-02T04:00:00+00:00,118.0,118.6,116.7,117.1,12569.85
2022-10-02T08:00:00+00:00,117.0,118.4,115.2,116.0,22719.117
2022-10-02T12:00:00+00:00,116.0,116.4,114.6,115.7,19146.245
2022-10-02T16:00:00+00:00,115.6,117.2,115.6,116.9,7114.54
2022-10-02T20:00:00+00:00,116.9,117.0,113.8,114.3,13125.183
2022-10-03T00:00:00+00:00,114.2,116.3,113.5,115.6,9241.306
2022-10-03T04:00:00+00:00,115.6,115.7,113.8,114.9,21552.635
2022-10-03T08:00:00+00:00,114.8,115.1,114.0,114.9,6618.48
2022-10-03T12:00:00+00:00,114.9,116.6,114.5,115.5,12256.488
2022-10-03T16:00:00+00:00,115.5,116.2,115.0,115.6,7833.534
2022-10-03T20:00:00+00:00,115.7,116.4,115.5,116.3,7266.28
2022-10-04T00:00:00+00:00,116.3,116.8,115.6,116.4,5708.502
2022-10-04T04:00:00+00:00,116.4,117.9,115.9,117.7,11817.453
2022-10-04T08:00:00+00:00,117.7,120.2,117.5,118.9,21051.045
2022-10-04T12:00:00+00:00,118.9,121.8,118.4,121.5,17940.951
2022-10-04T16:00:00+00:00,121.4,122.1,120.8,121.7,11266.154
2022-10-04T20:00:00+00:00,121.6,122.0,120.9,121.1,6294.602
2022-10-05T00:00:00+00:00,121.2,122.9,120.8,122.3,12519.016
2022-10-05T04:00:00+00:00,122.3,122.5,121.4,121.4,11019.467
2022-10-05T08:00:00+00:00,121.5,121.5,120.0,120.4,10195.572
2022-10-05T12:00:00+00:00,120.4,120.8,118.9,120.6,12292.097
2022-10-05T16:00:00+00:00,120.6,123.6,120.5,122.3,17579.739
2022-10-05T20:00:00+00:00,122.3,122.8,121.9,122.1,6187.188
2022-10-06T00:00:00+00:00,122.1,123.8,122.0,122.7,9000.524
2022-10-06T04:00:00+00:00,122.8,122.9,120.6,121.1,7014.413
2022-10-06T08:00:00+00:00,121.1,122.0,120.5,121.8,6348.132
2022-10-06T12:00:00+00:00,121.7,122.5,119.9,120.7,11652.142
2022-10-06T16:00:00+00:00,120.7,121.4,118.4,118.8,11112.239
2022-10-06T20:00:00+00:00,118.7,119.2,117.8,118.4,10410.388
2022-10-07T00:00:00+00:00,118.3,120.2,118.2,119.5,7076.053
2022-10-07T04:00:00+00:00,119.5,120.1,118.5,118.8,6813.51
2022-10-07T08:00:00+00:00,118.8,119.3,117.8,118.3,7426.281
2022-10-07T12:00:00+00:00,118.4,118.5,115.8,116.6,22501.65
2022-10-07T16:00:00+00:00,116.6,117.0,115.5,116.8,9250.834
2022-10-07T20:00:00+00:00,116.8,117.1,116.5,116.7,4706.024
2022-10-08T00:00:00+00:00,116.7,118.8,116.5,117.5,6552.418
2022-10-08T04:00:00+00:00,117.5,118.6,117.2,118.2,14784.912
2022-10-08T08:00:00+00:00,118.1,118.3,117.6,117.9,3310.694
2022-10-08T12:00:00+00:00,117.9,117.9,117.0,117.1,5856.903
2022-10-08T16:00:00+00:00,117.2,117.5,116.9,117.1,2348.284
2022-10-08T20:00:00+00:00,117.0,117.1,115.6,116.9,4963.968
2022-10-09T00:00:00+00:00,116.9,118.2,116.8,117.2,7018.875
2022-10-09T04:00:00+00:00,117.2,117.4,116.6,117.2,9540.382
2022-10-09T08:00:00+00:00,117.1,118.5,117.0,117.8,12073.861
2022-10-09T12:00:00+00:00,117.9,118.2,117.5,118.1,3816.333
2022-10-09T16:00:00+00:00,118.1,118.1,116.5,117.2,4760.837
2022-10-09T20:00:00+00:00,117.1,117.3,116.4,117.2,2633.21
2022-10-10T00:00:00+00:00,117.2,118.1,116.7,117.3,5721.583
2022-10-10T04:00:00+00:00,117.3,117.7,116.4,116.8,3686.444
2022-10-10T08:00:00+00:00,116.8,116.9,114.5,115.9,9537.597
2022-10-10T12:00:00+00:00,115.9,116.3,114.7,115.0,6854.843
2022-10-10T16:00:00+00:00,115.0,115.1,113.0,113.3,8745.39
2022-10-10T20:00:00+00:00,113.2,113.8,110.6,111.6,13725.645
2022-10-11T00:00:00+00:00,111.6,111.6,109.0,110.5,19146.608
2022-10-11T04:00:00+00:00,110.6,112.0,110.2,111.8,10578.254
2022-10-11T08:00:00+00:00,111.8,112.1,110.7,111.5,7663.993
2022-10-11T12:00:00+00:00,111.6,112.5,110.1,112.1,12980.773
2022-10-11T16:00:00+00:00,112.2,112.3,110.5,110.8,8269.123
2022-10-11T20:00:00+00:00,110.9,111.5,110.4,111.1,3988.297
2022-10-12T00:00:00+00:00,111.2,111.9,110.7,111.3,6157.022
2022-10-12T04:00:00+00:00,111.2,112.9,111.2,111.6,37239.784
2022-10-12T08:00:00+00:00,111.6,112.4,111.3,112.0,9375.638
2022-10-12T12:00:00+00:00,112.1,112.3,111.0,112.2,9478.351
2022-10-12T16:00:00+00:00,112.2,112.4,111.2,111.8,5543.681
2022-10-12T20:00:00+00:00,111.8,112.4,111.7,111.7,2964.545
2022-10-13T00:00:00+00:00,111.8,113.1,109.3,111.0,14658.553
2022-10-13T04:00:00+00:00,111.0,111.2,105.7,107.4,21224.328
2022-10-13T08:00:00+00:00,107.3,108.4,101.8,104.6,26826.781
2022-10-13T12:00:00+00:00,104.5,107.5,101.9,107.0,30689.767
2022-10-13T16:00:00+00:00,107.0,110.0,106.5,109.1,12566.592
2022-10-13T20:00:00+00:00,109.1,109.9,108.7,108.8,5836.836
2022-10-14T00:00:00+00:00,108.8,111.8,108.3,111.1,14111.808
2022-10-14T04:00:00+00:00,111.1,111.4,109.7,109.9,12584.316
2022-10-14T08:00:00+00:00,109.9,111.0,109.6,109.7,10484.026
2022-10-14T12:00:00+00:00,109.8,111.1,108.1,108.3,15503.235
2022-10-14T16:00:00+00:00,108.3,108.7,107.3,107.6,7531.69
2022-10-14T20:00:00+00:00,107.6,107.9,106.6,107.5,7152.294
2022-10-15T00:00:00+00:00,107.6,108.0,107.0,107.9,3839.404
2022-10-15T04:00:00+00:00,108.0,108.5,107.7,107.8,4189.655
2022-10-15T08:00:00+00:00,107.8,108.5,106.7,108.3,4103.278
2022-10-15T12:00:00+00:00,108.4,109.6,108.1,109.0,6377.384
2022-10-15T16:00:00+00:00,108.9,109.4,108.3,108.5,5036.322
2022-10-15T20:00:00+00:00,108.5,108.7,107.5,107.9,4476.327
2022-10-16T00:00:00+00:00,107.9,109.6,107.8,108.6,3945.429
2022-10-16T04:00:00+00:00,108.7,109.5,108.6,109.2,2941.281
2022-10-16T08:00:00+00:00,109.2,110.2,109.2,110.1,4166.244
2022-10-16T12:00:00+00:00,110.2,110.2,109.2,109.8,3554.266
2022-10-16T16:00:00+00:00,109.8,110.9,109.1,110.7,4047.81
2022-10-16T20:00:00+00:00,110.8,111.0,109.1,110.3,4247.39
2022-10-17T00:00:00+00:00,110.3,110.6,109.3,109.5,1729.012
2022-10-17T04:00:00+00:00,109.5,110.3,109.2,110.1,2760.519
2022-10-17T08:00:00+00:00,110.1,111.0,109.5,110.3,5961.998
2022-10-17T12:00:00+00:00,110.2,111.6,110.0,110.5,7431.829
2022-10-17T16:00:00+00:00,110.5,110.9,109.2,109.9,7850.941
2022-10-17T20:00:00+00:00,109.9,110.9,109.8,110.6,3276.538
2022-10-18T00:00:00+00:00,110.6,111.2,109.3,110.5,6696.121
2022-10-18T04:00:00+00:00,110.4,111.5,110.2,111.4,5663.328
2022-10-18T08:00:00+00:00,111.4,111.4,109.1,109.6,5894.813
2022-10-18T12:00:00+00:00,109.7,110.3,108.0,108.5,9178.014
2022-10-18T16:00:00+00:00,108.5,109.2,107.1,108.0,5336.057
2022-10-18T20:00:00+00:00,108.0,109.1,107.8,108.7,5602.322
2022-10-19T00:00:00+00:00,108.8,109.0,107.9,108.4,5089.6
2022-10-19T04:00:00+00:00,108.4,108.6,107.5,108.3,4466.103
2022-10-19T08:00:00+00:00,108.2,108.4,107.5,107.9,3833.415
2022-10-19T12:00:00+00:00,107.9,108.6,107.1,108.5,6441.429
2022-10-19T16:00:00+00:00,108.4,108.5,107.5,107.9,3184.208
2022-10-19T20:00:00+00:00,108.0,108.2,105.1,105.8,8104.689
2022-10-20T00:00:00+00:00,105.8,106.5,104.9,106.3,5412.391
2022-10-20T04:00:00+00:00,106.2,108.0,106.1,107.5,5126.454
2022-10-20T08:00:00+00:00,107.5,108.1,107.2,107.7,2668.868
2022-10-20T12:00:00+00:00,107.7,109.0,107.3,108.1,7638.464
2022-10-20T16:00:00+00:00,108.0,108.1,105.4,106.4,7035.395
2022-10-20T20:00:00+00:00,106.3,106.6,105.3,106.5,4040.747
2022-10-21T00:00:00+00:00,106.4,106.8,105.1,106.3,4666.343
2022-10-21T04:00:00+00:00,106.4,106.6,105.4,105.5,3565.42
2022-10-21T08:00:00+00:00,105.5,105.8,103.4,104.6,11050.026
2022-10-21T12:00:00+00:00,104.5,106.8,102.8,106.8,11316.222
2022-10-21T16:00:00+00:00,106.8,107.3,106.1,107.0,6141.533
2022-10-21T20:00:00+00:00,107.1,107.4,106.7,107.1,3227.518
2022-10-22T00:00:00+00:00,107.1,107.5,106.1,106.7,4080.79
2022-10-22T04:00:00+00:00,106.7,107.4,106.4,107.2,3152.654
2022-10-22T08:00:00+00:00,107.2,107.9,107.2,107.8,3568.077
2022-10-22T12:00:00+00:00,107.8,110.5,107.6,108.5,14290.142
2022-10-22T16:00:00+00:00,108.4,108.9,107.8,108.9,4703.118
2022-10-22T20:00:00+00:00,108.9,109.5,108.5,108.6,3781.057
2022-10-23T00:00:00+00:00,108.6,109.7,108.0,108.9,4412.994
2022-10-23T04:00:00+00:00,109.0,109.4,108.4,108.8,5035.519
2022-10-23T08:00:00+00:00,108.9,109.3,107.8,108.2,4041.216
2022-10-23T12:00:00+00:00,108.2,108.6,107.6,108.3,3878.045
2022-10-23T16:00:00+00:00,108.2,109.7,107.9,109.6,4424.352
2022-10-23T20:00:00+00:00,109.7,111.1,109.3,110.8,6303.354
2022-10-24T00:00:00+00:00,110.9,111.2,109.0,109.2,6684.835
2022-10-24T04:00:00+00:00,109.1,109.5,108.2,108.7,4969.621
2022-10-24T08:00:00+00:00,108.8,109.3,108.3,109.1,3573.732
2022-10-24T12:00:00+00:00,109.1,109.3,107.4,108.2,6982.276
2022-10-24T16:00:00+00:00,108.1,109.1,107.5,108.5,5892.848
2022-10-24T20:00:00+00:00,108.4,108.7,107.7,107.9,2648.828
2022-10-25T00:00:00+00:00,107.9,108.8,107.7,108.8,4735.161
2022-10-25T04:00:00+00:00,108.7,109.0,108.2,108.7,3950.703
2022-10-25T08:00:00+00:00,108.6,108.8,108.1,108.7,5514.802
2022-10-25T12:00:00+00:00,108.8,111.9,108.6,111.4,18601.989
2022-10-25T16:00:00+00:00,111.5,114.3,111.4,113.4,21107.171
2022-10-25T20:00:00+00:00,113.5,113.7,111.6,112.7,10809.128
2022-10-26T00:00:00+00:00,112.8,114.2,112.0,113.8,10745.695
2022-10-26T04:00:00+00:00,113.7,114.7,113.3,114.3,7412.354
2022-10-26T08:00:00+00:00,114.2,116.4,113.9,115.1,14678.856
2022-10-26T12:00:00+00:00,115.1,116.0,113.3,115.3,17188.095
2022-10-26T16:00:00+00:00,115.3,116.1,114.7,114.9,7330.362
2022-10-26T20:00:00+00:00,115.0,115.7,114.3,114.4,9491.383
2022-10-27T00:00:00+00:00,114.4,115.9,113.9,115.3,9338.932
2022-10-27T04:00:00+00:00,115.4,116.9,114.6,115.4,11505.477
2022-10-27T08:00:00+00:00,115.5,115.7,113.7,114.6,6931.413
2022-10-27T12:00:00+00:00,114.6,115.7,113.1,113.6,12488.029
2022-10-27T16:00:00+00:00,113.6,115.2,113.3,114.9,5045.145
2022-10-27T20:00:00+00:00,114.8,115.0,111.5,112.3,9318.55
2022-10-28T00:00:00+00:00,112.4,113.5,111.8,112.4,9307.964
2022-10-28T04:00:00+00:00,112.4,113.2,111.0,111.3,9018.313
2022-10-28T08:00:00+00:00,111.4,112.6,111.3,112.3,6251.148
2022-10-28T12:00:00+00:00,112.3,114.5,111.2,113.4,17019.57
2022-10-28T16:00:00+00:00,113.5,115.8,113.4,115.4,11046.905
2022-10-28T20:00:00+00:00,115.4,116.3,115.0,115.6,5745.826
2022-10-29T00:00:00+00:00,115.6,117.4,115.3,117.2,21501.486
2022-10-29T04:00:00+00:00,117.1,117.5,116.1,117.3,8497.989
2022-10-29T08:00:00+00:00,117.2,119.5,116.8,117.7,19240.791
2022-10-29T12:00:00+00:00,117.7,119.7,117.4,118.9,13366.238
2022-10-29T16:00:00+00:00,118.9,120.7,117.6,118.5,24668.323
2022-10-29T20:00:00+00:00,118.5,119.4,117.3,118.4,9097.383
2022-10-30T00:00:00+00:00,118.5,119.4,117.3,118.8,7783.625
2022-10-30T04:00:00+00:00,118.8,120.2,118.2,120.2,9690.081
2022-10-30T08:00:00+00:00,120.1,120.3,117.3,118.3,15115.259
2022-10-30T12:00:00+00:00,118.3,118.4,116.2,116.4,8660.929
2022-10-30T16:00:00+00:00,116.3,117.2,115.8,116.6,6990.068
2022-10-30T20:00:00+00:00,116.6,117.2,114.4,116.1,6870.455
2022-10-31T00:00:00+00:00,116.2,117.0,114.4,116.3,8026.164
2022-10-31T04:00:00+00:00,116.3,117.1,115.1,115.6,5002.8
2022-10-31T08:00:00+00:00,115.6,117.9,114.5,117.1,10471.953
2022-10-31T12:00:00+00:00,117.0,117.7,113.5,114.2,15820.257
2022-10-31T16:00:00+00:00,114.1,115.1,113.7,114.4,7872.815
2022-10-31T20:00:00+00:00,114.5,115.3,114.1,115.0,6230.344
2022-11-01T00:00:00+00:00,115.0,116.0,114.8,115.4,8435.486
2022-11-01T04:00:00+00:00,115.2,115.9,114.7,115.4,6108.342
2022-11-01T08:00:00+00:00,115.5,116.6,115.0,115.6,13374.404
2022-11-01T12:00:00+00:00,115.5,115.8,113.8,115.0,10863.627
2022-11-01T16:00:00+00:00,115.0,115.9,114.4,115.2,6698.205
2022-11-01T20:00:00+00:00,115.2,115.4,114.7,115.0,2645.926
2022-11-02T00:00:00+00:00,115.0,115.5,114.0,115.1,5423.767
2022-11-02T04:00:00+00:00,115.2,115.5,112.9,113.8,5757.457
2022-11-02T08:00:00+00:00,113.7,122.1,113.3,115.1,72079.041
2022-11-02T12:00:00+00:00,115.0,118.3,114.1,117.0,29404.124
2022-11-02T16:00:00+00:00,117.0,119.0,114.1,114.7,30612.118
2022-11-02T20:00:00+00:00,114.6,115.0,111.9,113.7,13133.2
2022-11-03T00:00:00+00:00,113.6,118.0,113.2,117.6,19524.86
2022-11-03T04:00:00+00:00,117.6,120.2,116.8,117.7,20359.261
2022-11-03T08:00:00+00:00,117.7,118.7,114.7,115.1,12572.838
2022-11-03T12:00:00+00:00,115.0,116.9,114.2,116.1,12012.663
2022-11-03T16:00:00+00:00,116.0,117.0,115.8,116.8,4718.282
2022-11-03T20:00:00+00:00,116.7,116.7,114.9,115.6,7036.831
2022-11-04T00:00:00+00:00,115.6,119.8,115.0,119.5,17377.192
2022-11-04T04:00:00+00:00,119.5,122.0,118.9,120.7,19707.442
2022-11-04T08:00:00+00:00,120.7,123.5,120.3,120.8,28533.161
2022-11-04T12:00:00+00:00,120.7,124.9,119.8,122.0,25780.243
2022-11-04T16:00:00+00:00,122.1,124.0,121.2,124.0,18757.618
2022-11-04T20:00:00+00:00,123.9,124.6,122.8,124.5,7774.405
2022-11-05T00:00:00+00:00,124.4,125.5,123.2,124.2,14382.578
2022-11-05T04:00:00+00:00,124.2,125.3,123.1,124.5,12191.098
2022-11-05T08:00:00+00:00,124.5,125.5,122.7,124.8,10665.041
2022-11-05T12:00:00+00:00,124.8,125.0,122.9,124.5,8896.35
2022-11-05T16:00:00+00:00,124.5,126.0,123.6,124.6,23657.305
2022-11-05T20:00:00+00:00,124.6,125.0,122.1,123.7,9312.978
2022-11-06T00:00:00+00:00,123.8,124.3,122.3,123.5,9570.82
2022-11-06T04:00:00+00:00,123.5,123.7,121.7,122.6,5513.106
2022-11-06T08:00:00+00:00,122.6,123.3,121.6,122.3,5069.853
2022-11-06T12:00:00+00:00,122.3,122.8,121.7,122.3,3958.77
2022-11-06T16:00:00+00:00,122.3,122.3,119.7,120.1,15905.308
2022-11-06T20:00:00+00:00,120.1,120.8,116.3,116.7,24323.154
2022-11-07T00:00:00+00:00,116.7,119.0,116.2,118.6,14923.9
2022-11-07T04:00:00+00:00,118.5,119.2,115.3,115.5,24455.087
2022-11-07T08:00:00+00:00,115.4,118.3,115.3,117.8,8941.502
2022-11-07T12:00:00+00:00,117.8,118.9,117.0,118.8,11639.369
2022-11-07T16:00:00+00:00,118.9,119.2,117.2,119.0,10668.286
2022-11-07T20:00:00+00:00,119.1,119.4,115.5,117.9,9923.978
2022-11-08T00:00:00+00:00,117.8,118.9,112.5,112.8,21968.741
2022-11-08T04:00:00+00:00,112.9,113.7,108.4,112.4,45109.294
2022-11-08T08:00:00+00:00,112.5,113.2,111.7,112.5,15835.907
2022-11-08T12:00:00+00:00,112.5,113.6,110.6,113.5,42262.096
2022-11-08T16:00:00+00:00,113.5,117.9,95.0,102.5,89602.849
2022-11-08T20:00:00+00:00,102.6,104.1,99.8,103.2,39833.613
2022-11-09T00:00:00+00:00,103.1,104.0,99.9,102.1,42661.686
2022-11-09T04:00:00+00:00,102.1,103.1,100.4,101.9,23512.869
2022-11-09T08:00:00+00:00,101.9,102.0,95.2,99.3,42838.942
2022-11-09T12:00:00+00:00,99.4,100.2,94.3,96.1,36458.104
2022-11-09T16:00:00+00:00,96.1,99.0,93.8,98.0,25509.953
2022-11-09T20:00:00+00:00,97.9,99.8,87.0,89.0,47991.65822
2022-11-10T00:00:00+00:00,89.2,95.6,87.1,93.8,34441.522
2022-11-10T04:00:00+00:00,93.8,98.3,93.5,97.2,35760.362
2022-11-10T08:00:00+00:00,97.1,98.5,94.8,98.2,25156.32
2022-11-10T12:00:00+00:00,98.1,106.6,97.1,102.5,57451.028
2022-11-10T16:00:00+00:00,102.5,104.1,100.2,103.1,14409.998
2022-11-10T20:00:00+00:00,103.1,104.5,101.9,102.7,12993.593
2022-11-11T00:00:00+00:00,102.6,104.6,99.6,101.0,17904.33
2022-11-11T04:00:00+00:00,101.1,104.4,100.5,103.7,11647.973
2022-11-11T08:00:00+00:00,103.7,106.0,103.4,104.3,16143.626
2022-11-11T12:00:00+00:00,104.3,107.0,98.7,102.5,45209.508
2022-11-11T16:00:00+00:00,102.4,102.8,100.5,102.1,11691.556
2022-11-11T20:00:00+00:00,102.1,103.4,100.3,103.1,15922.944
2022-11-12T00:00:00+00:00,103.0,103.3,101.1,101.5,8507.792
2022-11-12T04:00:00+00:00,101.4,101.8,97.7,100.5,19501.671
2022-11-12T08:00:00+00:00,100.6,101.2,99.1,101.0,14427.581
2022-11-12T12:00:00+00:00,101.1,102.3,100.2,102.3,7712.776
2022-11-12T16:00:00+00:00,102.3,102.9,101.4,102.5,7436.223
2022-11-12T20:00:00+00:00,102.5,102.9,101.5,102.7,4916.156
2022-11-13T00:00:00+00:00,102.7,103.6,101.9,103.0,7631.847
2022-11-13T04:00:00+00:00,102.9,103.3,100.2,100.7,8299.14
2022-11-13T08:00:00+00:00,100.7,100.7,98.0,100.0,14481.481
2022-11-13T12:00:00+00:00,99.9,102.0,99.5,101.3,21998.97
2022-11-13T16:00:00+00:00,101.3,102.1,99.9,101.2,22884.72
2022-11-13T20:00:00+00:00,101.1,101.5,98.7,99.6,24145.404
2022-11-14T00:00:00+00:00,99.6,100.4,96.2,98.8,34833.27
2022-11-14T04:00:00+00:00,98.8,103.2,97.2,103.2,31006.162
2022-11-14T08:00:00+00:00,103.2,104.2,102.4,103.3,21304.599
2022-11-14T12:00:00+00:00,103.3,104.8,100.6,102.0,29142.683
2022-11-14T16:00:00+00:00,102.0,103.3,100.3,101.3,24175.123
2022-11-14T20:00:00+00:00,101.2,104.2,100.9,103.9,27252.9
2022-11-15T00:00:00+00:00,104.0,104.8,102.3,104.5,21970.627
2022-11-15T04:00:00+00:00,104.6,105.9,103.7,105.7,17422.741
2022-11-15T08:00:00+00:00,105.8,106.4,103.9,104.4,13183.469
2022-11-15T12:00:00+00:00,104.4,105.7,103.7,104.5,12781.18
2022-11-15T16:00:00+00:00,104.5,105.3,102.7,103.7,14173.037
2022-11-15T20:00:00+00:00,103.7,104.2,103.1,103.9,8332.461
2022-11-16T00:00:00+00:00,103.9,105.5,103.4,105.2,9780.593
2022-11-16T04:00:00+00:00,105.2,105.2,103.7,103.7,4148.386
2022-11-16T08:00:00+00:00,103.7,109.9,102.5,106.9,39395.57
2022-11-16T12:00:00+00:00,106.9,108.0,104.6,105.3,24029.315
2022-11-16T16:00:00+00:00,105.4,106.4,103.9,104.4,11457.18
2022-11-16T20:00:00+00:00,104.4,104.7,103.1,104.4,6903.688
2022-11-17T00:00:00+00:00,104.4,105.3,103.2,103.3,10488.612
2022-11-17T04:00:00+00:00,103.4,103.6,101.7,103.3,10292.216
2022-11-17T08:00:00+00:00,103.3,103.7,101.7,102.8,5323.138
2022-11-17T12:00:00+00:00,102.9,103.6,101.2,102.0,9221.517
2022-11-17T16:00:00+00:00,102.0,103.4,101.7,103.0,6797.116
2022-11-17T20:00:00+00:00,102.9,104.4,102.9,103.9,7940.7
2022-11-18T00:00:00+00:00,103.8,105.8,103.7,104.7,7298.667
2022-11-18T04:00:00+00:00,104.8,105.1,104.1,104.2,3516.084
2022-11-18T08:00:00+00:00,104.2,105.0,103.7,104.5,14789.355
2022-11-18T12:00:00+00:00,104.4,105.1,103.8,104.7,11400.846
2022-11-18T16:00:00+00:00,104.7,105.2,103.6,104.3,5694.567
2022-11-18T20:00:00+00:00,104.2,104.9,103.9,104.8,3539.703
2022-11-19T00:00:00+00:00,104.7,105.4,104.1,105.2,4740.102
2022-11-19T04:00:00+00:00,105.3,106.3,103.9,104.5,8992.677
2022-11-19T08:00:00+00:00,104.6,105.1,104.3,104.9,5170.595
2022-11-19T12:00:00+00:00,105.0,105.5,104.6,105.3,6239.892
2022-11-19T16:00:00+00:00,105.3,105.5,104.6,104.7,3144.293
2022-11-19T20:00:00+00:00,104.7,105.8,104.4,104.9,3790.249
2022-11-20T00:00:00+00:00,104.9,105.7,104.7,105.2,6671.08
2022-11-20T04:00:00+00:00,105.3,107.6,105.2,106.1,23330.186
2022-11-20T08:00:00+00:00,106.1,106.2,103.7,103.8,9247.784
2022-11-20T12:00:00+00:00,103.7,104.3,103.1,103.9,9241.607
2022-11-20T16:00:00+00:00,103.9,107.1,103.3,106.9,12100.191
2022-11-20T20:00:00+00:00,106.8,107.6,103.8,104.8,21228.56
2022-11-21T00:00:00+00:00,104.9,107.6,101.0,102.9,33461.079
2022-11-21T04:00:00+00:00,102.9,104.8,102.3,102.7,11786.416
2022-11-21T08:00:00+00:00,102.6,103.6,102.1,102.8,12569.772
2022-11-21T12:00:00+00:00,102.8,103.4,102.2,103.1,12321.741
2022-11-21T16:00:00+00:00,103.0,104.4,100.5,101.6,21594.622
2022-11-21T20:00:00+00:00,101.5,103.9,101.4,103.4,15257.04
2022-11-22T00:00:00+00:00,103.3,104.9,103.0,104.8,11381.557
2022-11-22T04:00:00+00:00,104.8,106.0,103.6,104.9,23345.871
2022-11-22T08:00:00+00:00,104.9,106.9,104.6,106.2,19903.172
2022-11-22T12:00:00+00:00,106.2,109.5,105.6,108.9,33561.483
2022-11-22T16:00:00+00:00,109.0,109.2,106.9,107.8,14759.954
2022-11-22T20:00:00+00:00,107.9,109.4,106.9,109.4,9409.568
2022-11-23T00:00:00+00:00,109.4,118.0,108.4,117.2,45075.578
2022-11-23T04:00:00+00:00,117.2,119.9,115.4,116.2,55749.217
2022-11-23T08:00:00+00:00,116.3,117.2,113.8,114.5,29520.873
2022-11-23T12:00:00+00:00,114.5,116.1,113.4,115.3,23533.683
2022-11-23T16:00:00+00:00,115.3,116.4,113.8,115.2,21172.431
2022-11-23T20:00:00+00:00,115.1,115.4,113.9,115.0,8766.692
2022-11-24T00:00:00+00:00,115.0,116.0,113.1,115.2,15664.32
2022-11-24T04:00:00+00:00,115.2,115.6,113.6,114.5,15918.023
2022-11-24T08:00:00+00:00,114.4,118.8,114.0,117.5,27546.436
2022-11-24T12:00:00+00:00,117.6,118.4,114.7,116.4,22470.935
2022-11-24T16:00:00+00:00,116.3,118.0,115.4,117.1,13455.549
2022-11-24T20:00:00+00:00,117.0,118.3,115.6,115.9,10458.126
2022-11-25T00:00:00+00:00,115.9,116.0,113.4,115.0,8829.045
2022-11-25T04:00:00+00:00,115.0,116.0,114.2,115.9,11783.052
2022-11-25T08:00:00+00:00,115.8,116.4,114.2,115.7,14458.145
2022-11-25T12:00:00+00:00,115.7,116.1,114.3,114.5,6631.812
2022-11-25T16:00:00+00:00,114.5,114.5,113.2,113.5,6007.801
2022-11-25T20:00:00+00:00,113.5,114.2,113.2,113.8,4040.206
2022-11-26T00:00:00+00:00,113.9,115.7,113.5,114.5,9969.188
2022-11-26T04:00:00+00:00,114.6,114.8,113.5,114.4,8283.137
2022-11-26T08:00:00+00:00,114.4,114.6,113.8,114.0,5426.668
2022-11-26T12:00:00+00:00,114.0,115.0,111.8,112.7,11590.209
2022-11-26T16:00:00+00:00,112.6,112.8,111.4,112.3,5445.249
2022-11-26T20:00:00+00:00,112.2,113.2,111.6,112.5,3187.861
2022-11-27T00:00:00+00:00,112.4,113.3,112.3,113.1,6461.698
2022-11-27T04:00:00+00:00,113.1,113.5,112.3,112.8,4167.222
2022-11-27T08:00:00+00:00,112.7,113.8,112.3,113.3,5778.416
2022-11-27T12:00:00+00:00,113.4,113.6,112.5,113.2,5624.356
2022-11-27T16:00:00+00:00,113.2,113.5,112.3,112.9,4904.644
2022-11-27T20:00:00+00:00,113.0,113.3,110.7,111.2,6919.456
2022-11-28T00:00:00+00:00,111.1,112.0,106.0,107.5,17730.255
2022-11-28T04:00:00+00:00,107.4,108.9,107.4,108.6,8932.272
2022-11-28T08:00:00+00:00,108.5,108.7,107.6,107.8,5900.468
2022-11-28T12:00:00+00:00,107.7,110.6,107.7,108.4,14109.684
2022-11-28T16:00:00+00:00,108.4,110.6,107.9,110.0,7770.26
2022-11-28T20:00:00+00:00,109.9,110.4,109.7,110.0,3059.576
2022-11-29T00:00:00+00:00,110.0,111.9,109.1,111.3,6690.945
2022-11-29T04:00:00+00:00,111.3,112.9,111.2,111.7,5953.426
2022-11-29T08:00:00+00:00,111.8,112.3,111.4,111.8,6767.912
2022-11-29T12:00:00+00:00,111.9,112.4,110.2,112.0,10837.688
2022-11-29T16:00:00+00:00,111.9,113.2,110.7,111.1,7324.873
2022-11-29T20:00:00+00:00,111.1,111.6,110.8,111.0,4288.667
2022-11-30T00:00:00+00:00,110.9,114.7,110.6,111.7,17651.693
2022-11-30T04:00:00+00:00,111.6,113.0,111.6,112.5,5990.146
2022-11-30T08:00:00+00:00,112.6,113.1,111.8,112.8,8687.492
2022-11-30T12:00:00+00:00,112.9,113.1,111.9,112.9,11099.637
2022-11-30T16:00:00+00:00,112.9,113.5,110.4,112.9,9907.439
2022-11-30T20:00:00+00:00,112.9,113.9,112.7,113.5,5943.809
2022-12-01T00:00:00+00:00,113.5,113.9,112.3,112.8,8446.989
2022-12-01T04:00:00+00:00,112.8,113.0,111.6,111.8,8641.115
2022-12-01T08:00:00+00:00,111.8,112.0,111.3,111.9,8521.212
2022-12-01T12:00:00+00:00,111.9,112.2,109.6,110.6,20687.011
2022-12-01T16:00:00+00:00,110.7,111.4,110.0,110.7,6599.082
2022-12-01T20:00:00+00:00,110.6,111.0,109.7,110.3,4516.647
2022-12-02T00:00:00+00:00,110.3,110.8,108.2,109.4,9559.591
2022-12-02T04:00:00+00:00,109.4,110.3,108.6,110.1,6802.747
2022-12-02T08:00:00+00:00,110.1,110.7,109.9,110.3,3474.558
2022-12-02T12:00:00+00:00,110.3,110.8,108.7,110.2,7843.305
2022-12-02T16:00:00+00:00,110.2,111.1,109.9,111.1,4794.367
2022-12-02T20:00:00+00:00,111.1,113.0,111.1,112.0,11511.227
2022-12-03T00:00:00+00:00,112.0,112.7,111.0,111.3,13951.889
2022-12-03T04:00:00+00:00,111.2,111.6,110.5,110.7,3568.224
2022-12-03T08:00:00+00:00,110.7,111.2,110.2,111.1,3002.596
2022-12-03T12:00:00+00:00,111.1,111.8,111.1,111.5,4192.084
2022-12-03T16:00:00+00:00,111.4,112.1,110.8,111.1,2912.646
2022-12-03T20:00:00+00:00,111.1,111.2,109.5,109.7,4642.831
2022-12-04T00:00:00+00:00,109.7,111.9,109.5,111.4,6389.371
2022-12-04T04:00:00+00:00,111.5,112.0,110.9,110.9,2986.01
2022-12-04T08:00:00+00:00,110.9,111.2,110.1,110.2,3509.229
2022-12-04T12:00:00+00:00,110.2,111.8,110.0,110.5,13538.826
2022-12-04T16:00:00+00:00,110.5,110.9,109.8,110.8,4504.671
2022-12-04T20:00:00+00:00,110.7,111.4,110.6,111.0,3785.318
2022-12-05T00:00:00+00:00,111.1,112.8,110.9,112.0,10499.517
2022-12-05T04:00:00+00:00,112.0,117.0,111.9,116.7,33507.645
2022-12-05T08:00:00+00:00,116.7,117.0,115.0,115.3,11308.72
2022-12-05T12:00:00+00:00,115.4,116.9,113.0,113.6,25232.673
2022-12-05T16:00:00+00:00,113.7,113.8,109.7,110.2,10544.752
2022-12-05T20:00:00+00:00,110.1,110.5,109.9,110.4,5032.154
2022-12-06T00:00:00+00:00,110.4,111.5,110.4,110.8,7658.942
2022-12-06T04:00:00+00:00,110.8,112.2,110.4,111.4,11350.802
2022-12-06T08:00:00+00:00,111.4,112.0,110.3,111.4,6577.895
2022-12-06T12:00:00+00:00,111.4,111.6,110.4,111.1,7038.821
2022-12-06T16:00:00+00:00,111.1,111.5,110.2,110.6,5446.843
2022-12-06T20:00:00+00:00,110.5,112.3,110.5,112.1,4844.919
2022-12-07T00:00:00+00:00,112.2,112.9,111.7,111.9,5101.641
2022-12-07T04:00:00+00:00,111.9,112.4,107.5,108.3,17915.91
2022-12-07T08:00:00+00:00,108.4,109.3,107.8,108.9,9628.147
2022-12-07T12:00:00+00:00,108.8,109.7,108.8,109.2,6133.252
2022-12-07T16:00:00+00:00,109.3,109.8,108.7,109.2,6274.639
2022-12-07T20:00:00+00:00,109.1,109.4,108.6,109.1,6372.331
2022-12-08T00:00:00+00:00,109.1,109.6,108.5,109.1,6051.234
2022-12-08T04:00:00+00:00,109.1,109.6,108.4,109.4,4893.976
2022-12-08T08:00:00+00:00,109.4,109.9,108.9,109.8,5187.489
2022-12-08T12:00:00+00:00,109.7,111.1,109.2,110.8,8085.634
2022-12-08T16:00:00+00:00,110.7,112.3,110.2,112.0,9493.834
2022-12-08T20:00:00+00:00,112.1,112.3,111.3,111.9,8009.259
2022-12-09T00:00:00+00:00,111.9,112.3,111.4,112.0,8467.223
2022-12-09T04:00:00+00:00,111.9,112.2,111.3,112.0,9461.451
2022-12-09T08:00:00+00:00,112.0,112.1,111.6,111.8,3555.13
2022-12-09T12:00:00+00:00,111.8,112.1,110.1,110.8,18016.917
2022-12-09T16:00:00+00:00,110.7,110.8,109.7,110.0,6800.661
2022-12-09T20:00:00+00:00,110.0,110.1,109.0,109.9,5785.583
2022-12-10T00:00:00+00:00,109.9,110.2,109.5,110.0,5476.704
2022-12-10T04:00:00+00:00,109.9,110.1,109.5,109.7,2668.015
2022-12-10T08:00:00+00:00,109.7,110.2,109.1,109.9,3610.033
2022-12-10T12:00:00+00:00,110.0,110.4,109.6,110.3,3850.77
2022-12-10T16:00:00+00:00,110.4,110.5,109.5,109.6,6346.261
2022-12-10T20:00:00+00:00,109.6,109.8,108.8,109.1,5252.124
2022-12-11T00:00:00+00:00,109.1,109.9,108.8,109.7,7687.786
2022-12-11T04:00:00+00:00,109.7,109.9,109.6,109.6,2229.369
2022-12-11T08:00:00+00:00,109.6,109.7,108.8,109.1,3835.612
2022-12-11T12:00:00+00:00,109.1,109.3,108.9,109.1,2725.208
2022-12-11T16:00:00+00:00,109.1,109.2,107.9,108.5,10523.192
2022-12-11T20:00:00+00:00,108.4,108.4,105.9,106.3,14606.813
2022-12-12T00:00:00+00:00,106.2,106.9,102.1,104.6,27307.478
2022-12-12T04:00:00+00:00,104.6,104.8,104.0,104.2,7508.986
2022-12-12T08:00:00+00:00,104.3,105.5,103.7,105.3,8017.424
2022-12-12T12:00:00+00:00,105.3,106.2,105.2,105.5,8490.866
2022-12-12T16:00:00+00:00,105.5,106.1,105.2,106.1,2388.305
2022-12-12T20:00:00+00:00,106.0,106.8,105.8,106.3,4482.748
2022-12-13T00:00:00+00:00,106.2,106.7,105.2,105.2,4609.182
2022-12-13T04:00:00+00:00,105.2,105.5,103.7,104.9,7981.633
2022-12-13T08:00:00+00:00,105.0,111.4,104.7,109.1,52963.347
2022-12-13T12:00:00+00:00,109.1,111.5,108.5,109.4,40750.857
2022-12-13T16:00:00+00:00,109.4,109.5,107.9,108.8,7441.43
2022-12-13T20:00:00+00:00,108.7,110.4,108.6,110.4,4771.048
2022-12-14T00:00:00+00:00,110.4,111.0,110.0,110.4,5090.239
2022-12-14T04:00:00+00:00,110.5,110.5,109.3,109.5,4187.352
2022-12-14T08:00:00+00:00,109.6,109.8,109.3,109.5,3898.76
2022-12-14T12:00:00+00:00,109.6,110.1,109.5,109.7,6635.962
2022-12-14T16:00:00+00:00,109.8,111.4,107.4,108.5,21879.873
2022-12-14T20:00:00+00:00,108.5,109.3,108.3,109.1,6490.7
2022-12-15T00:00:00+00:00,109.0,109.8,108.0,109.3,5946.745
2022-12-15T04:00:00+00:00,109.4,110.0,109.1,109.2,3909.952
2022-12-15T08:00:00+00:00,109.3,109.3,108.5,108.8,3379.588
2022-12-15T12:00:00+00:00,108.8,109.2,108.1,108.4,7054.801
2022-12-15T16:00:00+00:00,108.4,108.6,107.4,108.6,4873.971
2022-12-15T20:00:00+00:00,108.5,108.9,106.7,107.2,7899.274
2022-12-16T00:00:00+00:00,107.2,108.1,106.9,107.5,3312.379
2022-12-16T04:00:00+00:00,107.5,107.8,107.1,107.7,3527.372
2022-12-16T08:00:00+00:00,107.7,107.7,102.6,103.5,21713.909
2022-12-16T12:00:00+00:00,103.5,104.2,102.5,103.4,11662.396
2022-12-16T16:00:00+00:00,103.3,103.7,102.1,103.6,7876.489
2022-12-16T20:00:00+00:00,103.6,104.5,98.7,100.1,17753.039
2022-12-17T00:00:00+00:00,100.1,102.3,98.7,101.9,22513.211
2022-12-17T04:00:00+00:00,101.9,102.5,100.4,102.2,7495.036
2022-12-17T08:00:00+00:00,102.2,102.5,101.5,101.8,5621.096
2022-12-17T12:00:00+00:00,101.8,102.9,101.1,102.8,9299.367
2022-12-17T16:00:00+00:00,102.8,103.0,102.1,102.5,3812.705
2022-12-17T20:00:00+00:00,102.5,103.4,102.0,103.1,3511.322
2022-12-18T00:00:00+00:00,103.2,103.3,102.6,102.9,2298.664
2022-12-18T04:00:00+00:00,102.8,103.7,102.4,102.5,7593.515
2022-12-18T08:00:00+00:00,102.5,102.7,101.4,102.4,3450.875
2022-12-18T12:00:00+00:00,102.4,102.8,101.8,101.8,2554.959
2022-12-18T16:00:00+00:00,101.7,102.8,101.6,102.1,2954.796
2022-12-18T20:00:00+00:00,102.1,102.8,101.7,102.0,4032.779
2022-12-19T00:00:00+00:00,102.0,103.0,100.1,100.8,6255.023
2022-12-19T04:00:00+00:00,100.8,101.6,100.3,101.5,6265.154
2022-12-19T08:00:00+00:00,101.4,102.0,101.3,101.6,3452.764
2022-12-19T12:00:00+00:00,101.6,102.0,100.9,101.3,6459.945
2022-12-19T16:00:00+00:00,101.3,101.3,98.7,100.1,11890.362
2022-12-19T20:00:00+00:00,100.1,100.5,97.9,98.4,6206.139
2022-12-20T00:00:00+00:00,98.3,100.9,98.3,100.1,8893.647
2022-12-20T04:00:00+00:00,100.1,101.1,99.5,100.8,10256.92
2022-12-20T08:00:00+00:00,100.8,101.1,100.5,100.8,3463.762
2022-12-20T12:00:00+00:00,100.7,101.8,99.6,100.9,7121.421
2022-12-20T16:00:00+00:00,100.9,101.6,100.4,101.4,3750.9
2022-12-20T20:00:00+00:00,101.5,102.5,101.2,101.7,3448.905
2022-12-21T00:00:00+00:00,101.6,102.3,101.3,101.4,3520.105
2022-12-21T04:00:00+00:00,101.3,101.4,100.2,100.7,3215.782
2022-12-21T08:00:00+00:00,100.7,101.4,100.3,101.1,3045.472
2022-12-21T12:00:00+00:00,101.2,101.3,100.2,101.1,3900.282
2022-12-21T16:00:00+00:00,101.1,101.1,99.9,100.1,1960.245
2022-12-21T20:00:00+00:00,100.1,100.5,99.8,100.3,1837.386
2022-12-22T00:00:00+00:00,100.4,100.9,100.2,100.7,1229.964
2022-12-22T04:00:00+00:00,100.8,100.9,100.5,100.8,1474.628
2022-12-22T08:00:00+00:00,100.8,101.3,100.6,101.0,1807.649
2022-12-22T12:00:00+00:00,101.0,101.3,99.3,99.8,4148.702
2022-12-22T16:00:00+00:00,99.7,100.1,99.5,99.8,2788.597
2022-12-22T20:00:00+00:00,99.9,101.5,99.8,101.4,4273.051
2022-12-23T00:00:00+00:00,101.4,102.1,101.2,101.7,3919.592
2022-12-23T04:00:00+00:00,101.7,102.3,101.6,102.3,3143.962
2022-12-23T08:00:00+00:00,102.2,102.3,101.8,101.8,2140.401
2022-12-23T12:00:00+00:00,101.9,103.0,101.3,101.7,7188.633
2022-12-23T16:00:00+00:00,101.7,102.3,101.7,102.1,1092.451
2022-12-23T20:00:00+00:00,102.2,102.3,101.7,102.0,1650.847
2022-12-24T00:00:00+00:00,102.0,102.6,101.9,102.5,2702.936
2022-12-24T04:00:00+00:00,102.5,102.8,102.0,102.2,2565.065
2022-12-24T08:00:00+00:00,102.2,102.2,101.7,102.0,1687.818
2022-12-24T12:00:00+00:00,102.1,102.2,101.8,101.9,956.575
2022-12-24T16:00:00+00:00,101.9,102.1,101.7,101.7,625.053
2022-12-24T20:00:00+00:00,101.8,101.9,101.5,101.7,2031.538
2022-12-25T00:00:00+00:00,101.6,102.0,101.3,101.7,2111.656
2022-12-25T04:00:00+00:00,101.6,101.7,101.2,101.3,2321.495
2022-12-25T08:00:00+00:00,101.3,101.4,100.7,100.7,1689.304
2022-12-25T12:00:00+00:00,100.8,101.0,99.7,100.1,6743.455
2022-12-25T16:00:00+00:00,100.1,100.5,99.7,100.5,3853.825
2022-12-25T20:00:00+00:00,100.5,101.5,100.2,101.4,2481.692
2022-12-26T00:00:00+00:00,101.4,102.0,101.2,101.5,3391.048
2022-12-26T04:00:00+00:00,101.6,101.8,101.0,101.0,1396.756
2022-12-26T08:00:00+00:00,101.1,102.3,100.9,102.2,3723.713
2022-12-26T12:00:00+00:00,102.2,102.6,102.0,102.2,3122.77
2022-12-26T16:00:00+00:00,102.1,103.4,102.1,103.0,3617.098
2022-12-26T20:00:00+00:00,103.0,103.6,102.7,103.4,3559.191
2022-12-27T00:00:00+00:00,103.5,103.8,102.5,102.6,2424.929
2022-12-27T04:00:00+00:00,102.6,102.7,102.4,102.7,1666.168
2022-12-27T08:00:00+00:00,102.7,103.2,102.4,103.1,3380.153
2022-12-27T12:00:00+00:00,103.1,103.4,102.1,102.7,4805.888
2022-12-27T16:00:00+00:00,102.7,102.9,101.1,101.6,3561.826
2022-12-27T20:00:00+00:00,101.7,101.9,101.4,101.7,1281.871
2022-12-28T00:00:00+00:00,101.8,102.6,101.3,101.4,5869.535
2022-12-28T04:00:00+00:00,101.4,101.8,99.4,100.3,7940.143
2022-12-28T08:00:00+00:00,100.2,100.4,99.6,100.1,2315.567
2022-12-28T12:00:00+00:00,100.0,101.4,99.8,100.2,6871.8
2022-12-28T16:00:00+00:00,100.2,100.8,99.9,100.6,2566.949
2022-12-28T20:00:00+00:00,100.6,100.8,98.7,99.2,5049.43
2022-12-29T00:00:00+00:00,99.1,99.6,98.2,99.5,5118.177
2022-12-29T04:00:00+00:00,99.5,100.1,99.2,100.0,2851.74
2022-12-29T08:00:00+00:00,99.9,100.3,99.5,100.0,2109.786
2022-12-29T12:00:00+00:00,100.0,100.2,99.6,99.9,2152.31
2022-12-29T16:00:00+00:00,99.9,100.1,98.7,99.0,4566.716
2022-12-29T20:00:00+00:00,98.9,99.0,97.2,98.4,14857.962
2022-12-30T00:00:00+00:00,98.5,98.5,97.2,97.6,9247.936
2022-12-30T04:00:00+00:00,97.5,97.7,95.1,95.9,20480.402
2022-12-30T08:00:00+00:00,95.8,96.5,95.5,95.9,7335.226
2022-12-30T12:00:00+00:00,95.9,96.7,95.7,96.6,10691.596
2022-12-30T16:00:00+00:00,96.5,96.8,96.3,96.6,3215.814
2022-12-30T20:00:00+00:00,96.6,97.0,95.9,96.8,4073.713
2022-12-31T00:00:00+00:00,96.7,97.7,96.4,97.7,8351.286
2022-12-31T04:00:00+00:00,97.7,98.1,97.3,97.7,5537.434
2022-12-31T08:00:00+00:00,97.7,98.1,97.7,97.8,2946.239
2022-12-31T12:00:00+00:00,97.7,98.4,97.6,97.9,3508.913
2022-12-31T16:00:00+00:00,97.8,97.9,97.1,97.2,1701.15
2022-12-31T20:00:00+00:00,97.2,97.7,96.5,97.0,2237.663
2023-01-01T00:00:00+00:00,97.0,97.1,96.3,96.5,1759.937
2023-01-01T04:00:00+00:00,96.6,96.6,96.2,96.5,1432.328
2023-01-01T08:00:00+00:00,96.5,96.9,96.3,96.8,1467.538
2023-01-01T12:00:00+00:00,96.9,96.9,96.4,96.6,1585.991
2023-01-01T16:00:00+00:00,96.6,97.5,96.5,97.3,1586.056
2023-01-01T20:00:00+00:00,97.3,97.6,96.8,96.8,2433.069
2023-01-02T00:00:00+00:00,96.8,97.0,95.5,96.4,7253.209
2023-01-02T04:00:00+00:00,96.5,98.5,96.1,97.9,13142.344
2023-01-02T08:00:00+00:00,98.0,99.0,97.7,99.0,7287.768
2023-01-02T12:00:00+00:00,99.0,100.4,98.8,100.3,6395.773
2023-01-02T16:00:00+00:00,100.3,100.4,99.6,99.7,4402.751
2023-01-02T20:00:00+00:00,99.7,99.9,99.2,99.3,2701.193
2023-01-03T00:00:00+00:00,99.3,99.7,98.8,99.1,3354.821
2023-01-03T04:00:00+00:00,99.2,100.1,98.9,99.8,7153.768
2023-01-03T08:00:00+00:00,99.8,100.4,99.5,99.9,4964.519
2023-01-03T12:00:00+00:00,100.0,100.1,98.9,99.4,8716.934
2023-01-03T16:00:00+00:00,99.4,100.3,99.0,99.2,6681.055
2023-01-03T20:00:00+00:00,99.2,99.8,99.1,99.6,3640.447
2023-01-04T00:00:00+00:00,99.6,102.4,99.5,102.4,15844.138
2023-01-04T04:00:00+00:00,102.4,102.5,101.1,101.7,7146.24
2023-01-04T08:00:00+00:00,101.7,101.9,101.0,101.4,6803.15
2023-01-04T12:00:00+00:00,101.5,101.8,100.4,101.6,9268.785
2023-01-04T16:00:00+00:00,101.6,102.1,100.5,101.2,14611.32
2023-01-04T20:00:00+00:00,101.2,101.7,100.5,101.5,4963.252
2023-01-05T00:00:00+00:00,101.6,103.5,101.5,102.7,18653.961
2023-01-05T04:00:00+00:00,102.6,103.5,102.4,102.7,7448.981
2023-01-05T08:00:00+00:00,102.8,102.8,101.8,102.3,7743.07
2023-01-05T12:00:00+00:00,102.3,102.4,100.9,101.6,13803.305
2023-01-05T16:00:00+00:00,101.5,102.0,101.2,101.9,6480.13
2023-01-05T20:00:00+00:00,102.0,102.0,100.6,101.2,6263.015
2023-01-06T00:00:00+00:00,101.1,101.5,100.6,100.7,5715.78
2023-01-06T04:00:00+00:00,100.6,100.9,99.7,100.0,8459.589
2023-01-06T08:00:00+00:00,100.0,100.2,98.3,98.4,5837.67
2023-01-06T12:00:00+00:00,98.4,99.7,98.0,99.7,13625.783
2023-01-06T16:00:00+00:00,99.6,101.9,99.6,101.7,17353.015
2023-01-06T20:00:00+00:00,101.8,101.9,100.9,101.7,12187.183
2023-01-07T00:00:00+00:00,101.6,102.1,101.3,101.7,6595.628
2023-01-07T04:00:00+00:00,101.7,101.8,101.3,101.7,2682.341
2023-01-07T08:00:00+00:00,101.7,102.0,101.5,101.5,7487.366
2023-01-07T12:00:00+00:00,101.5,102.0,101.3,102.0,5355.092
2023-01-07T16:00:00+00:00,101.9,102.3,101.5,102.0,3320.297
2023-01-07T20:00:00+00:00,102.0,102.0,101.1,101.4,4762.921
2023-01-08T00:00:00+00:00,101.5,101.8,100.8,101.7,6460.179
2023-01-08T04:00:00+00:00,101.8,101.9,101.4,101.7,1934.571
2023-01-08T08:00:00+00:00,101.7,102.4,101.7,101.8,3882.141
2023-01-08T12:00:00+00:00,101.8,102.7,101.7,102.6,4458.103
2023-01-08T16:00:00+00:00,102.5,102.9,101.5,102.0,4302.238
2023-01-08T20:00:00+00:00,102.1,104.0,101.9,103.7,31944.726
2023-01-09T00:00:00+00:00,103.7,106.1,103.6,105.8,18147.562
2023-01-09T04:00:00+00:00,105.8,106.5,105.4,106.1,6526.357
2023-01-09T08:00:00+00:00,106.1,107.3,105.6,106.3,8597.133
2023-01-09T12:00:00+00:00,106.4,107.6,105.1,107.1,16105.088
2023-01-09T16:00:00+00:00,107.0,107.9,106.1,106.5,12110.615
2023-01-09T20:00:00+00:00,106.4,107.5,105.5,106.9,7223.902
2023-01-10T00:00:00+00:00,106.8,107.7,105.5,107.4,6806.659
2023-01-10T04:00:00+00:00,107.4,109.3,107.0,107.9,11340.552
2023-01-10T08:00:00+00:00,108.0,108.7,107.8,107.9,10891.598
2023-01-10T12:00:00+00:00,107.9,108.1,106.8,107.6,8165.972
2023-01-10T16:00:00+00:00,107.5,107.9,107.1,107.7,4358.951
2023-01-10T20:00:00+00:00,107.8,107.9,106.9,107.4,3949.683
2023-01-11T00:00:00+00:00,107.5,108.4,106.3,107.2,4955.748
2023-01-11T04:00:00+00:00,107.2,108.0,106.6,107.5,4525.842
2023-01-11T08:00:00+00:00,107.5,107.8,106.9,107.8,3178.894
2023-01-11T12:00:00+00:00,107.7,108.0,105.6,106.0,9803.286
2023-01-11T16:00:00+00:00,105.9,108.3,105.5,107.9,9761.872
2023-01-11T20:00:00+00:00,108.0,110.1,107.1,109.9,9490.389
2023-01-12T00:00:00+00:00,109.9,111.4,109.5,110.6,12134.691
2023-01-12T04:00:00+00:00,110.6,110.9,109.2,109.7,7895.783
2023-01-12T08:00:00+00:00,109.8,109.8,108.7,109.2,6072.141
2023-01-12T12:00:00+00:00,109.1,117.5,107.3,115.6,65180.502
2023-01-12T16:00:00+00:00,115.6,129.4,114.5,122.4,125221.247
2023-01-12T20:00:00+00:00,122.4,123.4,119.1,119.7,25312.388
2023-01-13T00:00:00+00:00,119.6,122.1,118.7,120.3,22642.585
2023-01-13T04:00:00+00:00,120.2,121.5,119.7,120.0,9940.457
2023-01-13T08:00:00+00:00,120.1,120.6,118.6,119.1,12753.946
2023-01-13T12:00:00+00:00,119.1,128.0,117.8,124.6,44884.439
2023-01-13T16:00:00+00:00,124.6,124.9,121.7,122.7,32459.518
2023-01-13T20:00:00+00:00,122.6,125.9,122.2,124.6,20944.249
2023-01-14T00:00:00+00:00,124.5,130.1,120.8,127.7,53462.134
2023-01-14T04:00:00+00:00,127.7,131.3,126.7,129.1,26437.763
2023-01-14T08:00:00+00:00,129.1,130.8,120.0,124.8,43852.026
2023-01-14T12:00:00+00:00,124.8,126.2,122.4,125.4,18155.781
2023-01-14T16:00:00+00:00,125.2,127.3,124.6,125.1,14185.473
2023-01-14T20:00:00+00:00,125.1,126.3,124.8,125.8,7540.752
2023-01-15T00:00:00+00:00,125.8,126.5,121.7,124.6,23025.331
2023-01-15T04:00:00+00:00,124.6,125.1,123.3,124.6,10359.956
2023-01-15T08:00:00+00:00,124.5,124.8,121.4,123.7,12362.782
2023-01-15T12:00:00+00:00,123.6,127.5,123.0,126.5,16922.962
2023-01-15T16:00:00+00:00,126.4,126.6,124.0,124.9,13506.388
2023-01-15T20:00:00+00:00,124.9,125.6,124.1,124.8,7607.2
2023-01-16T00:00:00+00:00,124.9,127.1,123.5,125.0,14808.471
2023-01-16T04:00:00+00:00,125.1,126.6,124.5,125.8,9470.265
2023-01-16T08:00:00+00:00,125.7,125.9,119.5,122.6,19932.796
2023-01-16T12:00:00+00:00,122.6,124.4,119.6,122.3,22960.28
2023-01-16T16:00:00+00:00,122.3,124.3,121.1,123.7,12920.116
2023-01-16T20:00:00+00:00,123.8,124.6,123.2,124.2,7937.211
2023-01-17T00:00:00+00:00,124.2,125.0,121.9,123.8,11015.691
2023-01-17T04:00:00+00:00,123.8,125.4,123.7,124.9,6967.427
2023-01-17T08:00:00+00:00,125.0,125.5,123.9,125.0,4780.161
2023-01-17T12:00:00+00:00,125.0,125.7,122.5,123.3,13941.851
2023-01-17T16:00:00+00:00,123.2,124.0,121.8,123.9,9884.615
2023-01-17T20:00:00+00:00,123.9,124.3,122.4,122.7,7169.34
2023-01-18T00:00:00+00:00,122.8,125.6,122.7,124.8,13763.391
2023-01-18T04:00:00+00:00,124.8,127.5,124.5,126.6,10886.637
2023-01-18T08:00:00+00:00,126.7,126.8,123.1,124.3,13062.359
2023-01-18T12:00:00+00:00,124.3,126.8,119.0,120.9,19459.653
2023-01-18T16:00:00+00:00,120.9,121.4,115.2,120.3,27755.631
2023-01-18T20:00:00+00:00,120.3,121.4,118.6,118.7,9128.916
2023-01-19T00:00:00+00:00,118.6,120.4,118.6,120.1,6032.698
2023-01-19T04:00:00+00:00,120.0,121.3,120.0,121.2,3672.071
2023-01-19T08:00:00+00:00,121.2,122.5,120.4,121.2,7691.875
2023-01-19T12:00:00+00:00,121.1,121.6,120.1,121.1,11218.571
2023-01-19T16:00:00+00:00,121.1,122.2,120.6,122.0,6304.816
2023-01-19T20:00:00+00:00,122.0,122.5,120.9,121.6,4463.976
2023-01-20T00:00:00+00:00,121.7,122.3,120.6,121.6,7213.223
2023-01-20T04:00:00+00:00,121.7,121.9,120.4,120.8,3698.023
2023-01-20T08:00:00+00:00,120.9,121.0,120.4,120.6,2948.84
2023-01-20T12:00:00+00:00,120.6,121.8,120.6,121.6,6532.726
2023-01-20T16:00:00+00:00,121.7,123.6,121.4,123.4,13640.42
2023-01-20T20:00:00+00:00,123.5,128.2,123.5,128.1,22487.717
2023-01-21T00:00:00+00:00,128.0,128.9,126.3,127.8,16194.744
2023-01-21T04:00:00+00:00,127.7,129.2,127.7,128.6,6538.087
2023-01-21T08:00:00+00:00,128.6,130.2,125.3,128.2,23874.613
2023-01-21T12:00:00+00:00,128.2,130.2,127.8,128.4,14434.328
2023-01-21T16:00:00+00:00,128.4,134.2,128.4,132.5,27858.621
2023-01-21T20:00:00+00:00,132.5,132.6,127.6,128.0,9538.346
2023-01-22T00:00:00+00:00,128.0,129.1,127.6,129.1,8793.898
2023-01-22T04:00:00+00:00,129.2,129.8,128.9,129.4,4772.352
2023-01-22T08:00:00+00:00,129.4,130.3,128.6,129.3,8426.871
2023-01-22T12:00:00+00:00,129.4,131.8,128.6,130.4,12727.586
2023-01-22T16:00:00+00:00,130.4,132.5,129.6,130.2,12487.458
2023-01-22T20:00:00+00:00,130.2,130.4,127.2,128.6,9183.793
2023-01-23T00:00:00+00:00,128.5,134.4,128.4,131.8,15294.658
2023-01-23T04:00:00+00:00,131.8,133.4,131.2,131.5,11873.351
2023-01-23T08:00:00+00:00,131.6,138.6,131.4,135.4,39194.417
2023-01-23T12:00:00+00:00,135.3,135.9,132.3,134.6,17204.103
2023-01-23T16:00:00+00:00,134.6,134.8,132.6,133.4,8868.295
2023-01-23T20:00:00+00:00,133.4,134.1,132.8,133.2,4300.384
2023-01-24T00:00:00+00:00,133.2,137.2,132.7,136.4,11417.605
2023-01-24T04:00:00+00:00,136.3,137.0,135.8,136.3,4746.535
2023-01-24T08:00:00+00:00,136.2,136.7,133.6,134.0,9241.754
2023-01-24T12:00:00+00:00,134.1,134.6,132.9,133.5,7270.148
2023-01-24T16:00:00+00:00,133.5,133.5,131.2,132.8,7688.973
2023-01-24T20:00:00+00:00,132.8,133.0,125.6,128.2,16989.039
2023-01-25T00:00:00+00:00,128.2,128.5,125.3,128.5,8050.354
2023-01-25T04:00:00+00:00,128.5,129.9,128.3,129.7,4896.761
2023-01-25T08:00:00+00:00,129.7,130.0,128.0,128.2,4140.854
2023-01-25T12:00:00+00:00,128.2,130.5,127.3,128.9,10208.749
2023-01-25T16:00:00+00:00,129.0,129.9,128.0,129.6,4445.323
2023-01-25T20:00:00+00:00,129.8,134.6,129.8,131.8,17248.822
2023-01-26T00:00:00+00:00,131.9,133.2,131.6,131.8,5692.152
2023-01-26T04:00:00+00:00,131.7,134.3,130.9,130.9,10200.269
2023-01-26T08:00:00+00:00,131.0,132.0,129.5,131.0,9317.664
2023-01-26T12:00:00+00:00,131.0,133.7,130.2,131.6,8275.704
2023-01-26T16:00:00+00:00,131.7,134.5,130.8,133.3,7409.447
2023-01-26T20:00:00+00:00,133.2,135.1,132.9,134.0,5470.983
2023-01-27T00:00:00+00:00,133.9,135.9,131.7,132.9,10358.917
2023-01-27T04:00:00+00:00,132.9,135.7,132.8,135.6,8348.747
2023-01-27T08:00:00+00:00,135.6,135.7,134.4,134.9,4701.552
2023-01-27T12:00:00+00:00,135.0,135.7,134.1,134.6,7411.491
2023-01-27T16:00:00+00:00,134.6,136.4,134.5,135.6,7610.789
2023-01-27T20:00:00+00:00,135.7,136.1,133.4,135.2,6168.212
2023-01-28T00:00:00+00:00,135.2,135.8,133.6,134.5,5563.909
2023-01-28T04:00:00+00:00,134.5,135.4,133.5,133.9,3688.411
2023-01-28T08:00:00+00:00,133.9,134.0,132.9,133.6,3354.389
2023-01-28T12:00:00+00:00,133.6,133.6,131.7,133.3,7332.829
2023-01-28T16:00:00+00:00,133.2,133.5,132.3,132.8,5906.333
2023-01-28T20:00:00+00:00,132.9,132.9,131.3,132.7,2688.735
2023-01-29T00:00:00+00:00,132.7,138.2,131.9,135.9,18233.849
2023-01-29T04:00:00+00:00,136.0,136.4,135.0,135.3,6724.666
2023-01-29T08:00:00+00:00,135.3,137.0,135.3,136.2,7064.963
2023-01-29T12:00:00+00:00,136.1,137.9,135.7,137.3,8228.348
2023-01-29T16:00:00+00:00,137.2,138.7,136.4,137.8,7321.781
2023-01-29T20:00:00+00:00,137.8,138.0,136.4,136.6,3675.174
2023-01-30T00:00:00+00:00,136.5,136.7,134.7,135.7,6204.237
2023-01-30T04:00:00+00:00,135.6,136.3,134.8,135.4,3419.865
2023-01-30T08:00:00+00:00,135.4,135.7,130.4,131.5,17518.66
2023-01-30T12:00:00+00:00,131.4,133.0,131.1,132.0,6600.559
2023-01-30T16:00:00+00:00,132.1,132.9,127.4,129.7,22118.289
2023-01-30T20:00:00+00:00,129.7,131.3,127.5,131.2,6354.548
2023-01-31T00:00:00+00:00,131.2,134.4,130.6,134.0,8692.084
2023-01-31T04:00:00+00:00,134.0,134.7,132.5,134.0,7684.716
2023-01-31T08:00:00+00:00,134.1,134.2,132.2,132.8,5335.93
2023-01-31T12:00:00+00:00,132.8,136.5,132.2,134.9,11220.262
2023-01-31T16:00:00+00:00,134.9,135.5,133.7,134.9,3386.161
2023-01-31T20:00:00+00:00,134.8,134.9,132.5,133.3,5925.112
2023-02-01T00:00:00+00:00,133.3,134.8,133.1,134.3,5758.123
2023-02-01T04:00:00+00:00,134.3,134.5,131.7,132.5,3941.085
2023-02-01T08:00:00+00:00,132.5,132.5,130.0,131.8,8511.949
2023-02-01T12:00:00+00:00,131.9,132.5,129.8,130.2,6328.81
2023-02-01T16:00:00+00:00,130.2,134.3,129.9,133.7,11716.125
2023-02-01T20:00:00+00:00,133.8,136.9,133.4,136.2,14293.763
2023-02-02T00:00:00+00:00,136.2,139.1,135.9,137.8,15175.49
2023-02-02T04:00:00+00:00,137.8,139.8,136.9,138.2,13304.553
2023-02-02T08:00:00+00:00,138.2,138.9,137.7,138.8,9061.099
2023-02-02T12:00:00+00:00,138.8,143.6,138.0,143.1,23593.57
2023-02-02T16:00:00+00:00,143.0,143.0,139.7,139.9,11493.302
2023-02-02T20:00:00+00:00,139.9,140.0,135.5,136.7,9775.911
2023-02-03T00:00:00+00:00,136.8,139.2,136.1,137.8,7956.257
2023-02-03T04:00:00+00:00,137.8,138.4,137.1,137.5,4763.468
2023-02-03T08:00:00+00:00,137.5,139.4,137.0,139.3,6387.354
2023-02-03T12:00:00+00:00,139.3,139.6,137.1,138.9,10871.273
2023-02-03T16:00:00+00:00,138.9,139.3,137.3,137.5,5297.866
2023-02-03T20:00:00+00:00,137.4,138.1,136.6,137.9,3972.981
2023-02-04T00:00:00+00:00,137.9,138.5,136.8,137.4,4682.745
2023-02-04T04:00:00+00:00,137.4,137.5,136.5,137.1,3578.217
2023-02-04T08:00:00+00:00,137.0,137.6,136.4,137.5,3290.343
2023-02-04T12:00:00+00:00,137.5,138.9,137.2,137.9,5974.805
2023-02-04T16:00:00+00:00,137.9,140.1,137.4,139.5,10693.748
2023-02-04T20:00:00+00:00,139.5,139.8,137.5,138.0,3271.045
2023-02-05T00:00:00+00:00,138.1,138.1,136.8,137.4,4089.026
2023-02-05T04:00:00+00:00,137.5,137.9,137.2,137.7,2599.784
2023-02-05T08:00:00+00:00,137.7,138.3,137.4,137.5,3191.973
2023-02-05T12:00:00+00:00,137.6,137.7,133.3,134.5,17598.049
2023-02-05T16:00:00+00:00,134.5,135.2,132.7,133.9,9014.69
2023-02-05T20:00:00+00:00,133.9,134.7,132.8,134.4,5585.789
2023-02-06T00:00:00+00:00,134.4,135.0,133.1,133.7,3349.137
2023-02-06T04:00:00+00:00,133.7,134.5,132.0,133.5,6341.347
2023-02-06T08:00:00+00:00,133.5,133.7,131.8,133.0,4863.576
2023-02-06T12:00:00+00:00,133.0,134.3,132.7,134.2,4570.806
2023-02-06T16:00:00+00:00,134.3,134.9,133.5,134.4,5603.099
2023-02-06T20:00:00+00:00,134.4,134.6,130.2,131.5,5061.571
2023-02-07T00:00:00+00:00,131.5,133.0,131.2,132.8,4683.406
2023-02-07T04:00:00+00:00,132.8,133.4,132.6,133.2,1777.334
2023-02-07T08:00:00+00:00,133.2,134.0,132.5,133.5,4068.953
2023-02-07T12:00:00+00:00,133.4,137.6,133.3,133.7,15382.121
2023-02-07T16:00:00+00:00,133.8,136.2,132.5,135.0,9789.74
2023-02-07T20:00:00+00:00,135.0,136.6,134.6,135.9,5484.129
2023-02-08T00:00:00+00:00,135.9,136.8,135.2,135.6,8259.773
2023-02-08T04:00:00+00:00,135.7,135.8,134.3,135.3,5267.363
2023-02-08T08:00:00+00:00,135.3,135.3,134.2,134.7,3711.699
2023-02-08T12:00:00+00:00,134.8,134.9,132.2,132.5,6492.488
2023-02-08T16:00:00+00:00,132.5,133.1,130.6,130.8,14657.419
2023-02-08T20:00:00+00:00,130.7,131.8,129.4,131.6,6122.791
2023-02-09T00:00:00+00:00,131.5,132.5,127.4,129.0,10352.175
2023-02-09T04:00:00+00:00,128.9,130.6,127.8,130.1,3316.718
2023-02-09T08:00:00+00:00,130.2,131.0,129.6,129.8,9071.165
2023-02-09T12:00:00+00:00,129.8,132.2,129.1,130.4,10132.556
2023-02-09T16:00:00+00:00,130.3,130.8,125.1,128.5,20584.45
2023-02-09T20:00:00+00:00,128.5,129.8,121.8,126.6,30933.478
2023-02-10T00:00:00+00:00,126.7,130.3,125.8,127.6,14123.491
2023-02-10T04:00:00+00:00,127.6,127.9,126.3,127.6,4684.027
2023-02-10T08:00:00+00:00,127.6,129.0,127.5,128.0,6189.367
2023-02-10T12:00:00+00:00,128.1,130.0,126.8,128.3,10260.401
2023-02-10T16:00:00+00:00,128.3,129.1,126.9,128.5,3665.555
2023-02-10T20:00:00+00:00,128.6,128.7,123.8,124.3,8408.194
2023-02-11T00:00:00+00:00,124.3,125.3,123.1,125.3,14383.216
2023-02-11T04:00:00+00:00,125.4,125.4,123.8,124.6,4016.914
2023-02-11T08:00:00+00:00,124.6,124.7,123.3,123.9,4818.435
2023-02-11T12:00:00+00:00,123.9,125.1,123.7,124.4,7127.29
2023-02-11T16:00:00+00:00,124.4,124.4,123.1,123.5,2978.406
2023-02-11T20:00:00+00:00,123.5,125.1,123.3,124.6,3847.242
2023-02-12T00:00:00+00:00,124.7,125.1,124.1,124.6,4497.247
2023-02-12T04:00:00+00:00,124.6,125.0,124.3,124.6,2592.892
2023-02-12T08:00:00+00:00,124.6,125.9,124.4,125.3,5820.844
2023-02-12T12:00:00+00:00,125.3,125.7,124.5,125.6,3168.688
2023-02-12T16:00:00+00:00,125.7,126.7,125.5,125.7,5679.518
2023-02-12T20:00:00+00:00,125.8,126.1,121.2,122.9,8544.862
2023-02-13T00:00:00+00:00,122.8,123.8,121.2,123.1,27731.548
2023-02-13T04:00:00+00:00,123.2,124.7,123.0,124.1,4470.255
2023-02-13T08:00:00+00:00,124.1,124.1,119.7,122.0,12779.853
2023-02-13T12:00:00+00:00,122.0,122.7,121.5,121.7,8135.233
2023-02-13T16:00:00+00:00,121.7,123.1,120.5,122.8,6534.871
2023-02-13T20:00:00+00:00,122.9,124.1,122.5,123.8,4885.794
2023-02-14T00:00:00+00:00,123.9,125.0,123.6,124.2,5924.744
2023-02-14T04:00:00+00:00,124.3,125.2,124.1,124.3,9729.801
2023-02-14T08:00:00+00:00,124.4,125.8,123.8,124.9,6151.302
2023-02-14T12:00:00+00:00,124.9,126.7,122.8,125.0,15254.441
2023-02-14T16:00:00+00:00,124.9,127.2,123.9,126.7,11134.151
2023-02-14T20:00:00+00:00,126.7,127.0,125.9,126.7,2844.914
2023-02-15T00:00:00+00:00,126.7,127.0,125.4,126.8,5039.254
2023-02-15T04:00:00+00:00,126.8,127.0,125.2,125.3,9069.589
2023-02-15T08:00:00+00:00,125.3,127.5,125.1,127.4,4400.954
2023-02-15T12:00:00+00:00,127.4,128.9,126.5,127.8,16705.203
2023-02-15T16:00:00+00:00,127.8,132.1,127.0,131.8,12532.898
2023-02-15T20:00:00+00:00,131.8,135.4,131.4,134.8,16735.724
2023-02-16T00:00:00+00:00,134.8,135.7,133.6,135.2,12218.165
2023-02-16T04:00:00+00:00,135.3,135.8,133.8,134.4,10096.611
2023-02-16T08:00:00+00:00,134.3,134.9,133.5,133.9,4930.103
2023-02-16T12:00:00+00:00,133.9,135.1,131.8,134.9,10678.831
2023-02-16T16:00:00+00:00,135.0,135.7,133.0,134.0,7760.847
2023-02-16T20:00:00+00:00,133.9,134.1,127.6,128.0,16058.617
2023-02-17T00:00:00+00:00,127.9,130.2,127.5,129.7,8174.725
2023-02-17T04:00:00+00:00,129.7,130.0,128.7,129.1,8719.99
2023-02-17T08:00:00+00:00,129.2,130.1,128.8,129.7,7471.368
2023-02-17T12:00:00+00:00,129.8,131.6,129.2,130.8,8766.605
2023-02-17T16:00:00+00:00,130.8,134.5,129.8,133.7,10126.08
2023-02-17T20:00:00+00:00,133.8,134.7,131.8,133.4,8099.317
2023-02-18T00:00:00+00:00,133.4,134.9,133.3,134.3,7613.929
2023-02-18T04:00:00+00:00,134.3,134.7,133.4,133.7,6402.952
2023-02-18T08:00:00+00:00,133.9,134.9,133.2,134.1,4956.233
2023-02-18T12:00:00+00:00,134.1,138.8,134.0,137.3,17538.423
2023-02-18T16:00:00+00:00,137.3,137.6,135.0,135.5,4082.054
2023-02-18T20:00:00+00:00,135.4,136.4,134.3,136.2,5657.841
2023-02-19T00:00:00+00:00,136.2,137.5,135.4,136.1,6579.367
2023-02-19T04:00:00+00:00,136.1,137.2,135.0,135.1,4506.85
2023-02-19T08:00:00+00:00,135.2,140.8,134.8,138.3,18204.614
2023-02-19T12:00:00+00:00,138.4,141.1,137.8,140.3,12875.702
2023-02-19T16:00:00+00:00,140.3,140.4,135.7,136.0,10851.931
2023-02-19T20:00:00+00:00,135.9,137.0,134.6,136.0,5933.911
2023-02-20T00:00:00+00:00,136.1,138.5,133.2,138.4,7544.276
2023-02-20T04:00:00+00:00,138.4,149.1,137.9,146.5,48632.018
2023-02-20T08:00:00+00:00,146.5,147.6,143.2,146.9,24546.32
2023-02-20T12:00:00+00:00,146.8,147.4,144.4,147.0,16719.497
2023-02-20T16:00:00+00:00,147.0,147.0,142.7,143.5,17228.744
2023-02-20T20:00:00+00:00,143.4,145.5,143.1,145.1,8812.013
2023-02-21T00:00:00+00:00,145.0,154.4,144.6,150.0,44155.199
2023-02-21T04:00:00+00:00,150.0,152.7,148.4,152.4,21219.432
2023-02-21T08:00:00+00:00,152.5,153.2,146.6,148.9,30821.842
2023-02-21T12:00:00+00:00,148.9,152.6,144.9,146.2,35015.09
2023-02-21T16:00:00+00:00,146.2,148.0,145.1,145.7,7513.627
2023-02-21T20:00:00+00:00,145.6,145.9,142.7,145.3,5652.688
2023-02-22T00:00:00+00:00,145.3,145.7,140.2,143.1,12238.445
2023-02-22T04:00:00+00:00,143.1,143.4,140.2,141.2,9163.785
2023-02-22T08:00:00+00:00,141.2,141.3,138.3,140.2,11125.649
2023-02-22T12:00:00+00:00,140.2,141.2,136.8,137.8,8818.164
2023-02-22T16:00:00+00:00,137.8,140.3,137.7,139.7,5802.027
2023-02-22T20:00:00+00:00,139.7,142.1,139.1,142.0,2729.947
2023-02-23T00:00:00+00:00,141.9,143.8,140.9,142.7,9565.777
2023-02-23T04:00:00+00:00,142.7,143.6,141.9,142.9,4037.758
2023-02-23T08:00:00+00:00,142.9,143.4,137.8,138.6,8666.68
2023-02-23T12:00:00+00:00,138.6,142.2,137.7,139.4,7973.864
2023-02-23T16:00:00+00:00,139.5,139.9,137.8,139.3,3939.628
2023-02-23T20:00:00+00:00,139.4,139.9,137.4,138.8,2877.44
2023-02-24T00:00:00+00:00,138.7,139.7,137.7,137.8,3743.33
2023-02-24T04:00:00+00:00,137.8,138.3,137.1,137.8,2617.564
2023-02-24T08:00:00+00:00,137.8,138.2,135.6,136.8,4362.227
2023-02-24T12:00:00+00:00,136.9,137.6,132.6,133.4,9792.194
2023-02-24T16:00:00+00:00,133.3,133.4,130.5,132.4,14141.145
2023-02-24T20:00:00+00:00,132.4,133.3,130.4,132.7,4817.366
2023-02-25T00:00:00+00:00,132.7,133.2,131.5,131.6,4236.466
2023-02-25T04:00:00+00:00,131.6,133.0,131.1,132.8,2955.987
2023-02-25T08:00:00+00:00,132.8,135.0,132.3,133.4,13558.478
2023-02-25T12:00:00+00:00,133.5,134.7,132.4,134.0,6311.953
2023-02-25T16:00:00+00:00,133.9,135.6,131.6,132.6,5454.464
2023-02-25T20:00:00+00:00,132.6,133.6,129.5,133.2,7121.413
2023-02-26T00:00:00+00:00,133.1,134.4,132.2,134.0,3496.968
2023-02-26T04:00:00+00:00,134.0,134.2,133.0,133.7,2355.167
2023-02-26T08:00:00+00:00,133.7,134.8,133.2,134.8,4598.641
2023-02-26T12:00:00+00:00,134.8,136.4,133.8,135.3,9399.709
2023-02-26T16:00:00+00:00,135.3,137.1,134.2,136.8,4167.291
2023-02-26T20:00:00+00:00,136.9,137.5,135.4,136.3,3851.694
2023-02-27T00:00:00+00:00,136.3,136.9,135.5,135.9,2553.347
2023-02-27T04:00:00+00:00,135.8,138.2,134.4,136.4,7740.217
2023-02-27T08:00:00+00:00,136.4,136.6,134.1,136.1,7686.708
2023-02-27T12:00:00+00:00,136.0,138.2,135.4,136.7,7489.744
2023-02-27T16:00:00+00:00,136.7,137.0,133.3,134.3,5223.341
2023-02-27T20:00:00+00:00,134.3,135.5,133.7,135.2,3034.102
2023-02-28T00:00:00+00:00,135.2,135.3,134.2,134.7,2471.291
2023-02-28T04:00:00+00:00,134.8,134.9,131.7,132.0,9265.165
2023-02-28T08:00:00+00:00,131.9,133.0,131.6,132.8,3742.91
2023-02-28T12:00:00+00:00,132.7,133.9,132.3,133.4,8989.733
2023-02-28T16:00:00+00:00,133.5,134.2,132.5,132.5,9427.209
2023-02-28T20:00:00+00:00,132.5,133.0,130.5,132.0,3742.199
2023-03-01T00:00:00+00:00,132.0,134.3,131.7,133.9,4520.295
2023-03-01T04:00:00+00:00,133.8,135.9,133.6,135.0,3721.491
2023-03-01T08:00:00+00:00,134.9,135.7,134.1,134.3,5997.477
2023-03-01T12:00:00+00:00,134.3,135.2,133.3,134.5,7301.656
2023-03-01T16:00:00+00:00,134.5,134.5,132.4,132.8,5984.086
2023-03-01T20:00:00+00:00,132.8,134.4,132.6,134.3,2289.264
2023-03-02T00:00:00+00:00,134.3,134.8,132.3,132.9,4627.904
2023-03-02T04:00:00+00:00,132.8,133.6,132.1,132.7,3516.208
2023-03-02T08:00:00+00:00,132.7,132.9,131.8,132.4,3044.535
2023-03-02T12:00:00+00:00,132.5,132.7,130.7,131.6,8087.442
2023-03-02T16:00:00+00:00,131.6,132.1,129.8,131.8,10345.987
2023-03-02T20:00:00+00:00,131.8,132.3,131.2,131.8,3071.223
2023-03-03T00:00:00+00:00,131.9,131.9,120.0,124.2,26221.925
2023-03-03T04:00:00+00:00,124.1,125.2,124.0,124.8,6939.862
2023-03-03T08:00:00+00:00,124.9,125.6,124.8,125.1,5483.725
2023-03-03T12:00:00+00:00,125.0,126.2,124.6,125.2,6920.476
2023-03-03T16:00:00+00:00,125.1,126.0,125.0,125.6,2630.522
2023-03-03T20:00:00+00:00,125.6,126.4,124.4,126.4,2831.63
2023-03-04T00:00:00+00:00,126.3,127.2,125.8,126.1,4998.68
2023-03-04T04:00:00+00:00,126.0,126.4,125.1,125.9,2080.544
2023-03-04T08:00:00+00:00,125.9,126.3,125.6,126.2,1818.819
2023-03-04T12:00:00+00:00,126.2,126.8,125.9,126.0,3367.346
2023-03-04T16:00:00+00:00,126.0,126.3,124.1,124.4,3830.819
2023-03-04T20:00:00+00:00,124.5,124.6,122.3,124.4,5723.597
2023-03-05T00:00:00+00:00,124.3,126.5,123.9,125.7,5043.683
2023-03-05T04:00:00+00:00,125.8,126.3,125.0,125.1,1697.418
2023-03-05T08:00:00+00:00,125.2,125.5,124.6,125.3,1725.888
2023-03-05T12:00:00+00:00,125.3,125.7,124.9,125.0,2194.161
2023-03-05T16:00:00+00:00,124.9,125.1,124.5,124.6,1396.338
2023-03-05T20:00:00+00:00,124.6,125.2,123.2,124.0,2735.605
2023-03-06T00:00:00+00:00,124.0,124.3,122.1,123.2,5351.71
2023-03-06T04:00:00+00:00,123.1,123.4,122.3,123.0,2385.175
2023-03-06T08:00:00+00:00,123.0,124.1,122.4,123.4,4020.115
2023-03-06T12:00:00+00:00,123.4,125.0,123.2,124.5,5265.96
2023-03-06T16:00:00+00:00,124.5,125.0,123.4,123.6,2673.208
2023-03-06T20:00:00+00:00,123.6,124.5,123.4,124.2,2916.031
2023-03-07T00:00:00+00:00,124.2,126.0,123.8,125.0,4059.854
2023-03-07T04:00:00+00:00,125.0,125.7,124.8,124.8,1872.758
2023-03-07T08:00:00+00:00,124.7,124.9,123.2,123.3,2794.698
2023-03-07T12:00:00+00:00,123.3,123.7,120.6,122.7,9459.982
2023-03-07T16:00:00+00:00,122.8,123.7,121.7,122.5,5634.574
2023-03-07T20:00:00+00:00,122.5,122.6,120.0,122.1,4747.184
2023-03-08T00:00:00+00:00,122.2,122.6,121.0,121.5,2742.231
2023-03-08T04:00:00+00:00,121.5,121.7,119.3,119.8,5725.155
2023-03-08T08:00:00+00:00,119.8,121.3,119.5,120.9,8451.547
2023-03-08T12:00:00+00:00,121.0,121.3,117.6,120.0,10083.903
2023-03-08T16:00:00+00:00,120.0,120.2,117.9,118.7,4364.762
2023-03-08T20:00:00+00:00,118.6,119.9,114.5,116.6,11127.361
2023-03-09T00:00:00+00:00,116.6,118.0,116.3,117.9,5584.554
2023-03-09T04:00:00+00:00,118.0,118.1,116.8,117.0,2942.165
2023-03-09T08:00:00+00:00,117.1,117.3,116.1,117.0,4049.581
2023-03-09T12:00:00+00:00,117.0,118.4,116.3,117.4,3555.959
2023-03-09T16:00:00+00:00,117.4,117.8,112.2,112.8,10623.514
2023-03-09T20:00:00+00:00,112.8,112.9,106.4,110.2,25012.526
2023-03-10T00:00:00+00:00,110.3,110.4,107.5,109.0,8803.645
2023-03-10T04:00:00+00:00,109.0,109.6,107.6,109.0,7931.348
2023-03-10T08:00:00+00:00,109.0,109.2,105.1,107.5,15322.015
2023-03-10T12:00:00+00:00,107.5,111.0,107.1,109.7,17227.779
2023-03-10T16:00:00+00:00,109.6,111.1,108.8,110.3,7062.206
2023-03-10T20:00:00+00:00,110.3,111.9,109.4,111.5,6216.893
2023-03-11T00:00:00+00:00,111.5,115.1,111.2,113.0,18760.731
2023-03-11T04:00:00+00:00,112.9,113.3,107.2,108.8,11651.715
2023-03-11T08:00:00+00:00,108.8,110.3,107.8,108.8,15086.42
2023-03-11T12:00:00+00:00,108.8,110.2,108.7,109.0,7813.287
2023-03-11T16:00:00+00:00,109.0,112.2,108.5,112.1,7096.312
2023-03-11T20:00:00+00:00,112.2,113.7,112.2,113.6,7096.271
2023-03-12T00:00:00+00:00,113.6,114.1,112.5,112.8,7284.422
2023-03-12T04:00:00+00:00,112.8,114.6,112.0,112.3,6532.192
2023-03-12T08:00:00+00:00,112.3,113.7,112.2,113.2,4312.335
2023-03-12T12:00:00+00:00,113.2,113.8,112.3,113.0,6351.188
2023-03-12T16:00:00+00:00,113.0,118.0,112.9,116.8,15435.094
2023-03-12T20:00:00+00:00,116.8,120.9,116.8,120.2,12444.362
2023-03-13T00:00:00+00:00,120.3,122.0,119.4,119.6,12786.427
2023-03-13T04:00:00+00:00,119.7,122.9,119.4,122.1,8219.762
2023-03-13T08:00:00+00:00,122.0,122.5,119.1,120.9,12424.982
2023-03-13T12:00:00+00:00,120.9,128.1,120.2,126.6,32637.324
2023-03-13T16:00:00+00:00,126.8,127.7,125.6,126.5,17940.815
2023-03-13T20:00:00+00:00,126.6,127.2,125.6,126.6,7691.866
2023-03-14T00:00:00+00:00,126.6,127.7,126.2,126.9,10380.642
2023-03-14T04:00:00+00:00,126.9,127.5,125.6,126.5,6414.062
2023-03-14T08:00:00+00:00,126.5,127.7,125.2,126.9,9190.441
2023-03-14T12:00:00+00:00,127.0,136.1,126.8,135.3,36288.855
2023-03-14T16:00:00+00:00,135.3,135.6,129.0,131.7,20226.269
2023-03-14T20:00:00+00:00,131.8,140.0,127.7,131.0,14782.735
2023-03-15T00:00:00+00:00,131.0,132.7,129.7,132.4,7278.642
2023-03-15T04:00:00+00:00,132.5,133.8,131.8,132.6,5804.43
2023-03-15T08:00:00+00:00,132.6,132.7,128.1,130.0,7816.572
2023-03-15T12:00:00+00:00,130.0,131.4,125.2,125.9,14897.529
2023-03-15T16:00:00+00:00,126.0,126.4,122.0,123.8,17625.124
2023-03-15T20:00:00+00:00,123.8,124.6,122.5,123.2,11972.292
2023-03-16T00:00:00+00:00,123.1,124.4,122.2,123.1,10045.075
2023-03-16T04:00:00+00:00,123.2,125.3,122.2,125.1,9714.073
2023-03-16T08:00:00+00:00,125.1,126.4,124.0,125.6,9502.792
2023-03-16T12:00:00+00:00,125.7,126.3,122.9,125.8,6186.144
2023-03-16T16:00:00+00:00,125.9,127.0,124.6,126.0,5899.159
2023-03-16T20:00:00+00:00,126.0,126.2,124.2,125.8,8230.697
2023-03-17T00:00:00+00:00,125.7,129.1,124.8,128.3,8508.115
2023-03-17T04:00:00+00:00,128.3,129.6,127.2,128.8,12777.704
2023-03-17T08:00:00+00:00,128.8,133.4,128.4,132.8,12559.784
2023-03-17T12:00:00+00:00,132.8,132.9,129.0,130.2,11327.48
2023-03-17T16:00:00+00:00,130.2,132.7,129.9,132.6,4297.413
2023-03-17T20:00:00+00:00,132.7,135.7,131.4,135.5,7275.682
2023-03-18T00:00:00+00:00,135.5,138.0,134.3,137.1,12054.43
2023-03-18T04:00:00+00:00,137.1,137.3,135.8,136.5,5019.269
2023-03-18T08:00:00+00:00,136.5,136.5,134.1,135.9,7218.203
2023-03-18T12:00:00+00:00,135.9,136.1,132.1,132.7,8468.372
2023-03-18T16:00:00+00:00,132.7,134.3,130.2,133.2,11205.778
2023-03-18T20:00:00+00:00,133.2,134.0,130.4,131.1,3703.398
2023-03-19T00:00:00+00:00,131.0,134.1,131.0,133.9,4078.376
2023-03-19T04:00:00+00:00,133.8,134.1,132.1,133.2,2860.001
2023-03-19T08:00:00+00:00,133.2,134.7,132.2,134.5,3610.021
2023-03-19T12:00:00+00:00,134.5,136.5,133.9,135.1,7540.337
2023-03-19T16:00:00+00:00,135.1,136.9,134.7,135.7,8547.462
2023-03-19T20:00:00+00:00,135.7,136.3,134.0,135.7,5261.357
2023-03-20T00:00:00+00:00,135.8,139.5,132.5,133.2,13635.13
2023-03-20T04:00:00+00:00,133.1,135.4,131.9,135.3,6381.702
2023-03-20T08:00:00+00:00,135.4,137.6,134.0,134.1,9443.179
2023-03-20T12:00:00+00:00,134.0,135.4,133.1,133.2,6336.352
2023-03-20T16:00:00+00:00,133.2,133.8,129.5,130.7,13712.174
2023-03-20T20:00:00+00:00,130.7,132.3,129.7,130.3,4206.619
2023-03-21T00:00:00+00:00,130.3,132.3,130.0,131.4,8329.514
2023-03-21T04:00:00+00:00,131.4,131.5,126.7,126.8,12805.945
2023-03-21T08:00:00+00:00,126.9,129.6,125.6,129.5,17880.969
2023-03-21T12:00:00+00:00,129.5,134.2,129.2,132.2,9944.015
2023-03-21T16:00:00+00:00,132.3,133.9,130.8,133.6,10700.469
2023-03-21T20:00:00+00:00,133.6,134.7,132.5,134.0,8732.789
2023-03-22T00:00:00+00:00,134.0,134.2,131.6,132.9,9352.282
2023-03-22T04:00:00+00:00,133.0,133.5,131.5,132.3,3734.462
2023-03-22T08:00:00+00:00,132.2,133.2,131.1,132.0,5638.296
2023-03-22T12:00:00+00:00,132.0,134.2,131.4,132.1,12601.477
2023-03-22T16:00:00+00:00,132.1,132.2,122.8,124.0,30215.345
2023-03-22T20:00:00+00:00,124.0,126.2,123.3,125.9,15232.518
2023-03-23T00:00:00+00:00,126.0,126.6,124.4,125.1,17249.62
2023-03-23T04:00:00+00:00,125.1,127.9,125.0,127.7,8360.656
2023-03-23T08:00:00+00:00,127.7,129.1,127.4,128.6,10054.566
2023-03-23T12:00:00+00:00,128.6,131.1,126.4,130.1,20066.841
2023-03-23T16:00:00+00:00,130.1,131.1,126.1,127.6,25553.594
2023-03-23T20:00:00+00:00,127.6,128.9,126.9,128.6,6758.874
2023-03-24T00:00:00+00:00,128.7,129.2,128.1,128.5,4403.982
2023-03-24T04:00:00+00:00,128.4,131.9,127.7,131.3,11654.567
2023-03-24T08:00:00+00:00,131.4,131.8,126.2,126.8,16746.077
2023-03-24T12:00:00+00:00,126.8,126.9,123.8,124.9,28944.246
2023-03-24T16:00:00+00:00,124.9,125.7,121.5,125.1,14486.682
2023-03-24T20:00:00+00:00,125.1,125.2,122.1,123.7,5110.147
2023-03-25T00:00:00+00:00,123.8,125.8,123.7,125.4,4890.875
2023-03-25T04:00:00+00:00,125.4,125.9,124.8,124.9,4369.9
2023-03-25T08:00:00+00:00,124.9,125.7,123.5,125.5,3618.016
2023-03-25T12:00:00+00:00,125.5,127.5,124.9,126.6,10220.918
2023-03-25T16:00:00+00:00,126.7,126.9,123.2,123.4,7199.429
2023-03-25T20:00:00+00:00,123.4,125.2,123.2,125.2,2479.287
2023-03-26T00:00:00+00:00,125.1,125.7,124.5,125.1,2530.851
2023-03-26T04:00:00+00:00,125.0,125.6,124.8,125.1,2434.486
2023-03-26T08:00:00+00:00,125.1,126.6,124.9,125.8,6452.323
2023-03-26T12:00:00+00:00,125.9,127.1,124.6,125.0,5662.866
2023-03-26T16:00:00+00:00,125.0,125.2,124.1,124.5,3722.389
2023-03-26T20:00:00+00:00,124.6,125.3,123.6,124.7,6841.64
2023-03-27T00:00:00+00:00,124.7,125.0,123.3,124.1,5344.769
2023-03-27T04:00:00+00:00,124.0,124.3,122.3,122.5,6960.324
2023-03-27T08:00:00+00:00,122.6,123.4,121.9,123.4,13772.655
2023-03-27T12:00:00+00:00,123.3,123.6,116.6,118.7,19679.815
2023-03-27T16:00:00+00:00,118.8,119.9,118.4,118.6,14808.981
2023-03-27T20:00:00+00:00,118.6,120.5,118.4,120.4,4047.61
2023-03-28T00:00:00+00:00,120.4,121.3,119.9,120.0,8075.504
2023-03-28T04:00:00+00:00,120.0,122.3,120.0,120.9,11043.052
2023-03-28T08:00:00+00:00,121.0,121.0,119.1,120.5,10619.423
2023-03-28T12:00:00+00:00,120.5,121.7,119.8,120.5,11478.222
2023-03-28T16:00:00+00:00,120.5,122.2,119.1,121.8,9592.843
2023-03-28T20:00:00+00:00,121.8,121.9,120.0,120.9,8331.637
2023-03-29T00:00:00+00:00,120.9,121.4,120.4,121.0,6784.79
2023-03-29T04:00:00+00:00,121.0,123.3,120.7,123.0,11471.867
2023-03-29T08:00:00+00:00,122.9,124.7,122.6,124.5,15151.513
2023-03-29T12:00:00+00:00,124.4,124.8,122.9,124.3,8862.318
2023-03-29T16:00:00+00:00,124.3,124.3,123.1,124.0,7929.231
2023-03-29T20:00:00+00:00,123.9,124.0,122.1,123.3,7826.294
2023-03-30T00:00:00+00:00,123.3,125.3,121.4,122.8,18067.275
2023-03-30T04:00:00+00:00,122.8,124.2,122.4,123.4,7691.438
2023-03-30T08:00:00+00:00,123.4,123.4,121.6,123.1,8637.935
2023-03-30T12:00:00+00:00,123.2,123.2,121.7,121.9,9883.437
2023-03-30T16:00:00+00:00,121.8,121.9,119.0,119.9,12116.257
2023-03-30T20:00:00+00:00,119.9,121.2,119.4,121.1,4864.051
2023-03-31T00:00:00+00:00,121.1,122.6,120.5,122.0,4490.499
2023-03-31T04:00:00+00:00,122.0,122.3,120.1,121.0,6134.766
2023-03-31T08:00:00+00:00,121.0,122.2,120.9,122.0,4358.64
2023-03-31T12:00:00+00:00,122.0,124.5,121.8,123.6,9627.39
2023-03-31T16:00:00+00:00,123.6,124.6,123.1,124.2,5578.463
2023-03-31T20:00:00+00:00,124.2,124.5,123.3,123.9,2872.701
2023-04-01T00:00:00+00:00,123.9,125.8,123.9,125.3,5645.457
2023-04-01T04:00:00+00:00,125.3,125.9,124.1,124.5,7095.204
2023-04-01T08:00:00+00:00,124.6,125.5,124.2,124.6,3196.454
2023-04-01T12:00:00+00:00,124.6,124.9,123.4,123.8,7590.105
2023-04-01T16:00:00+00:00,123.9,126.0,123.6,125.5,9568.385
2023-04-01T20:00:00+00:00,125.5,127.6,125.3,126.1,6970.225
2023-04-02T00:00:00+00:00,126.1,126.5,125.2,125.9,4263.583
2023-04-02T04:00:00+00:00,125.9,126.1,125.1,125.3,4980.701
2023-04-02T08:00:00+00:00,125.3,125.9,125.0,125.1,3346.63
2023-04-02T12:00:00+00:00,125.1,125.1,122.1,122.6,8673.161
2023-04-02T16:00:00+00:00,122.6,123.2,121.2,121.6,6614.972
2023-04-02T20:00:00+00:00,121.6,123.2,121.5,123.0,4841.418
2023-04-03T00:00:00+00:00,123.0,125.5,119.5,124.6,16935.862
2023-04-03T04:00:00+00:00,124.5,128.4,122.8,127.5,22642.266
2023-04-03T08:00:00+00:00,127.6,129.7,126.9,127.3,30328.659
2023-04-03T12:00:00+00:00,127.3,129.0,125.8,127.1,20304.573
2023-04-03T16:00:00+00:00,127.1,129.4,126.4,128.2,15272.675
2023-04-03T20:00:00+00:00,128.2,128.9,124.4,127.8,12200.705
2023-04-04T00:00:00+00:00,127.8,128.3,126.8,127.5,6446.946
2023-04-04T04:00:00+00:00,127.5,128.1,126.1,126.4,10171.964
2023-04-04T08:00:00+00:00,126.5,127.9,125.9,127.7,10320.487
2023-04-04T12:00:00+00:00,127.7,128.2,126.3,127.0,14734.432
2023-04-04T16:00:00+00:00,127.1,127.4,126.8,127.4,5306.221
2023-04-04T20:00:00+00:00,127.4,128.1,126.5,127.1,2828.419
2023-04-05T00:00:00+00:00,127.1,129.3,126.1,128.8,9843.12
2023-04-05T04:00:00+00:00,128.8,129.2,128.4,128.8,5936.167
2023-04-05T08:00:00+00:00,128.9,130.0,128.1,129.5,6627.681
2023-04-05T12:00:00+00:00,129.5,129.7,125.2,126.6,18456.255
2023-04-05T16:00:00+00:00,126.6,127.7,125.9,127.3,5950.136
2023-04-05T20:00:00+00:00,127.4,127.6,126.8,127.2,3163.364
2023-04-06T00:00:00+00:00,127.3,127.3,124.8,126.8,5219.208
2023-04-06T04:00:00+00:00,126.8,127.1,125.8,125.8,3773.765
2023-04-06T08:00:00+00:00,125.8,126.8,125.2,126.2,5278.683
2023-04-06T12:00:00+00:00,126.2,127.6,125.1,126.9,3786.037
2023-04-06T16:00:00+00:00,127.0,127.2,126.1,126.5,2816.511
2023-04-06T20:00:00+00:00,126.5,126.8,125.3,126.0,2278.148
2023-04-07T00:00:00+00:00,126.1,126.6,125.2,125.8,4081.571
2023-04-07T04:00:00+00:00,125.8,126.3,124.2,124.3,9973.255
2023-04-07T08:00:00+00:00,124.3,124.6,123.2,123.5,6881.628
2023-04-07T12:00:00+00:00,123.5,124.7,123.2,124.6,3684.028
2023-04-07T16:00:00+00:00,124.6,124.7,123.8,124.3,1651.802
2023-04-07T20:00:00+00:00,124.2,124.8,123.9,124.5,1591.935
2023-04-08T00:00:00+00:00,124.5,124.7,123.5,124.3,4883.498
2023-04-08T04:00:00+00:00,124.4,125.2,124.1,124.8,2983.171
2023-04-08T08:00:00+00:00,124.8,125.1,124.1,124.3,2772.78
2023-04-08T12:00:00+00:00,124.3,124.9,124.0,124.6,2247.244
2023-04-08T16:00:00+00:00,124.6,124.7,122.8,123.4,2460.895
2023-04-08T20:00:00+00:00,123.3,123.9,122.9,123.8,2604.188
2023-04-09T00:00:00+00:00,123.7,124.8,123.6,124.5,2397.149
2023-04-09T04:00:00+00:00,124.5,124.9,123.3,123.9,3080.166
2023-04-09T08:00:00+00:00,123.9,124.3,123.6,124.2,1658.185
2023-04-09T12:00:00+00:00,124.3,124.9,123.7,124.2,3054.886
2023-04-09T16:00:00+00:00,124.3,125.0,123.7,124.9,2524.225
2023-04-09T20:00:00+00:00,124.9,126.4,124.8,125.6,4749.826
2023-04-10T00:00:00+00:00,125.5,126.1,124.0,124.8,3298.97
2023-04-10T04:00:00+00:00,124.8,125.4,124.3,125.4,4697.577
2023-04-10T08:00:00+00:00,125.4,126.0,125.2,125.2,2820.035
2023-04-10T12:00:00+00:00,125.3,125.5,124.4,125.2,3287.896
2023-04-10T16:00:00+00:00,125.1,127.5,124.5,127.2,10628.794
2023-04-10T20:00:00+00:00,127.3,128.7,126.3,128.0,7326.332
2023-04-11T00:00:00+00:00,128.0,129.5,127.4,128.7,7263.807
2023-04-11T04:00:00+00:00,128.8,130.0,128.5,129.4,7917.465
2023-04-11T08:00:00+00:00,129.5,129.6,128.6,128.8,7302.491
2023-04-11T12:00:00+00:00,128.8,129.3,127.8,128.8,7383.695
2023-04-11T16:00:00+00:00,128.9,130.7,128.8,129.0,7422.135
2023-04-11T20:00:00+00:00,129.0,129.7,128.3,129.1,5779.927
2023-04-12T00:00:00+00:00,129.1,129.7,125.5,126.0,10924.437
2023-04-12T04:00:00+00:00,126.0,127.8,125.7,127.5,4371.115
2023-04-12T08:00:00+00:00,127.5,127.6,126.6,127.1,2838.075
2023-04-12T12:00:00+00:00,127.1,129.9,125.4,128.8,15840.651
2023-04-12T16:00:00+00:00,128.9,129.1,127.9,128.3,5737.124
2023-04-12T20:00:00+00:00,128.3,129.3,128.2,128.7,3281.196
2023-04-13T00:00:00+00:00,128.8,129.1,128.0,128.5,2993.93
2023-04-13T04:00:00+00:00,128.5,129.1,128.3,128.9,3833.789
2023-04-13T08:00:00+00:00,128.8,131.0,128.7,130.2,19329.633
2023-04-13T12:00:00+00:00,130.3,131.8,130.3,131.1,12140.378
2023-04-13T16:00:00+00:00,131.1,132.6,130.6,131.0,9094.883
2023-04-13T20:00:00+00:00,131.0,131.2,130.3,131.1,4794.231
2023-04-14T00:00:00+00:00,131.1,134.4,131.0,133.4,15719.825
2023-04-14T04:00:00+00:00,133.4,134.2,132.0,132.6,13261.029
2023-04-14T08:00:00+00:00,132.7,133.7,132.1,133.4,7862.178
2023-04-14T12:00:00+00:00,133.4,133.6,129.0,129.2,11715.747
2023-04-14T16:00:00+00:00,129.2,132.1,128.9,132.0,5989.875
2023-04-14T20:00:00+00:00,132.0,133.2,131.7,132.2,5822.755
2023-04-15T00:00:00+00:00,132.2,132.8,130.7,131.2,8468.285
2023-04-15T04:00:00+00:00,131.3,132.1,130.7,131.9,9571.871
2023-04-15T08:00:00+00:00,131.9,133.0,131.7,132.7,5810.238
2023-04-15T12:00:00+00:00,132.7,133.0,131.6,132.1,6073.499
2023-04-15T16:00:00+00:00,132.1,132.9,131.6,132.9,2741.677
2023-04-15T20:00:00+00:00,132.9,133.6,132.0,132.5,4783.261
2023-04-16T00:00:00+00:00,132.5,132.9,131.1,132.1,4951.264
2023-04-16T04:00:00+00:00,132.1,133.7,132.0,133.2,6420.237
2023-04-16T08:00:00+00:00,133.3,133.9,132.8,133.0,5229.006
2023-04-16T12:00:00+00:00,133.1,135.3,132.7,135.2,8570.403
2023-04-16T16:00:00+00:00,135.2,136.1,134.5,135.1,8111.719
2023-04-16T20:00:00+00:00,135.0,135.9,134.0,134.4,6717.906
2023-04-17T00:00:00+00:00,134.3,134.5,131.4,133.3,8916.936
2023-04-17T04:00:00+00:00,133.3,133.6,132.4,132.7,4100.923
2023-04-17T08:00:00+00:00,132.7,133.3,131.3,132.0,6021.132
2023-04-17T12:00:00+00:00,132.0,132.3,130.2,130.8,12689.767
2023-04-17T16:00:00+00:00,130.8,132.1,130.7,131.9,4884.0
2023-04-17T20:00:00+00:00,131.9,132.0,131.1,131.5,3377.574
2023-04-18T00:00:00+00:00,131.5,132.5,130.3,132.3,4344.551
2023-04-18T04:00:00+00:00,132.2,133.2,132.1,133.1,6522.713
2023-04-18T08:00:00+00:00,133.1,134.2,132.7,134.0,5300.119
2023-04-18T12:00:00+00:00,134.1,134.2,131.9,132.7,9850.604
2023-04-18T16:00:00+00:00,132.7,133.4,131.5,132.3,4096.039
2023-04-18T20:00:00+00:00,132.2,133.8,131.8,133.6,3794.801
2023-04-19T00:00:00+00:00,133.6,133.9,132.8,133.3,3940.766
2023-04-19T04:00:00+00:00,133.2,133.5,132.1,132.5,5278.288
2023-04-19T08:00:00+00:00,132.5,132.5,123.9,127.1,33336.174
2023-04-19T12:00:00+00:00,127.0,128.3,126.5,127.2,14219.29
2023-04-19T16:00:00+00:00,127.2,127.8,126.2,126.5,6359.941
2023-04-19T20:00:00+00:00,126.4,127.2,122.6,124.9,13982.953
2023-04-20T00:00:00+00:00,124.8,126.5,124.4,126.3,5540.163
2023-04-20T04:00:00+00:00,126.4,126.5,125.2,125.3,4543.805
2023-04-20T08:00:00+00:00,125.4,126.2,125.0,125.1,4948.23
2023-04-20T12:00:00+00:00,125.1,126.9,123.7,124.0,6685.445
2023-04-20T16:00:00+00:00,123.9,124.1,121.4,122.0,12872.689
2023-04-20T20:00:00+00:00,121.9,123.4,121.8,123.2,4822.175
2023-04-21T00:00:00+00:00,123.1,124.0,122.8,123.8,4315.032
2023-04-21T04:00:00+00:00,123.8,124.0,121.4,123.2,5595.793
2023-04-21T08:00:00+00:00,123.3,123.7,122.2,122.6,4129.034
2023-04-21T12:00:00+00:00,122.5,123.8,121.5,123.0,5751.74
2023-04-21T16:00:00+00:00,123.0,125.1,118.8,119.9,16578.196
2023-04-21T20:00:00+00:00,119.8,120.1,118.3,119.8,8270.351
2023-04-22T00:00:00+00:00,119.8,120.5,119.1,120.4,5481.015
2023-04-22T04:00:00+00:00,120.4,121.1,120.2,120.4,8950.146
2023-04-22T08:00:00+00:00,120.5,121.3,120.4,120.8,2464.877
2023-04-22T12:00:00+00:00,120.8,122.6,120.7,122.3,4996.714
2023-04-22T16:00:00+00:00,122.3,122.8,121.5,122.2,2718.381
2023-04-22T20:00:00+00:00,122.2,122.7,121.7,122.0,3691.866
2023-04-23T00:00:00+00:00,122.1,122.8,120.5,121.5,6114.25
2023-04-23T04:00:00+00:00,121.5,122.1,121.4,122.1,2249.68
2023-04-23T08:00:00+00:00,122.1,122.3,120.7,121.2,2693.122
2023-04-23T12:00:00+00:00,121.2,121.6,119.3,120.1,3203.573
2023-04-23T16:00:00+00:00,120.0,120.7,117.9,118.8,5183.493
2023-04-23T20:00:00+00:00,118.9,120.1,118.4,119.8,3938.681
2023-04-24T00:00:00+00:00,119.8,121.6,119.1,120.6,10115.157
2023-04-24T04:00:00+00:00,120.6,120.7,118.8,119.9,2343.383
2023-04-24T08:00:00+00:00,119.9,120.9,119.3,120.9,3344.344
2023-04-24T12:00:00+00:00,121.0,121.5,119.6,120.1,6350.994
2023-04-24T16:00:00+00:00,120.2,120.7,118.7,118.8,11660.146
2023-04-24T20:00:00+00:00,118.9,119.6,118.7,119.2,5536.48
2023-04-25T00:00:00+00:00,119.2,119.6,117.9,118.0,5078.303
2023-04-25T04:00:00+00:00,118.0,119.1,117.2,117.3,6265.37
2023-04-25T08:00:00+00:00,117.3,118.9,116.7,118.1,6221.43
2023-04-25T12:00:00+00:00,118.2,118.5,116.6,117.2,4383.99
2023-04-25T16:00:00+00:00,117.1,118.5,116.8,117.7,3253.701
2023-04-25T20:00:00+00:00,117.8,120.4,117.8,120.2,5707.623
2023-04-26T00:00:00+00:00,120.2,120.6,119.5,119.8,3094.738
2023-04-26T04:00:00+00:00,119.8,120.6,118.6,119.0,9502.174
2023-04-26T08:00:00+00:00,119.0,121.5,118.9,120.9,8776.751
2023-04-26T12:00:00+00:00,120.9,123.4,120.9,122.6,11831.578
2023-04-26T16:00:00+00:00,122.7,123.4,114.2,115.3,16425.386
2023-04-26T20:00:00+00:00,115.2,117.7,111.5,117.6,13104.932
2023-04-27T00:00:00+00:00,117.6,120.4,117.3,118.6,8199.725
2023-04-27T04:00:00+00:00,118.6,119.3,116.7,117.8,7620.619
2023-04-27T08:00:00+00:00,117.8,118.1,116.7,117.2,7388.91
2023-04-27T12:00:00+00:00,117.2,118.3,116.2,117.2,19151.805
2023-04-27T16:00:00+00:00,117.2,118.5,116.6,117.8,22569.758
2023-04-27T20:00:00+00:00,117.8,118.2,116.2,117.0,12530.06
2023-04-28T00:00:00+00:00,117.0,117.2,116.3,116.9,12799.233
2023-04-28T04:00:00+00:00,116.9,118.1,116.9,118.1,5050.389
2023-04-28T08:00:00+00:00,118.0,118.1,116.7,117.3,5074.593
2023-04-28T12:00:00+00:00,117.3,118.1,115.3,117.1,12289.073
2023-04-28T16:00:00+00:00,117.1,120.4,116.3,117.5,16703.865
2023-04-28T20:00:00+00:00,117.5,118.2,117.5,118.0,1866.686
2023-04-29T00:00:00+00:00,118.0,118.6,117.6,118.3,1823.22
2023-04-29T04:00:00+00:00,118.4,119.4,118.4,118.8,3548.716
2023-04-29T08:00:00+00:00,118.9,119.7,118.7,119.5,4202.997
2023-04-29T12:00:00+00:00,119.6,120.2,119.2,119.5,3178.586
2023-04-29T16:00:00+00:00,119.5,119.7,117.9,119.4,2355.557
2023-04-29T20:00:00+00:00,119.4,119.9,119.2,119.7,1869.751
2023-04-30T00:00:00+00:00,119.7,119.7,118.6,118.8,2635.081
2023-04-30T04:00:00+00:00,118.9,119.5,118.7,119.1,1079.024
2023-04-30T08:00:00+00:00,119.2,119.7,118.8,118.8,4239.702
2023-04-30T12:00:00+00:00,118.9,120.6,118.8,119.9,4991.432
2023-04-30T16:00:00+00:00,120.0,121.0,118.6,119.1,6817.472
2023-04-30T20:00:00+00:00,119.0,119.0,117.6,117.7,3790.226
2023-05-01T00:00:00+00:00,117.6,118.4,115.1,117.1,6873.323
2023-05-01T04:00:00+00:00,117.1,117.7,116.3,117.5,1879.5
2023-05-01T08:00:00+00:00,117.5,117.8,116.8,116.8,2198.082
2023-05-01T12:00:00+00:00,116.8,117.4,116.1,116.5,2944.278
2023-05-01T16:00:00+00:00,116.5,116.9,115.1,115.5,3855.257
2023-05-01T20:00:00+00:00,115.5,117.1,115.5,117.1,4755.985
2023-05-02T00:00:00+00:00,117.0,117.2,116.3,117.0,2758.142
2023-05-02T04:00:00+00:00,116.9,118.1,116.7,117.9,3523.448
2023-05-02T08:00:00+00:00,117.9,119.5,117.5,119.1,4163.067
2023-05-02T12:00:00+00:00,119.0,119.3,117.5,118.4,8048.687
2023-05-02T16:00:00+00:00,118.5,119.7,118.1,119.0,3214.494
2023-05-02T20:00:00+00:00,119.0,119.6,119.0,119.3,2763.069
2023-05-03T00:00:00+00:00,119.2,119.3,118.1,118.8,2445.299
2023-05-03T04:00:00+00:00,118.7,119.0,118.5,118.6,1257.084
2023-05-03T08:00:00+00:00,118.6,118.8,117.6,117.6,2523.144
2023-05-03T12:00:00+00:00,117.6,117.7,115.9,116.6,6002.067
2023-05-03T16:00:00+00:00,116.6,118.0,116.2,117.0,6762.877
2023-05-03T20:00:00+00:00,117.0,120.8,117.0,120.0,9941.859
2023-05-04T00:00:00+00:00,120.0,120.2,118.8,119.1,5540.153
2023-05-04T04:00:00+00:00,119.1,119.4,118.4,118.5,1819.899
2023-05-04T08:00:00+00:00,118.6,118.9,118.0,118.1,2904.391
2023-05-04T12:00:00+00:00,118.1,118.4,116.8,117.2,3504.972
2023-05-04T16:00:00+00:00,117.2,117.6,116.4,117.1,2183.026
2023-05-04T20:00:00+00:00,117.1,117.4,116.8,117.3,2137.057
2023-05-05T00:00:00+00:00,117.3,118.9,117.2,118.2,3481.156
2023-05-05T04:00:00+00:00,118.2,118.5,117.9,118.1,1553.547
2023-05-05T08:00:00+00:00,118.0,118.8,117.9,118.4,2041.008
2023-05-05T12:00:00+00:00,118.5,119.8,116.5,119.7,7636.705
2023-05-05T16:00:00+00:00,119.6,121.0,119.2,120.1,9312.628
2023-05-05T20:00:00+00:00,120.2,120.3,119.6,120.0,3488.83
2023-05-06T00:00:00+00:00,120.0,120.6,118.6,118.9,5067.842
2023-05-06T04:00:00+00:00,118.8,119.4,118.7,118.7,3281.283
2023-05-06T08:00:00+00:00,118.8,118.8,117.8,118.6,3907.899
2023-05-06T12:00:00+00:00,118.6,118.6,115.3,116.0,10261.824
2023-05-06T16:00:00+00:00,115.9,117.5,115.8,117.0,3724.64
2023-05-06T20:00:00+00:00,116.9,117.3,116.4,117.0,2562.889
2023-05-07T00:00:00+00:00,116.9,117.4,116.4,116.5,2698.756
2023-05-07T04:00:00+00:00,116.5,117.3,116.5,117.0,1521.058
2023-05-07T08:00:00+00:00,117.0,117.3,116.6,116.8,1490.264
2023-05-07T12:00:00+00:00,116.9,117.7,116.9,117.0,2679.255
2023-05-07T16:00:00+00:00,117.0,117.3,116.4,116.8,1726.896
2023-05-07T20:00:00+00:00,116.9,117.3,115.8,116.1,3338.539
2023-05-08T00:00:00+00:00,116.0,116.8,110.8,113.9,13642.729
2023-05-08T04:00:00+00:00,113.8,114.0,111.5,112.3,5020.864
2023-05-08T08:00:00+00:00,112.3,113.5,111.7,113.1,4673.05
2023-05-08T12:00:00+00:00,113.1,113.6,112.1,113.0,5914.005
2023-05-08T16:00:00+00:00,113.0,113.1,107.0,110.3,16785.959
2023-05-08T20:00:00+00:00,110.2,111.7,110.1,111.1,6745.59
2023-05-09T00:00:00+00:00,111.2,111.8,110.1,110.4,7127.877
2023-05-09T04:00:00+00:00,110.4,120.7,110.4,119.9,74424.465
2023-05-09T08:00:00+00:00,119.9,123.9,118.6,121.9,81504.806
2023-05-09T12:00:00+00:00,121.9,123.1,120.1,120.8,38124.793
2023-05-09T16:00:00+00:00,120.9,123.7,119.6,122.0,25058.757
2023-05-09T20:00:00+00:00,122.0,122.8,121.0,122.2,9685.362
2023-05-10T00:00:00+00:00,122.2,123.5,119.5,120.0,25640.367
2023-05-10T04:00:00+00:00,119.9,120.7,118.5,119.1,17385.847
2023-05-10T08:00:00+00:00,119.1,120.7,118.7,119.9,12807.379
2023-05-10T12:00:00+00:00,119.9,124.7,116.8,117.4,48298.408
2023-05-10T16:00:00+00:00,117.4,117.7,111.5,115.4,39381.782
2023-05-10T20:00:00+00:00,115.4,116.7,115.1,115.8,10988.51
2023-05-11T00:00:00+00:00,115.7,115.8,113.6,113.7,8102.148
2023-05-11T04:00:00+00:00,113.7,114.5,113.6,113.9,3762.431
2023-05-11T08:00:00+00:00,113.9,114.4,112.8,114.0,6132.2
2023-05-11T12:00:00+00:00,113.9,115.1,111.6,113.2,10701.424
2023-05-11T16:00:00+00:00,113.2,113.5,110.0,112.2,14145.686
2023-05-11T20:00:00+00:00,112.2,113.7,112.1,113.2,4262.834
2023-05-12T00:00:00+00:00,113.2,115.7,112.8,113.0,12021.993
2023-05-12T04:00:00+00:00,113.0,115.1,112.4,114.3,10176.205
2023-05-12T08:00:00+00:00,114.4,114.7,113.7,114.1,3862.056
2023-05-12T12:00:00+00:00,114.1,114.4,113.0,113.4,4998.919
2023-05-12T16:00:00+00:00,113.4,114.8,112.2,114.4,6755.023
2023-05-12T20:00:00+00:00,114.4,115.5,114.1,114.7,5503.761
2023-05-13T00:00:00+00:00,114.7,115.0,113.8,114.3,3291.071
2023-05-13T04:00:00+00:00,114.4,114.6,113.6,113.9,2606.458
2023-05-13T08:00:00+00:00,113.9,114.6,113.6,113.7,2551.539
2023-05-13T12:00:00+00:00,113.7,113.9,112.5,113.2,4773.0
2023-05-13T16:00:00+00:00,113.2,114.1,112.9,113.1,4345.835
2023-05-13T20:00:00+00:00,113.1,113.4,112.8,113.0,3516.788
2023-05-14T00:00:00+00:00,113.0,114.5,112.9,114.3,3699.675
2023-05-14T04:00:00+00:00,114.3,114.4,113.7,113.8,4265.135
2023-05-14T08:00:00+00:00,113.8,114.4,113.6,114.4,3395.387
2023-05-14T12:00:00+00:00,114.4,116.1,113.8,115.2,8702.526
2023-05-14T16:00:00+00:00,115.2,115.3,114.1,114.2,4127.139
2023-05-14T20:00:00+00:00,114.2,115.5,114.1,115.2,2839.965
2023-05-15T00:00:00+00:00,115.2,119.8,114.2,119.1,21800.437
2023-05-15T04:00:00+00:00,119.1,120.6,118.3,119.9,13493.868
2023-05-15T08:00:00+00:00,119.8,120.9,118.7,119.1,14848.837
2023-05-15T12:00:00+00:00,119.0,119.3,116.7,117.9,15975.907
2023-05-15T16:00:00+00:00,118.0,118.3,116.0,116.8,7614.189
2023-05-15T20:00:00+00:00,116.8,117.4,115.8,116.1,4060.356
2023-05-16T00:00:00+00:00,116.1,117.0,114.0,115.6,7924.671
2023-05-16T04:00:00+00:00,115.6,116.4,115.1,116.2,3505.202
2023-05-16T08:00:00+00:00,116.2,116.2,115.2,116.0,3059.845
2023-05-16T12:00:00+00:00,116.0,116.5,115.0,116.2,4554.514
2023-05-16T16:00:00+00:00,116.1,117.6,116.0,116.2,3188.919
2023-05-16T20:00:00+00:00,116.2,117.1,116.2,116.7,1933.461
2023-05-17T00:00:00+00:00,116.7,117.8,116.1,117.3,5388.033
2023-05-17T04:00:00+00:00,117.3,117.5,115.3,115.8,9351.994
2023-05-17T08:00:00+00:00,115.7,116.8,115.3,116.1,8391.723
2023-05-17T12:00:00+00:00,116.1,117.5,115.9,117.0,6301.836
2023-05-17T16:00:00+00:00,117.0,118.8,116.7,118.1,7265.028
2023-05-17T20:00:00+00:00,118.2,118.4,117.4,118.0,3718.686
2023-05-18T00:00:00+00:00,118.0,118.1,117.1,117.9,2790.295
2023-05-18T04:00:00+00:00,117.9,118.0,116.7,117.1,4261.355
2023-05-18T08:00:00+00:00,117.1,117.3,116.7,117.1,3319.549
2023-05-18T12:00:00+00:00,117.1,117.5,116.1,116.3,4735.569
2023-05-18T16:00:00+00:00,116.3,116.8,112.8,113.8,9783.608
2023-05-18T20:00:00+00:00,113.8,117.2,113.7,115.3,6810.217
2023-05-19T00:00:00+00:00,115.2,116.1,114.9,115.9,3490.198
2023-05-19T04:00:00+00:00,115.9,116.0,115.4,115.6,3592.439
2023-05-19T08:00:00+00:00,115.6,116.0,115.3,115.4,2338.07
2023-05-19T12:00:00+00:00,115.5,115.8,114.4,115.3,4313.99
2023-05-19T16:00:00+00:00,115.3,115.8,114.9,115.2,2602.653
2023-05-19T20:00:00+00:00,115.2,115.8,115.1,115.6,1345.526
2023-05-20T00:00:00+00:00,115.5,115.7,114.6,114.7,2207.481
2023-05-20T04:00:00+00:00,114.7,115.4,114.6,115.4,2975.455
2023-05-20T08:00:00+00:00,115.4,116.9,115.3,116.3,5687.18
2023-05-20T12:00:00+00:00,116.4,116.5,115.9,116.3,2425.854
2023-05-20T16:00:00+00:00,116.3,117.0,115.9,116.4,2642.134
2023-05-20T20:00:00+00:00,116.5,116.7,116.1,116.6,1349.067
2023-05-21T00:00:00+00:00,116.7,117.1,116.3,116.5,1910.32
2023-05-21T04:00:00+00:00,116.4,116.4,115.6,115.7,2262.722
2023-05-21T08:00:00+00:00,115.7,116.1,114.6,114.8,2743.869
2023-05-21T12:00:00+00:00,114.8,115.5,114.3,115.1,2154.501
2023-05-21T16:00:00+00:00,115.0,115.2,114.5,115.1,2289.446
2023-05-21T20:00:00+00:00,115.1,115.1,113.8,114.7,2476.995
2023-05-22T00:00:00+00:00,114.7,114.9,113.0,114.0,5908.647
2023-05-22T04:00:00+00:00,114.0,114.6,113.9,114.4,3287.403
2023-05-22T08:00:00+00:00,114.4,115.0,114.3,114.5,3859.442
2023-05-22T12:00:00+00:00,114.6,115.3,113.7,114.1,10641.955
2023-05-22T16:00:00+00:00,114.1,115.0,114.0,114.9,3085.39
2023-05-22T20:00:00+00:00,114.9,115.3,114.7,114.7,1469.569
2023-05-23T00:00:00+00:00,114.7,117.4,114.7,116.9,7616.058
2023-05-23T04:00:00+00:00,116.9,117.1,115.6,115.8,5167.874
2023-05-23T08:00:00+00:00,115.8,116.2,115.5,115.8,3128.104
2023-05-23T12:00:00+00:00,115.8,116.0,115.2,115.9,2438.331
2023-05-23T16:00:00+00:00,115.8,115.9,114.9,115.4,3088.738
2023-05-23T20:00:00+00:00,115.4,115.8,115.3,115.7,1980.582
2023-05-24T00:00:00+00:00,115.7,115.7,113.0,113.5,4744.724
2023-05-24T04:00:00+00:00,113.5,113.5,112.2,112.5,9615.181
2023-05-24T08:00:00+00:00,112.6,113.3,112.3,112.7,2873.95
2023-05-24T12:00:00+00:00,112.6,113.1,110.8,112.0,12094.437
2023-05-24T16:00:00+00:00,112.1,112.2,111.1,111.6,3446.746
2023-05-24T20:00:00+00:00,111.7,112.5,111.5,112.1,2593.549
2023-05-25T00:00:00+00:00,112.1,112.3,109.2,111.5,7216.102
2023-05-25T04:00:00+00:00,111.6,111.6,110.5,111.1,3820.932
2023-05-25T08:00:00+00:00,111.0,111.6,111.0,111.4,2161.126
2023-05-25T12:00:00+00:00,111.5,112.0,111.0,111.1,3270.133
2023-05-25T16:00:00+00:00,111.0,112.4,111.0,112.2,2805.305
2023-05-25T20:00:00+00:00,112.2,112.2,111.7,111.9,1786.159
2023-05-26T00:00:00+00:00,111.9,112.6,111.4,112.5,3416.612
2023-05-26T04:00:00+00:00,112.6,113.3,112.2,113.2,2207.523
2023-05-26T08:00:00+00:00,113.2,113.3,112.5,112.6,2496.515
2023-05-26T12:00:00+00:00,112.6,113.5,112.3,113.0,5461.998
2023-05-26T16:00:00+00:00,112.9,113.8,112.6,113.6,2241.558
2023-05-26T20:00:00+00:00,113.6,113.8,113.1,113.2,1838.667
2023-05-27T00:00:00+00:00,113.2,113.6,112.7,113.4,2868.654
2023-05-27T04:00:00+00:00,113.4,113.7,113.0,113.1,1199.792
2023-05-27T08:00:00+00:00,113.1,113.2,112.7,112.7,2784.029
2023-05-27T12:00:00+00:00,112.8,113.1,112.1,113.0,1685.513
2023-05-27T16:00:00+00:00,113.0,113.6,112.8,113.4,1175.308
2023-05-27T20:00:00+00:00,113.5,114.1,113.4,113.8,2114.466
2023-05-28T00:00:00+00:00,113.9,115.0,113.6,114.7,4472.763
2023-05-28T04:00:00+00:00,114.7,114.9,114.1,114.3,2149.648
2023-05-28T08:00:00+00:00,114.4,114.5,113.9,114.0,3730.186
2023-05-28T12:00:00+00:00,114.0,114.3,113.8,114.3,1577.409
2023-05-28T16:00:00+00:00,114.2,114.9,113.9,114.4,1831.289
2023-05-28T20:00:00+00:00,114.5,116.8,114.5,116.4,6964.154
2023-05-29T00:00:00+00:00,116.5,116.8,115.5,115.6,4726.018
2023-05-29T04:00:00+00:00,115.6,116.5,115.1,116.5,3735.169
2023-05-29T08:00:00+00:00,116.5,116.8,115.7,116.7,2852.88
2023-05-29T12:00:00+00:00,116.8,117.3,115.8,115.8,3537.142
2023-05-29T16:00:00+00:00,115.8,116.2,115.0,115.1,10309.68
2023-05-29T20:00:00+00:00,115.2,115.6,114.6,114.9,11301.697
2023-05-30T00:00:00+00:00,114.9,115.2,114.2,115.0,3302.056
2023-05-30T04:00:00+00:00,115.0,115.2,114.5,114.8,2701.134
2023-05-30T08:00:00+00:00,114.7,115.8,114.7,115.6,3211.704
2023-05-30T12:00:00+00:00,115.6,115.7,114.1,114.7,5765.081
2023-05-30T16:00:00+00:00,114.8,114.9,114.0,114.5,8541.899
2023-05-30T20:00:00+00:00,114.4,115.0,113.8,113.9,6272.74
2023-05-31T00:00:00+00:00,113.9,114.3,113.1,114.2,13622.905
2023-05-31T04:00:00+00:00,114.1,114.1,112.0,112.5,8489.82
2023-05-31T08:00:00+00:00,112.5,112.9,112.3,112.5,3091.516
2023-05-31T12:00:00+00:00,112.5,113.0,112.1,112.3,4561.759
2023-05-31T16:00:00+00:00,112.4,112.9,112.1,112.6,2908.268
2023-05-31T20:00:00+00:00,112.6,113.4,112.5,113.2,1629.269
2023-06-01T00:00:00+00:00,113.3,113.5,111.5,112.7,5653.348
2023-06-01T04:00:00+00:00,112.7,113.0,112.3,112.8,2729.246
2023-06-01T08:00:00+00:00,112.7,113.3,112.7,113.0,1947.775
2023-06-01T12:00:00+00:00,112.9,113.3,112.6,113.1,3745.953
2023-06-01T16:00:00+00:00,113.2,113.6,112.6,113.2,3625.311
2023-06-01T20:00:00+00:00,113.2,113.5,113.0,113.4,1458.003
2023-06-02T00:00:00+00:00,113.3,115.4,112.8,114.4,11104.543
2023-06-02T04:00:00+00:00,114.5,114.8,114.2,114.3,2430.403
2023-06-02T08:00:00+00:00,114.3,114.7,114.2,114.4,1732.697
2023-06-02T12:00:00+00:00,114.5,114.6,113.5,114.2,5588.07
2023-06-02T16:00:00+00:00,114.2,114.9,114.0,114.8,3693.592
2023-06-02T20:00:00+00:00,114.9,115.0,114.5,114.9,2985.02
2023-06-03T00:00:00+00:00,114.8,114.9,114.2,114.5,2962.71
2023-06-03T04:00:00+00:00,114.5,114.9,114.3,114.8,1797.082
2023-06-03T08:00:00+00:00,114.7,115.2,114.6,114.9,3834.047
2023-06-03T12:00:00+00:00,115.0,115.3,114.7,115.2,2070.813
2023-06-03T16:00:00+00:00,115.1,115.3,114.3,114.4,2419.59
2023-06-03T20:00:00+00:00,114.4,115.0,114.3,114.9,2036.314
2023-06-04T00:00:00+00:00,114.9,115.0,114.1,114.9,3155.97
2023-06-04T04:00:00+00:00,114.8,116.9,114.8,116.5,11093.87
2023-06-04T08:00:00+00:00,116.5,117.0,116.2,116.3,7255.527
2023-06-04T12:00:00+00:00,116.3,116.9,115.9,116.7,4734.733
2023-06-04T16:00:00+00:00,116.6,116.8,116.2,116.5,5764.016
2023-06-04T20:00:00+00:00,116.5,117.0,115.5,115.7,4259.682
2023-06-05T00:00:00+00:00,115.7,115.7,114.0,114.1,7457.987
2023-06-05T04:00:00+00:00,114.1,114.3,113.4,113.9,6023.303
2023-06-05T08:00:00+00:00,113.9,113.9,113.5,113.6,3237.506
2023-06-05T12:00:00+00:00,113.7,113.7,108.9,109.0,14813.624
2023-06-05T16:00:00+00:00,109.0,109.6,107.0,108.7,25182.558
2023-06-05T20:00:00+00:00,108.6,109.0,107.4,108.7,4285.758
2023-06-06T00:00:00+00:00,108.7,109.5,108.6,109.4,3433.576
2023-06-06T04:00:00+00:00,109.4,109.8,109.1,109.3,2666.365
2023-06-06T08:00:00+00:00,109.2,109.6,108.8,109.1,3341.493
2023-06-06T12:00:00+00:00,109.1,110.1,107.5,109.6,7820.432
2023-06-06T16:00:00+00:00,109.6,113.2,109.6,112.9,8051.026
2023-06-06T20:00:00+00:00,112.9,115.1,112.4,114.9,24795.716
2023-06-07T00:00:00+00:00,114.9,117.1,113.4,113.8,27270.985
2023-06-07T04:00:00+00:00,113.7,114.1,113.1,113.3,2562.366
2023-06-07T08:00:00+00:00,113.4,113.9,111.4,112.6,6960.262
2023-06-07T12:00:00+00:00,112.6,113.0,110.5,111.1,8599.218
2023-06-07T16:00:00+00:00,111.2,111.9,110.3,111.6,3334.7
2023-06-07T20:00:00+00:00,111.5,111.6,110.0,111.1,3889.966
2023-06-08T00:00:00+00:00,111.1,111.8,110.2,111.0,2629.131
2023-06-08T04:00:00+00:00,111.1,111.5,110.4,111.3,1465.379
2023-06-08T08:00:00+00:00,111.2,112.1,111.1,111.8,5346.928
2023-06-08T12:00:00+00:00,111.8,112.5,111.3,112.2,3660.04
2023-06-08T16:00:00+00:00,112.2,112.3,111.1,111.7,2563.492
2023-06-08T20:00:00+00:00,111.7,111.9,111.3,111.9,1384.501
2023-06-09T00:00:00+00:00,111.8,111.8,110.7,111.3,3045.455
2023-06-09T04:00:00+00:00,111.4,111.7,110.2,110.4,8715.273
2023-06-09T08:00:00+00:00,110.3,111.2,110.2,111.0,5173.482
2023-06-09T12:00:00+00:00,111.1,112.1,110.8,110.8,2875.72
2023-06-09T16:00:00+00:00,110.8,111.1,109.6,109.8,2337.837
2023-06-09T20:00:00+00:00,109.8,111.2,109.7,110.8,3325.901
2023-06-10T00:00:00+00:00,110.8,111.0,107.9,108.1,8612.634
2023-06-10T04:00:00+00:00,108.2,108.4,90.3,98.8,88515.028
2023-06-10T08:00:00+00:00,99.0,101.4,98.7,101.3,19033.9
2023-06-10T12:00:00+00:00,101.3,102.1,100.4,101.4,9927.145
2023-06-10T16:00:00+00:00,101.4,103.6,99.9,103.3,11873.62
2023-06-10T20:00:00+00:00,103.3,104.1,102.8,103.4,6728.899
2023-06-11T00:00:00+00:00,103.4,103.6,102.0,102.4,7569.342
2023-06-11T04:00:00+00:00,102.4,102.8,101.6,102.6,3823.605
2023-06-11T08:00:00+00:00,102.6,103.1,101.6,102.7,4688.489
2023-06-11T12:00:00+00:00,102.7,102.7,101.9,102.1,2886.228
2023-06-11T16:00:00+00:00,102.1,103.3,102.1,102.9,6045.586
2023-06-11T20:00:00+00:00,102.8,103.5,101.8,102.8,3537.764
2023-06-12T00:00:00+00:00,102.8,104.2,100.5,102.4,6348.038
2023-06-12T04:00:00+00:00,102.4,102.9,101.8,102.0,2855.681
2023-06-12T08:00:00+00:00,102.0,103.5,101.8,102.6,3193.487
2023-06-12T12:00:00+00:00,102.6,102.6,101.5,101.8,2738.672
2023-06-12T16:00:00+00:00,101.9,102.4,100.8,101.9,3422.293
2023-06-12T20:00:00+00:00,102.0,102.8,101.8,102.7,1541.645
2023-06-13T00:00:00+00:00,102.8,104.6,102.2,104.1,4666.6
2023-06-13T04:00:00+00:00,104.1,104.9,103.7,104.3,5697.165
2023-06-13T08:00:00+00:00,104.3,105.8,104.2,105.7,5917.465
2023-06-13T12:00:00+00:00,105.7,106.8,104.1,104.5,7735.551
2023-06-13T16:00:00+00:00,104.5,106.6,104.3,105.9,3150.84
2023-06-13T20:00:00+00:00,105.8,106.1,104.7,105.3,3967.48
2023-06-14T00:00:00+00:00,105.4,106.3,105.0,106.3,2054.989
2023-06-14T04:00:00+00:00,106.3,106.3,105.0,105.3,3736.038
2023-06-14T08:00:00+00:00,105.3,105.9,105.2,105.7,1725.13
2023-06-14T12:00:00+00:00,105.8,106.0,105.1,105.3,1625.36
2023-06-14T16:00:00+00:00,105.3,105.8,104.2,104.6,2991.338
2023-06-14T20:00:00+00:00,104.6,104.7,100.5,101.7,12382.5
2023-06-15T00:00:00+00:00,101.7,103.8,101.7,103.6,4261.462
2023-06-15T04:00:00+00:00,103.6,103.7,102.2,102.4,3527.871
2023-06-15T08:00:00+00:00,102.4,103.9,102.3,103.8,8122.774
2023-06-15T12:00:00+00:00,103.8,104.6,103.2,103.3,4005.176
2023-06-15T16:00:00+00:00,103.4,105.1,102.8,104.6,4877.704
2023-06-15T20:00:00+00:00,104.7,105.1,103.6,104.9,4392.927
2023-06-16T00:00:00+00:00,104.8,105.4,104.2,105.3,2123.582
2023-06-16T04:00:00+00:00,105.2,105.3,104.6,104.7,1224.345
2023-06-16T08:00:00+00:00,104.7,105.0,103.4,103.8,2560.085
2023-06-16T12:00:00+00:00,103.8,104.7,102.7,104.5,3812.559
2023-06-16T16:00:00+00:00,104.6,107.2,104.3,106.8,4932.306
2023-06-16T20:00:00+00:00,106.8,109.5,106.4,108.1,5043.266
2023-06-17T00:00:00+00:00,108.2,108.2,106.7,106.9,3602.404
2023-06-17T04:00:00+00:00,106.9,108.6,106.6,107.4,4269.476
2023-06-17T08:00:00+00:00,107.5,107.6,106.6,106.9,5092.915
2023-06-17T12:00:00+00:00,106.8,107.3,106.1,106.5,2712.341
2023-06-17T16:00:00+00:00,106.5,107.1,106.1,106.7,1526.638
2023-06-17T20:00:00+00:00,106.7,107.3,106.4,106.7,3420.338
2023-06-18T00:00:00+00:00,106.7,107.5,105.8,107.3,4545.257
2023-06-18T04:00:00+00:00,107.3,108.8,106.9,108.2,9833.349
2023-06-18T08:00:00+00:00,108.2,108.6,107.8,108.1,5149.953
2023-06-18T12:00:00+00:00,108.1,108.3,107.5,108.1,2825.136
2023-06-18T16:00:00+00:00,108.1,108.3,107.1,107.5,4817.374
2023-06-18T20:00:00+00:00,107.6,107.7,105.6,107.0,7087.367
2023-06-19T00:00:00+00:00,106.9,107.3,106.4,106.8,2572.046
2023-06-19T04:00:00+00:00,106.9,107.3,106.8,106.9,1624.188
2023-06-19T08:00:00+00:00,106.8,107.2,106.1,106.5,2460.024
2023-06-19T12:00:00+00:00,106.6,107.0,105.4,105.7,5815.338
2023-06-19T16:00:00+00:00,105.6,107.1,104.8,106.0,7121.977
2023-06-19T20:00:00+00:00,106.0,106.8,106.0,106.8,3323.049
2023-06-20T00:00:00+00:00,106.9,107.4,106.2,106.3,3394.042
2023-06-20T04:00:00+00:00,106.3,106.9,105.8,106.5,6823.399
2023-06-20T08:00:00+00:00,106.6,106.8,106.1,106.7,3258.495
2023-06-20T12:00:00+00:00,106.7,107.0,105.2,106.2,6670.073
2023-06-20T16:00:00+00:00,106.3,110.6,106.0,109.0,12865.411
2023-06-20T20:00:00+00:00,109.1,110.0,108.7,110.0,6344.066
2023-06-21T00:00:00+00:00,110.0,112.7,109.6,112.7,16204.008
2023-06-21T04:00:00+00:00,112.7,141.7,112.3,132.3,271868.218
2023-06-21T08:00:00+00:00,132.3,133.2,126.7,129.4,89567.607
2023-06-21T12:00:00+00:00,129.4,134.8,127.3,131.5,65294.609
2023-06-21T16:00:00+00:00,131.6,140.5,131.2,135.2,76811.607
2023-06-21T20:00:00+00:00,135.3,137.0,133.5,135.9,21648.191
2023-06-22T00:00:00+00:00,135.8,152.0,134.8,140.3,116836.012
2023-06-22T04:00:00+00:00,140.3,140.4,133.5,135.6,77079.681
2023-06-22T08:00:00+00:00,135.6,135.9,128.9,130.2,63440.686
2023-06-22T12:00:00+00:00,130.1,136.0,130.1,133.7,43658.128
2023-06-22T16:00:00+00:00,133.6,137.5,133.6,135.8,14691.207
2023-06-22T20:00:00+00:00,135.8,136.0,133.4,133.5,7652.795
2023-06-23T00:00:00+00:00,133.4,141.7,133.4,139.0,32480.818
2023-06-23T04:00:00+00:00,139.0,144.7,138.8,142.4,44184.909
2023-06-23T08:00:00+00:00,142.5,144.5,140.5,143.9,37637.56
2023-06-23T12:00:00+00:00,143.8,168.8,141.3,167.7,160517.087
2023-06-23T16:00:00+00:00,167.6,193.5,165.3,182.1,385100.144
2023-06-23T20:00:00+00:00,182.2,187.0,172.6,182.2,127393.241
2023-06-24T00:00:00+00:00,182.3,199.5,179.1,191.1,217623.857
2023-06-24T04:00:00+00:00,191.1,195.9,180.5,182.5,134189.615
2023-06-24T08:00:00+00:00,182.4,196.5,181.4,191.2,146391.689
2023-06-24T12:00:00+00:00,191.2,200.9,182.3,187.1,198084.583
2023-06-24T16:00:00+00:00,187.1,194.3,183.3,191.3,82036.24
2023-06-24T20:00:00+00:00,191.2,221.9,188.2,212.7,226288.448
2023-06-25T00:00:00+00:00,212.6,219.9,204.0,210.0,214966.569
2023-06-25T04:00:00+00:00,210.1,212.5,198.4,203.6,127730.894
2023-06-25T08:00:00+00:00,203.5,205.6,194.6,203.0,108174.418
2023-06-25T12:00:00+00:00,203.0,203.7,186.8,190.4,109436.634
2023-06-25T16:00:00+00:00,190.4,192.7,185.6,190.3,54144.305
2023-06-25T20:00:00+00:00,190.4,203.0,190.1,194.3,75417.989
2023-06-26T00:00:00+00:00,194.2,199.5,187.5,195.1,89502.269
2023-06-26T04:00:00+00:00,195.1,198.4,190.9,193.4,64879.37
2023-06-26T08:00:00+00:00,193.3,197.5,189.0,197.2,76319.312
2023-06-26T12:00:00+00:00,197.3,227.2,195.9,222.4,410229.099
2023-06-26T16:00:00+00:00,222.4,229.0,213.0,224.7,182908.846
2023-06-26T20:00:00+00:00,224.7,235.0,217.4,223.7,102200.544
2023-06-27T00:00:00+00:00,223.8,225.1,216.2,220.9,78955.712
2023-06-27T04:00:00+00:00,221.0,227.7,217.0,219.0,75846.327
2023-06-27T08:00:00+00:00,218.9,239.4,216.0,235.6,249326.109
2023-06-27T12:00:00+00:00,235.5,238.1,223.7,225.6,191123.166
2023-06-27T16:00:00+00:00,225.5,235.7,224.6,231.5,80686.441
2023-06-27T20:00:00+00:00,231.4,235.8,228.4,229.9,51019.66
2023-06-28T00:00:00+00:00,230.0,236.6,225.4,233.0,98709.504
2023-06-28T04:00:00+00:00,233.0,244.0,219.7,223.0,222228.425
2023-06-28T08:00:00+00:00,223.0,237.3,220.9,234.1,180449.77
2023-06-28T12:00:00+00:00,234.1,235.1,226.9,232.3,117778.498
2023-06-28T16:00:00+00:00,232.3,232.8,221.4,225.1,73354.063
2023-06-28T20:00:00+00:00,225.1,229.1,222.8,225.1,40246.453
2023-06-29T00:00:00+00:00,225.0,232.3,223.8,227.8,128493.609
2023-06-29T04:00:00+00:00,227.8,230.0,224.6,229.4,67158.499
2023-06-29T08:00:00+00:00,229.4,246.0,228.0,242.4,197170.675
2023-06-29T12:00:00+00:00,242.5,249.9,239.9,242.3,148621.681
2023-06-29T16:00:00+00:00,242.3,249.0,239.7,247.6,84743.342
2023-06-29T20:00:00+00:00,247.6,255.5,242.3,253.4,85081.356
2023-06-30T00:00:00+00:00,253.3,325.0,252.2,299.9,525613.164
2023-06-30T04:00:00+00:00,300.0,315.0,288.9,301.9,229388.269
2023-06-30T08:00:00+00:00,301.9,315.0,300.1,307.7,226299.572
2023-06-30T12:00:00+00:00,307.7,315.0,272.5,294.7,337731.949
2023-06-30T16:00:00+00:00,294.6,329.0,287.9,302.1,305936.301
2023-06-30T20:00:00+00:00,302.1,313.9,299.2,304.2,84930.776
2023-07-01T00:00:00+00:00,304.2,310.8,289.6,294.8,130063.458
2023-07-01T04:00:00+00:00,294.7,296.3,278.1,295.5,132031.3
2023-07-01T08:00:00+00:00,295.5,301.5,288.4,292.4,98700.303
2023-07-01T12:00:00+00:00,292.4,295.6,285.0,291.0,94066.648
2023-07-01T16:00:00+00:00,291.1,295.5,286.3,291.5,54906.312
2023-07-01T20:00:00+00:00,291.5,294.3,287.4,291.3,31054.079
2023-07-02T00:00:00+00:00,291.3,295.4,268.7,271.2,188287.182
2023-07-02T04:00:00+00:00,271.2,292.0,268.2,288.4,160658.919
2023-07-02T08:00:00+00:00,288.3,308.9,286.0,298.3,208155.442
2023-07-02T12:00:00+00:00,298.3,302.8,290.2,295.1,122557.28
2023-07-02T16:00:00+00:00,295.0,298.2,288.7,295.6,70370.398
2023-07-02T20:00:00+00:00,295.6,303.6,292.8,299.2,54184.483
2023-07-03T00:00:00+00:00,299.3,302.6,293.5,299.0,53982.846
2023-07-03T04:00:00+00:00,299.0,300.1,289.4,295.3,54221.421
2023-07-03T08:00:00+00:00,295.3,297.0,290.0,293.3,51093.584
2023-07-03T12:00:00+00:00,293.3,295.3,287.3,290.5,78255.905
2023-07-03T16:00:00+00:00,290.5,290.9,283.2,288.0,70284.748
2023-07-03T20:00:00+00:00,288.0,293.2,279.3,292.2,79807.975
2023-07-04T00:00:00+00:00,292.2,293.4,281.2,286.1,57403.208
2023-07-04T04:00:00+00:00,286.1,286.7,279.6,280.4,41369.403
2023-07-04T08:00:00+00:00,280.4,285.8,277.0,284.6,43532.53
2023-07-04T12:00:00+00:00,284.6,284.7,277.1,278.6,32253.64
2023-07-04T16:00:00+00:00,278.5,281.6,272.2,273.7,58067.464
2023-07-04T20:00:00+00:00,273.7,278.7,271.2,272.4,41207.219
2023-07-05T00:00:00+00:00,272.4,278.7,271.5,275.8,42075.683
2023-07-05T04:00:00+00:00,275.8,275.9,271.8,273.1,34962.489
2023-07-05T08:00:00+00:00,273.2,276.2,260.3,264.5,105173.489
2023-07-05T12:00:00+00:00,264.5,265.2,248.9,253.6,130903.953
2023-07-05T16:00:00+00:00,253.6,258.2,252.5,254.8,62156.131
2023-07-05T20:00:00+00:00,254.9,273.9,254.1,272.0,120442.907
2023-07-06T00:00:00+00:00,271.9,281.1,268.1,276.4,169318.458
2023-07-06T04:00:00+00:00,276.4,302.1,275.0,292.2,217384.344
2023-07-06T08:00:00+00:00,292.1,303.7,289.0,292.0,128081.957
2023-07-06T12:00:00+00:00,292.0,292.9,275.6,285.6,169903.811
2023-07-06T16:00:00+00:00,285.6,289.0,278.0,282.7,53833.326
2023-07-06T20:00:00+00:00,282.7,288.5,273.4,275.0,72418.806
2023-07-07T00:00:00+00:00,275.0,287.4,272.1,285.0,108022.804
2023-07-07T04:00:00+00:00,285.0,286.9,277.2,280.4,72425.999
2023-07-07T08:00:00+00:00,280.4,283.0,277.9,278.4,39872.123
2023-07-07T12:00:00+00:00,278.4,289.7,274.0,283.4,113741.418
2023-07-07T16:00:00+00:00,283.4,284.2,278.0,280.4,39282.665
2023-07-07T20:00:00+00:00,280.3,280.9,275.4,278.3,25739.958
2023-07-08T00:00:00+00:00,278.4,283.2,276.3,278.5,30444.059
2023-07-08T04:00:00+00:00,278.5,280.1,277.2,279.0,15790.661
2023-07-08T08:00:00+00:00,279.0,280.5,265.1,269.9,43120.684
2023-07-08T12:00:00+00:00,269.9,270.1,265.0,267.1,52055.537
2023-07-08T16:00:00+00:00,267.1,270.0,261.7,268.1,45941.128
2023-07-08T20:00:00+00:00,268.1,273.2,263.7,272.0,32576.704
2023-07-09T00:00:00+00:00,272.0,279.7,269.7,273.4,44395.553
2023-07-09T04:00:00+00:00,273.3,273.7,266.3,268.3,26493.824
2023-07-09T08:00:00+00:00,268.2,270.6,267.2,268.3,20326.401
2023-07-09T12:00:00+00:00,268.3,273.7,263.8,268.1,43481.496
2023-07-09T16:00:00+00:00,268.2,270.7,266.5,267.8,17537.173
2023-07-09T20:00:00+00:00,267.8,268.7,262.2,265.6,20960.884
2023-07-10T00:00:00+00:00,265.6,275.2,258.6,270.5,75709.929
2023-07-10T04:00:00+00:00,270.4,270.5,264.0,264.2,44853.069
2023-07-10T08:00:00+00:00,264.2,272.0,261.2,269.1,53747.355
2023-07-10T12:00:00+00:00,269.1,282.6,266.8,276.3,80664.927
2023-07-10T16:00:00+00:00,276.2,284.9,273.3,283.3,50303.161
2023-07-10T20:00:00+00:00,283.4,287.8,272.7,274.7,66466.114
2023-07-11T00:00:00+00:00,274.8,277.3,272.2,274.0,21698.424
2023-07-11T04:00:00+00:00,274.0,277.5,271.8,274.9,20628.45
2023-07-11T08:00:00+00:00,274.8,275.4,272.0,273.4,13364.589
2023-07-11T12:00:00+00:00,273.4,277.6,271.5,274.0,29773.462
2023-07-11T16:00:00+00:00,274.0,275.3,270.2,274.2,31852.514
2023-07-11T20:00:00+00:00,274.3,275.7,273.6,274.0,15383.713
2023-07-12T00:00:00+00:00,274.0,277.0,272.7,274.5,37504.992
2023-07-12T04:00:00+00:00,274.5,286.5,273.6,284.2,49090.471
2023-07-12T08:00:00+00:00,284.1,287.1,282.6,285.4,53870.902
2023-07-12T12:00:00+00:00,285.4,295.0,279.3,283.1,96785.144
2023-07-12T16:00:00+00:00,283.2,283.6,276.6,278.0,31791.467
2023-07-12T20:00:00+00:00,278.0,283.9,277.4,282.2,16382.894
2023-07-13T00:00:00+00:00,282.3,286.0,280.9,281.7,36378.885
2023-07-13T04:00:00+00:00,281.8,289.7,278.3,283.9,48422.292
2023-07-13T08:00:00+00:00,283.9,287.2,282.5,285.6,35573.891
2023-07-13T12:00:00+00:00,285.7,292.4,282.7,286.0,87809.368
2023-07-13T16:00:00+00:00,286.1,289.0,271.7,276.9,155411.651
2023-07-13T20:00:00+00:00,276.9,277.9,268.6,273.9,61312.225
2023-07-14T00:00:00+00:00,274.0,278.2,271.7,275.2,67771.377
2023-07-14T04:00:00+00:00,275.2,277.8,270.6,273.2,48646.26
2023-07-14T08:00:00+00:00,273.2,275.3,272.2,273.7,30010.608
2023-07-14T12:00:00+00:00,273.7,274.3,270.6,272.8,31227.747
2023-07-14T16:00:00+00:00,272.8,273.3,253.6,259.2,113260.295
2023-07-14T20:00:00+00:00,259.2,274.0,255.7,264.0,34803.797
2023-07-15T00:00:00+00:00,264.0,264.0,251.1,252.6,40253.603
2023-07-15T04:00:00+00:00,252.6,255.7,250.0,254.8,30101.161
2023-07-15T08:00:00+00:00,254.8,255.1,251.6,252.2,20463.357
2023-07-15T12:00:00+00:00,252.1,254.9,245.6,251.2,51154.723
2023-07-15T16:00:00+00:00,251.1,254.9,248.6,253.0,19009.227
2023-07-15T20:00:00+00:00,252.9,253.7,250.5,253.3,11771.483
2023-07-16T00:00:00+00:00,253.3,261.3,252.4,255.8,55958.279
2023-07-16T04:00:00+00:00,255.8,258.8,253.7,257.3,30683.366
2023-07-16T08:00:00+00:00,257.3,258.4,252.2,253.6,19943.702
2023-07-16T12:00:00+00:00,253.6,258.5,251.6,256.8,51188.805
2023-07-16T16:00:00+00:00,256.8,258.5,252.4,252.8,23049.094
2023-07-16T20:00:00+00:00,252.7,253.5,247.4,249.9,18157.014
2023-07-17T00:00:00+00:00,249.9,254.6,247.6,252.6,16719.348
2023-07-17T04:00:00+00:00,252.7,253.1,250.6,251.4,16684.334
2023-07-17T08:00:00+00:00,251.4,252.9,241.6,244.1,45319.21
2023-07-17T12:00:00+00:00,244.2,247.9,242.0,243.8,25722.801
2023-07-17T16:00:00+00:00,243.7,245.5,236.0,239.3,68209.383
2023-07-17T20:00:00+00:00,239.3,244.0,238.6,241.9,34352.878
2023-07-18T00:00:00+00:00,241.9,244.1,239.5,240.2,26565.526
2023-07-18T04:00:00+00:00,240.1,240.8,235.8,237.3,27234.803
2023-07-18T08:00:00+00:00,237.2,238.7,233.1,234.2,41935.782
2023-07-18T12:00:00+00:00,234.3,244.9,231.5,243.2,74338.954
2023-07-18T16:00:00+00:00,243.2,246.4,238.5,241.0,42492.219
2023-07-18T20:00:00+00:00,240.9,248.1,239.5,243.6,21108.581
2023-07-19T00:00:00+00:00,243.6,252.0,243.0,248.6,43564.12
2023-07-19T04:00:00+00:00,248.6,250.6,245.8,246.3,16067.641
2023-07-19T08:00:00+00:00,246.4,247.0,242.8,246.6,15047.944
2023-07-19T12:00:00+00:00,246.7,248.7,242.4,245.0,19495.843
2023-07-19T16:00:00+00:00,244.9,247.2,243.4,245.0,13932.712
2023-07-19T20:00:00+00:00,244.9,245.1,241.2,244.0,12307.975
2023-07-20T00:00:00+00:00,244.0,246.4,242.8,244.0,10499.29
2023-07-20T04:00:00+00:00,244.0,248.3,242.6,246.9,14207.249
2023-07-20T08:00:00+00:00,246.9,255.3,246.5,249.6,45089.35
2023-07-20T12:00:00+00:00,249.7,250.8,241.4,243.2,28490.084
2023-07-20T16:00:00+00:00,243.1,244.3,241.5,243.2,15116.356
2023-07-20T20:00:00+00:00,243.3,245.0,240.2,244.0,11095.334
2023-07-21T00:00:00+00:00,244.0,247.3,241.5,245.1,14355.529
2023-07-21T04:00:00+00:00,245.3,245.4,242.1,242.8,5666.226
2023-07-21T08:00:00+00:00,242.8,244.1,241.7,242.7,7738.702
2023-07-21T12:00:00+00:00,242.8,246.2,242.6,244.9,13666.573
2023-07-21T16:00:00+00:00,244.9,248.3,244.1,246.7,18291.878
2023-07-21T20:00:00+00:00,246.8,247.7,245.8,246.1,6502.093
2023-07-22T00:00:00+00:00,246.1,247.8,245.8,246.4,11964.709
2023-07-22T04:00:00+00:00,246.3,246.9,244.5,245.5,10415.452
2023-07-22T08:00:00+00:00,245.5,246.3,242.2,244.1,9670.436
2023-07-22T12:00:00+00:00,244.2,245.1,243.1,244.0,6194.834
2023-07-22T16:00:00+00:00,244.0,244.5,242.1,243.3,4685.164
2023-07-22T20:00:00+00:00,243.3,243.8,237.2,239.4,14949.398
2023-07-23T00:00:00+00:00,239.3,245.0,238.2,242.9,12466.641
2023-07-23T04:00:00+00:00,242.9,244.8,242.3,242.9,13023.678
2023-07-23T08:00:00+00:00,242.9,255.7,242.8,251.7,43599.771
2023-07-23T12:00:00+00:00,251.8,252.4,245.6,247.5,24613.659
2023-07-23T16:00:00+00:00,247.4,253.3,247.4,250.1,22448.208
2023-07-23T20:00:00+00:00,250.1,251.4,247.6,249.5,7932.986
2023-07-24T00:00:00+00:00,249.5,253.9,246.4,247.7,20550.908
2023-07-24T04:00:00+00:00,247.6,248.5,244.7,247.3,16023.017
2023-07-24T08:00:00+00:00,247.2,247.5,238.1,241.9,31108.745
2023-07-24T12:00:00+00:00,241.8,242.4,237.8,240.3,22021.28
2023-07-24T16:00:00+00:00,240.3,242.0,237.6,238.3,11273.2
2023-07-24T20:00:00+00:00,238.3,239.4,235.8,238.4,10915.607
2023-07-25T00:00:00+00:00,238.5,238.6,235.3,237.0,12992.919
2023-07-25T04:00:00+00:00,237.1,237.3,232.0,233.5,13558.742
2023-07-25T08:00:00+00:00,233.5,236.5,232.6,234.0,14523.479
2023-07-25T12:00:00+00:00,234.0,239.7,233.1,236.5,17801.551
2023-07-25T16:00:00+00:00,236.6,238.5,234.1,236.1,10386.972
2023-07-25T20:00:00+00:00,236.1,237.9,234.7,237.1,6473.095
2023-07-26T00:00:00+00:00,237.1,239.3,233.7,237.8,15436.274
2023-07-26T04:00:00+00:00,237.8,238.9,236.4,236.8,10148.251
2023-07-26T08:00:00+00:00,236.7,237.1,234.7,235.0,5344.874
2023-07-26T12:00:00+00:00,235.0,239.3,234.7,238.4,13680.971
2023-07-26T16:00:00+00:00,238.4,244.7,238.0,242.5,39906.496
2023-07-26T20:00:00+00:00,242.6,244.3,239.5,242.2,15660.452
2023-07-27T00:00:00+00:00,242.2,245.9,240.9,244.4,21882.971
2023-07-27T04:00:00+00:00,244.4,249.7,244.4,246.5,24879.062
2023-07-27T08:00:00+00:00,246.5,248.6,245.2,246.1,19453.36
2023-07-27T12:00:00+00:00,246.2,246.6,243.1,243.3,10977.264
2023-07-27T16:00:00+00:00,243.3,244.4,241.2,243.3,6451.373
2023-07-27T20:00:00+00:00,243.3,245.5,242.6,245.2,6748.125
2023-07-28T00:00:00+00:00,245.3,245.5,242.6,243.4,5971.026
2023-07-28T04:00:00+00:00,243.4,243.4,241.3,242.9,4607.506
2023-07-28T08:00:00+00:00,242.9,244.3,242.1,243.2,5345.788
2023-07-28T12:00:00+00:00,243.1,245.4,242.7,243.5,7136.093
2023-07-28T16:00:00+00:00,243.5,243.6,241.5,242.6,5558.507
2023-07-28T20:00:00+00:00,242.6,242.8,241.1,241.2,3965.514
2023-07-29T00:00:00+00:00,241.2,241.5,240.1,241.1,6200.027
2023-07-29T04:00:00+00:00,241.1,241.4,239.6,240.0,6043.889
2023-07-29T08:00:00+00:00,239.9,240.2,238.2,239.5,7778.522
2023-07-29T12:00:00+00:00,239.4,240.9,239.2,239.9,7517.813
2023-07-29T16:00:00+00:00,240.0,241.0,239.6,240.6,3239.96
2023-07-29T20:00:00+00:00,240.7,242.5,240.3,241.8,5589.987
2023-07-30T00:00:00+00:00,241.9,243.5,241.1,242.4,6468.246
2023-07-30T04:00:00+00:00,242.4,245.2,242.0,243.8,15067.183
2023-07-30T08:00:00+00:00,243.8,245.0,242.3,242.9,9065.11
2023-07-30T12:00:00+00:00,242.9,256.3,242.7,253.1,83810.684
2023-07-30T16:00:00+00:00,253.2,254.6,248.9,250.3,27567.392
2023-07-30T20:00:00+00:00,250.2,254.7,245.4,253.0,32554.702
2023-07-31T00:00:00+00:00,253.1,259.4,252.2,256.1,38175.126
2023-07-31T04:00:00+00:00,256.1,256.5,250.9,251.1,21463.622
2023-07-31T08:00:00+00:00,251.1,254.9,251.0,252.0,23756.744
2023-07-31T12:00:00+00:00,252.0,253.6,247.2,247.9,34066.87
2023-07-31T16:00:00+00:00,247.8,252.8,247.8,249.2,17391.258
2023-07-31T20:00:00+00:00,249.2,250.5,247.6,247.9,12915.262
2023-08-01T00:00:00+00:00,247.9,248.9,240.0,242.2,38425.378
2023-08-01T04:00:00+00:00,242.2,243.4,241.7,242.5,8958.64
2023-08-01T08:00:00+00:00,242.4,244.5,240.9,241.5,18427.436
2023-08-01T12:00:00+00:00,241.5,243.2,238.7,242.1,21757.754
2023-08-01T16:00:00+00:00,242.1,243.5,239.2,241.9,15555.66
2023-08-01T20:00:00+00:00,241.9,245.4,241.3,245.1,10330.785
2023-08-02T00:00:00+00:00,245.0,247.4,243.1,243.4,43444.372
2023-08-02T04:00:00+00:00,243.3,243.4,236.3,237.1,29757.999
2023-08-02T08:00:00+00:00,237.0,239.5,235.8,238.2,19139.027
2023-08-02T12:00:00+00:00,238.3,238.3,231.3,232.7,53597.449
2023-08-02T16:00:00+00:00,232.5,233.6,220.7,228.0,44058.263
2023-08-02T20:00:00+00:00,228.0,231.1,227.2,229.1,9781.598
2023-08-03T00:00:00+00:00,229.1,231.7,228.2,230.3,13059.955
2023-08-03T04:00:00+00:00,230.4,230.6,226.3,227.4,15637.924
2023-08-03T08:00:00+00:00,227.4,230.8,226.4,229.6,15173.782
2023-08-03T12:00:00+00:00,229.7,231.5,227.3,228.8,18890.063
2023-08-03T16:00:00+00:00,228.8,230.3,227.5,228.8,10630.721
2023-08-03T20:00:00+00:00,228.7,229.8,222.7,225.2,22009.261
2023-08-04T00:00:00+00:00,225.2,228.8,225.0,227.5,19927.571
2023-08-04T04:00:00+00:00,227.6,230.1,226.3,227.5,16748.957
2023-08-04T08:00:00+00:00,227.4,228.0,226.2,226.9,7203.314
2023-08-04T12:00:00+00:00,226.8,229.4,226.5,227.2,16642.5
2023-08-04T16:00:00+00:00,227.2,228.0,222.5,224.1,10639.048
2023-08-04T20:00:00+00:00,224.0,228.0,220.7,227.7,24099.422
2023-08-05T00:00:00+00:00,227.7,229.0,224.3,225.8,10772.488
2023-08-05T04:00:00+00:00,225.8,225.9,223.6,224.7,3904.126
2023-08-05T08:00:00+00:00,224.6,226.2,224.3,224.7,4376.76
2023-08-05T12:00:00+00:00,224.8,228.3,223.2,225.6,28528.019
2023-08-05T16:00:00+00:00,225.5,227.3,224.4,226.9,9519.618
2023-08-05T20:00:00+00:00,226.9,227.8,226.2,226.7,7391.17
2023-08-06T00:00:00+00:00,226.7,227.7,225.8,226.9,3929.7
2023-08-06T04:00:00+00:00,226.9,227.5,226.3,227.2,6216.117
2023-08-06T08:00:00+00:00,227.2,228.6,225.5,226.1,9268.112
2023-08-06T12:00:00+00:00,226.2,226.2,221.5,221.9,24877.146
2023-08-06T16:00:00+00:00,221.9,224.0,221.9,223.0,5525.564
2023-08-06T20:00:00+00:00,222.9,224.2,221.9,223.1,4745.635
2023-08-07T00:00:00+00:00,223.1,234.4,216.7,232.9,84272.39
2023-08-07T04:00:00+00:00,232.9,234.9,230.0,230.5,108862.143
2023-08-07T08:00:00+00:00,230.4,242.5,229.6,241.0,196842.82
2023-08-07T12:00:00+00:00,241.1,245.4,232.6,233.9,158739.843
2023-08-07T16:00:00+00:00,233.8,239.9,230.3,237.5,67673.551
2023-08-07T20:00:00+00:00,237.5,240.0,236.9,237.7,17884.363
2023-08-08T00:00:00+00:00,237.8,243.3,235.6,237.0,61070.048
2023-08-08T04:00:00+00:00,237.0,238.7,234.9,235.9,15707.804
2023-08-08T08:00:00+00:00,236.0,242.5,235.5,241.5,35046.618
2023-08-08T12:00:00+00:00,241.4,249.6,235.8,237.5,165289.636
2023-08-08T16:00:00+00:00,237.4,242.6,237.4,238.4,41450.298
2023-08-08T20:00:00+00:00,238.4,242.9,236.9,238.4,47334.375
2023-08-09T00:00:00+00:00,238.4,239.7,234.6,235.6,50348.846
2023-08-09T04:00:00+00:00,235.6,237.1,235.1,236.7,15025.615
2023-08-09T08:00:00+00:00,236.7,237.8,235.6,236.4,12501.678
2023-08-09T12:00:00+00:00,236.4,239.0,235.1,237.1,26130.485
2023-08-09T16:00:00+00:00,237.2,238.8,236.1,237.0,21513.054
2023-08-09T20:00:00+00:00,237.0,239.0,233.7,238.7,16302.52
2023-08-10T00:00:00+00:00,238.8,240.6,237.9,239.0,25175.586
2023-08-10T04:00:00+00:00,238.9,239.3,233.8,234.7,78789.393
2023-08-10T08:00:00+00:00,234.7,235.4,232.1,232.8,27183.15
2023-08-10T12:00:00+00:00,232.8,236.7,232.4,233.4,22895.563
2023-08-10T16:00:00+00:00,233.4,233.4,230.3,231.9,15269.236
2023-08-10T20:00:00+00:00,231.9,233.0,231.2,231.9,31902.216
2023-08-11T00:00:00+00:00,231.9,233.0,228.9,229.5,22325.361
2023-08-11T04:00:00+00:00,229.6,231.1,229.1,230.0,29668.348
2023-08-11T08:00:00+00:00,230.1,230.5,227.2,228.9,28780.533
2023-08-11T12:00:00+00:00,228.9,229.7,227.4,228.1,14306.707
2023-08-11T16:00:00+00:00,228.1,229.2,227.3,227.7,4247.919
2023-08-11T20:00:00+00:00,227.8,229.4,227.7,229.1,2757.614
2023-08-12T00:00:00+00:00,229.0,231.0,228.0,228.5,16958.679
2023-08-12T04:00:00+00:00,228.6,229.4,228.3,228.7,2572.96
2023-08-12T08:00:00+00:00,228.8,230.0,228.3,229.5,4217.248
2023-08-12T12:00:00+00:00,229.4,229.8,228.7,229.1,5805.089
2023-08-12T16:00:00+00:00,229.1,229.6,227.4,227.8,7753.966
2023-08-12T20:00:00+00:00,227.8,229.2,227.6,228.7,2916.135
2023-08-13T00:00:00+00:00,228.7,229.4,228.1,228.4,2373.489
2023-08-13T04:00:00+00:00,228.5,228.5,225.0,227.7,17054.208
2023-08-13T08:00:00+00:00,227.7,228.4,227.3,227.9,3459.111
2023-08-13T12:00:00+00:00,227.8,230.0,227.6,228.8,11513.987
2023-08-13T16:00:00+00:00,228.8,231.2,228.1,230.5,13997.142
2023-08-13T20:00:00+00:00,230.7,231.0,227.2,228.4,6178.249
2023-08-14T00:00:00+00:00,228.4,229.6,225.6,228.3,10928.473
2023-08-14T04:00:00+00:00,228.3,230.2,228.0,229.8,5252.992
2023-08-14T08:00:00+00:00,229.7,230.6,229.0,229.5,5169.24
2023-08-14T12:00:00+00:00,229.4,231.0,227.6,230.3,12233.484
2023-08-14T16:00:00+00:00,230.4,231.3,227.6,228.9,11570.909
2023-08-14T20:00:00+00:00,228.8,231.0,228.6,230.2,5453.307
2023-08-15T00:00:00+00:00,230.1,230.7,228.6,229.5,10070.078
2023-08-15T04:00:00+00:00,229.5,234.3,228.6,232.7,22046.466
2023-08-15T08:00:00+00:00,232.7,235.2,231.8,232.9,35415.607
2023-08-15T12:00:00+00:00,232.9,235.5,232.8,235.0,51127.31
2023-08-15T16:00:00+00:00,235.0,237.3,225.7,230.8,80965.204
2023-08-15T20:00:00+00:00,230.7,232.2,228.0,228.9,29170.163
2023-08-16T00:00:00+00:00,228.8,231.3,227.8,228.0,26145.887
2023-08-16T04:00:00+00:00,228.0,228.5,225.5,226.0,21885.274
2023-08-16T08:00:00+00:00,225.9,226.4,221.2,223.4,33687.905
2023-08-16T12:00:00+00:00,223.3,223.5,216.1,216.5,49095.211
2023-08-16T16:00:00+00:00,216.4,217.8,213.3,214.3,35688.905
2023-08-16T20:00:00+00:00,214.3,215.1,201.0,208.2,61309.979
2023-08-17T00:00:00+00:00,208.2,211.4,203.5,209.8,37102.729
2023-08-17T04:00:00+00:00,209.9,211.1,208.8,209.9,44132.445
2023-08-17T08:00:00+00:00,209.8,210.5,207.3,207.4,20546.368
2023-08-17T12:00:00+00:00,207.5,209.3,202.0,203.0,47856.817
2023-08-17T16:00:00+00:00,202.9,205.4,201.4,204.6,23882.779
2023-08-17T20:00:00+00:00,204.7,204.9,165.4,184.2,149746.683
2023-08-18T00:00:00+00:00,184.2,188.9,178.6,181.1,48013.748
2023-08-18T04:00:00+00:00,181.1,187.0,179.3,185.2,24560.708
2023-08-18T08:00:00+00:00,185.3,187.0,183.9,185.8,20457.449
2023-08-18T12:00:00+00:00,185.9,186.8,184.0,185.1,24101.644
2023-08-18T16:00:00+00:00,185.1,192.0,182.5,186.2,54572.854
2023-08-18T20:00:00+00:00,186.2,189.5,186.1,187.5,14122.525
2023-08-19T00:00:00+00:00,187.4,189.7,187.0,187.7,10562.078
2023-08-19T04:00:00+00:00,187.6,188.4,185.9,188.3,6011.51
2023-08-19T08:00:00+00:00,188.4,192.1,187.9,188.6,29701.305
2023-08-19T12:00:00+00:00,188.5,189.3,186.6,189.3,43996.577
2023-08-19T16:00:00+00:00,189.2,190.3,186.3,186.5,16517.996
2023-08-19T20:00:00+00:00,186.5,187.4,184.3,187.1,10409.782
2023-08-20T00:00:00+00:00,187.2,188.5,186.7,187.3,25168.209
2023-08-20T04:00:00+00:00,187.3,188.2,186.6,188.0,19673.288
2023-08-20T08:00:00+00:00,188.1,189.7,187.4,188.6,11244.004
2023-08-20T12:00:00+00:00,188.6,189.1,186.8,188.2,10125.869
2023-08-20T16:00:00+00:00,188.1,190.2,187.5,189.4,6087.366
2023-08-20T20:00:00+00:00,189.4,190.7,188.6,188.9,3993.1
2023-08-21T00:00:00+00:00,188.9,189.7,187.8,188.4,6916.039
2023-08-21T04:00:00+00:00,188.4,199.2,186.0,187.5,36831.2
2023-08-21T08:00:00+00:00,187.4,188.4,185.6,188.1,13916.068
2023-08-21T12:00:00+00:00,188.1,189.4,180.6,183.4,28997.505
2023-08-21T16:00:00+00:00,183.5,187.4,183.5,186.6,9488.909
2023-08-21T20:00:00+00:00,186.7,187.4,185.7,185.7,4659.522
2023-08-22T00:00:00+00:00,185.8,186.1,184.3,185.1,8476.305
2023-08-22T04:00:00+00:00,185.0,186.3,184.5,186.2,15573.901
2023-08-22T08:00:00+00:00,186.2,187.0,185.4,185.7,5604.856
2023-08-22T12:00:00+00:00,185.7,188.3,184.9,185.2,13434.172
2023-08-22T16:00:00+00:00,185.2,186.9,181.2,182.1,14910.915
2023-08-22T20:00:00+00:00,182.2,185.8,176.7,184.9,16586.512
2023-08-23T00:00:00+00:00,185.1,188.3,184.7,186.7,13015.065
2023-08-23T04:00:00+00:00,186.6,189.4,186.5,187.1,8117.736
2023-08-23T08:00:00+00:00,187.1,188.8,187.0,188.0,8019.865
2023-08-23T12:00:00+00:00,188.0,190.6,187.0,190.1,9390.414
2023-08-23T16:00:00+00:00,190.0,197.0,189.7,195.1,28811.403
2023-08-23T20:00:00+00:00,195.1,196.1,192.4,193.8,41190.855
2023-08-24T00:00:00+00:00,193.8,194.2,192.3,193.2,6160.809
2023-08-24T04:00:00+00:00,193.2,193.4,191.3,191.8,5177.441
2023-08-24T08:00:00+00:00,191.7,192.8,191.2,191.9,9845.533
2023-08-24T12:00:00+00:00,191.9,192.7,188.7,190.3,22991.375
2023-08-24T16:00:00+00:00,190.3,192.2,189.8,191.5,9432.91
2023-08-24T20:00:00+00:00,191.5,195.2,189.2,194.2,23706.93
2023-08-25T00:00:00+00:00,194.1,194.8,189.8,192.0,12041.688
2023-08-25T04:00:00+00:00,192.0,192.0,188.7,190.1,26241.382
2023-08-25T08:00:00+00:00,190.0,191.7,190.0,190.8,3461.925
2023-08-25T12:00:00+00:00,190.7,192.9,188.4,190.1,15365.186
2023-08-25T16:00:00+00:00,190.1,193.8,189.6,192.0,6272.476
2023-08-25T20:00:00+00:00,192.0,193.0,191.8,192.1,15379.62
2023-08-26T00:00:00+00:00,192.0,192.4,191.0,191.5,4632.818
2023-08-26T04:00:00+00:00,191.5,191.6,189.4,189.6,4226.146
2023-08-26T08:00:00+00:00,189.7,190.4,189.3,189.7,6369.004
2023-08-26T12:00:00+00:00,189.8,190.6,188.9,190.0,6052.521
2023-08-26T16:00:00+00:00,190.0,190.3,189.1,190.0,1791.215
2023-08-26T20:00:00+00:00,190.0,190.8,189.8,190.1,1680.958
2023-08-27T00:00:00+00:00,190.1,191.0,190.0,190.6,1808.714
2023-08-27T04:00:00+00:00,190.6,192.0,190.5,191.7,13757.379
2023-08-27T08:00:00+00:00,191.7,192.0,191.0,191.2,2383.083
2023-08-27T12:00:00+00:00,191.2,196.4,191.1,195.5,15827.376
2023-08-27T16:00:00+00:00,195.4,197.0,193.8,195.9,9672.704
2023-08-27T20:00:00+00:00,195.9,201.9,195.7,197.8,26437.039
2023-08-28T00:00:00+00:00,197.8,198.0,193.8,194.2,15658.988
2023-08-28T04:00:00+00:00,194.3,194.4,191.4,192.7,8172.871
2023-08-28T08:00:00+00:00,192.7,192.8,190.2,191.3,11626.914
2023-08-28T12:00:00+00:00,191.3,194.0,190.0,190.5,18441.343
2023-08-28T16:00:00+00:00,190.5,192.1,188.7,189.6,8858.551
2023-08-28T20:00:00+00:00,189.5,190.7,187.2,190.7,12338.27
2023-08-29T00:00:00+00:00,190.6,192.6,190.2,192.1,15928.93
2023-08-29T04:00:00+00:00,192.1,192.7,189.0,189.9,15314.101
2023-08-29T08:00:00+00:00,189.8,192.7,189.0,191.4,8192.834
2023-08-29T12:00:00+00:00,191.3,214.4,191.2,207.7,102704.244
2023-08-29T16:00:00+00:00,207.7,228.4,206.9,222.2,119039.034
2023-08-29T20:00:00+00:00,222.2,228.0,220.3,225.2,53035.937
2023-08-30T00:00:00+00:00,225.3,225.9,219.0,221.1,37636.872
2023-08-30T04:00:00+00:00,221.0,222.0,216.3,218.0,34673.18
2023-08-30T08:00:00+00:00,218.1,219.8,214.6,214.8,27583.359
2023-08-30T12:00:00+00:00,214.7,218.3,212.0,213.1,43493.801
2023-08-30T16:00:00+00:00,213.0,214.3,211.3,213.2,17095.142
2023-08-30T20:00:00+00:00,213.2,216.7,212.8,215.9,8071.752
2023-08-31T00:00:00+00:00,216.0,216.2,212.3,213.3,9072.045
2023-08-31T04:00:00+00:00,213.3,221.2,212.7,220.1,41430.027
2023-08-31T08:00:00+00:00,220.1,223.0,216.1,219.7,43428.712
2023-08-31T12:00:00+00:00,219.7,220.6,211.0,213.9,41273.548
2023-08-31T16:00:00+00:00,213.8,215.0,203.1,206.5,47690.647
2023-08-31T20:00:00+00:00,206.5,208.9,204.3,207.6,13974.508
2023-09-01T00:00:00+00:00,207.6,211.1,207.3,208.8,11566.024
2023-09-01T04:00:00+00:00,208.8,209.1,204.9,205.5,15475.71
2023-09-01T08:00:00+00:00,205.5,208.1,205.3,207.5,14504.698
2023-09-01T12:00:00+00:00,207.5,208.1,201.2,202.7,30298.646
2023-09-01T16:00:00+00:00,202.6,204.2,197.7,199.6,31758.791
2023-09-01T20:00:00+00:00,199.5,202.4,198.5,199.6,9760.288
2023-09-02T00:00:00+00:00,199.6,201.4,199.0,200.2,8343.407
2023-09-02T04:00:00+00:00,200.3,200.9,198.5,198.8,7901.856
2023-09-02T08:00:00+00:00,198.8,200.7,197.0,200.2,16950.969
2023-09-02T12:00:00+00:00,200.2,201.8,198.4,198.9,12659.781
2023-09-02T16:00:00+00:00,198.8,199.3,190.8,195.3,30498.699
2023-09-02T20:00:00+00:00,195.3,196.3,194.5,195.0,6263.492
2023-09-03T00:00:00+00:00,195.0,196.7,194.3,194.9,4622.512
2023-09-03T04:00:00+00:00,194.8,196.6,193.3,196.0,10418.749
2023-09-03T08:00:00+00:00,196.0,196.4,194.2,195.4,4878.504
2023-09-03T12:00:00+00:00,195.4,198.2,192.8,193.6,15494.199
2023-09-03T16:00:00+00:00,193.6,195.4,191.2,194.6,12639.846
2023-09-03T20:00:00+00:00,194.6,196.8,193.9,196.1,14033.435
2023-09-04T00:00:00+00:00,196.2,199.1,194.8,196.9,15871.274
2023-09-04T04:00:00+00:00,196.9,197.7,193.6,193.9,13765.737
2023-09-04T08:00:00+00:00,193.9,196.6,192.5,192.6,22624.029
2023-09-04T12:00:00+00:00,192.6,194.5,189.8,191.9,18339.833
2023-09-04T16:00:00+00:00,191.9,194.7,191.8,193.6,11345.286
2023-09-04T20:00:00+00:00,193.6,194.0,190.7,193.9,10692.488
2023-09-05T00:00:00+00:00,193.8,194.1,190.7,192.4,7646.888
2023-09-05T04:00:00+00:00,192.4,193.4,191.1,192.4,7810.959
2023-09-05T08:00:00+00:00,192.5,195.2,192.0,193.8,16679.663
2023-09-05T12:00:00+00:00,193.8,195.1,191.1,191.8,15330.092
2023-09-05T16:00:00+00:00,191.7,192.4,190.1,190.3,8217.619
2023-09-05T20:00:00+00:00,190.4,192.5,189.4,192.1,8573.039
2023-09-06T00:00:00+00:00,192.0,194.1,191.3,192.7,10211.897
2023-09-06T04:00:00+00:00,192.7,192.9,191.5,192.1,8212.607
2023-09-06T08:00:00+00:00,192.1,193.4,191.8,192.8,8160.967
2023-09-06T12:00:00+00:00,192.8,193.5,190.6,192.0,10298.043
2023-09-06T16:00:00+00:00,192.1,195.8,189.5,192.5,17543.32
2023-09-06T20:00:00+00:00,192.6,194.0,192.5,193.1,2972.352
2023-09-07T00:00:00+00:00,193.1,193.3,191.8,192.8,4354.306
2023-09-07T04:00:00+00:00,192.8,192.9,191.2,192.0,9033.103
2023-09-07T08:00:00+00:00,192.0,192.3,190.1,190.4,12041.256
2023-09-07T12:00:00+00:00,190.4,191.7,189.9,190.7,14830.709
2023-09-07T16:00:00+00:00,190.6,191.9,190.1,191.0,13901.195
2023-09-07T20:00:00+00:00,190.9,194.5,190.8,193.6,16460.573
2023-09-08T00:00:00+00:00,193.6,197.1,192.7,195.6,43147.109
2023-09-08T04:00:00+00:00,195.6,196.7,193.8,194.9,23462.073
2023-09-08T08:00:00+00:00,194.9,195.1,190.6,191.3,21041.821
2023-09-08T12:00:00+00:00,191.2,192.8,191.0,191.7,5133.235
2023-09-08T16:00:00+00:00,191.7,193.0,191.2,192.5,5198.151
2023-09-08T20:00:00+00:00,192.4,193.5,192.2,193.1,3676.433
2023-09-09T00:00:00+00:00,193.2,193.3,191.7,191.8,4562.965
2023-09-09T04:00:00+00:00,191.8,192.3,191.3,191.8,4516.486
2023-09-09T08:00:00+00:00,191.8,192.1,191.4,191.9,5009.317
2023-09-09T12:00:00+00:00,191.9,196.4,191.0,193.9,21093.294
2023-09-09T16:00:00+00:00,194.0,194.8,192.5,192.9,7166.794
2023-09-09T20:00:00+00:00,192.9,193.5,192.4,193.1,2854.287
2023-09-10T00:00:00+00:00,193.0,193.1,191.2,191.6,9125.21
2023-09-10T04:00:00+00:00,191.6,191.6,182.0,189.1,27560.95
2023-09-10T08:00:00+00:00,189.2,189.6,188.2,188.8,4973.108
2023-09-10T12:00:00+00:00,188.7,191.3,187.0,188.8,10203.08
2023-09-10T16:00:00+00:00,188.8,191.0,185.9,190.1,14458.309
2023-09-10T20:00:00+00:00,190.1,192.7,189.9,190.3,10568.737
2023-09-11T00:00:00+00:00,190.4,191.2,188.2,189.8,9783.792
2023-09-11T04:00:00+00:00,189.8,191.8,189.5,190.0,13908.242
2023-09-11T08:00:00+00:00,189.9,190.4,184.8,187.0,24301.196
2023-09-11T12:00:00+00:00,187.0,188.7,182.4,183.0,33565.076
2023-09-11T16:00:00+00:00,183.0,184.9,180.5,182.2,16490.022
2023-09-11T20:00:00+00:00,182.3,184.5,181.4,184.2,14628.013
2023-09-12T00:00:00+00:00,184.3,192.1,184.0,191.2,23740.098
2023-09-12T04:00:00+00:00,191.2,193.8,189.1,190.2,47719.329
2023-09-12T08:00:00+00:00,190.3,201.1,190.1,198.1,46679.627
2023-09-12T12:00:00+00:00,198.2,200.0,195.7,197.4,28762.734
2023-09-12T16:00:00+00:00,197.5,210.7,197.3,204.0,91985.153
2023-09-12T20:00:00+00:00,204.0,204.1,197.8,198.5,18925.949
2023-09-13T00:00:00+00:00,198.4,201.2,197.3,198.2,31668.312
2023-09-13T04:00:00+00:00,198.2,204.5,195.8,200.3,54147.84
2023-09-13T08:00:00+00:00,200.3,203.8,199.7,202.5,25126.479
2023-09-13T12:00:00+00:00,202.5,203.3,199.4,201.3,22416.218
2023-09-13T16:00:00+00:00,201.3,202.1,198.0,199.2,12898.253
2023-09-13T20:00:00+00:00,199.3,201.6,198.6,199.6,8509.532
2023-09-14T00:00:00+00:00,199.6,204.6,198.5,202.0,37177.694
2023-09-14T04:00:00+00:00,201.9,201.9,198.8,200.7,23473.718
2023-09-14T08:00:00+00:00,200.8,202.8,200.4,202.6,11520.779
2023-09-14T12:00:00+00:00,202.6,209.5,201.0,207.4,54473.689
2023-09-14T16:00:00+00:00,207.5,210.6,206.3,208.3,37737.498
2023-09-14T20:00:00+00:00,208.3,209.7,207.0,207.8,10227.782
2023-09-15T00:00:00+00:00,207.9,225.8,206.1,217.2,81409.827
2023-09-15T04:00:00+00:00,217.2,220.0,215.8,216.0,33977.576
2023-09-15T08:00:00+00:00,216.0,219.4,212.7,213.8,48913.982
2023-09-15T12:00:00+00:00,213.8,214.9,211.0,214.4,33637.504
2023-09-15T16:00:00+00:00,214.4,215.7,211.3,212.8,18811.275
2023-09-15T20:00:00+00:00,212.9,219.7,212.5,217.2,29126.653
2023-09-16T00:00:00+00:00,217.1,223.9,216.1,219.2,44872.84
2023-09-16T04:00:00+00:00,219.1,219.7,216.2,217.0,23561.428
2023-09-16T08:00:00+00:00,217.1,217.1,213.4,215.7,15080.932
2023-09-16T12:00:00+00:00,215.7,215.8,212.7,213.7,9094.74
2023-09-16T16:00:00+00:00,213.6,217.7,213.5,215.9,15130.561
2023-09-16T20:00:00+00:00,215.9,216.7,214.4,214.6,8879.158
2023-09-17T00:00:00+00:00,214.6,214.6,207.3,212.5,28076.307
2023-09-17T04:00:00+00:00,212.6,212.6,210.8,210.9,7316.526
2023-09-17T08:00:00+00:00,210.9,213.6,210.6,212.6,9696.58
2023-09-17T12:00:00+00:00,212.6,214.9,211.4,212.3,21030.024
2023-09-17T16:00:00+00:00,212.3,212.7,207.2,209.4,21091.43
2023-09-17T20:00:00+00:00,209.4,210.3,205.1,209.9,18509.574
2023-09-18T00:00:00+00:00,210.0,215.5,207.4,215.0,40673.674
2023-09-18T04:00:00+00:00,214.9,216.1,212.7,213.9,25011.817
2023-09-18T08:00:00+00:00,213.9,222.9,212.9,219.9,40915.469
2023-09-18T12:00:00+00:00,219.9,225.7,218.7,221.2,44377.198
2023-09-18T16:00:00+00:00,221.2,223.1,215.9,217.3,27217.407
2023-09-18T20:00:00+00:00,217.2,219.3,215.6,217.3,11745.83
2023-09-19T00:00:00+00:00,217.3,218.9,214.5,218.6,14147.865
2023-09-19T04:00:00+00:00,218.5,219.1,216.3,216.8,12234.044
2023-09-19T08:00:00+00:00,216.8,222.5,216.7,219.9,28179.355
2023-09-19T12:00:00+00:00,220.0,221.9,216.4,220.9,25866.242
2023-09-19T16:00:00+00:00,221.0,221.0,217.5,218.7,10411.615
2023-09-19T20:00:00+00:00,218.7,219.5,216.9,218.7,9901.023
2023-09-20T00:00:00+00:00,218.7,221.0,215.5,216.5,22158.58
2023-09-20T04:00:00+00:00,216.4,217.2,214.6,216.1,16665.372
2023-09-20T08:00:00+00:00,216.1,217.1,211.5,213.4,24318.939
2023-09-20T12:00:00+00:00,213.4,215.9,211.5,215.6,31223.716
2023-09-20T16:00:00+00:00,215.6,218.9,212.8,214.8,29298.147
2023-09-20T20:00:00+00:00,214.7,217.4,214.6,215.4,10144.115
2023-09-21T00:00:00+00:00,215.5,215.7,213.0,214.1,11854.263
2023-09-21T04:00:00+00:00,214.2,214.5,211.7,213.1,19529.839
2023-09-21T08:00:00+00:00,212.9,213.5,206.5,209.1,33366.252
2023-09-21T12:00:00+00:00,209.0,209.5,206.2,207.5,22705.619
2023-09-21T16:00:00+00:00,207.5,208.4,205.7,208.3,8728.535
2023-09-21T20:00:00+00:00,208.4,209.1,206.7,208.5,5786.235
2023-09-22T00:00:00+00:00,208.6,210.2,204.2,209.5,29099.676
2023-09-22T04:00:00+00:00,209.4,210.1,207.5,209.3,15372.26
2023-09-22T08:00:00+00:00,209.4,210.2,208.4,209.5,6326.23
2023-09-22T12:00:00+00:00,209.6,209.7,206.7,207.0,8887.571
2023-09-22T16:00:00+00:00,206.9,207.9,205.3,206.9,7109.67
2023-09-22T20:00:00+00:00,206.9,208.3,206.5,207.8,2886.556
2023-09-23T00:00:00+00:00,207.8,209.3,206.9,207.4,5637.306
2023-09-23T04:00:00+00:00,207.3,207.9,206.6,207.2,3606.212
2023-09-23T08:00:00+00:00,207.2,209.4,206.8,207.9,16826.542
2023-09-23T12:00:00+00:00,207.9,209.7,207.4,208.0,8646.127
2023-09-23T16:00:00+00:00,207.9,209.4,207.6,208.9,3264.868
2023-09-23T20:00:00+00:00,209.0,209.3,207.4,208.2,2434.128
2023-09-24T00:00:00+00:00,208.2,210.0,207.7,209.5,14362.482
2023-09-24T04:00:00+00:00,209.5,209.8,208.5,208.6,4519.176
2023-09-24T08:00:00+00:00,208.6,209.4,208.0,208.4,4861.63
2023-09-24T12:00:00+00:00,208.4,209.2,207.0,207.5,6744.878
2023-09-24T16:00:00+00:00,207.5,208.9,205.8,206.6,8390.478
2023-09-24T20:00:00+00:00,206.6,207.9,202.8,204.7,9845.443
2023-09-25T00:00:00+00:00,204.7,207.2,201.8,205.5,13029.735
2023-09-25T04:00:00+00:00,205.4,208.0,204.3,207.0,11387.431
2023-09-25T08:00:00+00:00,207.0,207.3,205.7,206.2,5853.787
2023-09-25T12:00:00+00:00,206.2,213.6,205.9,211.9,29442.182
2023-09-25T16:00:00+00:00,212.0,213.7,210.1,210.7,12908.28
2023-09-25T20:00:00+00:00,210.7,211.1,209.5,210.5,4605.66
2023-09-26T00:00:00+00:00,210.5,212.5,209.5,211.7,20188.643
2023-09-26T04:00:00+00:00,211.8,214.4,211.3,213.5,14172.188
2023-09-26T08:00:00+00:00,213.5,214.2,212.1,213.5,14966.046
2023-09-26T12:00:00+00:00,213.5,216.0,211.8,212.8,38640.677
2023-09-26T16:00:00+00:00,212.9,215.8,212.7,214.3,11049.814
2023-09-26T20:00:00+00:00,214.2,215.1,211.9,214.6,9565.114
2023-09-27T00:00:00+00:00,214.7,219.0,213.9,214.8,19379.134
2023-09-27T04:00:00+00:00,214.7,215.9,213.4,215.5,13756.368
2023-09-27T08:00:00+00:00,215.4,232.8,214.3,230.2,66010.106
2023-09-27T12:00:00+00:00,230.2,236.7,223.7,227.0,84866.075
2023-09-27T16:00:00+00:00,227.0,231.8,225.4,229.9,37617.512
2023-09-27T20:00:00+00:00,229.9,232.8,227.6,229.4,25043.957
2023-09-28T00:00:00+00:00,229.3,235.9,227.9,230.8,46848.991
2023-09-28T04:00:00+00:00,230.7,239.4,229.1,237.3,51650.805
2023-09-28T08:00:00+00:00,237.3,238.2,233.3,234.9,36345.476
2023-09-28T12:00:00+00:00,234.9,244.7,232.4,242.8,66179.4
2023-09-28T16:00:00+00:00,242.8,245.8,235.8,238.3,52702.229
2023-09-28T20:00:00+00:00,238.4,240.5,236.7,238.7,15912.112
2023-09-29T00:00:00+00:00,238.7,241.4,234.5,235.1,25907.646
2023-09-29T04:00:00+00:00,235.2,239.7,234.8,238.2,19296.656
2023-09-29T08:00:00+00:00,238.2,240.0,233.6,234.2,23165.926
2023-09-29T12:00:00+00:00,234.1,234.3,229.1,232.7,32142.613
2023-09-29T16:00:00+00:00,232.7,237.3,230.3,236.8,28443.996
2023-09-29T20:00:00+00:00,236.8,238.4,233.3,235.0,14837.361
2023-09-30T00:00:00+00:00,235.0,236.0,231.9,232.7,13734.447
2023-09-30T04:00:00+00:00,232.6,236.0,232.6,235.2,12208.945
2023-09-30T08:00:00+00:00,235.3,237.4,234.6,234.8,14126.373
2023-09-30T12:00:00+00:00,234.8,239.9,234.8,237.1,19301.429
2023-09-30T16:00:00+00:00,237.1,238.1,234.2,235.8,15058.531
2023-09-30T20:00:00+00:00,235.8,236.6,233.8,233.9,7983.153
2023-10-01T00:00:00+00:00,233.9,238.1,233.7,237.5,16973.145
2023-10-01T04:00:00+00:00,237.6,240.2,236.6,238.6,9824.586
2023-10-01T08:00:00+00:00,238.6,242.1,236.6,236.6,24355.311
2023-10-01T12:00:00+00:00,236.6,237.5,234.5,235.9,14747.264
2023-10-01T16:00:00+00:00,236.0,236.0,233.9,234.2,9440.954
2023-10-01T20:00:00+00:00,234.2,245.3,232.8,242.3,33171.683
2023-10-02T00:00:00+00:00,242.4,245.5,240.5,243.0,25831.852
2023-10-02T04:00:00+00:00,243.0,244.9,241.0,243.5,19689.39
2023-10-02T08:00:00+00:00,243.6,247.9,241.3,243.4,46216.706
2023-10-02T12:00:00+00:00,243.4,256.5,242.7,249.6,91412.856
2023-10-02T16:00:00+00:00,249.5,253.6,244.6,252.8,51069.083
2023-10-02T20:00:00+00:00,252.8,252.8,243.5,246.3,28880.36
2023-10-03T00:00:00+00:00,246.3,251.5,245.7,245.8,30674.702
2023-10-03T04:00:00+00:00,245.9,246.2,239.7,241.2,48554.018
2023-10-03T08:00:00+00:00,241.2,242.6,239.1,239.9,31223.186
2023-10-03T12:00:00+00:00,239.9,241.2,233.0,234.0,45991.187
2023-10-03T16:00:00+00:00,233.9,234.7,230.2,231.6,23601.714
2023-10-03T20:00:00+00:00,231.6,232.7,227.8,230.3,15710.567
2023-10-04T00:00:00+00:00,230.2,230.4,223.6,228.5,22790.798
2023-10-04T04:00:00+00:00,228.5,230.6,228.3,229.2,7410.668
2023-10-04T08:00:00+00:00,229.2,232.8,229.1,231.2,15992.214
2023-10-04T12:00:00+00:00,231.1,232.3,226.5,227.0,13371.147
2023-10-04T16:00:00+00:00,226.9,231.0,226.7,228.4,17709.705
2023-10-04T20:00:00+00:00,228.4,234.2,228.2,233.1,11079.665
2023-10-05T00:00:00+00:00,233.1,234.9,230.5,230.6,11331.783
2023-10-05T04:00:00+00:00,230.6,231.7,228.6,229.2,7856.273
2023-10-05T08:00:00+00:00,229.2,231.2,228.4,229.6,7802.134
2023-10-05T12:00:00+00:00,229.5,234.8,226.5,228.8,28059.694
2023-10-05T16:00:00+00:00,228.7,230.0,225.5,229.4,18428.065
2023-10-05T20:00:00+00:00,229.4,234.0,229.1,230.9,9149.486
2023-10-06T00:00:00+00:00,231.0,233.2,231.0,231.1,7835.4
2023-10-06T04:00:00+00:00,231.2,231.4,228.7,231.2,12135.184
2023-10-06T08:00:00+00:00,231.2,231.6,228.7,229.0,5491.148
2023-10-06T12:00:00+00:00,229.0,232.9,226.1,231.8,16398.305
2023-10-06T16:00:00+00:00,231.8,233.0,230.4,231.8,8714.929
2023-10-06T20:00:00+00:00,231.8,234.0,230.5,230.8,6714.95
2023-10-07T00:00:00+00:00,230.9,232.7,229.3,229.5,6543.609
2023-10-07T04:00:00+00:00,229.6,232.1,229.6,230.7,4439.124
2023-10-07T08:00:00+00:00,230.8,236.4,230.1,233.7,24454.228
2023-10-07T12:00:00+00:00,233.7,233.9,231.5,232.2,9320.411
2023-10-07T16:00:00+00:00,232.2,232.9,228.4,229.1,10577.478
2023-10-07T20:00:00+00:00,229.1,230.7,228.7,230.2,2780.505
2023-10-08T00:00:00+00:00,230.2,233.1,230.1,232.4,5664.675
2023-10-08T04:00:00+00:00,232.4,232.5,228.8,229.5,7471.506
2023-10-08T08:00:00+00:00,229.5,230.5,226.5,227.6,9023.327
2023-10-08T12:00:00+00:00,227.6,230.1,226.9,229.0,8170.723
2023-10-08T16:00:00+00:00,229.1,229.7,227.8,228.5,5002.303
2023-10-08T20:00:00+00:00,228.4,229.8,226.9,227.8,5836.458
2023-10-09T00:00:00+00:00,227.8,228.7,225.3,228.4,7980.695
2023-10-09T04:00:00+00:00,228.4,229.1,226.1,226.7,5450.081
2023-10-09T08:00:00+00:00,226.7,226.8,211.2,216.3,35560.329
2023-10-09T12:00:00+00:00,216.3,219.0,215.6,215.9,11865.64
2023-10-09T16:00:00+00:00,215.9,218.3,210.6,218.3,23319.371
2023-10-09T20:00:00+00:00,218.3,219.8,217.4,218.4,8038.77
2023-10-10T00:00:00+00:00,218.5,220.4,217.7,218.9,6614.896
2023-10-10T04:00:00+00:00,219.0,219.6,217.8,218.3,7889.292
2023-10-10T08:00:00+00:00,218.3,219.2,215.3,215.7,11235.476
2023-10-10T12:00:00+00:00,215.7,216.3,210.9,212.3,35993.767
2023-10-10T16:00:00+00:00,212.3,213.8,210.3,212.4,18858.381
2023-10-10T20:00:00+00:00,212.3,213.9,210.3,212.2,7226.636
2023-10-11T00:00:00+00:00,212.2,213.6,206.3,210.4,19759.843
2023-10-11T04:00:00+00:00,210.4,217.1,210.1,213.4,21355.089
2023-10-11T08:00:00+00:00,213.2,215.8,212.9,213.6,13224.731
2023-10-11T12:00:00+00:00,213.6,214.2,210.4,212.9,17366.873
2023-10-11T16:00:00+00:00,213.0,214.6,211.5,212.8,11492.16
2023-10-11T20:00:00+00:00,212.9,214.8,212.4,214.1,4410.879
2023-10-12T00:00:00+00:00,214.0,215.0,211.8,213.9,10961.713
2023-10-12T04:00:00+00:00,213.8,215.3,213.5,214.1,4792.84
2023-10-12T08:00:00+00:00,214.1,214.6,211.2,214.2,9625.928
2023-10-12T12:00:00+00:00,214.2,217.5,211.0,211.3,30795.572
2023-10-12T16:00:00+00:00,211.4,212.4,207.5,212.0,13270.353
2023-10-12T20:00:00+00:00,211.9,214.4,211.7,214.0,4178.422
2023-10-13T00:00:00+00:00,214.1,214.9,211.9,212.4,18222.84
2023-10-13T04:00:00+00:00,212.4,214.4,211.9,213.1,6567.644
2023-10-13T08:00:00+00:00,213.1,213.7,212.0,212.9,5615.888
2023-10-13T12:00:00+00:00,213.0,215.5,212.3,213.0,28086.195
2023-10-13T16:00:00+00:00,213.1,216.0,212.9,215.4,10576.543
2023-10-13T20:00:00+00:00,215.5,218.9,215.1,217.2,13536.15
2023-10-14T00:00:00+00:00,217.3,218.2,216.4,217.4,5232.586
2023-10-14T04:00:00+00:00,217.4,217.8,216.0,216.6,3400.093
2023-10-14T08:00:00+00:00,216.7,217.0,215.8,216.3,2853.855
2023-10-14T12:00:00+00:00,216.1,217.3,215.6,217.3,3530.205
2023-10-14T16:00:00+00:00,217.3,217.3,215.7,216.2,3601.921
2023-10-14T20:00:00+00:00,216.1,216.2,214.3,214.5,4773.09
2023-10-15T00:00:00+00:00,214.5,215.9,213.5,214.8,4322.451
2023-10-15T04:00:00+00:00,214.8,215.2,214.0,214.3,2432.277
2023-10-15T08:00:00+00:00,214.3,215.2,213.4,213.7,4641.858
2023-10-15T12:00:00+00:00,213.6,215.1,212.8,213.5,7032.939
2023-10-15T16:00:00+00:00,213.4,215.0,213.1,215.0,2797.071
2023-10-15T20:00:00+00:00,215.0,216.7,214.6,215.1,7911.683
2023-10-16T00:00:00+00:00,215.2,217.8,214.8,217.7,13341.514
2023-10-16T04:00:00+00:00,217.6,228.4,217.0,226.2,42261.439
2023-10-16T08:00:00+00:00,226.2,228.0,224.7,226.5,36184.586
2023-10-16T12:00:00+00:00,226.5,249.7,225.7,227.7,142830.601
2023-10-16T16:00:00+00:00,227.7,235.5,227.4,232.4,22030.91
2023-10-16T20:00:00+00:00,232.4,233.5,230.0,230.8,12577.017
2023-10-17T00:00:00+00:00,230.8,231.4,226.3,227.1,22591.158
2023-10-17T04:00:00+00:00,227.1,230.3,225.7,229.1,26344.984
2023-10-17T08:00:00+00:00,229.1,232.5,228.3,229.3,13696.045
2023-10-17T12:00:00+00:00,229.2,229.8,223.6,228.0,22757.328
2023-10-17T16:00:00+00:00,228.1,228.8,224.5,226.6,15187.407
2023-10-17T20:00:00+00:00,226.6,228.5,225.9,226.4,3989.185
2023-10-18T00:00:00+00:00,226.3,230.9,224.6,229.2,42925.905
2023-10-18T04:00:00+00:00,229.2,232.9,228.4,229.3,16387.734
2023-10-18T08:00:00+00:00,229.4,231.3,228.7,228.8,7986.862
2023-10-18T12:00:00+00:00,228.9,231.7,228.1,229.1,26954.385
2023-10-18T16:00:00+00:00,229.1,230.1,226.1,226.6,13385.962
2023-10-18T20:00:00+00:00,226.5,228.1,226.0,226.8,5675.867
2023-10-19T00:00:00+00:00,226.8,229.4,224.8,226.1,34737.964
2023-10-19T04:00:00+00:00,226.0,228.0,225.4,227.2,4366.984
2023-10-19T08:00:00+00:00,227.2,229.5,226.3,228.4,7096.332
2023-10-19T12:00:00+00:00,228.5,231.2,228.0,229.7,11081.088
2023-10-19T16:00:00+00:00,229.7,235.3,227.9,229.2,16009.621
2023-10-19T20:00:00+00:00,229.0,231.0,226.4,227.3,8613.795
2023-10-20T00:00:00+00:00,227.3,239.2,226.1,237.4,24183.393
2023-10-20T04:00:00+00:00,237.5,239.5,234.6,237.4,20831.759
2023-10-20T08:00:00+00:00,237.5,249.9,237.5,244.0,56411.083
2023-10-20T12:00:00+00:00,244.1,244.5,238.5,242.8,37470.23
2023-10-20T16:00:00+00:00,242.7,243.7,238.6,241.0,14104.78
2023-10-20T20:00:00+00:00,241.0,241.5,239.8,240.4,5203.33
2023-10-21T00:00:00+00:00,240.4,242.7,237.8,241.5,11212.42
2023-10-21T04:00:00+00:00,241.4,242.9,240.6,242.1,12951.917
2023-10-21T08:00:00+00:00,242.0,243.8,240.2,242.4,14439.019
2023-10-21T12:00:00+00:00,242.5,243.1,239.7,241.9,12821.354
2023-10-21T16:00:00+00:00,241.9,246.6,240.6,242.8,35708.181
2023-10-21T20:00:00+00:00,242.9,245.5,242.0,244.0,8971.374
2023-10-22T00:00:00+00:00,244.1,254.7,243.4,248.0,39266.052
2023-10-22T04:00:00+00:00,248.1,249.8,240.1,243.2,22916.238
2023-10-22T08:00:00+00:00,243.2,244.0,240.1,241.3,13282.738
2023-10-22T12:00:00+00:00,241.3,242.3,239.0,240.1,13670.432
2023-10-22T16:00:00+00:00,240.0,242.5,239.7,240.5,17504.841
2023-10-22T20:00:00+00:00,240.5,244.4,237.1,243.4,32518.989
2023-10-23T00:00:00+00:00,243.4,249.5,240.9,248.2,36435.57
2023-10-23T04:00:00+00:00,248.3,251.6,242.4,244.3,30796.172
2023-10-23T08:00:00+00:00,244.3,246.3,240.6,244.0,18101.9
2023-10-23T12:00:00+00:00,244.0,247.7,240.3,246.2,17452.674
2023-10-23T16:00:00+00:00,246.2,252.0,245.1,251.0,36685.62
2023-10-23T20:00:00+00:00,251.0,264.8,249.9,262.0,74565.63
2023-10-24T00:00:00+00:00,262.0,269.9,258.8,259.0,54277.711
2023-10-24T04:00:00+00:00,259.0,262.3,253.5,256.0,27309.346
2023-10-24T08:00:00+00:00,256.1,263.4,255.3,262.6,28094.552
2023-10-24T12:00:00+00:00,262.5,264.2,245.5,250.1,49337.43
2023-10-24T16:00:00+00:00,250.1,253.4,247.5,251.7,20908.625
2023-10-24T20:00:00+00:00,251.7,253.4,248.0,251.9,12621.56
2023-10-25T00:00:00+00:00,251.9,257.3,250.0,252.5,15166.281
2023-10-25T04:00:00+00:00,252.6,255.3,248.2,250.2,17609.211
2023-10-25T08:00:00+00:00,250.2,256.0,248.6,254.1,18903.258
2023-10-25T12:00:00+00:00,254.0,259.8,254.0,257.9,21279.03
2023-10-25T16:00:00+00:00,258.0,259.7,251.7,253.6,17015.869
2023-10-25T20:00:00+00:00,253.6,254.9,251.0,254.2,9367.842
2023-10-26T00:00:00+00:00,254.2,256.3,252.7,256.3,8636.761
2023-10-26T04:00:00+00:00,256.3,257.0,249.1,254.6,18242.426
2023-10-26T08:00:00+00:00,254.5,255.9,247.6,250.0,24405.281
2023-10-26T12:00:00+00:00,250.1,251.7,240.3,243.8,31898.37
2023-10-26T16:00:00+00:00,243.8,245.8,242.1,245.4,8885.237
2023-10-26T20:00:00+00:00,245.4,248.8,245.1,247.3,7314.125
2023-10-27T00:00:00+00:00,247.3,247.6,241.2,244.6,10940.834
2023-10-27T04:00:00+00:00,244.7,244.8,241.5,241.7,9822.107
2023-10-27T08:00:00+00:00,241.7,246.9,241.3,244.3,13715.474
2023-10-27T12:00:00+00:00,244.3,247.1,241.4,243.2,16204.234
2023-10-27T16:00:00+00:00,243.1,243.5,232.8,238.2,18396.6
2023-10-27T20:00:00+00:00,238.3,239.7,237.5,239.3,4875.436
2023-10-28T00:00:00+00:00,239.2,243.1,238.8,242.3,8999.225
2023-10-28T04:00:00+00:00,242.3,244.6,241.8,242.9,15665.846
2023-10-28T08:00:00+00:00,242.9,247.0,242.5,244.8,31237.158
2023-10-28T12:00:00+00:00,244.9,246.9,243.8,245.4,19219.234
2023-10-28T16:00:00+00:00,245.3,247.9,244.7,245.1,12532.718
2023-10-28T20:00:00+00:00,245.1,247.2,244.4,245.0,5306.637
2023-10-29T00:00:00+00:00,244.9,246.2,242.3,244.3,11610.743
2023-10-29T04:00:00+00:00,244.2,245.6,244.0,245.0,5752.157
2023-10-29T08:00:00+00:00,245.0,247.0,244.8,246.2,4602.266
2023-10-29T12:00:00+00:00,246.2,247.7,245.3,247.2,16614.673
2023-10-29T16:00:00+00:00,247.1,249.8,245.9,247.9,11577.904
2023-10-29T20:00:00+00:00,248.0,248.4,245.7,246.1,5605.062
2023-10-30T00:00:00+00:00,246.0,246.8,243.8,244.1,8239.018
2023-10-30T04:00:00+00:00,244.0,244.9,242.1,242.6,7416.291
2023-10-30T08:00:00+00:00,242.6,248.1,242.4,247.5,15890.445
2023-10-30T12:00:00+00:00,247.6,250.9,244.9,246.3,15353.801
2023-10-30T16:00:00+00:00,246.2,246.3,241.2,245.2,11734.055
2023-10-30T20:00:00+00:00,245.2,246.2,244.1,245.8,5577.928
2023-10-31T00:00:00+00:00,245.9,249.0,244.1,244.2,11314.948
2023-10-31T04:00:00+00:00,244.2,245.8,242.4,242.5,9025.14
2023-10-31T08:00:00+00:00,242.5,247.0,241.1,246.0,16958.974
2023-10-31T12:00:00+00:00,246.0,248.0,235.8,239.9,30469.638
2023-10-31T16:00:00+00:00,239.9,246.5,239.0,242.3,21824.801
2023-10-31T20:00:00+00:00,242.3,245.1,242.0,244.9,6580.145
2023-11-01T00:00:00+00:00,244.9,245.5,241.6,242.5,9189.316
2023-11-01T04:00:00+00:00,242.5,243.3,239.5,240.5,8600.419
2023-11-01T08:00:00+00:00,240.7,241.1,237.0,238.6,11082.608
2023-11-01T12:00:00+00:00,238.6,243.5,236.5,238.0,25328.225
2023-11-01T16:00:00+00:00,237.9,244.7,237.8,242.4,17450.949
2023-11-01T20:00:00+00:00,242.5,247.3,242.4,245.3,19211.901
2023-11-02T00:00:00+00:00,245.2,249.5,244.2,247.8,26622.621
2023-11-02T04:00:00+00:00,247.8,248.7,242.1,243.2,23623.074
2023-11-02T08:00:00+00:00,243.1,244.3,241.6,242.5,10621.95
2023-11-02T12:00:00+00:00,242.5,242.9,233.9,234.7,28272.385
2023-11-02T16:00:00+00:00,234.6,238.2,230.4,238.1,15187.74
2023-11-02T20:00:00+00:00,238.2,238.6,234.1,235.5,6806.871
2023-11-03T00:00:00+00:00,235.5,236.9,231.1,236.3,31941.822
2023-11-03T04:00:00+00:00,236.3,238.4,235.4,237.9,7490.414
2023-11-03T08:00:00+00:00,237.9,241.0,235.2,236.6,32488.801
2023-11-03T12:00:00+00:00,236.6,239.0,234.9,238.1,6362.333
2023-11-03T16:00:00+00:00,238.0,238.4,234.9,237.3,3861.811
2023-11-03T20:00:00+00:00,237.4,238.7,236.9,237.6,4015.869
2023-11-04T00:00:00+00:00,237.4,238.1,236.3,238.0,4766.617
2023-11-04T04:00:00+00:00,238.1,238.9,236.9,238.1,5545.274
2023-11-04T08:00:00+00:00,238.0,239.0,236.6,237.2,4429.272
2023-11-04T12:00:00+00:00,237.2,237.8,235.7,236.7,3852.217
2023-11-04T16:00:00+00:00,236.7,237.4,236.0,236.9,2308.91
2023-11-04T20:00:00+00:00,236.8,240.7,236.7,240.4,10256.722
2023-11-05T00:00:00+00:00,240.5,241.8,238.0,241.4,7930.355
2023-11-05T04:00:00+00:00,241.5,242.2,239.2,240.4,9250.89
2023-11-05T08:00:00+00:00,240.5,242.4,238.6,240.8,7407.709
2023-11-05T12:00:00+00:00,240.9,243.1,233.3,237.1,20007.991
2023-11-05T16:00:00+00:00,237.1,238.8,235.8,236.8,12414.39
2023-11-05T20:00:00+00:00,236.7,240.1,233.7,237.5,13638.802
2023-11-06T00:00:00+00:00,237.7,240.0,236.9,238.1,7590.086
2023-11-06T04:00:00+00:00,238.1,238.4,235.5,237.4,5337.605
2023-11-06T08:00:00+00:00,237.3,240.3,236.7,239.7,7084.098
2023-11-06T12:00:00+00:00,239.8,243.2,237.8,240.3,20322.423
2023-11-06T16:00:00+00:00,240.2,242.2,239.0,241.9,6782.132
2023-11-06T20:00:00+00:00,241.9,244.9,240.1,242.8,9290.2
2023-11-07T00:00:00+00:00,242.9,243.1,237.8,240.5,10100.795
2023-11-07T04:00:00+00:00,240.6,242.3,239.8,241.3,6783.383
2023-11-07T08:00:00+00:00,241.3,251.9,241.1,244.8,56975.082
2023-11-07T12:00:00+00:00,244.9,245.7,238.4,239.7,19734.832
2023-11-07T16:00:00+00:00,239.7,247.5,237.2,247.2,22372.864
2023-11-07T20:00:00+00:00,247.3,248.1,242.9,243.9,12464.475
2023-11-08T00:00:00+00:00,243.8,244.6,241.7,242.9,7613.467
2023-11-08T04:00:00+00:00,242.8,243.6,241.7,242.6,6089.525
2023-11-08T08:00:00+00:00,242.7,245.1,242.5,243.9,9421.059
2023-11-08T12:00:00+00:00,243.9,245.0,241.9,242.9,8853.299
2023-11-08T16:00:00+00:00,242.8,247.4,242.2,246.1,9193.97
2023-11-08T20:00:00+00:00,246.3,247.2,244.1,245.5,12969.741
2023-11-09T00:00:00+00:00,245.4,253.7,244.1,250.7,30496.976
2023-11-09T04:00:00+00:00,250.7,252.0,247.9,248.4,22206.334
2023-11-09T08:00:00+00:00,248.4,252.2,248.2,249.8,16494.366
2023-11-09T12:00:00+00:00,249.8,257.8,247.5,250.0,50319.844
2023-11-09T16:00:00+00:00,249.9,251.6,212.0,234.8,83830.664
2023-11-09T20:00:00+00:00,234.7,240.2,230.1,240.1,22365.266
2023-11-10T00:00:00+00:00,240.2,242.8,237.9,240.6,21141.702
2023-11-10T04:00:00+00:00,240.6,241.6,238.3,239.1,13201.63
2023-11-10T08:00:00+00:00,239.1,242.5,235.7,241.0,26386.757
2023-11-10T12:00:00+00:00,241.0,241.0,233.5,238.3,30360.682
2023-11-10T16:00:00+00:00,238.3,241.2,238.0,239.3,14253.295
2023-11-10T20:00:00+00:00,239.3,240.8,238.6,239.7,11637.288
2023-11-11T00:00:00+00:00,239.8,241.3,235.3,235.6,18667.454
2023-11-11T04:00:00+00:00,235.6,236.8,232.3,235.5,13666.254
2023-11-11T08:00:00+00:00,235.6,237.5,234.5,236.6,13701.145
2023-11-11T12:00:00+00:00,236.5,240.4,235.6,238.8,13676.688
2023-11-11T16:00:00+00:00,238.8,241.7,237.6,239.3,15500.868
2023-11-11T20:00:00+00:00,239.4,239.5,234.0,236.7,10908.318
2023-11-12T00:00:00+00:00,236.6,237.0,230.2,235.4,16957.566
2023-11-12T04:00:00+00:00,235.3,239.5,234.2,238.6,7729.797
2023-11-12T08:00:00+00:00,238.6,239.1,236.7,237.4,8407.879
2023-11-12T12:00:00+00:00,237.4,238.4,234.6,237.2,9189.735
2023-11-12T16:00:00+00:00,237.3,238.0,235.4,236.3,4447.958
2023-11-12T20:00:00+00:00,236.2,238.2,235.1,236.6,5701.429
2023-11-13T00:00:00+00:00,236.6,239.8,233.6,234.3,13442.662
2023-11-13T04:00:00+00:00,234.3,240.4,232.9,237.4,22108.04
2023-11-13T08:00:00+00:00,237.4,239.0,233.7,235.0,16463.521
2023-11-13T12:00:00+00:00,234.9,239.1,231.9,238.0,24658.928
2023-11-13T16:00:00+00:00,237.9,239.7,235.1,239.2,33880.381
2023-11-13T20:00:00+00:00,239.2,239.6,233.5,234.0,12210.476
2023-11-14T00:00:00+00:00,233.9,238.0,231.4,237.4,13321.661
2023-11-14T04:00:00+00:00,237.3,238.4,237.2,238.3,5870.034
2023-11-14T08:00:00+00:00,238.3,238.9,233.0,234.6,11524.797
2023-11-14T12:00:00+00:00,234.5,238.2,233.0,235.2,20836.502
2023-11-14T16:00:00+00:00,235.3,236.0,220.5,228.2,27230.831
2023-11-14T20:00:00+00:00,228.2,232.0,228.0,232.0,8270.659
2023-11-15T00:00:00+00:00,232.0,232.9,230.1,230.3,8236.647
2023-11-15T04:00:00+00:00,230.3,232.4,230.2,232.0,4639.698
2023-11-15T08:00:00+00:00,231.9,234.8,231.0,234.5,9075.162
2023-11-15T12:00:00+00:00,234.5,234.5,231.7,233.4,9744.17
2023-11-15T16:00:00+00:00,233.4,236.3,232.2,236.3,15211.399
2023-11-15T20:00:00+00:00,236.3,238.2,235.1,237.8,11834.16
2023-11-16T00:00:00+00:00,237.9,245.0,237.1,239.0,21905.649
2023-11-16T04:00:00+00:00,239.0,240.9,237.9,240.2,7430.713
2023-11-16T08:00:00+00:00,240.3,240.4,235.7,236.8,10891.273
2023-11-16T12:00:00+00:00,236.8,236.9,230.3,231.9,27042.57
2023-11-16T16:00:00+00:00,231.9,237.5,231.5,236.1,32247.241
2023-11-16T20:00:00+00:00,236.1,236.3,231.9,234.0,11971.953
2023-11-17T00:00:00+00:00,233.9,234.8,231.5,232.9,17605.694
2023-11-17T04:00:00+00:00,233.0,233.9,231.3,231.7,25584.443
2023-11-17T08:00:00+00:00,231.7,233.6,227.5,229.6,15792.287
2023-11-17T12:00:00+00:00,229.5,230.9,221.6,222.4,16770.499
2023-11-17T16:00:00+00:00,222.3,229.0,221.4,227.4,11867.85
2023-11-17T20:00:00+00:00,227.4,229.8,226.8,229.7,3969.554
2023-11-18T00:00:00+00:00,229.8,229.8,226.3,226.3,6512.704
2023-11-18T04:00:00+00:00,226.5,227.6,220.8,224.7,10486.915
2023-11-18T08:00:00+00:00,224.7,227.3,224.2,225.4,7608.221
2023-11-18T12:00:00+00:00,225.3,227.3,223.3,227.0,4984.467
2023-11-18T16:00:00+00:00,226.9,228.2,225.8,227.5,3757.068
2023-11-18T20:00:00+00:00,227.7,228.1,226.2,227.3,2636.336
2023-11-19T00:00:00+00:00,227.3,228.1,224.0,227.9,5475.172
2023-11-19T04:00:00+00:00,228.0,229.3,227.0,228.9,7337.354
2023-11-19T08:00:00+00:00,228.9,229.5,226.2,227.1,3804.947
2023-11-19T12:00:00+00:00,227.1,228.1,226.6,227.7,3985.974
2023-11-19T16:00:00+00:00,227.7,229.1,227.4,228.9,4740.2
2023-11-19T20:00:00+00:00,229.0,231.0,228.0,230.1,8215.544
2023-11-20T00:00:00+00:00,230.1,230.4,228.6,229.3,5803.488
2023-11-20T04:00:00+00:00,229.3,230.0,228.3,230.0,3901.744
2023-11-20T08:00:00+00:00,230.0,230.5,228.8,229.4,5251.53
2023-11-20T12:00:00+00:00,229.3,229.8,225.3,228.6,9702.66
2023-11-20T16:00:00+00:00,228.7,229.8,225.8,227.9,11984.898
2023-11-20T20:00:00+00:00,227.8,228.3,224.5,226.2,6739.518
2023-11-21T00:00:00+00:00,226.2,228.9,225.4,227.3,6127.867
2023-11-21T04:00:00+00:00,227.4,227.8,226.1,226.2,2896.23
2023-11-21T08:00:00+00:00,226.2,235.0,226.1,231.9,35566.001
2023-11-21T12:00:00+00:00,231.9,234.4,225.8,231.7,39215.526
2023-11-21T16:00:00+00:00,231.7,236.3,221.3,226.3,36566.595
2023-11-21T20:00:00+00:00,226.3,228.2,212.7,216.4,33815.768
2023-11-22T00:00:00+00:00,216.3,220.2,215.4,220.2,12161.326
2023-11-22T04:00:00+00:00,220.2,221.2,219.2,220.3,9060.753
2023-11-22T08:00:00+00:00,220.2,221.4,218.2,218.5,11683.394
2023-11-22T12:00:00+00:00,218.5,220.8,217.8,219.1,10262.192
2023-11-22T16:00:00+00:00,219.1,223.5,217.8,222.7,14450.242
2023-11-22T20:00:00+00:00,222.7,224.7,221.9,223.8,13513.921
2023-11-23T00:00:00+00:00,223.8,227.6,222.4,225.3,16549.944
2023-11-23T04:00:00+00:00,225.4,227.1,224.7,226.1,7557.937
2023-11-23T08:00:00+00:00,226.1,226.4,223.8,225.0,6173.298
2023-11-23T12:00:00+00:00,225.1,225.5,221.9,222.9,6726.655
2023-11-23T16:00:00+00:00,222.9,225.2,222.7,224.8,3324.563
2023-11-23T20:00:00+00:00,224.8,226.0,224.8,225.1,2898.959
2023-11-24T00:00:00+00:00,225.2,226.7,225.0,225.5,4708.712
2023-11-24T04:00:00+00:00,225.5,226.0,224.8,225.7,4117.442
2023-11-24T08:00:00+00:00,225.8,227.6,224.4,225.8,14453.592
2023-11-24T12:00:00+00:00,225.8,230.2,225.1,227.8,15195.38
2023-11-24T16:00:00+00:00,227.8,228.8,224.8,226.8,7631.694
2023-11-24T20:00:00+00:00,226.8,227.6,225.7,226.4,5354.649
2023-11-25T00:00:00+00:00,226.5,228.1,225.7,227.2,4634.975
2023-11-25T04:00:00+00:00,227.2,228.0,226.9,227.9,4917.267
2023-11-25T08:00:00+00:00,227.9,228.1,225.5,226.3,3990.526
2023-11-25T12:00:00+00:00,226.2,228.3,226.2,227.5,4533.705
2023-11-25T16:00:00+00:00,227.6,227.8,226.8,226.8,1697.706
2023-11-25T20:00:00+00:00,226.9,227.7,226.5,227.6,2113.463
2023-11-26T00:00:00+00:00,227.6,228.9,227.0,228.1,3909.372
2023-11-26T04:00:00+00:00,228.2,229.8,227.8,229.4,4700.432
2023-11-26T08:00:00+00:00,229.4,229.7,227.7,228.0,5090.546
2023-11-26T12:00:00+00:00,228.1,228.7,225.5,225.9,6682.614
2023-11-26T16:00:00+00:00,225.9,226.3,221.8,225.7,10602.274
2023-11-26T20:00:00+00:00,225.8,227.2,225.4,226.8,5726.447
2023-11-27T00:00:00+00:00,226.8,229.7,223.8,225.0,24837.052
2023-11-27T04:00:00+00:00,225.0,226.5,223.0,224.7,6992.882
2023-11-27T08:00:00+00:00,224.8,225.4,221.2,222.4,8736.935
2023-11-27T12:00:00+00:00,222.4,227.7,222.2,223.3,23295.608
2023-11-27T16:00:00+00:00,223.3,226.3,219.3,220.9,19949.559
2023-11-27T20:00:00+00:00,220.9,223.6,220.0,223.2,5129.684
2023-11-28T00:00:00+00:00,223.3,223.7,221.4,222.2,5076.835
2023-11-28T04:00:00+00:00,222.2,224.6,219.5,222.8,6520.873
2023-11-28T08:00:00+00:00,222.8,222.9,220.9,222.5,5143.152
2023-11-28T12:00:00+00:00,222.5,223.1,221.3,222.3,7458.225
2023-11-28T16:00:00+00:00,222.4,224.9,222.0,223.9,13856.287
2023-11-28T20:00:00+00:00,224.1,224.3,222.6,223.3,3269.881
2023-11-29T00:00:00+00:00,223.3,224.2,222.6,223.3,4563.709
2023-11-29T04:00:00+00:00,223.4,224.3,222.8,223.9,2443.546
2023-11-29T08:00:00+00:00,224.0,227.2,223.4,223.9,12941.03
2023-11-29T12:00:00+00:00,224.0,224.4,221.0,223.0,10526.346
2023-11-29T16:00:00+00:00,223.0,224.5,222.2,223.6,4859.384
2023-11-29T20:00:00+00:00,223.7,223.7,222.3,223.2,3593.183
2023-11-30T00:00:00+00:00,223.3,223.5,222.2,223.2,2191.729
2023-11-30T04:00:00+00:00,223.2,223.5,221.9,222.1,3338.637
2023-11-30T08:00:00+00:00,222.1,222.9,221.1,222.8,4882.803
2023-11-30T12:00:00+00:00,222.8,223.0,221.7,222.5,4747.888
2023-11-30T16:00:00+00:00,222.5,222.6,222.0,222.0,2230.739
2023-11-30T20:00:00+00:00,222.0,222.3,220.1,221.4,4912.081
2023-12-01T00:00:00+00:00,221.4,223.3,220.6,222.8,3362.288
2023-12-01T04:00:00+00:00,222.8,223.9,222.6,223.7,4470.76
2023-12-01T08:00:00+00:00,223.8,226.4,223.6,224.9,7918.158
2023-12-01T12:00:00+00:00,225.1,225.2,222.9,223.7,4540.472
2023-12-01T16:00:00+00:00,223.7,225.3,223.4,225.2,4161.822
2023-12-01T20:00:00+00:00,225.2,225.8,225.0,225.1,2132.903
2023-12-02T00:00:00+00:00,225.1,226.0,224.8,225.9,1941.371
2023-12-02T04:00:00+00:00,225.9,226.4,225.5,225.7,2738.174
2023-12-02T08:00:00+00:00,225.8,228.3,225.6,226.4,10781.799
2023-12-02T12:00:00+00:00,226.5,227.4,225.2,226.0,6090.205
2023-12-02T16:00:00+00:00,226.0,228.3,225.1,227.5,11218.701
2023-12-02T20:00:00+00:00,227.6,228.6,226.7,228.2,5944.796
2023-12-03T00:00:00+00:00,228.3,233.3,228.2,230.0,22150.935
2023-12-03T04:00:00+00:00,230.1,230.3,227.1,228.3,9471.062
2023-12-03T08:00:00+00:00,228.4,228.5,227.1,227.9,6780.571
2023-12-03T12:00:00+00:00,227.9,229.1,223.8,227.4,17815.334
2023-12-03T16:00:00+00:00,227.4,227.9,226.0,226.9,2265.7
2023-12-03T20:00:00+00:00,227.0,231.1,226.6,230.0,10085.802
2023-12-04T00:00:00+00:00,230.1,253.3,229.0,248.5,110916.47
2023-12-04T04:00:00+00:00,248.5,256.3,247.8,249.5,61384.2
2023-12-04T08:00:00+00:00,249.5,252.7,238.0,245.0,68567.724
2023-12-04T12:00:00+00:00,244.9,250.7,242.4,248.8,44158.383
2023-12-04T16:00:00+00:00,248.8,250.1,246.4,248.9,15634.065
2023-12-04T20:00:00+00:00,248.9,255.3,246.7,252.3,24158.973
2023-12-05T00:00:00+00:00,252.3,253.1,244.7,245.8,21855.894
2023-12-05T04:00:00+00:00,245.8,247.3,238.4,240.6,24361.082
2023-12-05T08:00:00+00:00,240.6,241.5,238.4,239.9,12182.883
2023-12-05T12:00:00+00:00,239.9,243.1,238.8,242.5,25943.135
2023-12-05T16:00:00+00:00,242.5,250.8,241.3,250.0,28209.412
2023-12-05T20:00:00+00:00,250.0,252.5,248.7,250.9,24654.494
2023-12-06T00:00:00+00:00,251.0,256.4,246.5,248.0,43011.066
2023-12-06T04:00:00+00:00,247.9,248.7,242.8,246.5,17711.937
2023-12-06T08:00:00+00:00,246.4,265.3,245.5,250.1,87010.225
2023-12-06T12:00:00+00:00,250.1,253.3,246.2,249.3,33658.082
2023-12-06T16:00:00+00:00,249.4,251.4,248.2,250.6,13062.669
2023-12-06T20:00:00+00:00,250.7,250.8,243.2,244.6,14017.843
2023-12-07T00:00:00+00:00,244.6,246.8,243.7,245.9,13625.207
2023-12-07T04:00:00+00:00,245.9,249.3,245.6,247.1,9450.914
2023-12-07T08:00:00+00:00,247.0,247.7,239.2,243.2,24846.242
2023-12-07T12:00:00+00:00,243.1,247.4,242.4,245.8,14001.286
2023-12-07T16:00:00+00:00,245.8,247.8,244.2,244.8,16808.021
2023-12-07T20:00:00+00:00,244.9,247.4,243.5,246.9,7613.157
2023-12-08T00:00:00+00:00,246.9,249.2,245.3,248.2,9227.95
2023-12-08T04:00:00+00:00,248.2,249.2,245.5,246.6,6519.462
2023-12-08T08:00:00+00:00,246.7,249.8,246.3,249.1,7541.233
2023-12-08T12:00:00+00:00,249.1,250.1,246.9,249.3,16297.638
2023-12-08T16:00:00+00:00,249.4,252.9,249.4,252.8,22195.817
2023-12-08T20:00:00+00:00,252.8,254.6,251.9,253.5,11893.47
2023-12-09T00:00:00+00:00,253.6,256.0,252.0,254.1,11562.333
2023-12-09T04:00:00+00:00,254.2,258.0,254.0,257.5,12400.391
2023-12-09T08:00:00+00:00,257.5,259.4,251.4,254.5,34748.198
2023-12-09T12:00:00+00:00,254.5,263.0,253.8,256.4,30812.314
2023-12-09T16:00:00+00:00,256.5,257.0,251.9,255.6,10495.646
2023-12-09T20:00:00+00:00,255.5,257.2,250.2,252.7,10184.948
2023-12-10T00:00:00+00:00,252.7,255.3,252.1,254.2,7137.981
2023-12-10T04:00:00+00:00,254.2,255.2,250.8,252.3,7907.046
2023-12-10T08:00:00+00:00,252.3,252.8,244.3,247.8,15498.005
2023-12-10T12:00:00+00:00,247.9,251.1,247.7,250.3,8454.915
2023-12-10T16:00:00+00:00,250.2,250.9,248.4,250.7,4292.014
2023-12-10T20:00:00+00:00,250.8,253.3,249.8,251.1,4851.59
2023-12-11T00:00:00+00:00,251.1,251.7,210.1,235.8,60190.333
2023-12-11T04:00:00+00:00,235.8,237.2,231.4,232.4,20919.247
2023-12-11T08:00:00+00:00,232.4,235.4,231.2,235.1,13922.239
2023-12-11T12:00:00+00:00,235.0,235.6,231.2,233.5,16147.692
2023-12-11T16:00:00+00:00,233.5,234.0,225.1,228.2,20516.59
2023-12-11T20:00:00+00:00,228.2,230.8,226.4,230.5,7276.444
2023-12-12T00:00:00+00:00,230.5,234.2,230.3,232.9,11853.655
2023-12-12T04:00:00+00:00,232.9,235.1,231.0,234.8,6832.97
2023-12-12T08:00:00+00:00,234.7,235.1,231.7,232.0,6729.154
2023-12-12T12:00:00+00:00,231.9,234.0,228.3,230.9,10629.387
2023-12-12T16:00:00+00:00,231.0,231.6,226.9,229.6,8675.795
2023-12-12T20:00:00+00:00,229.6,233.0,228.2,231.8,7831.493
2023-12-13T00:00:00+00:00,231.9,232.3,225.0,226.0,14433.971
2023-12-13T04:00:00+00:00,225.9,228.1,222.9,227.5,12773.758
2023-12-13T08:00:00+00:00,227.5,229.3,227.0,227.3,4188.899
2023-12-13T12:00:00+00:00,227.3,233.0,227.0,230.6,12805.548
2023-12-13T16:00:00+00:00,230.6,234.3,228.6,234.3,12088.473
2023-12-13T20:00:00+00:00,234.3,237.2,233.0,235.3,12404.941
2023-12-14T00:00:00+00:00,235.4,235.7,232.9,233.5,7101.364
2023-12-14T04:00:00+00:00,233.5,235.1,232.9,234.3,4370.643
2023-12-14T08:00:00+00:00,234.3,237.3,233.9,237.1,7827.347
2023-12-14T12:00:00+00:00,237.1,237.2,226.3,232.6,23013.301
2023-12-14T16:00:00+00:00,232.5,236.9,231.9,236.2,25443.249
2023-12-14T20:00:00+00:00,236.2,237.9,234.6,237.3,8191.629
2023-12-15T00:00:00+00:00,237.2,237.4,235.2,235.7,4773.244
2023-12-15T04:00:00+00:00,235.8,235.9,233.5,233.7,4779.094
2023-12-15T08:00:00+00:00,233.8,234.1,230.0,232.1,16818.257
2023-12-15T12:00:00+00:00,232.1,232.3,227.8,229.2,13359.612
2023-12-15T16:00:00+00:00,229.3,231.1,228.6,230.3,4293.605
2023-12-15T20:00:00+00:00,230.3,231.1,224.9,227.1,6581.074
2023-12-16T00:00:00+00:00,227.1,230.7,224.7,230.4,8006.567
2023-12-16T04:00:00+00:00,230.4,231.0,229.5,230.4,3646.421
2023-12-16T08:00:00+00:00,230.3,230.9,229.7,230.8,2407.492
2023-12-16T12:00:00+00:00,230.8,231.4,229.6,231.3,7047.85
2023-12-16T16:00:00+00:00,231.3,232.2,228.6,229.5,5300.181
2023-12-16T20:00:00+00:00,229.6,230.5,228.7,229.8,4563.805
2023-12-17T00:00:00+00:00,229.8,230.3,227.4,228.5,5572.387
2023-12-17T04:00:00+00:00,228.5,229.5,226.7,227.0,4494.76
2023-12-17T08:00:00+00:00,227.0,229.7,226.5,229.2,4470.076
2023-12-17T12:00:00+00:00,229.2,229.2,225.9,228.6,7344.945
2023-12-17T16:00:00+00:00,228.6,230.6,227.7,228.7,3875.475
2023-12-17T20:00:00+00:00,228.7,229.4,225.0,225.9,5448.285
2023-12-18T00:00:00+00:00,226.0,227.4,222.2,224.1,12135.852
2023-12-18T04:00:00+00:00,224.2,225.7,223.2,223.6,4687.84
2023-12-18T08:00:00+00:00,223.5,226.5,217.2,222.5,22778.854
2023-12-18T12:00:00+00:00,222.6,226.0,221.5,224.9,7331.578
2023-12-18T16:00:00+00:00,224.9,225.7,224.0,224.6,4360.112
2023-12-18T20:00:00+00:00,224.6,228.3,223.8,228.1,8692.843
2023-12-19T00:00:00+00:00,228.2,230.6,227.2,229.1,7757.591
2023-12-19T04:00:00+00:00,229.1,231.0,228.4,229.3,15135.024
2023-12-19T08:00:00+00:00,229.4,229.6,227.7,228.3,5498.809
2023-12-19T12:00:00+00:00,228.3,228.9,225.4,226.7,6258.724
2023-12-19T16:00:00+00:00,226.6,227.4,222.6,225.1,7946.319
2023-12-19T20:00:00+00:00,225.1,225.8,224.1,225.2,3687.538
2023-12-20T00:00:00+00:00,225.2,226.1,223.7,225.4,4672.54
2023-12-20T04:00:00+00:00,225.4,229.0,225.2,228.9,6273.622
2023-12-20T08:00:00+00:00,228.9,229.8,228.0,228.6,6679.946
2023-12-20T12:00:00+00:00,228.7,234.7,227.2,232.2,49015.916
2023-12-20T16:00:00+00:00,232.2,233.8,229.4,230.2,27769.705
2023-12-20T20:00:00+00:00,230.3,230.4,226.7,229.5,13382.131
2023-12-21T00:00:00+00:00,229.5,230.5,228.6,230.3,6253.617
2023-12-21T04:00:00+00:00,230.2,230.8,229.2,230.7,3194.304
2023-12-21T08:00:00+00:00,230.6,233.0,229.9,232.8,6827.442
2023-12-21T12:00:00+00:00,232.8,234.5,229.0,230.8,10479.433
2023-12-21T16:00:00+00:00,230.8,232.2,230.0,231.4,5639.889
2023-12-21T20:00:00+00:00,231.4,234.0,231.4,233.0,5936.999
2023-12-22T00:00:00+00:00,233.1,235.7,232.1,233.3,10612.246
2023-12-22T04:00:00+00:00,233.4,235.5,231.4,232.1,13395.062
2023-12-22T08:00:00+00:00,232.1,239.8,232.1,236.8,31763.77
2023-12-22T12:00:00+00:00,236.7,237.1,233.1,235.8,11893.913
2023-12-22T16:00:00+00:00,235.8,244.2,235.8,237.1,34465.154
2023-12-22T20:00:00+00:00,237.1,238.7,236.9,238.2,9961.85
2023-12-23T00:00:00+00:00,238.2,238.6,230.8,231.3,28771.736
2023-12-23T04:00:00+00:00,231.3,233.4,230.0,230.9,16969.92
2023-12-23T08:00:00+00:00,230.9,231.7,230.4,231.0,7748.68
2023-12-23T12:00:00+00:00,231.0,232.0,230.6,231.3,9786.669
2023-12-23T16:00:00+00:00,231.3,232.6,231.0,232.2,5544.444
2023-12-23T20:00:00+00:00,232.2,233.6,231.7,232.7,5353.799
2023-12-24T00:00:00+00:00,232.8,233.9,231.6,233.0,8977.025
2023-12-24T04:00:00+00:00,233.0,233.8,228.7,231.8,15155.318
2023-12-24T08:00:00+00:00,231.9,231.9,228.6,230.7,8397.029
2023-12-24T12:00:00+00:00,230.8,232.0,229.9,231.2,6159.74
2023-12-24T16:00:00+00:00,231.2,232.4,230.6,232.2,5872.447
2023-12-24T20:00:00+00:00,232.3,232.5,225.2,228.9,15851.784
2023-12-25T00:00:00+00:00,229.0,230.9,228.1,230.4,6106.256
2023-12-25T04:00:00+00:00,230.4,234.1,230.4,232.2,7685.769
2023-12-25T08:00:00+00:00,232.3,234.1,232.0,233.7,10076.528
2023-12-25T12:00:00+00:00,233.7,236.6,233.0,235.0,21916.859
2023-12-25T16:00:00+00:00,235.0,237.5,233.5,234.4,11661.142
2023-12-25T20:00:00+00:00,234.3,236.0,233.1,234.8,5660.669
2023-12-26T00:00:00+00:00,234.9,235.1,233.0,233.8,6463.164
2023-12-26T04:00:00+00:00,233.9,234.3,228.1,230.1,42576.169
2023-12-26T08:00:00+00:00,230.0,231.8,228.6,231.4,12442.696
2023-12-26T12:00:00+00:00,231.4,233.0,228.3,228.8,18570.508
2023-12-26T16:00:00+00:00,228.8,230.0,220.0,226.4,29024.57
2023-12-26T20:00:00+00:00,226.5,229.7,226.3,229.3,5234.114
2023-12-27T00:00:00+00:00,229.2,232.0,226.3,227.2,32575.527
2023-12-27T04:00:00+00:00,227.1,239.7,226.8,238.8,46182.019
2023-12-27T08:00:00+00:00,238.9,259.0,237.7,252.4,127380.786
2023-12-27T12:00:00+00:00,252.4,259.0,247.4,250.9,75538.555
2023-12-27T16:00:00+00:00,251.0,253.6,248.4,252.1,32196.949
2023-12-27T20:00:00+00:00,252.2,265.5,252.0,264.1,47739.818
2023-12-28T00:00:00+00:00,264.2,269.1,257.4,262.9,61877.906
2023-12-28T04:00:00+00:00,263.0,278.8,262.3,272.5,113343.758
2023-12-28T08:00:00+00:00,272.5,277.2,267.2,273.0,41866.164
2023-12-28T12:00:00+00:00,273.0,275.1,263.1,271.2,82010.357
2023-12-28T16:00:00+00:00,271.2,273.1,264.1,266.5,25714.506
2023-12-28T20:00:00+00:00,266.4,266.7,258.0,261.5,19830.387
2023-12-29T00:00:00+00:00,261.6,269.4,252.2,256.7,67422.678
2023-12-29T04:00:00+00:00,256.8,259.0,250.9,251.8,17955.192
2023-12-29T08:00:00+00:00,251.9,257.5,251.9,255.6,22171.239
2023-12-29T12:00:00+00:00,255.6,269.3,255.0,262.3,58821.44
2023-12-29T16:00:00+00:00,262.3,263.9,251.8,258.1,39452.329
2023-12-29T20:00:00+00:00,258.0,258.0,249.1,254.1,15339.433
2023-12-30T00:00:00+00:00,254.0,263.7,253.8,254.6,27595.222
2023-12-30T04:00:00+00:00,254.6,288.0,254.6,284.5,124715.89
2023-12-30T08:00:00+00:00,284.5,285.2,271.5,278.9,71246.121
2023-12-30T12:00:00+00:00,278.8,279.0,271.7,277.4,43640.112
2023-12-30T16:00:00+00:00,277.5,280.4,272.0,272.9,28420.941
2023-12-30T20:00:00+00:00,272.9,273.6,269.3,270.5,13927.413
2023-12-31T00:00:00+00:00,270.5,272.2,261.0,264.2,32689.427
2023-12-31T04:00:00+00:00,264.1,267.8,262.7,267.7,17945.905
2023-12-31T08:00:00+00:00,267.6,271.5,264.8,266.0,24458.329
2023-12-31T12:00:00+00:00,266.0,267.8,261.9,263.6,16966.276
2023-12-31T16:00:00+00:00,263.6,264.7,261.3,261.4,12200.789
2023-12-31T20:00:00+00:00,261.5,262.7,252.0,259.7,15293.209
2024-01-01T00:00:00+00:00,259.7,263.0,257.3,258.3,12996.482
2024-01-01T04:00:00+00:00,258.2,269.9,255.6,266.0,27296.562
2024-01-01T08:00:00+00:00,265.9,266.3,261.9,264.3,24359.477
2024-01-01T12:00:00+00:00,264.4,267.0,261.8,264.2,11108.441
2024-01-01T16:00:00+00:00,264.3,267.2,261.4,266.8,10209.999
2024-01-01T20:00:00+00:00,266.8,267.8,264.0,267.8,14026.933
2024-01-02T00:00:00+00:00,267.8,271.1,264.6,266.6,29064.444
2024-01-02T04:00:00+00:00,266.6,269.0,265.6,266.4,13730.513
2024-01-02T08:00:00+00:00,266.3,269.5,261.8,262.7,26951.089
2024-01-02T12:00:00+00:00,262.7,264.3,256.5,258.0,20411.902
2024-01-02T16:00:00+00:00,258.0,259.0,255.4,257.4,17795.167
2024-01-02T20:00:00+00:00,257.4,258.6,254.1,257.1,11885.444
2024-01-03T00:00:00+00:00,257.1,259.3,255.3,258.5,10653.869
2024-01-03T04:00:00+00:00,258.5,268.0,258.4,261.2,33418.958
2024-01-03T08:00:00+00:00,261.1,264.7,246.3,250.2,45527.208
2024-01-03T12:00:00+00:00,250.2,250.3,211.3,236.1,91462.475
2024-01-03T16:00:00+00:00,236.0,237.3,230.2,232.3,22641.413
2024-01-03T20:00:00+00:00,232.2,235.3,232.1,234.0,10575.488
2024-01-04T00:00:00+00:00,234.0,238.2,232.1,235.9,14412.25
2024-01-04T04:00:00+00:00,236.0,237.9,234.1,234.2,10026.554
2024-01-04T08:00:00+00:00,234.3,236.2,232.4,235.6,11323.615
2024-01-04T12:00:00+00:00,235.6,239.6,234.4,238.7,13666.134
2024-01-04T16:00:00+00:00,238.7,238.9,235.5,236.7,14862.862
2024-01-04T20:00:00+00:00,236.8,240.3,236.6,239.5,10810.663
2024-01-05T00:00:00+00:00,239.6,240.0,228.8,235.1,17901.152
2024-01-05T04:00:00+00:00,235.1,236.5,233.5,234.0,9148.241
2024-01-05T08:00:00+00:00,233.9,236.8,230.5,232.0,14295.833
2024-01-05T12:00:00+00:00,232.0,235.1,229.7,233.0,16984.058
2024-01-05T16:00:00+00:00,233.0,235.6,230.2,235.3,13368.997
2024-01-05T20:00:00+00:00,235.3,242.7,233.3,239.3,23649.142
2024-01-06T00:00:00+00:00,239.2,243.5,238.2,242.0,18380.797
2024-01-06T04:00:00+00:00,241.9,242.8,230.8,235.1,25034.604
2024-01-06T08:00:00+00:00,235.2,236.6,233.9,235.5,7142.753
2024-01-06T12:00:00+00:00,235.4,236.6,234.0,235.9,6450.593
2024-01-06T16:00:00+00:00,235.8,238.1,235.1,237.4,6432.267
2024-01-06T20:00:00+00:00,237.4,238.0,233.9,236.1,5928.659
2024-01-07T00:00:00+00:00,236.1,237.9,234.8,235.7,6522.789
2024-01-07T04:00:00+00:00,235.7,238.2,235.5,238.1,5849.257
2024-01-07T08:00:00+00:00,238.1,240.0,234.7,236.1,10056.473
2024-01-07T12:00:00+00:00,236.0,240.0,235.0,236.8,13078.448
2024-01-07T16:00:00+00:00,236.8,238.0,233.2,236.5,10293.811
2024-01-07T20:00:00+00:00,236.5,237.0,229.7,232.5,13533.366
2024-01-08T00:00:00+00:00,232.5,233.6,221.0,227.5,31449.999
2024-01-08T04:00:00+00:00,227.6,240.7,226.3,235.6,57971.068
2024-01-08T08:00:00+00:00,235.7,238.9,233.9,237.7,14996.896
2024-01-08T12:00:00+00:00,237.9,240.5,236.5,239.0,24471.654
2024-01-08T16:00:00+00:00,239.0,247.2,238.2,245.4,19309.145
2024-01-08T20:00:00+00:00,245.5,256.0,243.8,253.9,28969.793
2024-01-09T00:00:00+00:00,254.0,257.6,246.4,248.4,21425.418
2024-01-09T04:00:00+00:00,248.4,250.1,247.0,250.1,9474.4
2024-01-09T08:00:00+00:00,250.0,251.5,245.6,251.3,12366.926
2024-01-09T12:00:00+00:00,251.2,252.9,240.5,248.0,38354.373
2024-01-09T16:00:00+00:00,248.0,250.3,244.5,246.3,17422.041
2024-01-09T20:00:00+00:00,246.4,252.5,239.4,244.8,47359.835
2024-01-10T00:00:00+00:00,244.7,247.8,243.8,246.0,12246.395
2024-01-10T04:00:00+00:00,246.1,246.2,242.3,242.8,7450.49
2024-01-10T08:00:00+00:00,242.9,245.1,239.2,241.6,14147.893
2024-01-10T12:00:00+00:00,241.6,242.2,233.0,240.6,26481.774
2024-01-10T16:00:00+00:00,240.5,249.3,239.3,247.5,17909.309
2024-01-10T20:00:00+00:00,247.4,260.2,241.8,254.7,45587.603
2024-01-11T00:00:00+00:00,254.8,259.9,251.8,257.4,27048.382
2024-01-11T04:00:00+00:00,257.4,258.4,250.4,253.6,12122.904
2024-01-11T08:00:00+00:00,253.6,277.9,253.0,276.8,48715.851
2024-01-11T12:00:00+00:00,276.7,289.4,268.6,275.2,140727.481
2024-01-11T16:00:00+00:00,275.2,282.4,267.4,278.5,45436.507
2024-01-11T20:00:00+00:00,278.5,280.3,270.7,276.1,17862.665
2024-01-12T00:00:00+00:00,276.1,294.8,271.6,293.4,60471.955
2024-01-12T04:00:00+00:00,293.4,298.6,288.3,292.3,83200.516
2024-01-12T08:00:00+00:00,292.3,293.3,281.0,282.5,43506.433
2024-01-12T12:00:00+00:00,282.5,285.4,273.2,274.4,54952.937
2024-01-12T16:00:00+00:00,274.3,277.8,260.3,265.7,44000.866
2024-01-12T20:00:00+00:00,265.7,267.3,250.1,259.3,35983.414
2024-01-13T00:00:00+00:00,259.3,260.8,250.8,258.2,37102.659
2024-01-13T04:00:00+00:00,258.3,262.5,258.0,260.1,14870.65
2024-01-13T08:00:00+00:00,260.0,261.4,254.7,255.9,28245.996
2024-01-13T12:00:00+00:00,255.9,257.3,252.0,255.2,28148.938
2024-01-13T16:00:00+00:00,255.1,255.3,251.6,253.8,16532.13
2024-01-13T20:00:00+00:00,253.7,255.6,253.1,254.1,8775.151
2024-01-14T00:00:00+00:00,254.1,259.1,251.8,256.4,19182.628
2024-01-14T04:00:00+00:00,256.4,257.2,253.0,255.2,9859.124
2024-01-14T08:00:00+00:00,255.2,257.8,253.5,255.9,16432.208
2024-01-14T12:00:00+00:00,256.0,257.1,252.6,254.0,10782.418
2024-01-14T16:00:00+00:00,253.9,254.8,248.9,249.6,11194.031
2024-01-14T20:00:00+00:00,249.6,252.3,245.1,245.7,14327.972
2024-01-15T00:00:00+00:00,245.7,254.4,245.1,253.3,11881.483
2024-01-15T04:00:00+00:00,253.4,254.2,250.0,251.3,7244.372
2024-01-15T08:00:00+00:00,251.4,256.8,250.8,255.9,16860.427
2024-01-15T12:00:00+00:00,255.9,257.8,248.0,248.8,19628.242
2024-01-15T16:00:00+00:00,248.7,253.7,248.7,252.1,7871.234
2024-01-15T20:00:00+00:00,252.2,253.3,247.8,250.2,5371.835
2024-01-16T00:00:00+00:00,250.2,255.7,248.9,253.8,15077.933
2024-01-16T04:00:00+00:00,253.8,255.7,250.2,251.4,12955.131
2024-01-16T08:00:00+00:00,251.5,255.4,250.9,252.7,8217.126
2024-01-16T12:00:00+00:00,252.6,254.8,249.0,253.9,11476.877
2024-01-16T16:00:00+00:00,253.9,255.0,251.4,253.6,5209.844
2024-01-16T20:00:00+00:00,253.5,256.3,250.8,251.2,12982.399
2024-01-17T00:00:00+00:00,251.2,251.5,249.5,249.6,16875.08
2024-01-17T04:00:00+00:00,249.7,250.6,246.1,246.3,10246.402
2024-01-17T08:00:00+00:00,246.3,249.2,245.4,245.7,23358.677
2024-01-17T12:00:00+00:00,245.7,246.6,241.1,242.5,27404.441
2024-01-17T16:00:00+00:00,242.5,244.8,240.7,243.4,24647.914
2024-01-17T20:00:00+00:00,243.3,245.0,242.6,244.2,5847.533
2024-01-18T00:00:00+00:00,244.2,245.1,241.2,242.4,6238.833
2024-01-18T04:00:00+00:00,242.4,244.6,242.1,244.0,6209.53
2024-01-18T08:00:00+00:00,243.9,244.5,239.2,241.3,12142.917
2024-01-18T12:00:00+00:00,241.3,242.6,238.8,241.8,8722.641
2024-01-18T16:00:00+00:00,241.9,242.3,233.2,235.1,29162.165
2024-01-18T20:00:00+00:00,235.1,238.0,234.4,237.7,8628.006
2024-01-19T00:00:00+00:00,237.7,238.2,231.2,234.8,12316.908
2024-01-19T04:00:00+00:00,234.7,237.9,234.6,236.7,4744.117
2024-01-19T08:00:00+00:00,236.6,238.2,236.5,237.2,3527.562
2024-01-19T12:00:00+00:00,237.2,237.3,232.7,234.4,12834.376
2024-01-19T16:00:00+00:00,234.5,236.3,226.5,235.9,34112.149
2024-01-19T20:00:00+00:00,235.8,237.2,234.8,236.8,8674.704
2024-01-20T00:00:00+00:00,236.8,238.1,235.2,236.7,5927.343
2024-01-20T04:00:00+00:00,236.7,237.4,235.6,236.4,2813.321
2024-01-20T08:00:00+00:00,236.3,237.0,235.0,236.9,3932.338
2024-01-20T12:00:00+00:00,237.0,238.6,236.3,237.6,6883.3
2024-01-20T16:00:00+00:00,237.5,238.3,236.2,238.2,2923.021
2024-01-20T20:00:00+00:00,238.2,240.0,237.9,239.1,4581.962
2024-01-21T00:00:00+00:00,239.0,242.3,238.7,241.1,7098.873
2024-01-21T04:00:00+00:00,241.1,241.1,238.4,240.1,6401.226
2024-01-21T08:00:00+00:00,240.1,240.5,239.1,239.3,2442.532
2024-01-21T12:00:00+00:00,239.3,243.1,239.1,240.6,9106.682
2024-01-21T16:00:00+00:00,240.6,240.9,239.1,240.1,2926.469
2024-01-21T20:00:00+00:00,240.1,240.2,236.5,236.9,3664.241
2024-01-22T00:00:00+00:00,236.9,238.3,233.7,235.0,12847.286
2024-01-22T04:00:00+00:00,235.0,236.8,233.3,234.8,10895.792
2024-01-22T08:00:00+00:00,234.8,242.8,231.0,233.8,39207.072
2024-01-22T12:00:00+00:00,233.9,235.9,230.8,235.2,29336.552
2024-01-22T16:00:00+00:00,235.1,236.0,230.3,234.9,23787.053
2024-01-22T20:00:00+00:00,234.9,236.8,232.5,235.7,19801.558
2024-01-23T00:00:00+00:00,235.7,238.0,234.2,235.0,13554.668
2024-01-23T04:00:00+00:00,234.9,236.1,232.2,233.2,9666.517
2024-01-23T08:00:00+00:00,233.2,234.1,223.5,224.4,38979.757
2024-01-23T12:00:00+00:00,224.3,228.3,219.1,227.0,26455.12
2024-01-23T16:00:00+00:00,227.0,229.0,224.1,224.3,8755.524
2024-01-23T20:00:00+00:00,224.3,230.8,223.3,229.6,14705.979
2024-01-24T00:00:00+00:00,229.6,235.4,228.5,231.8,26401.867
2024-01-24T04:00:00+00:00,231.9,235.3,231.5,235.0,10811.608
2024-01-24T08:00:00+00:00,235.1,238.4,234.4,236.6,12499.578
2024-01-24T12:00:00+00:00,236.6,237.5,234.2,235.5,10221.026
2024-01-24T16:00:00+00:00,235.5,237.2,234.4,235.9,5905.442
2024-01-24T20:00:00+00:00,235.8,236.9,234.8,236.3,4263.01
2024-01-25T00:00:00+00:00,236.2,237.9,234.4,235.3,5518.507
2024-01-25T04:00:00+00:00,235.3,238.0,234.4,236.6,15380.246
2024-01-25T08:00:00+00:00,236.7,237.5,235.0,236.5,4683.682
2024-01-25T12:00:00+00:00,236.5,238.7,234.6,235.4,11133.541
2024-01-25T16:00:00+00:00,235.3,238.2,234.4,237.5,6152.317
2024-01-25T20:00:00+00:00,237.5,238.1,236.4,236.6,3017.383
2024-01-26T00:00:00+00:00,236.6,237.6,234.7,236.2,4126.597
2024-01-26T04:00:00+00:00,236.2,236.6,234.5,235.1,5999.272
2024-01-26T08:00:00+00:00,235.0,240.8,234.9,239.9,8714.126
2024-01-26T12:00:00+00:00,240.0,240.9,239.0,240.0,6429.523
2024-01-26T16:00:00+00:00,240.1,243.0,240.0,242.1,9269.801
2024-01-26T20:00:00+00:00,242.0,242.6,240.3,241.8,4331.503
2024-01-27T00:00:00+00:00,241.8,244.9,241.5,243.0,9594.558
2024-01-27T04:00:00+00:00,242.9,243.2,239.4,240.4,4165.961
2024-01-27T08:00:00+00:00,240.4,240.7,239.2,239.9,6301.244
2024-01-27T12:00:00+00:00,239.8,245.2,239.3,243.2,14758.511
2024-01-27T16:00:00+00:00,243.3,244.8,242.8,243.7,4876.373
2024-01-27T20:00:00+00:00,244.0,244.6,243.4,243.7,3036.985
2024-01-28T00:00:00+00:00,243.7,244.7,242.1,244.6,3932.586
2024-01-28T04:00:00+00:00,244.6,245.9,242.2,242.7,5918.673
2024-01-28T08:00:00+00:00,242.7,243.9,241.3,242.2,5973.035
2024-01-28T12:00:00+00:00,242.3,242.5,236.3,237.5,14919.061
2024-01-28T16:00:00+00:00,237.4,239.2,235.3,236.2,5528.011
2024-01-28T20:00:00+00:00,236.3,237.6,234.8,236.9,3766.544
2024-01-29T00:00:00+00:00,236.9,239.3,236.1,238.5,4883.081
2024-01-29T04:00:00+00:00,238.5,238.7,235.9,236.1,3550.7
2024-01-29T08:00:00+00:00,236.0,237.6,234.9,236.2,13858.809
2024-01-29T12:00:00+00:00,236.3,237.9,234.1,237.9,9877.225
2024-01-29T16:00:00+00:00,237.9,241.0,236.8,239.8,12516.27
2024-01-29T20:00:00+00:00,239.9,242.0,239.7,241.3,3034.471
2024-01-30T00:00:00+00:00,241.3,243.7,240.2,241.8,8656.337
2024-01-30T04:00:00+00:00,241.8,242.2,240.4,241.5,3286.863
2024-01-30T08:00:00+00:00,241.5,243.7,240.9,243.3,5882.499
2024-01-30T12:00:00+00:00,243.4,243.7,238.9,241.6,8263.349
2024-01-30T16:00:00+00:00,241.5,243.8,240.3,241.7,9011.099
2024-01-30T20:00:00+00:00,241.7,242.1,236.3,237.4,4963.257
2024-01-31T00:00:00+00:00,237.5,238.0,235.3,236.9,8439.714
2024-01-31T04:00:00+00:00,236.9,237.4,236.1,236.8,3208.036
2024-01-31T08:00:00+00:00,236.8,237.2,233.0,235.3,17902.619
2024-01-31T12:00:00+00:00,235.4,237.8,233.5,237.2,14615.423
2024-01-31T16:00:00+00:00,237.2,239.0,236.6,237.7,5747.272
2024-01-31T20:00:00+00:00,237.7,237.9,232.5,234.3,20344.642
2024-02-01T00:00:00+00:00,234.2,234.8,230.4,233.3,10405.211
2024-02-01T04:00:00+00:00,233.2,233.9,232.3,233.2,5412.112
2024-02-01T08:00:00+00:00,233.1,236.1,232.9,235.1,9753.124
2024-02-01T12:00:00+00:00,235.0,237.0,234.5,235.5,7306.856
2024-02-01T16:00:00+00:00,235.5,237.0,234.3,236.7,5951.894
2024-02-01T20:00:00+00:00,236.8,237.4,236.2,236.6,2030.941
2024-02-02T00:00:00+00:00,236.8,238.0,236.4,236.6,3424.728
2024-02-02T04:00:00+00:00,236.5,238.0,236.0,237.6,2566.255
2024-02-02T08:00:00+00:00,237.6,237.8,236.8,237.1,3317.117
2024-02-02T12:00:00+00:00,237.2,237.3,234.4,237.2,8066.353
2024-02-02T16:00:00+00:00,237.2,237.7,234.6,235.5,3198.633
2024-02-02T20:00:00+00:00,235.7,236.4,235.2,236.3,1818.779
2024-02-03T00:00:00+00:00,236.3,242.2,236.1,241.6,10989.789
2024-02-03T04:00:00+00:00,241.5,242.0,239.5,240.8,8389.582
2024-02-03T08:00:00+00:00,240.8,241.5,239.0,239.1,5040.291
2024-02-03T12:00:00+00:00,239.0,239.8,237.0,238.2,2871.564
2024-02-03T16:00:00+00:00,238.2,238.8,237.5,238.0,1930.318
2024-02-03T20:00:00+00:00,238.1,241.7,236.4,241.0,9041.411
2024-02-04T00:00:00+00:00,241.0,244.4,238.9,241.6,28393.61
2024-02-04T04:00:00+00:00,241.7,243.1,240.0,242.3,10881.586
2024-02-04T08:00:00+00:00,242.3,242.6,239.3,240.6,6511.231
2024-02-04T12:00:00+00:00,240.6,240.9,235.2,237.0,14977.617
2024-02-04T16:00:00+00:00,236.9,237.4,234.7,235.9,4522.221
2024-02-04T20:00:00+00:00,235.8,236.7,232.7,235.2,6179.38
2024-02-05T00:00:00+00:00,235.2,236.0,233.9,235.7,7800.438
2024-02-05T04:00:00+00:00,235.8,237.1,235.5,236.7,2261.557
2024-02-05T08:00:00+00:00,236.6,237.9,236.4,237.4,6593.869
2024-02-05T12:00:00+00:00,237.3,238.0,234.7,234.9,8014.266
2024-02-05T16:00:00+00:00,235.0,236.0,234.5,235.4,7283.29
2024-02-05T20:00:00+00:00,235.4,235.9,234.5,235.8,5531.012
2024-02-06T00:00:00+00:00,235.8,236.8,234.9,235.6,5804.395
2024-02-06T04:00:00+00:00,235.5,236.1,234.9,236.1,2291.132
2024-02-06T08:00:00+00:00,236.1,238.4,234.8,235.3,17486.754
2024-02-06T12:00:00+00:00,235.2,236.1,234.3,235.8,7876.715
2024-02-06T16:00:00+00:00,235.9,236.5,234.9,236.3,13520.61
2024-02-06T20:00:00+00:00,236.3,236.8,235.0,235.2,6952.626
2024-02-07T00:00:00+00:00,235.1,236.0,234.8,235.0,3121.696
2024-02-07T04:00:00+00:00,234.9,235.4,234.6,235.0,7088.468
2024-02-07T08:00:00+00:00,235.0,235.7,234.7,235.1,3145.46
2024-02-07T12:00:00+00:00,235.1,236.2,234.7,235.8,3445.556
2024-02-07T16:00:00+00:00,235.8,238.6,235.7,237.7,6199.817
2024-02-07T20:00:00+00:00,237.8,241.0,237.8,240.6,6815.614
2024-02-08T00:00:00+00:00,240.7,242.1,240.3,241.1,5971.508
2024-02-08T04:00:00+00:00,241.1,242.5,240.6,242.2,2921.374
2024-02-08T08:00:00+00:00,242.3,244.1,241.4,242.4,12336.393
2024-02-08T12:00:00+00:00,242.4,244.9,241.5,244.3,8772.619
2024-02-08T16:00:00+00:00,244.4,245.0,241.3,243.7,10201.092
2024-02-08T20:00:00+00:00,243.6,245.0,243.6,244.6,3573.737
2024-02-09T00:00:00+00:00,244.6,248.7,244.6,246.5,11058.232
2024-02-09T04:00:00+00:00,246.5,248.3,245.5,247.7,6898.165
2024-02-09T08:00:00+00:00,247.7,252.5,247.5,252.2,17470.885
2024-02-09T12:00:00+00:00,252.2,254.0,248.5,251.7,23217.978
2024-02-09T16:00:00+00:00,251.7,252.3,249.5,250.8,7387.512
2024-02-09T20:00:00+00:00,250.8,252.3,250.0,250.3,5365.739
2024-02-10T00:00:00+00:00,250.3,251.8,249.3,250.2,6574.694
2024-02-10T04:00:00+00:00,250.2,250.3,246.5,246.6,6934.455
2024-02-10T08:00:00+00:00,246.6,247.9,243.0,245.0,8085.222
2024-02-10T12:00:00+00:00,245.1,245.6,244.4,245.4,4419.422
2024-02-10T16:00:00+00:00,245.4,247.1,244.9,246.5,2876.242
2024-02-10T20:00:00+00:00,246.5,248.5,246.2,247.8,4397.254
2024-02-11T00:00:00+00:00,247.8,277.3,246.7,267.1,65140.29
2024-02-11T04:00:00+00:00,267.0,274.8,265.5,270.4,81835.659
2024-02-11T08:00:00+00:00,270.4,272.0,263.3,264.9,35489.049
2024-02-11T12:00:00+00:00,264.8,280.5,263.5,278.1,169792.477
2024-02-11T16:00:00+00:00,278.0,283.8,274.9,280.8,56913.192
2024-02-11T20:00:00+00:00,280.7,281.5,275.2,277.6,21129.329
2024-02-12T00:00:00+00:00,277.7,280.7,270.1,271.8,30219.408
2024-02-12T04:00:00+00:00,271.8,273.1,267.6,268.0,21090.999
2024-02-12T08:00:00+00:00,267.9,281.4,266.5,278.8,89641.508
2024-02-12T12:00:00+00:00,278.7,288.9,276.2,284.3,63504.354
2024-02-12T16:00:00+00:00,284.3,289.8,275.7,276.7,50186.827
2024-02-12T20:00:00+00:00,276.8,283.5,276.7,280.5,12886.208
2024-02-13T00:00:00+00:00,280.5,282.3,275.6,276.5,17357.339
2024-02-13T04:00:00+00:00,276.5,278.1,275.2,275.7,7597.438
2024-02-13T08:00:00+00:00,275.7,287.6,275.2,277.9,30642.182
2024-02-13T12:00:00+00:00,277.9,281.7,266.5,269.7,47039.334
2024-02-13T16:00:00+00:00,269.8,270.2,267.5,269.0,9932.711
2024-02-13T20:00:00+00:00,269.0,270.9,268.3,270.4,10077.425
2024-02-14T00:00:00+00:00,270.4,270.4,264.6,268.7,15662.328
2024-02-14T04:00:00+00:00,268.7,269.8,266.5,269.3,8383.551
2024-02-14T08:00:00+00:00,269.4,295.8,269.0,280.0,158969.538
2024-02-14T12:00:00+00:00,280.0,280.5,274.2,277.3,46698.856
2024-02-14T16:00:00+00:00,277.3,281.0,276.1,278.4,11450.768
2024-02-14T20:00:00+00:00,278.4,281.3,277.9,280.7,6394.978
2024-02-15T00:00:00+00:00,280.7,282.6,275.8,280.2,13940.25
2024-02-15T04:00:00+00:00,280.2,280.2,274.4,275.9,8864.594
2024-02-15T08:00:00+00:00,276.0,276.1,268.6,269.8,128393.03
2024-02-15T12:00:00+00:00,269.9,273.7,265.9,268.1,52249.567
2024-02-15T16:00:00+00:00,268.0,272.5,266.5,271.5,19023.433
2024-02-15T20:00:00+00:00,271.5,271.6,268.5,270.4,11212.506
2024-02-16T00:00:00+00:00,270.3,270.5,265.3,268.5,48760.042
2024-02-16T04:00:00+00:00,268.5,270.0,267.0,267.2,20210.661
2024-02-16T08:00:00+00:00,267.1,275.2,265.2,272.0,31255.711
2024-02-16T12:00:00+00:00,272.0,274.2,269.4,274.0,68949.157
2024-02-16T16:00:00+00:00,273.9,274.7,271.6,274.1,20137.491
2024-02-16T20:00:00+00:00,274.0,275.0,272.6,274.2,9354.153
2024-02-17T00:00:00+00:00,274.2,274.3,268.7,270.3,12627.757
2024-02-17T04:00:00+00:00,270.2,271.2,269.1,270.6,6532.61
2024-02-17T08:00:00+00:00,270.6,270.6,266.2,267.5,14786.402
2024-02-17T12:00:00+00:00,267.5,268.7,258.4,262.9,37765.774
2024-02-17T16:00:00+00:00,262.9,266.0,262.5,265.3,6825.117
2024-02-17T20:00:00+00:00,265.4,268.2,265.1,267.3,5069.763
2024-02-18T00:00:00+00:00,267.3,268.3,264.8,266.3,6203.306
2024-02-18T04:00:00+00:00,266.3,269.1,265.7,268.2,7897.376
2024-02-18T08:00:00+00:00,268.1,269.3,267.5,268.8,5553.034
2024-02-18T12:00:00+00:00,268.7,268.7,266.4,267.9,6222.81
2024-02-18T16:00:00+00:00,267.9,270.2,267.3,268.7,5386.111
2024-02-18T20:00:00+00:00,268.6,271.9,267.2,270.6,6244.021
2024-02-19T00:00:00+00:00,270.5,271.6,268.4,269.8,7764.589
2024-02-19T04:00:00+00:00,269.8,272.5,269.0,272.4,6954.674
2024-02-19T08:00:00+00:00,272.3,272.4,268.3,270.0,10643.963
2024-02-19T12:00:00+00:00,270.0,270.4,267.2,269.6,17943.78
2024-02-19T16:00:00+00:00,269.5,270.9,266.7,268.6,7784.291
2024-02-19T20:00:00+00:00,268.6,273.7,268.1,273.1,10979.677
2024-02-20T00:00:00+00:00,273.2,273.3,268.2,268.6,19698.928
2024-02-20T04:00:00+00:00,268.6,271.5,267.8,269.7,6265.986
2024-02-20T08:00:00+00:00,269.8,270.4,264.3,269.3,15281.103
2024-02-20T12:00:00+00:00,269.3,274.1,256.0,261.7,49008.091
2024-02-20T16:00:00+00:00,261.8,264.8,257.4,264.8,23141.42
2024-02-20T20:00:00+00:00,264.7,266.4,263.0,265.2,8851.118
2024-02-21T00:00:00+00:00,265.3,266.1,263.3,263.5,4262.037
2024-02-21T04:00:00+00:00,263.5,267.1,261.5,263.6,16704.157
2024-02-21T08:00:00+00:00,263.5,264.6,255.6,259.2,15238.43
2024-02-21T12:00:00+00:00,259.2,262.2,255.7,259.6,14628.981
2024-02-21T16:00:00+00:00,259.6,260.9,255.2,258.4,6739.363
2024-02-21T20:00:00+00:00,258.4,263.6,257.8,263.1,6533.139
2024-02-22T00:00:00+00:00,263.0,263.7,259.5,262.2,6483.357
2024-02-22T04:00:00+00:00,262.2,264.5,260.4,264.2,5824.244
2024-02-22T08:00:00+00:00,264.2,265.9,263.0,263.7,7511.374
2024-02-22T12:00:00+00:00,263.6,264.4,259.0,262.2,13184.687
2024-02-22T16:00:00+00:00,262.2,263.8,260.7,263.0,5201.227
2024-02-22T20:00:00+00:00,262.9,267.4,259.9,260.4,12889.608
2024-02-23T00:00:00+00:00,260.3,263.5,259.4,260.9,10295.852
2024-02-23T04:00:00+00:00,261.0,262.7,260.0,261.3,3233.9
2024-02-23T08:00:00+00:00,261.3,264.4,260.0,264.1,5619.672
2024-02-23T12:00:00+00:00,264.2,266.8,261.9,263.7,17859.934
2024-02-23T16:00:00+00:00,263.8,266.6,259.8,265.5,10372.76
2024-02-23T20:00:00+00:00,265.5,267.1,262.1,264.7,6360.225
2024-02-24T00:00:00+00:00,264.7,268.6,262.8,265.6,10329.366
2024-02-24T04:00:00+00:00,265.7,267.3,265.5,266.6,4568.442
2024-02-24T08:00:00+00:00,266.6,270.6,265.6,268.7,10431.214
2024-02-24T12:00:00+00:00,268.6,268.9,266.2,266.4,5439.31
2024-02-24T16:00:00+00:00,266.3,268.5,266.1,267.8,3173.597
2024-02-24T20:00:00+00:00,267.8,268.2,266.5,267.7,3939.214
2024-02-25T00:00:00+00:00,267.7,270.3,266.6,267.9,5440.425
2024-02-25T04:00:00+00:00,267.9,270.8,266.7,268.7,7174.004
2024-02-25T08:00:00+00:00,268.6,268.7,265.5,267.3,8808.177
2024-02-25T12:00:00+00:00,267.2,270.9,266.4,267.3,7904.474
2024-02-25T16:00:00+00:00,267.4,269.1,266.3,268.8,6268.979
2024-02-25T20:00:00+00:00,268.9,270.2,266.6,267.9,6606.034
2024-02-26T00:00:00+00:00,267.9,267.9,264.7,266.5,6570.915
2024-02-26T04:00:00+00:00,266.5,267.8,265.0,265.1,5569.975
2024-02-26T08:00:00+00:00,265.1,266.2,262.2,263.3,6364.465
2024-02-26T12:00:00+00:00,263.4,269.9,262.5,269.0,19939.029
2024-02-26T16:00:00+00:00,269.0,274.7,268.6,274.3,27081.156
2024-02-26T20:00:00+00:00,274.2,276.8,272.1,274.7,14085.891
2024-02-27T00:00:00+00:00,274.7,314.0,274.4,298.8,189983.811
2024-02-27T04:00:00+00:00,298.9,307.6,296.7,297.7,83122.617
2024-02-27T08:00:00+00:00,297.6,301.3,295.8,299.6,43280.078
2024-02-27T12:00:00+00:00,299.6,313.9,293.1,296.2,108505.08
2024-02-27T16:00:00+00:00,296.2,299.5,293.3,296.7,25089.417
2024-02-27T20:00:00+00:00,296.7,300.9,291.1,292.8,22724.309
2024-02-28T00:00:00+00:00,292.8,295.2,287.6,290.7,35014.026
2024-02-28T04:00:00+00:00,290.7,302.0,290.2,300.2,34942.796
2024-02-28T08:00:00+00:00,300.2,308.6,299.0,301.5,60708.939
2024-02-28T12:00:00+00:00,301.6,308.9,297.7,303.1,56999.429
2024-02-28T16:00:00+00:00,303.0,313.8,278.6,296.3,94540.078
2024-02-28T20:00:00+00:00,296.2,298.2,293.5,296.4,25781.091
2024-02-29T00:00:00+00:00,296.4,301.9,292.4,299.6,38864.468
2024-02-29T04:00:00+00:00,299.6,323.5,299.0,316.6,133645.02
2024-02-29T08:00:00+00:00,316.6,317.8,310.0,313.1,46492.492
2024-02-29T12:00:00+00:00,313.0,316.0,306.4,312.7,84159.823
2024-02-29T16:00:00+00:00,312.8,313.3,303.4,308.8,28464.11
2024-02-29T20:00:00+00:00,308.9,309.3,291.0,297.6,25711.557
2024-03-01T00:00:00+00:00,297.7,319.8,296.8,317.5,72203.214
2024-03-01T04:00:00+00:00,317.5,319.6,311.6,312.1,29870.102
2024-03-01T08:00:00+00:00,312.1,318.1,310.0,313.1,19873.686
2024-03-01T12:00:00+00:00,313.1,315.8,309.2,310.1,25874.896
2024-03-01T16:00:00+00:00,310.1,314.2,309.2,311.5,12176.029
2024-03-01T20:00:00+00:00,311.5,317.2,310.9,316.3,10707.322
2024-03-02T00:00:00+00:00,316.3,413.0,315.5,402.9,354582.436
2024-03-02T04:00:00+00:00,402.9,416.7,389.3,393.0,139177.262
2024-03-02T08:00:00+00:00,392.9,452.7,392.7,444.5,191592.547
2024-03-02T12:00:00+00:00,444.5,461.1,435.0,444.9,182425.362
2024-03-02T16:00:00+00:00,444.8,465.0,438.4,463.7,60016.17
2024-03-02T20:00:00+00:00,463.8,506.4,443.5,501.1,174855.413
2024-03-03T00:00:00+00:00,501.2,529.2,476.5,504.7,314389.419
2024-03-03T04:00:00+00:00,504.7,509.9,455.2,476.1,133847.402
2024-03-03T08:00:00+00:00,476.1,489.0,470.0,478.3,68684.284
2024-03-03T12:00:00+00:00,478.3,490.5,461.1,472.4,60715.248
2024-03-03T16:00:00+00:00,472.3,484.0,460.8,462.6,37521.019
2024-03-03T20:00:00+00:00,462.6,476.6,457.5,470.5,26472.012
2024-03-04T00:00:00+00:00,470.4,479.0,449.4,454.1,73326.159
2024-03-04T04:00:00+00:00,454.1,475.2,450.4,453.1,64678.387
2024-03-04T08:00:00+00:00,453.2,471.3,452.1,460.4,135200.504
2024-03-04T12:00:00+00:00,460.5,460.5,433.2,450.0,67486.087
2024-03-04T16:00:00+00:00,449.9,467.7,435.1,453.3,100423.26
2024-03-04T20:00:00+00:00,453.3,473.9,449.3,473.5,44461.217
2024-03-05T00:00:00+00:00,473.4,481.9,453.3,459.2,63765.453
2024-03-05T04:00:00+00:00,459.2,463.1,434.8,440.3,70862.514
2024-03-05T08:00:00+00:00,440.2,449.6,430.0,444.5,72832.733
2024-03-05T12:00:00+00:00,444.4,453.7,430.6,433.4,57398.972
2024-03-05T16:00:00+00:00,433.3,436.1,340.0,374.4,90553.605
2024-03-05T20:00:00+00:00,374.3,404.5,369.4,401.0,76192.181
2024-03-06T00:00:00+00:00,400.9,403.7,383.4,391.5,46938.764
2024-03-06T04:00:00+00:00,391.6,416.0,391.6,414.7,41437.848
2024-03-06T08:00:00+00:00,414.6,421.6,406.8,408.6,39477.824
2024-03-06T12:00:00+00:00,408.5,410.3,391.6,402.0,44403.759
2024-03-06T16:00:00+00:00,402.0,417.0,400.4,412.3,24101.063
2024-03-06T20:00:00+00:00,412.2,417.7,410.4,415.8,13531.252
2024-03-07T00:00:00+00:00,415.7,423.7,403.9,406.2,31570.094
2024-03-07T04:00:00+00:00,406.2,408.3,397.6,407.5,23117.515
2024-03-07T08:00:00+00:00,407.5,425.0,406.0,412.5,41288.995
2024-03-07T12:00:00+00:00,412.5,429.4,407.8,429.2,45483.043
2024-03-07T16:00:00+00:00,429.1,434.8,424.6,433.9,26595.286
2024-03-07T20:00:00+00:00,434.0,439.5,430.2,432.1,19327.613
2024-03-08T00:00:00+00:00,432.0,439.7,428.9,432.5,19006.656
2024-03-08T04:00:00+00:00,432.5,435.0,426.3,428.8,19309.877
2024-03-08T08:00:00+00:00,428.7,445.4,427.4,434.9,34690.29
2024-03-08T12:00:00+00:00,434.8,446.5,400.0,432.2,58791.093
2024-03-08T16:00:00+00:00,432.2,439.1,417.9,433.5,45269.389
2024-03-08T20:00:00+00:00,433.5,439.1,429.0,436.5,17340.181
2024-03-09T00:00:00+00:00,436.6,458.4,433.7,446.4,59552.437
2024-03-09T04:00:00+00:00,446.5,449.4,439.6,443.4,15932.693
2024-03-09T08:00:00+00:00,443.3,444.2,424.7,433.4,33334.322
2024-03-09T12:00:00+00:00,433.4,436.4,427.7,431.1,21774.08
2024-03-09T16:00:00+00:00,431.1,431.8,426.4,427.9,15973.821
2024-03-09T20:00:00+00:00,427.9,434.7,427.9,432.2,9128.938
2024-03-10T00:00:00+00:00,432.1,446.4,429.8,437.7,32677.143
2024-03-10T04:00:00+00:00,437.7,444.2,435.5,437.2,16464.594
2024-03-10T08:00:00+00:00,437.1,438.8,429.1,432.6,17650.486
2024-03-10T12:00:00+00:00,432.7,440.6,417.7,423.2,40512.098
2024-03-10T16:00:00+00:00,423.2,433.0,423.0,425.2,21400.041
2024-03-10T20:00:00+00:00,425.2,425.9,411.8,423.4,17812.286
2024-03-11T00:00:00+00:00,423.3,423.4,401.1,416.4,29303.364
2024-03-11T04:00:00+00:00,416.5,446.0,411.6,439.0,39926.943
2024-03-11T08:00:00+00:00,439.2,448.5,439.2,442.0,53148.015
2024-03-11T12:00:00+00:00,442.0,448.7,432.9,436.1,44528.013
2024-03-11T16:00:00+00:00,436.1,449.8,432.1,442.7,39656.428
2024-03-11T20:00:00+00:00,442.7,456.0,441.8,448.4,26205.383
2024-03-12T00:00:00+00:00,448.4,448.5,431.1,432.6,29642.081
2024-03-12T04:00:00+00:00,432.6,436.7,427.3,429.3,22556.975
2024-03-12T08:00:00+00:00,429.3,432.5,418.1,428.6,30310.017
2024-03-12T12:00:00+00:00,428.7,435.0,421.8,430.3,63576.318
2024-03-12T16:00:00+00:00,430.3,431.7,409.7,429.6,82731.453
2024-03-12T20:00:00+00:00,429.5,435.2,418.6,435.0,42038.944
2024-03-13T00:00:00+00:00,435.0,439.6,427.7,437.0,46507.24
2024-03-13T04:00:00+00:00,437.1,455.3,436.0,444.8,79418.569
2024-03-13T08:00:00+00:00,444.9,449.1,439.8,441.2,21583.085
2024-03-13T12:00:00+00:00,441.3,447.1,423.8,431.3,47241.218
2024-03-13T16:00:00+00:00,431.3,437.5,429.9,435.0,14209.72
2024-03-13T20:00:00+00:00,435.2,442.8,433.6,442.5,22316.117
2024-03-14T00:00:00+00:00,442.4,446.9,434.8,439.4,28669.247
2024-03-14T04:00:00+00:00,439.3,443.4,433.6,438.8,16456.617
2024-03-14T08:00:00+00:00,438.9,474.4,438.3,445.1,170559.279
2024-03-14T12:00:00+00:00,445.0,453.4,427.4,433.4,84668.019
2024-03-14T16:00:00+00:00,433.4,440.8,416.1,426.4,57079.396
2024-03-14T20:00:00+00:00,426.4,442.9,425.9,440.5,14844.32
2024-03-15T00:00:00+00:00,440.5,445.0,393.1,412.9,50748.625
2024-03-15T04:00:00+00:00,412.9,416.2,403.5,413.3,28383.145
2024-03-15T08:00:00+00:00,413.2,413.7,383.0,403.4,47568.573
2024-03-15T12:00:00+00:00,403.4,412.3,400.5,408.9,17604.442
2024-03-15T16:00:00+00:00,408.8,425.6,404.2,411.1,27494.1
2024-03-15T20:00:00+00:00,411.0,418.7,401.5,416.7,21242.382
2024-03-16T00:00:00+00:00,416.7,421.5,411.8,414.7,16222.368
2024-03-16T04:00:00+00:00,414.7,415.1,406.0,414.9,13358.317
2024-03-16T08:00:00+00:00,414.9,414.9,402.2,406.1,13808.22
2024-03-16T12:00:00+00:00,406.0,406.9,395.0,404.2,19418.25
2024-03-16T16:00:00+00:00,404.2,412.2,385.4,385.8,33177.861
2024-03-16T20:00:00+00:00,385.8,395.1,381.6,388.6,26246.586
2024-03-17T00:00:00+00:00,388.5,400.4,385.7,396.7,25154.301
2024-03-17T04:00:00+00:00,396.8,396.8,369.0,378.8,22524.185
2024-03-17T08:00:00+00:00,378.7,405.2,376.0,399.1,42578.461
2024-03-17T12:00:00+00:00,399.2,406.1,393.3,405.0,18351.557
2024-03-17T16:00:00+00:00,404.9,407.4,401.8,405.2,9758.325
2024-03-17T20:00:00+00:00,405.2,407.8,400.2,402.6,7478.753
2024-03-18T00:00:00+00:00,402.5,407.0,388.3,402.1,24983.415
2024-03-18T04:00:00+00:00,402.0,411.7,398.4,409.4,13560.046
2024-03-18T08:00:00+00:00,409.4,409.4,398.4,405.0,12716.779
2024-03-18T12:00:00+00:00,405.1,407.2,385.2,393.7,26027.693
2024-03-18T16:00:00+00:00,393.7,400.7,383.4,387.7,24038.981
2024-03-18T20:00:00+00:00,387.8,404.4,387.8,401.0,12471.064
2024-03-19T00:00:00+00:00,401.3,411.9,370.0,379.1,57739.844
2024-03-19T04:00:00+00:00,379.1,380.8,360.0,375.6,35474.535
2024-03-19T08:00:00+00:00,375.6,375.6,356.6,371.6,44252.066
2024-03-19T12:00:00+00:00,371.6,376.1,364.6,373.7,25870.948
2024-03-19T16:00:00+00:00,373.8,380.7,372.7,377.6,15952.881
2024-03-19T20:00:00+00:00,377.7,378.1,351.0,358.8,23938.999
2024-03-20T00:00:00+00:00,358.7,368.6,355.9,358.0,17796.9
2024-03-20T04:00:00+00:00,358.0,368.7,348.0,367.3,34655.063
2024-03-20T08:00:00+00:00,367.2,372.0,362.4,370.7,16363.813
2024-03-20T12:00:00+00:00,370.6,376.9,368.7,374.1,26097.721
2024-03-20T16:00:00+00:00,374.1,408.3,359.6,406.3,65731.579
2024-03-20T20:00:00+00:00,406.3,412.6,403.0,410.0,32939.522
2024-03-21T00:00:00+00:00,409.9,413.0,403.9,406.6,19545.655
2024-03-21T04:00:00+00:00,406.7,436.5,405.7,430.8,97913.855
2024-03-21T08:00:00+00:00,430.9,436.0,426.2,431.5,25888.925
2024-03-21T12:00:00+00:00,431.5,433.9,419.7,424.5,21963.747
2024-03-21T16:00:00+00:00,424.5,424.6,410.8,415.5,20824.787
2024-03-21T20:00:00+00:00,415.4,421.4,410.6,414.4,11229.187
2024-03-22T00:00:00+00:00,414.5,418.0,407.2,417.9,17156.488
2024-03-22T04:00:00+00:00,417.8,421.9,412.0,414.9,36602.216
2024-03-22T08:00:00+00:00,415.0,417.1,402.1,404.5,33933.191
2024-03-22T12:00:00+00:00,404.5,411.9,391.5,403.1,45133.82
2024-03-22T16:00:00+00:00,403.1,416.7,399.6,409.9,27513.605
2024-03-22T20:00:00+00:00,409.8,433.5,405.1,431.4,35557.218
2024-03-23T00:00:00+00:00,431.5,449.6,419.6,422.9,49313.309
2024-03-23T04:00:00+00:00,422.7,436.0,422.1,432.2,34152.602
2024-03-23T08:00:00+00:00,432.1,466.5,430.6,461.9,82030.029
2024-03-23T12:00:00+00:00,461.8,474.6,455.4,470.2,81687.431
2024-03-23T16:00:00+00:00,470.2,475.9,466.0,474.5,36804.965
2024-03-23T20:00:00+00:00,474.5,475.6,455.2,455.9,27320.651
2024-03-24T00:00:00+00:00,455.9,459.0,445.7,451.7,31322.957
2024-03-24T04:00:00+00:00,451.8,460.4,444.9,448.7,20762.59
2024-03-24T08:00:00+00:00,448.8,460.4,446.2,459.7,31162.139
2024-03-24T12:00:00+00:00,459.8,500.0,454.8,480.8,119743.7
2024-03-24T16:00:00+00:00,480.7,483.0,461.2,462.6,35570.78
2024-03-24T20:00:00+00:00,462.5,490.5,460.7,485.1,45890.046
2024-03-25T00:00:00+00:00,485.1,497.7,481.0,482.9,57716.741
2024-03-25T04:00:00+00:00,482.8,497.0,478.6,488.1,49869.124
2024-03-25T08:00:00+00:00,488.0,493.7,472.9,473.8,37248.642
2024-03-25T12:00:00+00:00,473.7,507.1,473.2,500.5,114644.102
2024-03-25T16:00:00+00:00,500.5,503.1,490.5,494.7,29554.609
2024-03-25T20:00:00+00:00,494.7,499.3,487.3,487.4,24288.429
2024-03-26T00:00:00+00:00,487.3,494.8,486.0,487.9,19818.06
2024-03-26T04:00:00+00:00,488.0,494.9,485.6,488.6,20125.142
2024-03-26T08:00:00+00:00,488.6,491.5,486.7,487.5,15482.112
2024-03-26T12:00:00+00:00,487.4,495.0,468.2,475.0,55375.286
2024-03-26T16:00:00+00:00,475.0,479.1,467.8,473.1,18835.545
2024-03-26T20:00:00+00:00,473.2,489.7,471.4,479.3,29353.341
2024-03-27T00:00:00+00:00,479.4,500.0,478.2,492.1,50988.834
2024-03-27T04:00:00+00:00,492.1,494.9,486.5,487.4,22256.507
2024-03-27T08:00:00+00:00,487.4,504.3,482.1,493.3,59590.223
2024-03-27T12:00:00+00:00,493.3,550.0,491.7,531.9,257088.069
2024-03-27T16:00:00+00:00,531.9,546.1,525.0,542.8,71491.897
2024-03-27T20:00:00+00:00,542.9,553.6,536.6,539.1,46824.791
2024-03-28T00:00:00+00:00,539.0,547.7,527.4,530.5,66358.166
2024-03-28T04:00:00+00:00,530.5,565.8,529.0,565.0,96827.782
2024-03-28T08:00:00+00:00,565.0,583.1,556.2,574.8,68252.163
2024-03-28T12:00:00+00:00,574.8,580.0,563.4,564.3,44640.085
2024-03-28T16:00:00+00:00,564.2,585.0,560.5,571.5,48017.444
2024-03-28T20:00:00+00:00,571.5,586.9,565.4,567.4,27023.936
2024-03-29T00:00:00+00:00,567.4,586.0,553.1,581.1,63154.584
2024-03-29T04:00:00+00:00,581.1,583.5,570.4,573.3,37979.901
2024-03-29T08:00:00+00:00,573.3,640.0,569.7,637.2,145672.758
2024-03-29T12:00:00+00:00,637.3,639.8,607.0,609.3,81819.281
2024-03-29T16:00:00+00:00,609.3,611.3,597.9,601.3,38336.418
2024-03-29T20:00:00+00:00,601.0,623.0,597.5,620.6,36719.78
2024-03-30T00:00:00+00:00,620.7,624.2,600.2,606.1,36059.718
2024-03-30T04:00:00+00:00,606.1,614.4,591.2,610.6,46258.099
2024-03-30T08:00:00+00:00,610.6,611.0,598.5,600.5,20167.487
2024-03-30T12:00:00+00:00,600.4,614.2,599.5,604.3,16968.807
2024-03-30T16:00:00+00:00,604.2,605.5,591.9,595.8,11552.588
2024-03-30T20:00:00+00:00,595.8,599.4,590.3,597.6,6913.079
2024-03-31T00:00:00+00:00,597.7,604.7,591.4,592.3,14472.568
2024-03-31T04:00:00+00:00,592.3,601.1,586.0,593.2,15758.951
2024-03-31T08:00:00+00:00,593.3,600.1,590.2,595.2,15004.332
2024-03-31T12:00:00+00:00,595.1,604.6,593.6,596.9,19023.257
2024-03-31T16:00:00+00:00,596.9,656.5,595.4,656.0,73819.651
2024-03-31T20:00:00+00:00,655.9,693.0,652.7,678.7,134897.868
2024-04-01T00:00:00+00:00,678.8,688.8,674.7,677.0,49950.663
2024-04-01T04:00:00+00:00,676.9,705.0,666.6,687.6,160704.439
2024-04-01T08:00:00+00:00,687.6,689.7,658.1,662.6,70048.973
2024-04-01T12:00:00+00:00,662.6,667.1,625.5,633.7,90598.29
2024-04-01T16:00:00+00:00,633.7,645.7,617.4,644.4,42588.933
2024-04-01T20:00:00+00:00,644.4,654.4,642.6,647.6,18875.407
2024-04-02T00:00:00+00:00,647.8,647.8,600.8,611.0,59125.241
2024-04-02T04:00:00+00:00,610.9,613.4,592.9,606.6,39909.085
2024-04-02T08:00:00+00:00,606.6,612.9,587.0,598.8,51444.159
2024-04-02T12:00:00+00:00,598.6,645.0,595.6,627.1,104335.249
2024-04-02T16:00:00+00:00,627.1,639.5,621.5,633.8,43895.202
2024-04-02T20:00:00+00:00,633.6,649.9,625.8,639.0,36158.127
2024-04-03T00:00:00+00:00,639.2,644.0,610.3,628.5,60633.256
2024-04-03T04:00:00+00:00,628.2,635.0,606.5,608.5,30418.352
2024-04-03T08:00:00+00:00,608.7,615.3,601.2,606.3,70814.028
2024-04-03T12:00:00+00:00,606.1,610.2,590.2,591.7,36364.953
2024-04-03T16:00:00+00:00,591.6,598.2,566.7,572.4,55030.427
2024-04-03T20:00:00+00:00,572.5,598.6,561.7,592.8,99628.567
2024-04-04T00:00:00+00:00,592.8,623.4,591.3,613.7,78611.694
2024-04-04T04:00:00+00:00,613.8,673.3,608.8,667.7,105317.297
2024-04-04T08:00:00+00:00,667.5,683.8,644.7,645.0,134880.194
2024-04-04T12:00:00+00:00,645.0,667.2,632.0,635.6,126863.035
2024-04-04T16:00:00+00:00,635.7,649.4,631.6,640.4,49639.45
2024-04-04T20:00:00+00:00,640.3,674.2,625.6,665.4,63553.299
2024-04-05T00:00:00+00:00,665.5,697.4,656.5,697.2,198558.956
2024-04-05T04:00:00+00:00,697.2,719.5,680.4,689.5,126008.102
2024-04-05T08:00:00+00:00,689.6,698.5,679.2,685.0,53951.306
2024-04-05T12:00:00+00:00,685.2,686.0,645.0,666.6,83826.729
2024-04-05T16:00:00+00:00,666.6,672.8,655.0,658.6,26900.634
2024-04-05T20:00:00+00:00,658.4,679.7,654.7,657.3,32474.941
2024-04-06T00:00:00+00:00,657.5,715.0,656.7,705.8,173257.523
2024-04-06T04:00:00+00:00,705.9,709.0,679.0,693.5,112012.49
2024-04-06T08:00:00+00:00,693.5,716.9,686.6,691.4,154450.796
2024-04-06T12:00:00+00:00,690.9,704.7,689.1,701.8,39321.459
2024-04-06T16:00:00+00:00,701.6,702.8,683.1,687.2,25634.995
2024-04-06T20:00:00+00:00,687.1,703.5,684.2,693.9,22361.836
2024-04-07T00:00:00+00:00,693.9,710.1,681.3,686.6,75617.947
2024-04-07T04:00:00+00:00,686.6,689.4,674.7,676.5,24095.434
2024-04-07T08:00:00+00:00,676.5,685.5,676.1,679.0,18057.507
2024-04-07T12:00:00+00:00,679.0,694.1,677.2,683.4,19656.142
2024-04-07T16:00:00+00:00,683.4,693.0,679.7,680.3,18762.842
2024-04-07T20:00:00+00:00,680.3,687.8,675.2,684.8,10405.606
2024-04-08T00:00:00+00:00,684.9,705.1,681.1,691.6,58375.644
2024-04-08T04:00:00+00:00,691.6,696.6,686.1,691.0,23921.874
2024-04-08T08:00:00+00:00,691.0,712.9,689.5,709.6,52716.611
2024-04-08T12:00:00+00:00,709.7,710.2,678.0,681.2,39680.051
2024-04-08T16:00:00+00:00,681.3,691.1,680.0,683.0,17556.241
2024-04-08T20:00:00+00:00,683.0,688.5,680.0,681.4,11502.418
2024-04-09T00:00:00+00:00,681.4,689.2,672.6,676.4,31864.868
2024-04-09T04:00:00+00:00,676.5,681.1,665.7,668.7,23898.689
2024-04-09T08:00:00+00:00,668.7,678.2,656.0,674.4,37076.863
2024-04-09T12:00:00+00:00,674.5,695.8,663.8,687.6,97030.6
2024-04-09T16:00:00+00:00,687.6,695.0,669.6,673.8,47944.007
2024-04-09T20:00:00+00:00,673.8,678.9,670.3,671.8,6707.628
2024-04-10T00:00:00+00:00,671.8,673.8,611.0,624.8,105364.395
2024-04-10T04:00:00+00:00,624.9,633.9,618.9,628.8,33280.21
2024-04-10T08:00:00+00:00,628.8,631.9,603.3,613.1,56034.331
2024-04-10T12:00:00+00:00,612.9,619.5,594.7,612.6,44422.611
2024-04-10T16:00:00+00:00,612.7,621.9,605.5,617.9,31141.949
2024-04-10T20:00:00+00:00,618.0,633.9,615.4,629.2,33043.002
2024-04-11T00:00:00+00:00,629.3,629.4,614.8,619.6,21051.132
2024-04-11T04:00:00+00:00,620.1,627.4,611.3,619.5,16750.926
2024-04-11T08:00:00+00:00,619.6,621.9,604.8,606.7,15864.921
2024-04-11T12:00:00+00:00,606.8,614.1,599.7,612.0,25596.309
2024-04-11T16:00:00+00:00,612.0,615.0,606.8,608.4,9584.821
2024-04-11T20:00:00+00:00,607.8,616.9,606.5,614.2,8552.145
2024-04-12T00:00:00+00:00,614.2,618.9,609.7,615.0,10167.423
2024-04-12T04:00:00+00:00,614.9,617.2,605.2,609.7,9332.183
2024-04-12T08:00:00+00:00,609.6,611.1,603.6,606.1,9802.78
2024-04-12T12:00:00+00:00,606.1,606.2,573.7,580.2,80107.252
2024-04-12T16:00:00+00:00,580.0,583.0,487.8,529.2,147178.117
2024-04-12T20:00:00+00:00,529.3,538.5,524.4,533.2,20696.946
2024-04-13T00:00:00+00:00,533.4,547.2,519.1,540.9,49343.943
2024-04-13T04:00:00+00:00,540.9,551.7,537.0,546.2,20502.196
2024-04-13T08:00:00+00:00,546.2,546.8,529.7,534.8,22186.282
2024-04-13T12:00:00+00:00,534.8,540.7,525.8,527.9,17103.341
2024-04-13T16:00:00+00:00,527.9,530.1,479.9,482.6,79991.549
2024-04-13T20:00:00+00:00,482.7,491.6,443.0,479.6,121682.696
2024-04-14T00:00:00+00:00,479.6,481.9,453.5,463.0,37296.413
2024-04-14T04:00:00+00:00,463.1,500.3,460.8,498.0,39950.122
2024-04-14T08:00:00+00:00,497.9,505.5,476.3,479.5,35727.234
2024-04-14T12:00:00+00:00,479.4,492.8,472.0,484.1,29745.331
2024-04-14T16:00:00+00:00,484.1,497.3,467.2,487.2,43163.239
2024-04-14T20:00:00+00:00,487.1,530.9,480.9,525.7,41000.616
2024-04-15T00:00:00+00:00,525.6,534.0,514.5,525.2,32647.473
2024-04-15T04:00:00+00:00,525.2,568.2,520.0,559.5,45957.438
2024-04-15T08:00:00+00:00,559.4,564.2,540.3,541.2,24173.401
2024-04-15T12:00:00+00:00,541.2,544.8,507.9,519.6,58503.939
2024-04-15T16:00:00+00:00,519.4,522.7,490.9,506.6,54312.131
2024-04-15T20:00:00+00:00,506.6,512.1,497.2,508.3,19033.96
2024-04-16T00:00:00+00:00,508.3,510.5,478.8,480.8,73654.8
2024-04-16T04:00:00+00:00,480.8,496.1,469.2,493.2,35056.013
2024-04-16T08:00:00+00:00,493.4,493.8,467.8,485.8,31058.283
2024-04-16T12:00:00+00:00,486.1,489.8,466.5,468.5,27312.216
2024-04-16T16:00:00+00:00,468.4,487.1,462.5,479.6,22989.51
2024-04-16T20:00:00+00:00,479.4,494.0,478.8,486.9,9119.905
2024-04-17T00:00:00+00:00,486.8,490.7,479.6,483.0,13546.02
2024-04-17T04:00:00+00:00,483.1,489.6,470.8,474.2,19784.608
2024-04-17T08:00:00+00:00,474.2,477.1,463.0,463.4,15740.131
2024-04-17T12:00:00+00:00,463.6,468.5,448.7,452.5,40057.903
2024-04-17T16:00:00+00:00,452.4,475.0,446.9,466.4,29074.966
2024-04-17T20:00:00+00:00,466.4,471.7,461.3,463.9,8894.463
2024-04-18T00:00:00+00:00,463.7,481.4,453.2,474.5,17546.307
2024-04-18T04:00:00+00:00,474.7,476.3,459.6,468.9,12292.988
2024-04-18T08:00:00+00:00,468.9,488.6,465.9,483.4,22626.63
2024-04-18T12:00:00+00:00,483.4,488.9,473.4,484.4,18347.58
2024-04-18T16:00:00+00:00,484.6,486.4,473.8,482.5,8564.156
2024-04-18T20:00:00+00:00,482.6,487.6,480.6,483.0,4947.569
2024-04-19T00:00:00+00:00,483.1,483.1,444.3,464.0,31689.821
2024-04-19T04:00:00+00:00,464.0,489.8,460.5,481.1,29751.276
2024-04-19T08:00:00+00:00,481.0,490.0,479.2,479.3,18478.389
2024-04-19T12:00:00+00:00,479.2,484.4,471.4,478.3,15489.274
2024-04-19T16:00:00+00:00,478.3,492.4,470.4,489.7,15080.887
2024-04-19T20:00:00+00:00,489.8,489.8,468.8,476.8,11355.764
2024-04-20T00:00:00+00:00,476.7,481.2,472.0,477.0,8582.962
2024-04-20T04:00:00+00:00,477.1,480.9,475.9,477.8,5766.958
2024-04-20T08:00:00+00:00,477.9,489.7,470.7,486.9,19393.837
2024-04-20T12:00:00+00:00,486.9,503.2,483.5,498.5,27611.962
2024-04-20T16:00:00+00:00,498.6,514.8,493.9,511.7,22890.845
2024-04-20T20:00:00+00:00,511.9,522.5,510.3,515.4,13499.854
2024-04-21T00:00:00+00:00,515.3,518.3,504.9,511.2,12326.657
2024-04-21T04:00:00+00:00,511.2,517.2,508.0,514.1,6441.217
2024-04-21T08:00:00+00:00,514.5,516.9,508.2,512.6,8722.19
2024-04-21T12:00:00+00:00,512.7,514.2,502.8,506.0,9545.76
2024-04-21T16:00:00+00:00,506.1,506.8,493.2,501.8,10471.612
2024-04-21T20:00:00+00:00,501.7,509.4,500.0,502.2,7020.746
2024-04-22T00:00:00+00:00,502.2,513.5,496.2,510.3,11616.412
2024-04-22T04:00:00+00:00,510.2,515.8,508.8,509.7,8853.545
2024-04-22T08:00:00+00:00,509.9,513.1,507.4,508.7,8293.584
2024-04-22T12:00:00+00:00,508.7,512.6,503.9,508.4,8116.109
2024-04-22T16:00:00+00:00,508.4,516.5,505.0,515.7,7996.66
2024-04-22T20:00:00+00:00,515.6,528.0,515.2,522.7,15604.634
2024-04-23T00:00:00+00:00,522.7,523.4,511.4,511.8,9244.2
2024-04-23T04:00:00+00:00,511.7,514.9,505.8,508.3,6804.91
2024-04-23T08:00:00+00:00,508.3,512.3,505.3,506.3,8224.512
2024-04-23T12:00:00+00:00,506.3,514.9,504.2,507.9,14001.335
2024-04-23T16:00:00+00:00,508.3,513.1,504.5,512.4,13749.626
2024-04-23T20:00:00+00:00,512.4,512.4,501.7,505.0,5701.164
2024-04-24T00:00:00+00:00,505.0,511.0,501.8,507.4,10297.557
2024-04-24T04:00:00+00:00,507.3,511.9,504.7,507.8,14041.027
2024-04-24T08:00:00+00:00,507.7,508.9,502.3,506.6,7972.322
2024-04-24T12:00:00+00:00,506.6,507.4,479.6,480.0,28793.781
2024-04-24T16:00:00+00:00,480.0,487.3,475.6,484.4,13102.705
2024-04-24T20:00:00+00:00,484.2,486.2,474.0,479.4,7913.119
2024-04-25T00:00:00+00:00,479.6,485.4,474.0,478.0,8694.292
2024-04-25T04:00:00+00:00,477.9,485.0,472.2,477.5,9156.956
2024-04-25T08:00:00+00:00,477.5,479.1,468.6,476.2,13066.682
2024-04-25T12:00:00+00:00,476.3,481.6,466.8,478.6,16310.488
2024-04-25T16:00:00+00:00,478.6,486.0,476.2,478.4,14652.249
2024-04-25T20:00:00+00:00,478.3,486.0,476.9,478.1,7894.691
2024-04-26T00:00:00+00:00,478.1,480.1,466.6,475.9,9634.533
2024-04-26T04:00:00+00:00,476.0,479.8,473.6,476.2,5805.975
2024-04-26T08:00:00+00:00,476.2,483.3,475.6,481.4,6780.327
2024-04-26T12:00:00+00:00,481.4,484.9,475.2,482.1,10932.832
2024-04-26T16:00:00+00:00,482.2,493.5,480.4,487.0,9576.266
2024-04-26T20:00:00+00:00,487.1,490.4,479.0,482.4,4520.14
2024-04-27T00:00:00+00:00,482.7,486.1,462.0,477.2,18076.282
2024-04-27T04:00:00+00:00,477.1,478.8,471.1,471.4,4387.834
2024-04-27T08:00:00+00:00,471.4,474.3,465.9,469.5,3979.025
2024-04-27T12:00:00+00:00,469.4,478.2,468.7,474.7,6818.182
2024-04-27T16:00:00+00:00,474.7,482.5,469.9,475.5,11750.24
2024-04-27T20:00:00+00:00,475.5,480.8,471.9,477.1,5236.737
2024-04-28T00:00:00+00:00,477.0,488.0,476.5,483.9,6914.311
2024-04-28T04:00:00+00:00,483.9,485.0,480.2,482.3,5793.521
2024-04-28T08:00:00+00:00,482.6,483.2,476.3,478.0,4190.484
2024-04-28T12:00:00+00:00,477.9,481.4,477.0,478.9,3996.966
2024-04-28T16:00:00+00:00,479.0,483.7,478.4,481.4,2663.485
2024-04-28T20:00:00+00:00,481.1,482.4,468.2,470.5,6796.2
2024-04-29T00:00:00+00:00,470.8,474.5,459.1,459.7,9312.602
2024-04-29T04:00:00+00:00,459.7,464.9,452.2,456.4,14825.936
2024-04-29T08:00:00+00:00,456.4,458.8,450.4,451.0,8506.802
2024-04-29T12:00:00+00:00,451.0,462.6,447.0,461.4,14068.463
2024-04-29T16:00:00+00:00,461.5,463.6,458.0,461.1,4847.208
2024-04-29T20:00:00+00:00,461.2,470.1,457.6,465.1,5301.519
2024-04-30T00:00:00+00:00,465.2,470.4,456.0,462.4,6369.48
2024-04-30T04:00:00+00:00,462.5,469.4,458.8,459.7,15600.368
2024-04-30T08:00:00+00:00,459.5,460.7,436.0,438.2,19874.554
2024-04-30T12:00:00+00:00,438.1,442.4,428.7,434.2,19637.836
2024-04-30T16:00:00+00:00,434.1,434.1,420.6,430.3,41117.894
2024-04-30T20:00:00+00:00,430.4,438.0,430.0,434.1,12995.721
2024-05-01T00:00:00+00:00,434.1,436.0,422.2,429.5,13695.248
2024-05-01T04:00:00+00:00,429.5,432.2,407.7,412.4,27148.862
2024-05-01T08:00:00+00:00,412.4,413.6,401.8,408.9,25522.178
2024-05-01T12:00:00+00:00,408.9,414.1,400.0,404.3,19137.224
2024-05-01T16:00:00+00:00,404.2,431.1,400.0,413.5,29091.802
2024-05-01T20:00:00+00:00,413.7,426.9,411.2,424.8,8850.376
2024-05-02T00:00:00+00:00,424.7,427.7,410.7,416.4,8822.355
2024-05-02T04:00:00+00:00,416.3,418.5,412.4,413.9,4651.895
2024-05-02T08:00:00+00:00,413.9,427.0,412.8,425.9,9012.624
2024-05-02T12:00:00+00:00,426.0,431.3,418.0,429.9,16264.673
2024-05-02T16:00:00+00:00,430.1,433.2,425.6,430.4,5210.686
2024-05-02T20:00:00+00:00,430.3,434.7,424.4,429.0,6899.709
2024-05-03T00:00:00+00:00,429.1,440.9,425.7,438.9,8788.784
2024-05-03T04:00:00+00:00,439.0,441.0,431.3,433.6,7476.931
2024-05-03T08:00:00+00:00,433.6,439.4,431.8,435.2,7305.697
2024-05-03T12:00:00+00:00,435.1,451.8,434.0,448.0,21991.897
2024-05-03T16:00:00+00:00,448.1,450.0,445.0,448.5,5439.611
2024-05-03T20:00:00+00:00,448.4,458.6,447.9,452.6,10235.64
2024-05-04T00:00:00+00:00,452.7,469.4,451.9,466.4,17984.996
2024-05-04T04:00:00+00:00,466.4,470.6,462.4,462.8,8385.041
2024-05-04T08:00:00+00:00,462.8,480.5,462.8,473.2,13535.481
2024-05-04T12:00:00+00:00,473.2,474.9,462.4,466.2,13617.273
2024-05-04T16:00:00+00:00,466.3,467.5,460.9,467.0,4719.766
2024-05-04T20:00:00+00:00,467.0,469.1,462.5,462.8,6659.398
2024-05-05T00:00:00+00:00,463.0,464.6,455.7,460.3,8646.208
2024-05-05T04:00:00+00:00,460.2,464.2,457.9,462.8,3368.837
2024-05-05T08:00:00+00:00,462.7,467.3,461.8,464.6,3654.758
2024-05-05T12:00:00+00:00,464.8,471.2,460.4,469.5,5232.4
2024-05-05T16:00:00+00:00,469.5,473.1,464.1,467.3,5658.33
2024-05-05T20:00:00+00:00,467.4,470.1,465.5,469.0,3350.313
2024-05-06T00:00:00+00:00,469.1,472.4,464.2,466.5,6016.96
2024-05-06T04:00:00+00:00,466.6,476.1,466.0,475.6,7138.896
2024-05-06T08:00:00+00:00,475.7,484.3,469.3,475.3,13179.593
2024-05-06T12:00:00+00:00,475.5,477.3,462.9,472.4,14318.878
2024-05-06T16:00:00+00:00,472.3,484.0,469.4,475.8,15730.211
2024-05-06T20:00:00+00:00,475.8,479.9,472.6,473.1,3599.824
2024-05-07T00:00:00+00:00,473.1,481.8,467.9,470.9,7875.248
2024-05-07T04:00:00+00:00,470.9,473.8,466.2,468.7,8454.075
2024-05-07T08:00:00+00:00,468.6,483.8,467.8,477.8,14164.564
2024-05-07T12:00:00+00:00,477.9,490.3,477.9,484.7,18545.383
2024-05-07T16:00:00+00:00,484.8,494.6,475.7,476.7,16651.852
2024-05-07T20:00:00+00:00,476.7,482.9,468.4,470.9,11620.156
2024-05-08T00:00:00+00:00,470.8,473.7,464.6,467.9,7588.309
2024-05-08T04:00:00+00:00,468.0,470.0,449.9,452.4,16496.23
2024-05-08T08:00:00+00:00,452.3,460.2,450.2,453.6,12585.772
2024-05-08T12:00:00+00:00,453.6,466.8,449.3,459.7,17894.035
2024-05-08T16:00:00+00:00,459.7,464.0,452.9,455.5,10552.648
2024-05-08T20:00:00+00:00,455.7,457.0,444.7,448.2,8446.787
2024-05-09T00:00:00+00:00,448.1,456.3,448.0,454.4,6330.593
2024-05-09T04:00:00+00:00,454.4,456.4,446.6,448.4,5307.77
2024-05-09T08:00:00+00:00,448.2,449.9,444.1,448.1,5246.395
2024-05-09T12:00:00+00:00,448.0,452.0,442.0,448.0,9605.459
2024-05-09T16:00:00+00:00,447.9,452.2,443.6,449.7,6027.371
2024-05-09T20:00:00+00:00,449.7,458.8,446.8,454.8,10158.431
2024-05-10T00:00:00+00:00,454.7,455.0,449.6,452.4,6436.463
2024-05-10T04:00:00+00:00,452.3,456.9,450.8,455.0,6238.699
2024-05-10T08:00:00+00:00,455.0,455.8,451.0,454.5,4819.599
2024-05-10T12:00:00+00:00,454.5,455.3,426.5,427.4,18618.704
2024-05-10T16:00:00+00:00,427.1,429.4,422.1,427.4,14318.376
2024-05-10T20:00:00+00:00,427.4,428.5,421.3,426.6,6976.162
2024-05-11T00:00:00+00:00,426.6,435.8,426.6,430.1,15719.667
2024-05-11T04:00:00+00:00,430.1,432.4,426.0,428.6,9201.548
2024-05-11T08:00:00+00:00,428.6,429.6,425.2,427.2,5167.734
2024-05-11T12:00:00+00:00,427.2,434.3,427.1,431.5,4976.384
2024-05-11T16:00:00+00:00,431.5,433.0,430.3,432.8,2106.035
2024-05-11T20:00:00+00:00,432.8,432.9,428.7,429.5,1646.296
2024-05-12T00:00:00+00:00,429.5,433.3,429.1,431.3,2123.512
2024-05-12T04:00:00+00:00,431.3,433.3,428.9,431.1,1759.498
2024-05-12T08:00:00+00:00,431.0,438.7,430.5,435.3,3718.577
2024-05-12T12:00:00+00:00,435.4,436.1,431.6,434.2,2468.465
2024-05-12T16:00:00+00:00,434.1,436.9,430.3,431.8,2406.766
2024-05-12T20:00:00+00:00,431.9,434.2,427.5,433.0,3836.065
2024-05-13T00:00:00+00:00,433.1,436.0,421.5,426.4,9479.086
2024-05-13T04:00:00+00:00,426.5,441.5,422.4,438.4,13954.244
2024-05-13T08:00:00+00:00,438.4,446.4,438.4,441.6,10693.957
2024-05-13T12:00:00+00:00,441.6,445.4,439.1,444.2,5672.426
2024-05-13T16:00:00+00:00,444.3,448.2,436.9,443.3,6526.017
2024-05-13T20:00:00+00:00,443.4,443.5,437.0,437.5,2399.408
2024-05-14T00:00:00+00:00,437.5,439.0,432.8,433.3,4300.865
2024-05-14T04:00:00+00:00,433.3,438.8,426.0,436.5,6076.356
2024-05-14T08:00:00+00:00,436.4,438.7,432.4,435.7,11124.241
2024-05-14T12:00:00+00:00,435.6,439.5,429.7,434.2,10411.148
2024-05-14T16:00:00+00:00,434.2,434.6,428.3,432.8,4771.491
2024-05-14T20:00:00+00:00,432.8,434.0,427.6,429.1,3376.632
2024-05-15T00:00:00+00:00,429.1,432.2,426.2,432.1,2889.07
2024-05-15T04:00:00+00:00,432.1,433.4,428.5,431.5,2488.384
2024-05-15T08:00:00+00:00,431.6,434.0,423.8,426.5,6407.667
2024-05-15T12:00:00+00:00,426.5,457.9,424.8,445.4,31590.707
2024-05-15T16:00:00+00:00,445.6,462.3,443.5,461.2,7933.609
2024-05-15T20:00:00+00:00,461.2,467.1,458.8,463.7,9556.409
2024-05-16T00:00:00+00:00,463.6,465.9,455.4,458.5,4885.661
2024-05-16T04:00:00+00:00,458.5,460.0,456.5,458.2,5762.089
2024-05-16T08:00:00+00:00,458.2,459.1,451.5,454.2,9104.39
2024-05-16T12:00:00+00:00,454.1,455.1,442.5,445.9,9403.174
2024-05-16T16:00:00+00:00,445.9,447.5,443.1,445.0,4207.981
2024-05-16T20:00:00+00:00,444.9,445.8,442.4,444.8,3571.615
2024-05-17T00:00:00+00:00,444.8,447.1,442.3,445.6,4533.449
2024-05-17T04:00:00+00:00,445.7,470.6,444.7,469.9,18199.918
2024-05-17T08:00:00+00:00,469.9,478.5,464.4,465.8,33618.464
2024-05-17T12:00:00+00:00,465.8,474.6,459.4,472.6,23281.763
2024-05-17T16:00:00+00:00,472.7,475.0,463.7,466.0,10512.697
2024-05-17T20:00:00+00:00,465.9,468.6,465.0,466.5,2905.341
2024-05-18T00:00:00+00:00,466.6,488.1,464.3,485.4,22350.618
2024-05-18T04:00:00+00:00,485.4,487.9,478.9,485.5,15765.825
2024-05-18T08:00:00+00:00,485.6,492.1,484.4,487.5,8609.506
2024-05-18T12:00:00+00:00,487.5,490.6,473.0,477.1,18194.185
2024-05-18T16:00:00+00:00,477.2,478.6,475.0,478.4,5018.248
2024-05-18T20:00:00+00:00,478.3,478.4,474.0,475.4,3637.453
2024-05-19T00:00:00+00:00,475.3,497.0,473.0,492.8,24243.935
2024-05-19T04:00:00+00:00,492.9,497.1,488.7,492.1,16031.79
2024-05-19T08:00:00+00:00,492.0,494.0,485.8,489.2,8269.499
2024-05-19T12:00:00+00:00,489.2,495.2,481.2,489.5,24049.92
2024-05-19T16:00:00+00:00,489.4,493.0,485.1,485.4,8985.088
2024-05-19T20:00:00+00:00,485.3,487.9,480.8,484.9,5241.28
2024-05-20T00:00:00+00:00,485.0,488.5,477.7,483.5,10703.098
2024-05-20T04:00:00+00:00,483.5,492.1,476.1,480.0,12187.915
2024-05-20T08:00:00+00:00,480.1,502.3,477.1,487.1,23144.334
2024-05-20T12:00:00+00:00,487.2,489.4,481.5,485.4,13643.423
2024-05-20T16:00:00+00:00,485.4,506.0,484.1,505.4,22289.129
2024-05-20T20:00:00+00:00,505.5,518.6,498.6,517.9,35833.499
2024-05-21T00:00:00+00:00,517.9,530.1,513.4,515.2,35368.931
2024-05-21T04:00:00+00:00,515.2,525.6,510.0,518.5,22835.714
2024-05-21T08:00:00+00:00,518.4,523.1,517.7,520.5,12304.814
2024-05-21T12:00:00+00:00,520.5,528.6,516.9,518.4,47963.407
2024-05-21T16:00:00+00:00,518.5,521.5,510.0,511.9,16279.894
2024-05-21T20:00:00+00:00,512.0,517.3,511.2,515.0,7728.912
2024-05-22T00:00:00+00:00,515.0,515.9,508.7,509.7,14188.497
2024-05-22T04:00:00+00:00,509.7,511.3,501.7,504.7,14050.318
2024-05-22T08:00:00+00:00,504.7,508.6,501.8,501.8,7345.283
2024-05-22T12:00:00+00:00,501.7,509.6,495.1,506.8,22866.956
2024-05-22T16:00:00+00:00,506.9,509.3,497.8,500.5,7540.794
2024-05-22T20:00:00+00:00,500.9,504.5,496.4,499.0,7271.679
2024-05-23T00:00:00+00:00,499.1,516.4,499.1,510.0,25368.572
2024-05-23T04:00:00+00:00,510.1,512.3,507.6,510.5,5952.602
2024-05-23T08:00:00+00:00,510.5,511.9,502.2,508.6,8132.06
2024-05-23T12:00:00+00:00,508.5,510.1,482.0,489.7,24415.292
2024-05-23T16:00:00+00:00,489.6,490.9,479.9,484.6,6725.412
2024-05-23T20:00:00+00:00,484.7,494.9,472.4,491.2,17317.613
2024-05-24T00:00:00+00:00,491.2,496.0,489.4,494.0,5732.446
2024-05-24T04:00:00+00:00,494.0,496.0,480.0,488.8,14110.408
2024-05-24T08:00:00+00:00,488.8,493.3,483.3,488.4,7985.256
2024-05-24T12:00:00+00:00,488.4,492.2,482.7,489.7,7801.927
2024-05-24T16:00:00+00:00,489.7,499.9,487.2,498.3,15064.078
2024-05-24T20:00:00+00:00,498.3,500.1,494.0,494.9,3754.806
2024-05-25T00:00:00+00:00,495.0,497.8,492.4,494.2,5200.005
2024-05-25T04:00:00+00:00,494.2,501.9,493.6,496.7,9088.621
2024-05-25T08:00:00+00:00,496.7,498.9,491.5,494.1,13359.796
2024-05-25T12:00:00+00:00,494.1,495.0,490.9,492.5,4842.675
2024-05-25T16:00:00+00:00,492.5,495.0,491.5,493.4,3578.113
2024-05-25T20:00:00+00:00,493.4,494.2,490.9,493.6,1905.471
2024-05-26T00:00:00+00:00,493.6,494.1,488.6,491.9,5588.118
2024-05-26T04:00:00+00:00,491.8,494.2,487.8,493.0,13736.372
2024-05-26T08:00:00+00:00,493.0,494.4,487.4,488.9,3843.341
2024-05-26T12:00:00+00:00,488.9,490.8,483.4,485.4,7591.717
2024-05-26T16:00:00+00:00,485.4,486.8,482.7,484.9,7112.104
2024-05-26T20:00:00+00:00,484.9,486.9,480.7,484.0,3829.101
2024-05-27T00:00:00+00:00,484.1,490.4,483.9,487.6,5147.764
2024-05-27T04:00:00+00:00,487.7,490.2,481.3,483.4,4127.305
2024-05-27T08:00:00+00:00,483.3,490.0,483.2,489.6,4502.636
2024-05-27T12:00:00+00:00,490.0,503.7,489.7,501.0,11019.845
2024-05-27T16:00:00+00:00,501.1,501.8,484.5,486.6,7388.204
2024-05-27T20:00:00+00:00,486.6,491.4,485.8,489.6,3384.603
2024-05-28T00:00:00+00:00,489.5,489.6,465.7,469.0,16764.507
2024-05-28T04:00:00+00:00,469.1,471.2,461.2,463.4,15286.72
2024-05-28T08:00:00+00:00,463.3,477.2,462.2,471.3,13085.446
2024-05-28T12:00:00+00:00,471.3,473.2,462.2,466.3,16607.767
2024-05-28T16:00:00+00:00,466.3,471.0,461.3,470.1,13350.743
2024-05-28T20:00:00+00:00,470.1,472.1,467.8,470.4,5361.66
2024-05-29T00:00:00+00:00,470.4,475.3,467.7,475.0,5548.29
2024-05-29T04:00:00+00:00,475.0,475.1,466.1,466.5,6411.892
2024-05-29T08:00:00+00:00,466.5,472.8,462.7,467.7,11319.959
2024-05-29T12:00:00+00:00,467.8,471.1,464.3,466.6,8366.312
2024-05-29T16:00:00+00:00,466.5,470.9,464.3,466.0,5463.084
2024-05-29T20:00:00+00:00,466.1,469.4,465.0,465.8,4385.307
2024-05-30T00:00:00+00:00,465.7,469.4,463.8,469.4,2851.821
2024-05-30T04:00:00+00:00,469.4,470.0,459.4,462.4,6841.73
2024-05-30T08:00:00+00:00,462.4,469.2,459.5,466.7,5872.993
2024-05-30T12:00:00+00:00,466.6,473.1,464.9,468.5,7791.052
2024-05-30T16:00:00+00:00,468.6,474.9,467.2,469.1,5966.398
2024-05-30T20:00:00+00:00,469.0,469.1,463.9,465.1,3902.049
2024-05-31T00:00:00+00:00,465.0,466.3,463.0,465.5,4677.649
2024-05-31T04:00:00+00:00,465.6,466.8,461.3,465.1,4096.39
2024-05-31T08:00:00+00:00,465.2,466.5,463.1,465.6,4375.21
2024-05-31T12:00:00+00:00,465.8,469.3,451.8,452.7,10810.655
2024-05-31T16:00:00+00:00,452.6,460.4,447.6,458.6,8848.125
2024-05-31T20:00:00+00:00,458.5,459.1,453.6,454.8,3425.227
2024-06-01T00:00:00+00:00,454.9,457.6,454.3,457.2,2421.943
2024-06-01T04:00:00+00:00,457.2,461.3,456.8,458.9,4071.982
2024-06-01T08:00:00+00:00,458.8,460.5,458.0,460.4,2383.822
2024-06-01T12:00:00+00:00,460.3,462.7,459.7,461.0,2270.305
2024-06-01T16:00:00+00:00,461.0,462.6,460.2,461.8,1665.029
2024-06-01T20:00:00+00:00,461.8,466.4,461.7,463.5,2728.976
2024-06-02T00:00:00+00:00,463.6,465.3,461.5,463.6,2325.794
2024-06-02T04:00:00+00:00,463.8,465.1,462.5,463.0,3104.881
2024-06-02T08:00:00+00:00,463.1,463.8,458.3,463.6,6320.023
2024-06-02T12:00:00+00:00,463.7,464.4,459.7,461.8,2700.429
2024-06-02T16:00:00+00:00,461.8,462.5,452.9,456.5,5436.505
2024-06-02T20:00:00+00:00,456.5,459.5,454.4,458.3,2663.834
2024-06-03T00:00:00+00:00,458.4,465.1,454.4,461.8,7892.883
2024-06-03T04:00:00+00:00,461.9,468.9,459.3,465.4,6987.546
2024-06-03T08:00:00+00:00,465.5,467.8,464.4,465.8,3158.969
2024-06-03T12:00:00+00:00,465.8,471.8,463.6,470.2,11003.205
2024-06-03T16:00:00+00:00,470.3,470.9,466.0,468.6,3744.233
2024-06-03T20:00:00+00:00,468.7,470.6,463.9,464.9,4091.184
2024-06-04T00:00:00+00:00,465.0,466.0,462.7,463.7,3668.723
2024-06-04T04:00:00+00:00,463.7,470.1,459.6,468.0,9670.348
2024-06-04T08:00:00+00:00,468.0,473.7,465.0,467.7,10158.218
2024-06-04T12:00:00+00:00,467.7,476.5,464.7,474.8,11293.685
2024-06-04T16:00:00+00:00,474.9,479.9,471.5,475.2,8575.847
2024-06-04T20:00:00+00:00,475.2,478.2,472.2,477.0,6259.064
2024-06-05T00:00:00+00:00,477.1,482.2,476.4,480.4,6779.255
2024-06-05T04:00:00+00:00,480.4,485.4,479.1,483.5,6695.154
2024-06-05T08:00:00+00:00,483.6,485.8,480.7,481.0,6146.979
2024-06-05T12:00:00+00:00,481.0,484.6,476.6,484.0,6738.199
2024-06-05T16:00:00+00:00,483.9,495.5,482.9,494.7,11260.808
2024-06-05T20:00:00+00:00,494.8,497.9,490.4,495.2,9735.937
2024-06-06T00:00:00+00:00,495.1,502.3,494.3,497.5,8977.155
2024-06-06T04:00:00+00:00,497.6,502.4,491.8,493.1,12023.459
2024-06-06T08:00:00+00:00,493.1,499.0,489.1,496.1,11510.349
2024-06-06T12:00:00+00:00,496.0,501.1,491.8,497.6,13467.649
2024-06-06T16:00:00+00:00,497.6,499.1,489.3,491.1,5646.048
2024-06-06T20:00:00+00:00,491.1,498.9,485.8,496.1,5285.214
2024-06-07T00:00:00+00:00,496.2,500.0,492.5,498.9,5671.882
2024-06-07T04:00:00+00:00,498.9,520.9,498.8,512.0,31826.221
2024-06-07T08:00:00+00:00,512.0,517.2,511.2,516.3,6705.872
2024-06-07T12:00:00+00:00,516.3,520.0,508.7,513.5,16752.279
2024-06-07T16:00:00+00:00,513.5,515.5,458.8,484.2,44620.837
2024-06-07T20:00:00+00:00,484.2,485.1,477.2,477.6,6759.627
2024-06-08T00:00:00+00:00,477.6,484.9,471.4,482.8,11843.832
2024-06-08T04:00:00+00:00,482.7,484.9,479.8,482.3,6989.787
2024-06-08T08:00:00+00:00,482.3,482.5,468.8,469.7,9994.308
2024-06-08T12:00:00+00:00,469.8,475.5,466.8,467.9,9447.413
2024-06-08T16:00:00+00:00,467.9,472.6,465.4,471.3,5871.524
2024-06-08T20:00:00+00:00,471.2,472.7,467.7,469.5,3785.451
2024-06-09T00:00:00+00:00,469.5,472.7,465.7,466.7,3353.905
2024-06-09T04:00:00+00:00,466.7,469.2,465.0,467.6,2349.904
2024-06-09T08:00:00+00:00,467.5,470.9,466.6,467.5,2941.015
2024-06-09T12:00:00+00:00,467.5,476.0,467.0,470.3,4862.056
2024-06-09T16:00:00+00:00,470.4,474.7,469.5,473.5,2377.328
2024-06-09T20:00:00+00:00,473.5,475.3,473.0,474.6,3232.464
2024-06-10T00:00:00+00:00,474.6,474.9,468.7,470.2,2803.867
2024-06-10T04:00:00+00:00,470.1,470.9,461.2,461.9,6295.645
2024-06-10T08:00:00+00:00,461.8,467.6,461.5,466.2,4862.966
2024-06-10T12:00:00+00:00,466.1,474.8,464.0,473.5,7138.673
2024-06-10T16:00:00+00:00,473.6,474.1,468.6,470.5,5302.095
2024-06-10T20:00:00+00:00,470.6,471.8,467.5,469.1,3010.469
2024-06-11T00:00:00+00:00,469.1,469.6,450.5,460.4,16665.416
2024-06-11T04:00:00+00:00,460.3,460.6,448.7,453.3,9573.795
2024-06-11T08:00:00+00:00,453.2,455.6,448.8,449.0,7427.154
2024-06-11T12:00:00+00:00,449.0,450.5,434.7,438.5,17485.91
2024-06-11T16:00:00+00:00,438.4,448.5,434.2,447.0,10301.733
2024-06-11T20:00:00+00:00,447.0,448.3,445.5,446.2,3456.142
2024-06-12T00:00:00+00:00,446.2,447.8,438.9,446.4,6106.282
2024-06-12T04:00:00+00:00,446.5,448.0,441.8,445.3,5531.762
2024-06-12T08:00:00+00:00,445.2,450.5,444.0,445.7,5701.517
2024-06-12T12:00:00+00:00,445.7,466.7,445.6,463.7,17111.657
2024-06-12T16:00:00+00:00,463.6,466.4,446.0,448.5,16403.531
2024-06-12T20:00:00+00:00,448.4,456.9,447.3,454.2,3847.927
2024-06-13T00:00:00+00:00,454.2,456.1,443.3,447.7,7558.792
2024-06-13T04:00:00+00:00,447.6,450.6,443.7,447.3,5360.637
2024-06-13T08:00:00+00:00,447.4,448.4,443.6,444.5,2821.168
2024-06-13T12:00:00+00:00,444.5,454.2,434.0,435.5,29293.84
2024-06-13T16:00:00+00:00,435.4,441.7,433.2,438.4,5679.24
2024-06-13T20:00:00+00:00,438.5,439.7,430.0,431.7,7862.73
2024-06-14T00:00:00+00:00,431.8,435.4,427.8,433.3,6892.92
2024-06-14T04:00:00+00:00,433.3,437.9,433.1,437.0,3687.707
2024-06-14T08:00:00+00:00,437.0,441.4,435.9,437.7,5440.278
2024-06-14T12:00:00+00:00,437.8,438.6,422.8,424.1,11644.306
2024-06-14T16:00:00+00:00,424.1,425.6,406.1,413.1,22209.458
2024-06-14T20:00:00+00:00,413.3,423.9,412.9,422.9,8576.987
2024-06-15T00:00:00+00:00,422.9,427.3,422.4,427.0,5546.804
2024-06-15T04:00:00+00:00,427.1,428.5,424.8,425.4,5257.554
2024-06-15T08:00:00+00:00,425.3,426.8,424.4,426.7,2284.714
2024-06-15T12:00:00+00:00,426.6,432.3,425.1,431.7,6123.209
2024-06-15T16:00:00+00:00,431.7,432.7,429.4,431.1,4457.326
2024-06-15T20:00:00+00:00,431.1,431.2,428.4,430.1,2507.524
2024-06-16T00:00:00+00:00,430.1,432.1,427.5,429.8,2800.053
2024-06-16T04:00:00+00:00,429.7,432.3,427.8,431.3,3153.843
2024-06-16T08:00:00+00:00,431.3,432.9,429.0,431.2,2292.013
2024-06-16T12:00:00+00:00,431.1,434.0,427.6,432.2,7390.857
2024-06-16T16:00:00+00:00,432.2,432.2,426.6,428.2,4161.526
2024-06-16T20:00:00+00:00,428.0,430.8,426.8,428.4,2548.767
2024-06-17T00:00:00+00:00,428.5,429.6,421.5,422.8,6232.49
2024-06-17T04:00:00+00:00,422.8,424.7,415.9,420.1,3924.845
2024-06-17T08:00:00+00:00,420.1,430.0,408.4,414.4,17533.822
2024-06-17T12:00:00+00:00,414.4,420.2,411.8,413.2,8353.731
2024-06-17T16:00:00+00:00,413.2,429.5,403.7,426.6,12665.401
2024-06-17T20:00:00+00:00,426.7,427.2,418.4,419.7,5324.47
2024-06-18T00:00:00+00:00,419.6,421.5,375.9,392.1,42168.331
2024-06-18T04:00:00+00:00,392.1,400.0,390.4,393.6,9489.76
2024-06-18T08:00:00+00:00,393.5,396.8,380.7,383.9,12692.756
2024-06-18T12:00:00+00:00,383.9,386.1,372.2,382.7,29626.169
2024-06-18T16:00:00+00:00,382.7,382.9,374.0,380.5,11023.993
2024-06-18T20:00:00+00:00,380.5,390.8,378.2,389.2,7631.016
2024-06-19T00:00:00+00:00,389.3,397.7,386.9,396.3,6429.505
2024-06-19T04:00:00+00:00,396.6,398.4,394.6,396.1,5369.473
2024-06-19T08:00:00+00:00,396.1,396.3,389.4,391.0,6424.233
2024-06-19T12:00:00+00:00,390.9,393.0,386.5,388.0,9830.531
2024-06-19T16:00:00+00:00,388.0,393.6,386.8,388.2,3562.386
2024-06-19T20:00:00+00:00,388.2,389.8,385.3,388.9,3941.923
2024-06-20T00:00:00+00:00,389.0,396.2,387.5,390.1,11363.491
2024-06-20T04:00:00+00:00,390.2,399.1,388.8,397.5,7326.641
2024-06-20T08:00:00+00:00,397.6,400.8,394.1,397.5,7606.882
2024-06-20T12:00:00+00:00,397.5,398.6,386.2,389.1,9216.641
2024-06-20T16:00:00+00:00,389.0,393.6,385.3,392.7,3024.586
2024-06-20T20:00:00+00:00,392.8,393.3,389.6,389.8,1816.01
2024-06-21T00:00:00+00:00,389.9,392.1,386.2,392.1,4071.022
2024-06-21T04:00:00+00:00,392.1,397.6,388.7,390.9,7773.65
2024-06-21T08:00:00+00:00,391.0,394.2,385.4,392.3,17486.495
2024-06-21T12:00:00+00:00,392.2,393.1,378.9,383.4,10902.083
2024-06-21T16:00:00+00:00,383.4,386.0,377.0,385.4,4645.016
2024-06-21T20:00:00+00:00,385.4,388.4,381.8,383.0,2005.011
2024-06-22T00:00:00+00:00,383.2,384.8,379.7,383.9,2044.747
2024-06-22T04:00:00+00:00,384.0,386.7,383.0,386.7,1472.277
2024-06-22T08:00:00+00:00,386.7,389.8,383.0,388.7,3077.745
2024-06-22T12:00:00+00:00,388.7,410.1,386.0,394.0,16441.056
2024-06-22T16:00:00+00:00,394.2,395.8,393.1,394.5,2613.426
2024-06-22T20:00:00+00:00,394.5,394.8,391.8,392.1,1279.348
2024-06-23T00:00:00+00:00,392.0,395.3,391.8,394.8,1491.26
2024-06-23T04:00:00+00:00,394.8,396.6,385.5,390.2,6191.362
2024-06-23T08:00:00+00:00,390.2,393.5,385.6,386.4,6839.953
2024-06-23T12:00:00+00:00,386.6,387.6,382.7,384.9,2826.722
2024-06-23T16:00:00+00:00,384.8,386.0,381.5,385.7,3127.376
2024-06-23T20:00:00+00:00,385.8,385.9,378.4,381.1,5604.442
2024-06-24T00:00:00+00:00,381.0,384.3,374.5,377.7,4959.377
2024-06-24T04:00:00+00:00,377.7,377.9,365.6,370.9,10103.169
2024-06-24T08:00:00+00:00,370.9,373.2,345.1,353.9,38606.956
2024-06-24T12:00:00+00:00,353.7,357.2,347.8,348.6,10255.266
2024-06-24T16:00:00+00:00,348.6,354.8,346.9,348.9,11748.727
2024-06-24T20:00:00+00:00,348.8,372.0,343.9,363.8,19052.464
2024-06-25T00:00:00+00:00,364.0,388.6,363.7,379.0,25222.06
2024-06-25T04:00:00+00:00,379.1,380.1,370.9,371.0,9939.766
2024-06-25T08:00:00+00:00,371.2,383.5,370.6,381.0,10831.789
2024-06-25T12:00:00+00:00,381.0,396.7,376.1,391.6,17921.347
2024-06-25T16:00:00+00:00,391.5,394.4,386.9,391.5,9085.162
2024-06-25T20:00:00+00:00,391.3,392.0,386.4,388.6,3738.607
2024-06-26T00:00:00+00:00,388.8,397.2,388.7,390.5,11961.422
2024-06-26T04:00:00+00:00,390.5,390.8,375.8,377.9,18015.444
2024-06-26T08:00:00+00:00,377.9,378.3,374.8,377.4,7378.486
2024-06-26T12:00:00+00:00,377.3,379.8,373.6,376.4,8504.272
2024-06-26T16:00:00+00:00,376.4,379.7,373.9,378.9,4870.623
2024-06-26T20:00:00+00:00,379.0,380.1,373.5,374.0,1990.075
2024-06-27T00:00:00+00:00,373.9,379.8,372.6,376.8,4253.574
2024-06-27T04:00:00+00:00,376.8,377.9,369.9,371.2,4274.169
2024-06-27T08:00:00+00:00,371.2,381.3,370.1,379.7,8344.899
2024-06-27T12:00:00+00:00,379.6,395.5,378.9,384.6,20909.601
2024-06-27T16:00:00+00:00,384.7,387.7,381.7,387.1,5535.16
2024-06-27T20:00:00+00:00,387.2,391.0,386.1,389.0,3606.911
2024-06-28T00:00:00+00:00,389.0,394.3,386.4,389.8,5880.293
2024-06-28T04:00:00+00:00,389.8,396.2,387.4,395.8,8707.053
2024-06-28T08:00:00+00:00,395.8,405.2,394.6,403.3,14204.792
2024-06-28T12:00:00+00:00,403.3,407.0,386.1,389.1,28597.828
2024-06-28T16:00:00+00:00,389.2,390.4,385.5,388.0,5109.877
2024-06-28T20:00:00+00:00,388.2,389.7,384.0,386.0,5053.633
2024-06-29T00:00:00+00:00,386.1,390.2,383.4,384.8,10776.634
2024-06-29T04:00:00+00:00,384.8,387.7,382.2,387.1,2264.329
2024-06-29T08:00:00+00:00,387.0,387.1,382.5,384.0,3396.048
2024-06-29T12:00:00+00:00,384.1,384.6,380.4,382.9,3024.68
2024-06-29T16:00:00+00:00,382.9,384.8,381.4,384.3,1607.264
2024-06-29T20:00:00+00:00,384.4,385.3,379.1,380.9,1650.86
2024-06-30T00:00:00+00:00,380.9,383.4,378.6,380.7,3900.978
2024-06-30T04:00:00+00:00,380.6,390.9,379.6,388.8,4122.449
2024-06-30T08:00:00+00:00,389.0,392.2,388.0,389.0,3071.6
2024-06-30T12:00:00+00:00,389.2,391.2,386.4,388.5,2518.302
2024-06-30T16:00:00+00:00,388.5,393.0,385.8,392.8,2415.066
2024-06-30T20:00:00+00:00,392.7,397.5,389.5,394.0,4376.789
2024-07-01T00:00:00+00:00,394.0,398.6,392.0,395.0,5243.894
2024-07-01T04:00:00+00:00,395.0,395.0,389.5,389.7,3375.216
2024-07-01T08:00:00+00:00,389.9,393.0,386.8,388.3,5161.805
2024-07-01T12:00:00+00:00,388.3,390.0,385.5,388.6,5913.561
2024-07-01T16:00:00+00:00,388.5,393.3,387.1,388.9,3426.775
2024-07-01T20:00:00+00:00,388.6,389.7,382.1,384.6,3560.772
2024-07-02T00:00:00+00:00,384.5,387.5,383.1,386.1,2923.505
2024-07-02T04:00:00+00:00,386.1,394.2,385.6,387.0,6361.798
2024-07-02T08:00:00+00:00,387.0,387.6,384.8,387.0,2109.058
2024-07-02T12:00:00+00:00,387.0,389.9,378.4,380.2,7005.939
2024-07-02T16:00:00+00:00,380.3,384.4,379.2,382.4,3057.18
2024-07-02T20:00:00+00:00,382.7,384.0,381.4,382.1,1744.796
2024-07-03T00:00:00+00:00,382.1,382.8,368.3,374.3,6782.688
2024-07-03T04:00:00+00:00,374.1,376.4,373.2,375.4,3089.533
2024-07-03T08:00:00+00:00,375.4,376.8,369.5,374.0,6043.028
2024-07-03T12:00:00+00:00,374.0,376.6,369.4,373.3,6704.219
2024-07-03T16:00:00+00:00,373.2,375.8,368.6,371.4,5073.122
2024-07-03T20:00:00+00:00,371.4,374.1,369.6,373.2,3251.991
2024-07-04T00:00:00+00:00,373.2,374.5,351.7,362.7,14577.669
2024-07-04T04:00:00+00:00,362.8,363.8,355.3,356.1,5632.668
2024-07-04T08:00:00+00:00,356.3,359.7,345.5,345.6,36756.66
2024-07-04T12:00:00+00:00,345.6,346.6,337.3,345.7,16937.429
2024-07-04T16:00:00+00:00,345.8,346.1,341.6,342.9,7914.969
2024-07-04T20:00:00+00:00,342.9,346.0,330.3,331.4,9993.278
2024-07-05T00:00:00+00:00,331.5,331.8,300.0,303.7,50350.908
2024-07-05T04:00:00+00:00,303.6,312.1,288.4,298.0,41782.779
2024-07-05T08:00:00+00:00,298.0,312.1,288.5,311.7,24369.481
2024-07-05T12:00:00+00:00,311.6,324.4,308.6,322.7,26365.163
2024-07-05T16:00:00+00:00,322.8,327.5,320.7,324.4,11395.122
2024-07-05T20:00:00+00:00,324.5,327.5,322.4,325.5,3562.142
2024-07-06T00:00:00+00:00,325.5,334.4,322.1,323.9,7858.996
2024-07-06T04:00:00+00:00,323.7,328.6,319.8,327.2,4148.513
2024-07-06T08:00:00+00:00,327.2,332.2,325.4,331.1,4539.76
2024-07-06T12:00:00+00:00,331.2,333.4,325.2,331.4,8537.385
2024-07-06T16:00:00+00:00,331.5,342.8,330.3,337.9,12980.767
2024-07-06T20:00:00+00:00,337.9,344.0,337.9,342.9,4510.048
2024-07-07T00:00:00+00:00,343.1,343.1,334.9,338.7,6027.348
2024-07-07T04:00:00+00:00,338.6,338.7,327.5,329.1,6283.28
2024-07-07T08:00:00+00:00,329.2,332.8,326.7,327.8,4422.443
2024-07-07T12:00:00+00:00,327.7,329.2,313.4,318.4,10163.866
2024-07-07T16:00:00+00:00,318.3,323.5,317.6,320.3,3233.378
2024-07-07T20:00:00+00:00,320.2,320.7,310.5,312.7,5637.483
2024-07-08T00:00:00+00:00,312.7,313.5,298.9,309.6,15450.322
2024-07-08T04:00:00+00:00,309.5,316.3,308.2,314.0,6411.306
2024-07-08T08:00:00+00:00,314.0,334.7,313.3,331.2,14524.151
2024-07-08T12:00:00+00:00,331.1,338.1,317.2,325.0,16141.246
2024-07-08T16:00:00+00:00,325.0,332.9,323.8,332.5,7462.641
2024-07-08T20:00:00+00:00,332.3,335.2,329.6,333.5,4131.924
2024-07-09T00:00:00+00:00,333.5,338.1,328.9,335.0,5724.456
2024-07-09T04:00:00+00:00,335.1,340.8,334.5,334.8,6515.955
2024-07-09T08:00:00+00:00,335.0,338.9,332.4,333.8,4333.776
2024-07-09T12:00:00+00:00,333.7,338.5,329.6,332.8,5987.834
2024-07-09T16:00:00+00:00,332.8,335.1,328.4,331.9,4237.875
2024-07-09T20:00:00+00:00,331.7,334.4,329.3,331.1,4153.292
2024-07-10T00:00:00+00:00,331.1,334.3,326.7,334.1,2640.657
2024-07-10T04:00:00+00:00,334.1,346.6,334.1,344.2,12777.756
2024-07-10T08:00:00+00:00,344.3,345.0,339.8,340.5,6420.171
2024-07-10T12:00:00+00:00,340.5,341.4,334.8,335.9,7803.94
2024-07-10T16:00:00+00:00,335.9,338.5,335.3,336.2,4646.102
2024-07-10T20:00:00+00:00,336.3,341.7,335.6,340.3,5584.393
2024-07-11T00:00:00+00:00,340.3,345.8,335.7,338.7,6095.587
2024-07-11T04:00:00+00:00,338.6,344.1,338.3,343.3,2705.915
2024-07-11T08:00:00+00:00,343.4,344.8,341.8,343.5,3169.596
2024-07-11T12:00:00+00:00,343.4,368.9,342.5,351.3,44024.931
2024-07-11T16:00:00+00:00,351.3,354.8,347.3,349.1,5038.611
2024-07-11T20:00:00+00:00,348.6,349.7,343.6,347.1,6081.57
2024-07-12T00:00:00+00:00,347.1,351.5,340.5,347.5,6343.567
2024-07-12T04:00:00+00:00,347.5,351.1,345.0,350.1,2603.885
2024-07-12T08:00:00+00:00,350.0,351.1,344.6,347.4,4918.117
2024-07-12T12:00:00+00:00,347.3,354.7,346.3,354.3,4568.873
2024-07-12T16:00:00+00:00,354.2,362.6,353.3,360.6,9429.552
2024-07-12T20:00:00+00:00,360.8,370.0,358.8,368.9,10867.966
2024-07-13T00:00:00+00:00,368.9,377.4,368.9,373.1,10235.844
2024-07-13T04:00:00+00:00,373.2,378.8,371.4,375.8,10071.864
2024-07-13T08:00:00+00:00,376.0,380.0,372.3,372.8,10227.373
2024-07-13T12:00:00+00:00,372.7,373.6,369.9,372.6,5766.331
2024-07-13T16:00:00+00:00,372.5,378.5,370.9,377.6,10534.075
2024-07-13T20:00:00+00:00,377.5,378.3,371.7,375.6,9183.598
2024-07-14T00:00:00+00:00,375.7,378.8,373.1,377.7,8301.998
2024-07-14T04:00:00+00:00,377.7,387.9,377.6,384.1,12579.954
2024-07-14T08:00:00+00:00,384.0,384.8,375.0,375.9,5666.821
2024-07-14T12:00:00+00:00,375.9,380.3,363.9,368.7,14157.573
2024-07-14T16:00:00+00:00,368.7,372.1,368.0,369.3,3276.064
2024-07-14T20:00:00+00:00,369.4,381.9,369.1,376.6,8878.781
2024-07-15T00:00:00+00:00,376.5,390.3,375.6,386.1,14621.774
2024-07-15T04:00:00+00:00,386.0,390.5,384.5,388.4,7118.61
2024-07-15T08:00:00+00:00,388.6,390.7,382.1,387.0,6449.53
2024-07-15T12:00:00+00:00,386.9,388.7,382.4,384.9,7776.424
2024-07-15T16:00:00+00:00,384.8,391.6,384.0,390.6,7474.879
2024-07-15T20:00:00+00:00,390.7,401.5,389.4,400.2,8776.805
2024-07-16T00:00:00+00:00,400.2,405.3,395.6,398.7,7691.736
2024-07-16T04:00:00+00:00,398.7,399.8,373.8,376.2,16274.521
2024-07-16T08:00:00+00:00,376.2,382.0,369.5,380.4,16020.148
2024-07-16T12:00:00+00:00,380.5,394.5,378.0,393.9,18703.902
2024-07-16T16:00:00+00:00,393.9,397.3,384.0,391.0,18881.074
2024-07-16T20:00:00+00:00,391.0,391.3,381.8,387.1,9423.545
2024-07-17T00:00:00+00:00,387.1,400.6,386.4,390.8,13124.003
2024-07-17T04:00:00+00:00,390.7,393.0,384.5,385.4,8905.43
2024-07-17T08:00:00+00:00,385.4,386.7,377.4,379.5,14746.993
2024-07-17T12:00:00+00:00,379.4,384.0,374.6,375.6,17841.033
2024-07-17T16:00:00+00:00,375.6,380.6,371.5,378.2,13937.713
2024-07-17T20:00:00+00:00,378.3,380.0,374.5,375.1,5792.031
2024-07-18T00:00:00+00:00,375.3,384.4,375.2,381.5,7459.114
2024-07-18T04:00:00+00:00,381.5,383.5,377.1,378.9,5992.949
2024-07-18T08:00:00+00:00,379.0,380.8,375.0,380.2,6198.002
2024-07-18T12:00:00+00:00,380.2,382.9,372.7,373.0,10476.366
2024-07-18T16:00:00+00:00,373.0,385.7,369.4,384.4,15226.363
2024-07-18T20:00:00+00:00,384.4,386.5,381.6,382.8,5773.39
2024-07-19T00:00:00+00:00,382.8,384.6,372.2,380.5,8409.023
2024-07-19T04:00:00+00:00,380.5,381.8,373.5,375.0,5742.922
2024-07-19T08:00:00+00:00,375.0,377.9,369.8,374.2,9118.148
2024-07-19T12:00:00+00:00,374.4,385.8,372.6,383.9,12983.176
2024-07-19T16:00:00+00:00,383.9,400.3,383.9,399.7,17110.319
2024-07-19T20:00:00+00:00,399.7,400.0,389.5,391.4,6731.566
2024-07-20T00:00:00+00:00,391.5,392.2,385.6,389.6,4527.619
2024-07-20T04:00:00+00:00,389.6,393.6,389.0,392.1,3700.788
2024-07-20T08:00:00+00:00,392.2,393.3,387.4,387.6,3429.841
2024-07-20T12:00:00+00:00,387.6,398.1,387.1,396.2,6462.308
2024-07-20T16:00:00+00:00,396.3,398.9,393.2,395.7,6327.614
2024-07-20T20:00:00+00:00,395.8,398.1,393.9,395.5,3520.43
2024-07-21T00:00:00+00:00,395.4,397.1,392.8,396.1,4059.85
2024-07-21T04:00:00+00:00,396.2,396.9,389.6,391.6,4164.89
2024-07-21T08:00:00+00:00,391.7,396.4,391.5,392.5,3114.1
2024-07-21T12:00:00+00:00,392.5,396.0,386.6,393.1,5984.058
2024-07-21T16:00:00+00:00,393.2,395.9,378.1,389.9,13831.287
2024-07-21T20:00:00+00:00,389.8,401.5,389.1,401.3,9409.539
2024-07-22T00:00:00+00:00,401.3,404.6,398.0,400.3,7938.082
2024-07-22T04:00:00+00:00,400.2,401.8,387.1,388.6,8679.058
2024-07-22T08:00:00+00:00,388.5,391.0,385.7,390.5,5955.005
2024-07-22T12:00:00+00:00,390.5,393.5,385.8,389.5,8665.611
2024-07-22T16:00:00+00:00,389.6,397.2,389.4,396.1,6616.906
2024-07-22T20:00:00+00:00,396.2,396.5,382.8,385.9,7566.153
2024-07-23T00:00:00+00:00,385.9,392.8,381.1,381.6,10456.133
2024-07-23T04:00:00+00:00,381.5,382.7,372.0,376.3,14873.746
2024-07-23T08:00:00+00:00,376.3,385.4,375.8,381.7,7772.982
2024-07-23T12:00:00+00:00,381.5,384.2,375.6,378.3,13073.099
2024-07-23T16:00:00+00:00,378.2,378.9,360.7,366.8,22271.647
2024-07-23T20:00:00+00:00,366.8,368.6,363.9,366.5,7803.867
2024-07-24T00:00:00+00:00,366.4,369.5,363.8,369.3,7151.323
2024-07-24T04:00:00+00:00,369.2,371.2,365.0,370.7,8921.187
2024-07-24T08:00:00+00:00,370.6,374.6,369.8,371.3,4386.976
2024-07-24T12:00:00+00:00,371.2,374.8,365.2,366.2,7082.392
2024-07-24T16:00:00+00:00,366.2,370.3,363.5,364.7,5937.237
2024-07-24T20:00:00+00:00,364.7,366.8,359.1,362.4,7421.215
2024-07-25T00:00:00+00:00,362.4,365.2,348.8,351.2,16813.205
2024-07-25T04:00:00+00:00,351.1,354.6,349.1,352.0,5665.884
2024-07-25T08:00:00+00:00,351.9,354.6,350.3,352.2,7608.486
2024-07-25T12:00:00+00:00,352.3,357.1,346.7,355.2,11420.76
2024-07-25T16:00:00+00:00,355.3,358.0,350.0,352.6,8496.135
2024-07-25T20:00:00+00:00,352.6,362.4,346.8,361.4,17580.052
2024-07-26T00:00:00+00:00,361.4,369.5,361.1,366.7,11364.608
2024-07-26T04:00:00+00:00,366.7,373.7,366.2,372.7,5425.919
2024-07-26T08:00:00+00:00,372.8,379.0,372.1,373.3,5157.812
2024-07-26T12:00:00+00:00,373.4,377.8,371.2,377.0,6137.074
2024-07-26T16:00:00+00:00,377.0,377.9,373.9,375.4,3922.654
2024-07-26T20:00:00+00:00,375.3,377.7,374.0,377.3,2603.341
2024-07-27T00:00:00+00:00,377.3,380.8,376.7,379.6,4908.836
2024-07-27T04:00:00+00:00,379.7,384.0,379.7,382.2,3552.771
2024-07-27T08:00:00+00:00,382.2,383.0,380.0,382.4,3080.935
2024-07-27T12:00:00+00:00,382.3,398.0,382.3,396.3,14553.095
2024-07-27T16:00:00+00:00,396.4,398.2,389.1,394.6,11527.278
2024-07-27T20:00:00+00:00,394.7,397.9,384.4,392.4,20578.91
2024-07-28T00:00:00+00:00,392.5,397.7,389.4,396.2,7819.698
2024-07-28T04:00:00+00:00,396.1,399.0,388.9,395.1,24762.833
2024-07-28T08:00:00+00:00,395.0,396.9,392.9,393.7,5432.553
2024-07-28T12:00:00+00:00,393.7,402.5,392.1,401.0,16771.991
2024-07-28T16:00:00+00:00,401.0,423.6,400.1,416.3,27787.283
2024-07-28T20:00:00+00:00,416.4,418.3,413.4,416.8,14085.278
2024-07-29T00:00:00+00:00,416.8,429.4,413.8,427.2,19241.959
2024-07-29T04:00:00+00:00,427.2,452.6,424.6,450.0,30826.653
2024-07-29T08:00:00+00:00,450.0,456.8,446.9,453.5,15443.634
2024-07-29T12:00:00+00:00,453.5,459.2,442.9,447.1,36104.833
2024-07-29T16:00:00+00:00,447.1,449.1,433.9,444.6,29978.589
2024-07-29T20:00:00+00:00,444.7,449.2,437.7,439.0,12773.353
2024-07-30T00:00:00+00:00,439.0,446.7,433.0,437.9,20969.886
2024-07-30T04:00:00+00:00,437.8,438.5,428.3,436.7,19118.369
2024-07-30T08:00:00+00:00,436.7,439.4,434.9,437.1,11021.944
2024-07-30T12:00:00+00:00,437.2,446.7,432.1,442.0,25620.84
2024-07-30T16:00:00+00:00,441.9,446.0,433.5,435.0,12493.403
2024-07-30T20:00:00+00:00,434.9,436.9,428.0,432.4,9589.364
2024-07-31T00:00:00+00:00,432.5,441.4,429.5,431.3,18161.176
2024-07-31T04:00:00+00:00,431.3,433.0,422.9,429.1,11153.428
2024-07-31T08:00:00+00:00,429.2,429.6,422.8,424.8,6443.468
2024-07-31T12:00:00+00:00,424.7,429.8,421.8,424.5,8658.374
2024-07-31T16:00:00+00:00,424.5,431.8,416.6,417.6,16537.676
2024-07-31T20:00:00+00:00,417.6,420.2,411.3,413.9,8189.736
2024-08-01T00:00:00+00:00,413.9,418.6,411.9,414.7,7357.911
2024-08-01T04:00:00+00:00,414.7,421.5,407.5,418.8,14760.237
2024-08-01T08:00:00+00:00,418.9,422.0,414.6,421.8,9354.006
2024-08-01T12:00:00+00:00,421.8,423.5,403.5,404.5,12431.113
2024-08-01T16:00:00+00:00,404.6,404.8,389.8,401.4,13893.13
2024-08-01T20:00:00+00:00,401.3,415.2,400.4,413.3,8700.401
2024-08-02T00:00:00+00:00,413.2,416.4,401.4,408.6,7809.081
2024-08-02T04:00:00+00:00,408.7,409.7,395.5,400.4,5550.355
2024-08-02T08:00:00+00:00,400.3,411.2,395.1,406.9,9457.626
2024-08-02T12:00:00+00:00,407.0,417.5,385.6,401.3,20740.748
2024-08-02T16:00:00+00:00,401.2,401.7,392.6,395.5,9331.166
2024-08-02T20:00:00+00:00,395.4,398.6,379.5,381.6,12170.129
2024-08-03T00:00:00+00:00,381.5,384.0,369.2,381.0,22412.171
2024-08-03T04:00:00+00:00,381.1,386.1,379.1,380.1,5709.07
2024-08-03T08:00:00+00:00,380.1,382.6,377.2,380.2,4546.676
2024-08-03T12:00:00+00:00,380.1,382.8,366.8,367.7,10513.367
2024-08-03T16:00:00+00:00,367.8,370.6,356.6,357.0,13393.98
2024-08-03T20:00:00+00:00,357.0,366.1,354.7,364.4,6522.554
2024-08-04T00:00:00+00:00,364.4,367.4,360.8,362.2,8784.352
2024-08-04T04:00:00+00:00,362.1,363.8,352.7,353.2,6669.092
2024-08-04T08:00:00+00:00,353.3,355.4,348.6,353.1,8744.731
2024-08-04T12:00:00+00:00,353.1,360.6,344.0,350.6,39648.025
2024-08-04T16:00:00+00:00,350.7,353.3,332.2,345.6,25989.776
2024-08-04T20:00:00+00:00,345.6,350.6,331.0,332.5,9489.482
2024-08-05T00:00:00+00:00,332.5,335.7,290.0,296.5,79764.884
2024-08-05T04:00:00+00:00,296.6,305.8,272.7,302.3,83405.25
2024-08-05T08:00:00+00:00,302.3,302.6,280.5,289.5,39586.741
2024-08-05T12:00:00+00:00,289.4,314.3,277.4,313.0,57759.948
2024-08-05T16:00:00+00:00,312.9,318.0,300.5,304.4,33117.032
2024-08-05T20:00:00+00:00,304.4,316.4,304.2,309.9,15605.347
2024-08-06T00:00:00+00:00,309.9,330.2,309.2,319.8,28637.112
2024-08-06T04:00:00+00:00,319.7,325.8,317.6,324.3,24191.557
2024-08-06T08:00:00+00:00,324.3,324.3,311.1,313.7,19586.14
2024-08-06T12:00:00+00:00,313.6,324.6,307.2,320.8,28097.05
2024-08-06T16:00:00+00:00,320.8,325.0,317.3,318.1,10426.811
2024-08-06T20:00:00+00:00,318.1,322.0,313.7,315.0,8177.337
2024-08-07T00:00:00+00:00,315.0,323.1,310.1,322.7,11076.367
2024-08-07T04:00:00+00:00,322.6,326.8,319.0,321.7,8321.006
2024-08-07T08:00:00+00:00,321.7,325.8,319.2,319.5,6054.983
2024-08-07T12:00:00+00:00,319.6,327.8,308.8,316.4,19518.318
2024-08-07T16:00:00+00:00,316.2,317.1,309.1,312.8,10338.012
2024-08-07T20:00:00+00:00,312.8,318.5,309.6,312.4,8426.84
2024-08-08T00:00:00+00:00,312.5,332.0,308.2,325.1,21200.404
2024-08-08T04:00:00+00:00,325.1,327.0,322.6,324.3,7046.331
2024-08-08T08:00:00+00:00,324.3,326.2,322.1,323.5,5646.828
2024-08-08T12:00:00+00:00,323.5,332.1,318.2,330.8,23747.762
2024-08-08T16:00:00+00:00,330.8,338.7,330.4,331.6,12817.123
2024-08-08T20:00:00+00:00,331.6,372.2,331.6,353.1,44428.944
2024-08-09T00:00:00+00:00,353.1,357.9,348.5,350.5,32485.567
2024-08-09T04:00:00+00:00,350.4,352.6,344.6,349.5,25518.308
2024-08-09T08:00:00+00:00,349.5,351.4,341.7,344.5,10257.038
2024-08-09T12:00:00+00:00,344.5,353.6,336.1,343.1,17563.441
2024-08-09T16:00:00+00:00,343.2,347.8,342.9,345.4,3587.293
2024-08-09T20:00:00+00:00,345.4,348.8,342.7,347.6,3993.342
2024-08-10T00:00:00+00:00,347.6,353.1,345.4,351.1,7856.071
2024-08-10T04:00:00+00:00,351.0,356.7,349.9,352.4,5820.892
2024-08-10T08:00:00+00:00,352.5,358.2,351.9,357.8,7276.058
2024-08-10T12:00:00+00:00,357.8,359.0,351.3,352.2,7558.445
2024-08-10T16:00:00+00:00,352.2,353.7,349.4,352.3,3935.616
2024-08-10T20:00:00+00:00,352.4,355.9,351.6,354.9,1631.918
2024-08-11T00:00:00+00:00,354.9,358.3,353.0,356.2,3521.494
2024-08-11T04:00:00+00:00,356.3,356.6,350.0,354.9,4023.981
2024-08-11T08:00:00+00:00,354.9,358.6,349.2,350.4,2884.829
2024-08-11T12:00:00+00:00,350.4,350.7,339.4,340.6,5176.085
2024-08-11T16:00:00+00:00,340.5,342.1,335.8,336.1,3956.891
2024-08-11T20:00:00+00:00,336.1,336.4,327.4,330.2,6155.674
2024-08-12T00:00:00+00:00,330.2,335.6,328.8,333.5,4032.934
2024-08-12T04:00:00+00:00,333.5,348.3,333.0,347.7,12180.985
2024-08-12T08:00:00+00:00,347.7,349.7,340.6,348.2,11801.462
2024-08-12T12:00:00+00:00,348.2,351.2,334.3,347.2,11979.701
2024-08-12T16:00:00+00:00,347.2,348.8,341.0,341.3,10043.522
2024-08-12T20:00:00+00:00,341.3,360.1,340.0,354.9,32931.366
2024-08-13T00:00:00+00:00,354.8,365.4,346.9,348.4,27703.681
2024-08-13T04:00:00+00:00,348.4,351.7,344.9,346.7,8404.958
2024-08-13T08:00:00+00:00,346.6,348.7,343.5,347.7,4621.671
2024-08-13T12:00:00+00:00,347.8,353.8,346.3,348.9,8884.866
2024-08-13T16:00:00+00:00,348.9,356.9,347.6,351.8,8535.832
2024-08-13T20:00:00+00:00,351.8,355.5,349.9,351.7,5037.194
2024-08-14T00:00:00+00:00,351.6,352.6,347.6,347.7,4518.709
2024-08-14T04:00:00+00:00,347.7,349.5,344.5,345.2,6653.12
2024-08-14T08:00:00+00:00,345.2,348.0,343.0,346.1,8943.734
2024-08-14T12:00:00+00:00,346.2,350.1,334.8,341.3,14901.495
2024-08-14T16:00:00+00:00,341.4,341.8,337.3,337.7,5519.261
2024-08-14T20:00:00+00:00,337.8,339.8,335.8,337.7,3668.608
2024-08-15T00:00:00+00:00,337.7,340.5,335.5,337.8,3827.703
2024-08-15T04:00:00+00:00,337.8,338.6,331.5,333.8,7930.623
2024-08-15T08:00:00+00:00,333.9,338.8,332.4,338.1,2908.974
2024-08-15T12:00:00+00:00,338.1,344.3,336.8,342.3,8628.937
2024-08-15T16:00:00+00:00,342.2,344.3,329.3,332.7,14532.117
2024-08-15T20:00:00+00:00,332.7,336.0,327.4,334.3,8389.984
2024-08-16T00:00:00+00:00,334.3,342.9,330.5,336.8,23596.766
2024-08-16T04:00:00+00:00,336.9,346.8,333.7,340.2,36877.755
2024-08-16T08:00:00+00:00,340.2,341.3,337.4,338.4,4871.233
2024-08-16T12:00:00+00:00,338.4,339.8,328.1,332.3,10949.465
2024-08-16T16:00:00+00:00,332.3,341.2,331.6,339.5,7764.786
2024-08-16T20:00:00+00:00,339.6,340.5,337.3,338.2,2282.624
2024-08-17T00:00:00+00:00,337.9,340.1,335.7,337.1,3051.103
2024-08-17T04:00:00+00:00,337.2,340.1,336.9,339.7,1143.74
2024-08-17T08:00:00+00:00,339.6,346.0,339.3,344.9,7008.914
2024-08-17T12:00:00+00:00,344.9,348.0,344.3,345.4,5770.483
2024-08-17T16:00:00+00:00,345.5,346.6,341.4,343.3,5187.624
2024-08-17T20:00:00+00:00,343.3,343.8,339.9,341.3,9007.363
2024-08-18T00:00:00+00:00,341.2,345.0,340.5,340.8,3906.226
2024-08-18T04:00:00+00:00,340.8,341.9,339.2,341.1,3175.906
2024-08-18T08:00:00+00:00,341.1,344.7,339.8,342.5,4119.031
2024-08-18T12:00:00+00:00,342.5,345.5,342.3,344.3,4729.752
2024-08-18T16:00:00+00:00,344.3,344.9,338.1,340.3,4933.668
2024-08-18T20:00:00+00:00,340.2,340.4,332.9,333.1,3970.657
2024-08-19T00:00:00+00:00,333.2,335.2,331.5,333.8,4391.748
2024-08-19T04:00:00+00:00,333.8,334.5,331.8,332.9,2613.783
2024-08-19T08:00:00+00:00,333.0,335.6,330.4,334.9,5505.823
2024-08-19T12:00:00+00:00,335.0,337.2,331.7,333.5,5013.122
2024-08-19T16:00:00+00:00,333.5,339.7,331.3,337.4,3894.913
2024-08-19T20:00:00+00:00,337.3,338.6,336.3,338.0,2030.084
2024-08-20T00:00:00+00:00,337.9,344.6,337.6,343.6,5273.86
2024-08-20T04:00:00+00:00,343.6,346.8,343.4,344.4,3473.877
2024-08-20T08:00:00+00:00,344.4,344.9,340.4,341.3,3350.035
2024-08-20T12:00:00+00:00,341.3,342.9,331.3,333.6,7058.526
2024-08-20T16:00:00+00:00,333.6,339.4,332.8,337.8,5688.6
2024-08-20T20:00:00+00:00,337.8,340.9,333.1,335.2,26959.259
2024-08-21T00:00:00+00:00,335.2,339.6,333.5,336.6,17103.87
2024-08-21T04:00:00+00:00,336.6,339.5,336.3,338.8,4347.01
2024-08-21T08:00:00+00:00,338.9,339.9,334.8,337.4,2805.828
2024-08-21T12:00:00+00:00,337.3,341.3,333.1,339.2,6688.438
2024-08-21T16:00:00+00:00,339.3,353.5,338.7,352.7,13744.078
2024-08-21T20:00:00+00:00,352.8,355.5,345.7,349.4,30957.874
2024-08-22T00:00:00+00:00,349.4,350.8,342.0,346.0,7496.393
2024-08-22T04:00:00+00:00,345.9,349.3,345.6,348.3,2744.263
2024-08-22T08:00:00+00:00,348.3,352.2,347.5,351.0,4488.413
2024-08-22T12:00:00+00:00,351.0,351.9,344.8,346.4,7512.012
2024-08-22T16:00:00+00:00,346.5,348.5,344.8,348.4,3706.792
2024-08-22T20:00:00+00:00,348.3,348.3,345.3,346.8,2529.703
2024-08-23T00:00:00+00:00,346.7,350.0,346.4,347.4,2556.155
2024-08-23T04:00:00+00:00,347.3,352.9,347.1,350.7,4677.376
2024-08-23T08:00:00+00:00,350.7,352.0,347.9,348.9,5886.218
2024-08-23T12:00:00+00:00,348.8,358.5,347.3,354.5,11470.247
2024-08-23T16:00:00+00:00,354.5,364.5,354.0,362.6,15707.118
2024-08-23T20:00:00+00:00,362.6,369.0,362.2,365.1,7663.234
2024-08-24T00:00:00+00:00,365.2,366.1,357.4,359.5,6808.292
2024-08-24T04:00:00+00:00,359.6,361.4,358.9,360.9,3669.056
2024-08-24T08:00:00+00:00,360.9,364.8,360.0,360.9,6341.257
2024-08-24T12:00:00+00:00,360.9,365.0,360.6,363.1,5867.68
2024-08-24T16:00:00+00:00,363.2,369.2,362.9,367.0,7951.866
2024-08-24T20:00:00+00:00,367.0,368.2,358.4,363.6,6202.637
2024-08-25T00:00:00+00:00,363.7,364.9,355.5,360.5,13628.427
2024-08-25T04:00:00+00:00,360.6,361.9,350.0,352.0,7721.933
2024-08-25T08:00:00+00:00,351.9,355.8,350.4,354.8,4242.092
2024-08-25T12:00:00+00:00,354.8,359.6,354.3,356.9,5824.628
2024-08-25T16:00:00+00:00,356.9,363.0,354.9,359.0,7524.349
2024-08-25T20:00:00+00:00,358.9,362.8,355.0,356.3,6825.826
2024-08-26T00:00:00+00:00,356.3,358.1,350.7,354.4,3770.052
2024-08-26T04:00:00+00:00,354.4,355.2,351.1,352.9,3257.303
2024-08-26T08:00:00+00:00,353.1,356.7,351.2,355.3,4685.615
2024-08-26T12:00:00+00:00,355.4,356.0,347.5,349.8,6371.215
2024-08-26T16:00:00+00:00,349.7,351.5,339.4,342.1,30984.767
2024-08-26T20:00:00+00:00,342.0,347.1,339.5,342.3,20457.571
2024-08-27T00:00:00+00:00,342.4,346.4,341.8,345.8,3321.463
2024-08-27T04:00:00+00:00,345.7,347.2,343.6,345.0,3959.134
2024-08-27T08:00:00+00:00,345.0,345.9,337.4,339.7,4279.964
2024-08-27T12:00:00+00:00,339.7,341.5,335.5,336.3,6904.18
2024-08-27T16:00:00+00:00,336.3,339.1,335.1,338.2,4582.963
2024-08-27T20:00:00+00:00,338.2,338.3,314.8,324.2,22007.937
2024-08-28T00:00:00+00:00,324.1,324.7,319.1,324.5,6961.144
2024-08-28T04:00:00+00:00,324.4,326.0,320.7,321.3,4387.584
2024-08-28T08:00:00+00:00,321.2,330.7,320.6,327.1,9279.078
2024-08-28T12:00:00+00:00,327.1,328.9,320.4,322.5,7572.122
2024-08-28T16:00:00+00:00,322.4,326.3,314.2,321.4,13938.317
2024-08-28T20:00:00+00:00,321.5,326.3,319.3,322.1,5109.473
2024-08-29T00:00:00+00:00,322.0,325.6,321.7,324.8,2206.784
2024-08-29T04:00:00+00:00,324.8,327.5,322.9,325.9,3736.183
2024-08-29T08:00:00+00:00,325.8,329.9,324.1,327.8,4890.666
2024-08-29T12:00:00+00:00,327.8,331.0,327.1,328.8,3835.015
2024-08-29T16:00:00+00:00,328.7,329.7,317.1,320.0,8678.483
2024-08-29T20:00:00+00:00,320.0,322.7,318.2,322.5,2327.494
2024-08-30T00:00:00+00:00,322.5,324.0,320.4,321.6,2856.702
2024-08-30T04:00:00+00:00,321.6,326.1,320.5,323.8,2534.17
2024-08-30T08:00:00+00:00,323.8,326.9,323.7,324.6,2363.018
2024-08-30T12:00:00+00:00,324.6,327.2,315.0,316.4,9339.676
2024-08-30T16:00:00+00:00,316.5,326.2,314.8,324.4,6781.366
2024-08-30T20:00:00+00:00,324.5,326.1,322.6,324.9,2358.757
2024-08-31T00:00:00+00:00,324.9,326.5,324.2,325.9,2725.267
2024-08-31T04:00:00+00:00,325.9,326.8,324.9,325.1,893.372
2024-08-31T08:00:00+00:00,325.1,325.1,321.7,323.3,1878.544
2024-08-31T12:00:00+00:00,323.3,324.3,321.5,322.6,1721.653
2024-08-31T16:00:00+00:00,322.6,323.5,319.9,321.9,1922.142
2024-08-31T20:00:00+00:00,321.9,324.0,321.3,322.4,850.86
2024-09-01T00:00:00+00:00,322.3,322.8,318.4,320.9,1816.446
2024-09-01T04:00:00+00:00,320.9,321.3,317.4,321.0,2676.69
2024-09-01T08:00:00+00:00,321.1,321.3,317.7,320.1,3072.085
2024-09-01T12:00:00+00:00,320.0,321.4,314.8,320.0,3615.995
2024-09-01T16:00:00+00:00,320.1,321.7,316.2,320.7,2250.018
2024-09-01T20:00:00+00:00,320.7,321.9,310.4,312.7,5336.117
2024-09-02T00:00:00+00:00,312.6,315.8,312.0,315.3,2915.152
2024-09-02T04:00:00+00:00,315.3,316.7,310.6,316.0,4447.443
2024-09-02T08:00:00+00:00,315.8,325.0,314.4,322.5,9143.333
2024-09-02T12:00:00+00:00,322.4,324.1,317.9,321.0,8091.664
2024-09-02T16:00:00+00:00,321.1,322.3,319.7,321.8,3005.394
2024-09-02T20:00:00+00:00,321.9,325.9,321.6,323.7,3485.357
2024-09-03T00:00:00+00:00,323.7,326.3,321.7,321.9,4385.687
2024-09-03T04:00:00+00:00,322.1,322.6,319.9,321.5,2163.663
2024-09-03T08:00:00+00:00,321.5,321.6,318.5,321.1,2264.483
2024-09-03T12:00:00+00:00,321.0,322.0,312.3,312.9,4955.823
2024-09-03T16:00:00+00:00,312.9,317.2,309.7,311.3,31120.509
2024-09-03T20:00:00+00:00,311.3,316.3,308.5,308.9,17985.641
2024-09-04T00:00:00+00:00,308.8,311.6,296.0,309.6,17204.398
2024-09-04T04:00:00+00:00,309.5,314.3,308.2,312.2,4572.717
2024-09-04T08:00:00+00:00,312.3,314.6,307.5,309.6,6413.561
2024-09-04T12:00:00+00:00,309.6,317.8,306.9,317.1,10611.273
2024-09-04T16:00:00+00:00,317.0,319.5,313.5,314.7,4147.158
2024-09-04T20:00:00+00:00,314.8,316.5,313.9,315.2,1793.594
2024-09-05T00:00:00+00:00,315.1,317.0,308.1,309.0,7316.519
2024-09-05T04:00:00+00:00,308.9,310.9,305.8,310.6,2592.096
2024-09-05T08:00:00+00:00,310.6,311.3,307.5,308.9,3441.575
2024-09-05T12:00:00+00:00,308.8,312.4,303.9,306.0,5077.727
2024-09-05T16:00:00+00:00,305.8,308.7,303.4,305.6,3574.758
2024-09-05T20:00:00+00:00,305.5,307.9,304.6,307.6,2050.025
2024-09-06T00:00:00+00:00,307.7,311.5,305.8,309.8,2838.693
2024-09-06T04:00:00+00:00,309.8,310.4,304.9,308.8,4077.844
2024-09-06T08:00:00+00:00,308.8,312.2,308.4,310.0,4437.977
2024-09-06T12:00:00+00:00,310.1,312.8,299.4,303.0,13674.336
2024-09-06T16:00:00+00:00,303.1,303.8,295.1,297.0,10356.406
2024-09-06T20:00:00+00:00,297.0,297.6,286.0,295.0,16613.736
2024-09-07T00:00:00+00:00,294.9,296.2,293.2,295.2,2132.885
2024-09-07T04:00:00+00:00,295.2,303.4,295.2,303.2,5771.375
2024-09-07T08:00:00+00:00,303.1,304.2,300.9,303.0,3699.632
2024-09-07T12:00:00+00:00,303.0,308.3,302.9,307.6,2586.736
2024-09-07T16:00:00+00:00,307.6,308.1,299.3,301.4,8106.689
2024-09-07T20:00:00+00:00,301.4,301.5,297.4,299.4,2035.833
2024-09-08T00:00:00+00:00,299.4,303.7,298.7,303.7,3486.447
2024-09-08T04:00:00+00:00,303.7,305.7,303.2,304.6,2205.641
2024-09-08T08:00:00+00:00,304.5,305.8,303.0,303.3,2726.694
2024-09-08T12:00:00+00:00,303.2,303.6,299.8,300.1,2930.063
2024-09-08T16:00:00+00:00,300.1,303.4,299.1,302.0,3385.834
2024-09-08T20:00:00+00:00,302.1,308.3,301.4,305.4,5181.497
2024-09-09T00:00:00+00:00,305.3,308.1,304.9,306.9,3914.027
2024-09-09T04:00:00+00:00,306.8,308.2,304.8,308.0,2345.96
2024-09-09T08:00:00+00:00,307.9,313.2,307.9,310.5,5315.043
2024-09-09T12:00:00+00:00,310.6,314.7,308.2,313.4,5913.544
2024-09-09T16:00:00+00:00,313.5,323.1,313.5,322.0,10337.926
2024-09-09T20:00:00+00:00,321.9,325.9,320.6,322.2,7271.796
2024-09-10T00:00:00+00:00,322.3,322.5,318.1,318.7,3109.352
2024-09-10T04:00:00+00:00,318.6,324.6,318.6,323.7,10231.428
2024-09-10T08:00:00+00:00,323.7,325.5,322.6,323.8,3290.213
2024-09-10T12:00:00+00:00,323.6,328.0,320.5,324.7,8213.562
2024-09-10T16:00:00+00:00,324.7,331.6,324.3,330.9,6828.435
2024-09-10T20:00:00+00:00,330.9,332.0,328.0,329.5,3020.252
2024-09-11T00:00:00+00:00,329.5,329.7,323.4,325.5,4194.224
2024-09-11T04:00:00+00:00,325.6,326.4,319.7,326.3,4046.104
2024-09-11T08:00:00+00:00,326.3,328.9,324.6,328.1,4537.249
2024-09-11T12:00:00+00:00,328.1,335.2,321.9,332.4,16197.958
2024-09-11T16:00:00+00:00,332.3,343.9,331.9,337.5,13380.329
2024-09-11T20:00:00+00:00,337.6,338.8,334.3,337.6,4163.577
2024-09-12T00:00:00+00:00,337.5,341.0,336.2,339.6,6577.916
2024-09-12T04:00:00+00:00,339.6,340.3,334.2,335.0,7415.438
2024-09-12T08:00:00+00:00,335.0,336.1,333.0,334.6,3244.317
2024-09-12T12:00:00+00:00,334.6,336.6,330.0,330.5,10368.185
2024-09-12T16:00:00+00:00,330.5,334.6,330.5,333.7,5981.627
2024-09-12T20:00:00+00:00,333.6,333.9,330.9,333.0,3772.496
2024-09-13T00:00:00+00:00,332.9,333.3,330.1,330.1,3397.536
2024-09-13T04:00:00+00:00,330.2,330.8,327.5,329.0,3068.986
2024-09-13T08:00:00+00:00,329.1,331.8,327.6,327.9,3431.674
2024-09-13T12:00:00+00:00,328.0,337.0,326.9,336.9,8448.621
2024-09-13T16:00:00+00:00,336.8,337.8,332.1,332.7,6041.742
2024-09-13T20:00:00+00:00,332.7,336.9,332.4,335.5,4410.345
2024-09-14T00:00:00+00:00,335.7,337.8,333.6,333.8,3452.172
2024-09-14T04:00:00+00:00,333.8,334.0,330.7,332.0,1961.801
2024-09-14T08:00:00+00:00,332.1,332.3,328.3,329.5,2298.007
2024-09-14T12:00:00+00:00,329.4,330.9,328.7,329.0,2752.726
2024-09-14T16:00:00+00:00,329.1,329.5,325.3,327.6,4868.638
2024-09-14T20:00:00+00:00,327.7,329.3,326.5,327.0,3254.962
2024-09-15T00:00:00+00:00,327.0,329.2,326.9,328.0,1797.95
2024-09-15T04:00:00+00:00,328.0,328.3,326.7,327.8,1375.901
2024-09-15T08:00:00+00:00,327.8,327.8,325.0,326.5,3825.193
2024-09-15T12:00:00+00:00,326.6,328.3,323.4,324.3,4494.926
2024-09-15T16:00:00+00:00,324.3,324.3,318.9,319.8,6839.468
2024-09-15T20:00:00+00:00,319.8,319.9,313.9,316.4,8368.97
2024-09-16T00:00:00+00:00,316.4,317.1,310.8,313.6,7706.15
2024-09-16T04:00:00+00:00,313.7,316.3,313.3,315.6,3985.349
2024-09-16T08:00:00+00:00,315.7,317.3,312.9,314.0,4655.391
2024-09-16T12:00:00+00:00,313.9,314.1,309.4,312.2,5580.894
2024-09-16T16:00:00+00:00,312.2,314.1,310.3,312.3,5775.554
2024-09-16T20:00:00+00:00,312.4,312.6,308.9,311.8,3766.943
2024-09-17T00:00:00+00:00,311.8,313.3,309.3,312.7,1946.44
2024-09-17T04:00:00+00:00,312.7,317.4,312.5,315.1,3247.102
2024-09-17T08:00:00+00:00,315.1,315.7,311.7,312.5,5429.842
2024-09-17T12:00:00+00:00,312.4,321.6,311.6,319.9,8109.77
2024-09-17T16:00:00+00:00,320.0,320.5,311.8,313.5,4827.315
2024-09-17T20:00:00+00:00,313.5,315.0,312.4,314.3,2649.89
2024-09-18T00:00:00+00:00,314.3,316.3,311.6,315.0,3922.999
2024-09-18T04:00:00+00:00,315.0,315.9,313.1,314.5,2438.197
2024-09-18T08:00:00+00:00,314.6,314.6,309.1,311.3,3346.371
2024-09-18T12:00:00+00:00,311.3,312.5,306.2,307.4,6941.453
2024-09-18T16:00:00+00:00,307.3,316.4,306.3,312.5,10747.298
2024-09-18T20:00:00+00:00,312.5,328.1,310.4,327.0,13199.725
2024-09-19T00:00:00+00:00,327.0,349.8,326.3,343.1,53563.772
2024-09-19T04:00:00+00:00,343.0,346.3,341.0,346.0,10424.361
2024-09-19T08:00:00+00:00,345.9,348.3,342.4,348.1,13164.421
2024-09-19T12:00:00+00:00,348.1,349.2,336.3,340.3,21619.551
2024-09-19T16:00:00+00:00,340.3,346.6,340.1,341.3,6578.694
2024-09-19T20:00:00+00:00,341.4,342.2,338.1,340.0,4188.47
2024-09-20T00:00:00+00:00,340.0,343.7,335.1,343.6,7794.453
2024-09-20T04:00:00+00:00,343.5,345.5,338.9,343.0,11930.958
2024-09-20T08:00:00+00:00,343.0,343.1,338.3,339.9,7928.26
2024-09-20T12:00:00+00:00,339.9,343.2,332.7,334.3,13683.987
2024-09-20T16:00:00+00:00,334.5,335.6,332.4,335.0,4305.056
2024-09-20T20:00:00+00:00,334.9,337.4,334.7,335.8,5142.607
2024-09-21T00:00:00+00:00,335.8,336.2,331.0,334.3,4218.369
2024-09-21T04:00:00+00:00,334.2,337.0,331.9,336.5,3394.204
2024-09-21T08:00:00+00:00,336.5,339.2,335.4,339.0,1982.606
2024-09-21T12:00:00+00:00,339.1,342.8,338.6,340.7,5470.23
2024-09-21T16:00:00+00:00,340.7,343.9,340.5,343.1,4225.814
2024-09-21T20:00:00+00:00,343.1,346.8,342.6,345.5,6721.905
2024-09-22T00:00:00+00:00,345.5,347.3,340.9,343.8,5515.305
2024-09-22T04:00:00+00:00,343.8,345.1,340.4,342.2,2480.177
2024-09-22T08:00:00+00:00,342.1,342.7,336.1,339.1,2731.116
2024-09-22T12:00:00+00:00,339.1,340.2,336.2,339.5,2859.698
2024-09-22T16:00:00+00:00,339.5,342.6,336.7,341.1,3823.952
2024-09-22T20:00:00+00:00,341.2,344.1,333.9,342.6,5911.981
2024-09-23T00:00:00+00:00,342.7,349.3,335.9,346.1,12337.421
2024-09-23T04:00:00+00:00,346.0,346.4,340.3,340.8,5481.028
2024-09-23T08:00:00+00:00,340.9,341.5,338.0,340.1,3246.203
2024-09-23T12:00:00+00:00,340.1,341.7,337.4,339.7,6230.696
2024-09-23T16:00:00+00:00,339.6,344.1,337.6,342.2,4086.124
2024-09-23T20:00:00+00:00,342.1,343.4,340.1,342.0,3921.249
2024-09-24T00:00:00+00:00,341.9,342.3,336.9,339.9,6527.096
2024-09-24T04:00:00+00:00,340.0,342.4,338.0,341.4,3968.98
2024-09-24T08:00:00+00:00,341.3,344.8,341.0,343.7,4132.06
2024-09-24T12:00:00+00:00,343.7,347.7,339.2,341.5,9392.067
2024-09-24T16:00:00+00:00,341.6,347.5,341.6,346.9,9407.002
2024-09-24T20:00:00+00:00,346.9,351.8,345.3,348.0,17568.911
2024-09-25T00:00:00+00:00,348.1,355.7,346.7,354.1,14710.173
2024-09-25T04:00:00+00:00,354.1,354.1,346.5,349.1,9126.753
2024-09-25T08:00:00+00:00,349.0,350.3,345.8,348.2,4978.286
2024-09-25T12:00:00+00:00,348.1,349.9,344.8,346.4,6692.688
2024-09-25T16:00:00+00:00,346.3,347.9,343.1,345.3,5287.728
2024-09-25T20:00:00+00:00,345.3,347.7,341.3,343.5,4156.669
2024-09-26T00:00:00+00:00,343.6,345.2,338.9,344.1,5734.549
2024-09-26T04:00:00+00:00,344.0,349.3,343.2,348.3,4719.017
2024-09-26T08:00:00+00:00,348.2,352.0,346.2,348.9,7451.405
2024-09-26T12:00:00+00:00,349.0,355.7,348.0,353.5,14075.971
2024-09-26T16:00:00+00:00,353.6,358.3,351.8,352.1,10184.797
2024-09-26T20:00:00+00:00,352.2,354.1,349.1,351.8,5814.482
2024-09-27T00:00:00+00:00,351.8,363.7,351.7,360.3,20802.462
2024-09-27T04:00:00+00:00,360.3,362.7,359.1,360.1,10260.768
2024-09-27T08:00:00+00:00,360.1,362.9,356.2,358.6,7791.755
2024-09-27T12:00:00+00:00,358.6,364.6,357.3,361.5,9766.872
2024-09-27T16:00:00+00:00,361.6,364.1,358.5,359.8,5466.247
2024-09-27T20:00:00+00:00,359.8,360.2,357.8,358.8,2893.266
2024-09-28T00:00:00+00:00,358.8,361.1,357.2,358.9,7107.449
2024-09-28T04:00:00+00:00,358.9,359.9,350.3,351.3,9903.454
2024-09-28T08:00:00+00:00,351.2,353.0,345.8,352.6,6412.914
2024-09-28T12:00:00+00:00,352.5,353.1,349.1,350.4,10737.352
2024-09-28T16:00:00+00:00,350.4,353.1,348.9,352.3,4017.449
2024-09-28T20:00:00+00:00,352.2,353.5,349.3,352.3,2671.669
2024-09-29T00:00:00+00:00,352.4,354.0,350.1,353.0,3979.522
2024-09-29T04:00:00+00:00,353.0,353.0,346.4,346.7,8494.163
2024-09-29T08:00:00+00:00,346.5,349.6,345.9,348.8,4043.592
2024-09-29T12:00:00+00:00,348.9,350.4,345.6,349.9,4789.987
2024-09-29T16:00:00+00:00,349.9,356.5,347.7,354.4,5110.432
2024-09-29T20:00:00+00:00,354.4,358.2,351.1,352.6,9528.734
2024-09-30T00:00:00+00:00,352.6,353.8,341.1,346.1,10799.694
2024-09-30T04:00:00+00:00,346.3,348.8,343.6,348.3,3971.211
2024-09-30T08:00:00+00:00,348.2,348.7,338.6,343.9,8946.342
2024-09-30T12:00:00+00:00,344.0,346.0,340.3,340.6,5381.674
2024-09-30T16:00:00+00:00,340.6,343.5,340.0,341.1,6039.897
2024-09-30T20:00:00+00:00,341.2,344.2,334.5,337.2,6232.823
2024-10-01T00:00:00+00:00,337.3,345.1,336.1,344.8,5906.931
2024-10-01T04:00:00+00:00,344.9,347.6,343.3,346.0,3900.902
2024-10-01T08:00:00+00:00,346.0,346.2,343.0,343.1,3509.925
2024-10-01T12:00:00+00:00,343.3,344.6,319.0,328.0,23666.379
2024-10-01T16:00:00+00:00,328.0,329.8,310.8,320.1,22584.065
2024-10-01T20:00:00+00:00,320.1,320.5,311.8,317.8,7697.643
2024-10-02T00:00:00+00:00,317.8,324.2,315.8,323.7,6513.681
2024-10-02T04:00:00+00:00,323.7,324.5,320.7,322.4,3539.096
2024-10-02T08:00:00+00:00,322.4,323.8,314.5,318.1,6181.755
2024-10-02T12:00:00+00:00,318.0,320.9,313.7,320.4,7975.842
2024-10-02T16:00:00+00:00,320.4,322.9,309.1,315.8,11324.318
2024-10-02T20:00:00+00:00,315.8,318.9,312.7,316.1,6356.251
2024-10-03T00:00:00+00:00,316.1,320.0,313.7,320.0,4671.884
2024-10-03T04:00:00+00:00,320.0,320.2,314.7,315.3,3061.13
2024-10-03T08:00:00+00:00,315.2,316.7,307.8,314.2,7968.751
2024-10-03T12:00:00+00:00,314.2,323.9,307.8,317.7,20250.337
2024-10-03T16:00:00+00:00,317.7,320.1,311.3,319.7,6172.175
2024-10-03T20:00:00+00:00,319.9,321.2,316.6,320.3,3512.963
2024-10-04T00:00:00+00:00,320.4,325.3,318.1,319.7,9090.86
2024-10-04T04:00:00+00:00,319.7,322.9,319.1,321.5,3833.245
2024-10-04T08:00:00+00:00,321.5,322.8,319.0,321.1,4659.407
2024-10-04T12:00:00+00:00,321.1,324.6,319.0,322.9,7035.084
2024-10-04T16:00:00+00:00,322.9,326.1,322.3,325.2,5724.374
2024-10-04T20:00:00+00:00,325.4,325.5,322.6,324.8,4323.133
2024-10-05T00:00:00+00:00,324.9,325.6,320.0,322.4,3852.31
2024-10-05T04:00:00+00:00,322.4,325.0,321.3,323.9,1442.151
2024-10-05T08:00:00+00:00,324.0,325.6,322.7,323.4,1730.369
2024-10-05T12:00:00+00:00,323.5,324.7,322.3,323.1,2005.521
2024-10-05T16:00:00+00:00,323.1,323.2,319.0,320.2,6419.634
2024-10-05T20:00:00+00:00,320.1,321.8,318.2,321.8,2176.638
2024-10-06T00:00:00+00:00,321.9,323.9,320.9,321.9,1737.547
2024-10-06T04:00:00+00:00,321.9,323.8,321.4,323.1,1397.239
2024-10-06T08:00:00+00:00,323.0,323.9,322.0,323.1,2029.808
2024-10-06T12:00:00+00:00,323.0,325.9,322.7,324.3,4830.041
2024-10-06T16:00:00+00:00,324.3,325.5,322.4,323.5,2222.495
2024-10-06T20:00:00+00:00,323.4,325.1,321.7,324.6,1381.805
2024-10-07T00:00:00+00:00,324.6,331.6,323.7,329.0,7571.79
2024-10-07T04:00:00+00:00,329.0,329.7,327.5,328.2,4159.018
2024-10-07T08:00:00+00:00,328.3,329.3,320.1,325.1,11350.924
2024-10-07T12:00:00+00:00,325.1,333.3,322.6,330.4,25724.952
2024-10-07T16:00:00+00:00,330.4,332.0,323.7,328.2,8224.802
2024-10-07T20:00:00+00:00,328.4,329.7,322.9,323.7,4577.873
2024-10-08T00:00:00+00:00,323.7,328.0,322.8,327.2,4588.861
2024-10-08T04:00:00+00:00,327.3,327.9,321.7,324.4,4602.173
2024-10-08T08:00:00+00:00,324.4,329.1,323.0,328.9,4346.553
2024-10-08T12:00:00+00:00,329.0,332.2,326.6,330.1,10404.031
2024-10-08T16:00:00+00:00,330.1,333.8,327.2,330.3,9641.546
2024-10-08T20:00:00+00:00,330.4,331.8,326.9,329.1,5397.253
2024-10-09T00:00:00+00:00,329.2,330.6,326.9,328.4,4501.053
2024-10-09T04:00:00+00:00,328.3,329.5,325.7,327.2,3418.356
2024-10-09T08:00:00+00:00,327.2,327.7,325.3,326.5,3113.108
2024-10-09T12:00:00+00:00,326.5,327.7,322.9,326.5,6072.965
2024-10-09T16:00:00+00:00,326.4,326.6,322.3,324.2,4228.314
2024-10-09T20:00:00+00:00,324.1,324.1,317.9,320.6,5234.899
2024-10-10T00:00:00+00:00,320.6,323.3,318.3,322.1,3905.491
2024-10-10T04:00:00+00:00,322.2,324.1,321.7,322.1,1577.424
2024-10-10T08:00:00+00:00,322.1,324.1,319.6,323.6,5497.41
2024-10-10T12:00:00+00:00,323.7,324.6,320.3,324.5,5452.945
2024-10-10T16:00:00+00:00,324.5,325.8,317.2,321.9,7854.63
2024-10-10T20:00:00+00:00,321.8,323.4,320.3,323.0,4415.37
2024-10-11T00:00:00+00:00,323.0,324.9,322.0,324.0,3194.692
2024-10-11T04:00:00+00:00,324.0,324.6,321.9,324.1,1917.502
2024-10-11T08:00:00+00:00,324.1,325.4,323.0,323.6,1828.495
2024-10-11T12:00:00+00:00,323.6,327.2,322.7,326.3,6084.099
2024-10-11T16:00:00+00:00,326.4,329.1,324.8,328.2,5860.305
2024-10-11T20:00:00+00:00,328.3,329.0,326.3,327.0,3074.261
2024-10-12T00:00:00+00:00,327.0,328.3,324.8,325.2,3474.299
2024-10-12T04:00:00+00:00,325.3,330.3,325.2,329.8,3223.67
2024-10-12T08:00:00+00:00,329.8,333.5,328.8,329.7,5772.846
2024-10-12T12:00:00+00:00,329.8,331.9,328.8,329.8,2619.977
2024-10-12T16:00:00+00:00,329.9,331.7,328.4,329.4,1729.267
2024-10-12T20:00:00+00:00,329.4,330.6,328.6,329.2,1978.027
2024-10-13T00:00:00+00:00,329.2,329.9,325.5,325.9,3357.992
2024-10-13T04:00:00+00:00,325.9,328.0,325.7,326.6,2183.125
2024-10-13T08:00:00+00:00,326.5,327.1,323.3,323.5,2902.817
2024-10-13T12:00:00+00:00,323.5,325.6,317.9,318.4,6163.023
2024-10-13T16:00:00+00:00,318.2,321.6,317.3,320.8,3437.722
2024-10-13T20:00:00+00:00,320.8,323.1,320.2,321.3,2740.952
2024-10-14T00:00:00+00:00,321.4,328.9,318.9,328.6,6136.322
2024-10-14T04:00:00+00:00,328.6,330.0,324.5,328.9,8548.273
2024-10-14T08:00:00+00:00,328.9,330.6,327.8,329.7,6203.615
2024-10-14T12:00:00+00:00,329.8,362.9,328.5,354.5,64349.184
2024-10-14T16:00:00+00:00,354.6,359.0,353.6,354.8,11537.075
2024-10-14T20:00:00+00:00,354.8,370.7,354.4,369.6,20797.809
2024-10-15T00:00:00+00:00,369.6,386.8,367.7,369.9,40388.195
2024-10-15T04:00:00+00:00,370.0,374.2,366.5,366.9,17853.306
2024-10-15T08:00:00+00:00,366.9,373.0,358.3,360.4,17400.259
2024-10-15T12:00:00+00:00,360.3,379.8,344.6,350.4,56982.195
2024-10-15T16:00:00+00:00,350.3,359.6,349.9,355.4,12182.424
2024-10-15T20:00:00+00:00,355.3,356.4,349.4,354.7,8272.716
2024-10-16T00:00:00+00:00,354.7,371.5,351.3,361.7,36029.86
2024-10-16T04:00:00+00:00,361.7,364.9,354.3,355.5,12738.887
2024-10-16T08:00:00+00:00,355.5,367.1,355.0,363.9,15756.869
2024-10-16T12:00:00+00:00,364.1,370.9,361.8,366.7,21858.197
2024-10-16T16:00:00+00:00,366.5,370.9,360.9,368.3,12455.804
2024-10-16T20:00:00+00:00,368.2,369.3,361.9,365.6,9856.455
2024-10-17T00:00:00+00:00,365.5,373.9,364.3,365.7,11764.07
2024-10-17T04:00:00+00:00,365.7,366.3,361.3,364.3,10078.486
2024-10-17T08:00:00+00:00,364.3,368.1,361.1,361.6,8560.373
2024-10-17T12:00:00+00:00,361.6,371.3,360.9,368.9,19450.922
2024-10-17T16:00:00+00:00,368.9,369.7,360.4,362.0,9137.154
2024-10-17T20:00:00+00:00,361.8,375.8,361.8,369.7,15442.256
2024-10-18T00:00:00+00:00,369.9,377.5,368.1,371.1,11720.168
2024-10-18T04:00:00+00:00,371.2,375.9,370.5,374.0,8690.262
2024-10-18T08:00:00+00:00,374.0,374.3,365.7,365.9,6314.788
2024-10-18T12:00:00+00:00,365.8,370.7,365.2,366.0,11916.659
2024-10-18T16:00:00+00:00,366.1,375.8,362.8,374.9,17429.881
2024-10-18T20:00:00+00:00,375.0,375.1,364.1,367.3,6402.786
2024-10-19T00:00:00+00:00,367.2,369.0,365.2,366.8,7307.273
2024-10-19T04:00:00+00:00,366.6,368.0,363.0,363.9,5132.723
2024-10-19T08:00:00+00:00,363.9,365.4,361.5,361.7,3887.771
2024-10-19T12:00:00+00:00,361.7,365.0,361.5,362.0,3787.702
2024-10-19T16:00:00+00:00,362.0,364.2,361.4,362.4,2583.152
2024-10-19T20:00:00+00:00,362.4,365.4,362.3,363.3,2786.001
2024-10-20T00:00:00+00:00,363.3,364.0,357.5,360.1,8560.15
2024-10-20T04:00:00+00:00,360.1,361.1,357.3,359.6,4041.302
2024-10-20T08:00:00+00:00,359.6,367.4,359.6,364.5,11849.732
2024-10-20T12:00:00+00:00,364.5,371.6,361.9,367.1,10274.069
2024-10-20T16:00:00+00:00,367.2,368.7,364.5,364.7,3388.1
2024-10-20T20:00:00+00:00,364.8,370.4,364.3,369.9,7168.797
2024-10-21T00:00:00+00:00,369.8,376.0,368.5,374.0,11921.174
2024-10-21T04:00:00+00:00,373.9,379.0,372.0,373.4,14568.888
2024-10-21T08:00:00+00:00,373.5,375.3,368.0,369.1,7014.355
2024-10-21T12:00:00+00:00,369.2,370.8,359.1,361.3,13833.011
2024-10-21T16:00:00+00:00,361.4,365.4,358.9,364.7,5021.951
2024-10-21T20:00:00+00:00,364.7,366.4,363.3,363.6,2892.864
2024-10-22T00:00:00+00:00,363.7,366.6,359.0,364.4,7150.719
2024-10-22T04:00:00+00:00,364.4,365.1,361.8,362.1,3696.112
2024-10-22T08:00:00+00:00,362.2,362.2,355.5,359.0,7605.868
2024-10-22T12:00:00+00:00,359.0,359.9,354.1,356.7,9246.121
2024-10-22T16:00:00+00:00,356.6,359.1,354.3,357.7,3840.191
2024-10-22T20:00:00+00:00,357.8,359.1,356.2,357.3,2306.382
2024-10-23T00:00:00+00:00,357.4,357.7,352.5,354.8,3693.129
2024-10-23T04:00:00+00:00,354.8,357.3,352.7,352.8,3195.909
2024-10-23T08:00:00+00:00,352.6,353.9,348.8,349.4,6299.558
2024-10-23T12:00:00+00:00,349.3,352.4,344.6,347.1,6750.278
2024-10-23T16:00:00+00:00,347.1,350.2,338.6,350.1,12932.126
2024-10-23T20:00:00+00:00,350.2,350.2,346.2,348.1,5013.76
2024-10-24T00:00:00+00:00,348.1,357.3,346.6,355.4,8429.52
2024-10-24T04:00:00+00:00,355.3,357.9,353.4,353.8,4475.1
2024-10-24T08:00:00+00:00,353.7,356.3,351.0,356.0,4600.62
2024-10-24T12:00:00+00:00,355.9,361.7,355.3,359.7,7278.005
2024-10-24T16:00:00+00:00,359.8,367.4,358.1,365.8,26484.435
2024-10-24T20:00:00+00:00,365.9,371.5,363.1,367.9,35172.486
2024-10-25T00:00:00+00:00,368.0,370.3,362.6,364.1,33382.621
2024-10-25T04:00:00+00:00,364.1,368.2,361.5,366.3,6508.356
2024-10-25T08:00:00+00:00,366.4,372.3,363.6,370.5,7619.065
2024-10-25T12:00:00+00:00,370.6,374.3,363.3,364.9,12301.056
2024-10-25T16:00:00+00:00,364.8,367.2,356.8,362.7,8084.9
2024-10-25T20:00:00+00:00,362.6,363.6,339.2,349.1,17060.025
2024-10-26T00:00:00+00:00,349.0,355.3,346.3,355.1,6149.851
2024-10-26T04:00:00+00:00,355.1,357.2,352.5,353.7,4069.743
2024-10-26T08:00:00+00:00,353.7,354.9,351.9,353.8,3244.52
2024-10-26T12:00:00+00:00,353.8,354.3,346.6,346.7,4715.142
2024-10-26T16:00:00+00:00,346.7,350.8,346.0,350.3,2355.898
2024-10-26T20:00:00+00:00,350.3,352.2,347.7,348.0,2531.618
2024-10-27T00:00:00+00:00,348.1,352.1,347.1,351.9,3551.003
2024-10-27T04:00:00+00:00,352.0,352.8,349.5,350.4,1746.161
2024-10-27T08:00:00+00:00,350.5,350.8,347.0,347.3,3035.615
2024-10-27T12:00:00+00:00,347.4,352.6,347.2,352.0,3351.715
2024-10-27T16:00:00+00:00,352.1,353.3,347.8,350.3,3251.77
2024-10-27T20:00:00+00:00,350.3,354.7,349.8,352.2,4310.0
2024-10-28T00:00:00+00:00,352.2,353.5,347.0,347.5,3010.116
2024-10-28T04:00:00+00:00,347.4,352.4,344.0,350.2,6155.624
2024-10-28T08:00:00+00:00,350.2,354.0,350.1,353.1,4281.142
2024-10-28T12:00:00+00:00,353.2,364.5,351.5,360.8,18110.982
2024-10-28T16:00:00+00:00,360.9,364.8,356.3,363.1,10022.818
2024-10-28T20:00:00+00:00,363.2,368.4,361.6,365.3,7311.209
2024-10-29T00:00:00+00:00,365.4,382.5,363.7,380.6,35491.145
2024-10-29T04:00:00+00:00,380.7,387.8,377.7,380.0,20289.217
2024-10-29T08:00:00+00:00,379.9,385.2,379.9,382.7,9449.102
2024-10-29T12:00:00+00:00,382.7,388.2,378.4,388.1,15270.29
2024-10-29T16:00:00+00:00,388.1,389.4,382.4,383.2,13036.798
2024-10-29T20:00:00+00:00,383.2,386.2,379.0,386.1,6412.323
2024-10-30T00:00:00+00:00,386.1,387.8,378.6,378.9,8005.659
2024-10-30T04:00:00+00:00,378.8,384.5,377.6,380.8,35762.116
2024-10-30T08:00:00+00:00,380.9,381.4,367.3,369.4,25408.133
2024-10-30T12:00:00+00:00,369.4,375.6,365.7,370.5,13346.518
2024-10-30T16:00:00+00:00,370.5,374.1,369.6,370.4,4957.914
2024-10-30T20:00:00+00:00,370.5,373.8,368.0,368.9,6034.146
2024-10-31T00:00:00+00:00,368.9,375.5,366.0,373.0,14778.414
2024-10-31T04:00:00+00:00,372.9,374.8,369.2,374.1,40883.296
2024-10-31T08:00:00+00:00,374.2,378.3,372.1,374.0,12485.908
2024-10-31T12:00:00+00:00,374.2,375.6,362.0,363.5,16336.013
2024-10-31T16:00:00+00:00,363.3,364.4,351.6,351.9,12079.082
2024-10-31T20:00:00+00:00,351.8,361.1,349.8,358.9,20816.311
2024-11-01T00:00:00+00:00,358.8,359.4,347.0,351.2,11319.723
2024-11-01T04:00:00+00:00,351.2,352.0,344.0,345.9,5903.606
2024-11-01T08:00:00+00:00,345.8,352.0,345.1,351.1,7610.919
2024-11-01T12:00:00+00:00,351.0,360.2,343.5,346.2,14081.974
2024-11-01T16:00:00+00:00,346.2,352.7,345.8,348.4,7570.82
2024-11-01T20:00:00+00:00,348.6,350.4,344.6,349.6,3182.832
2024-11-02T00:00:00+00:00,349.5,352.9,349.3,352.0,4683.072
2024-11-02T04:00:00+00:00,351.9,352.1,347.5,349.5,4543.931
2024-11-02T08:00:00+00:00,349.4,349.9,346.8,348.1,2727.727
2024-11-02T12:00:00+00:00,348.1,348.9,341.3,344.4,9332.984
2024-11-02T16:00:00+00:00,344.4,347.9,343.5,347.7,3330.631
2024-11-02T20:00:00+00:00,347.7,357.6,347.6,353.7,17246.066
2024-11-03T00:00:00+00:00,353.7,354.3,342.7,348.6,8928.03
2024-11-03T04:00:00+00:00,348.6,353.6,341.0,344.6,16166.373
2024-11-03T08:00:00+00:00,344.5,345.5,340.7,340.9,9779.221
2024-11-03T12:00:00+00:00,341.0,342.2,334.0,338.5,13211.64
2024-11-03T16:00:00+00:00,338.5,341.3,333.8,340.5,5572.035
2024-11-03T20:00:00+00:00,340.4,344.0,339.6,340.1,4893.698
2024-11-04T00:00:00+00:00,340.0,342.7,333.6,338.4,9010.456
2024-11-04T04:00:00+00:00,338.4,340.5,333.6,333.7,9384.327
2024-11-04T08:00:00+00:00,333.7,339.3,332.4,338.5,8410.817
2024-11-04T12:00:00+00:00,338.5,341.3,335.6,337.0,5418.003
2024-11-04T16:00:00+00:00,337.1,338.3,332.5,332.9,8074.609
2024-11-04T20:00:00+00:00,332.8,337.4,322.0,329.2,24379.119
2024-11-05T00:00:00+00:00,329.2,332.4,326.5,332.4,6302.693
2024-11-05T04:00:00+00:00,332.4,340.7,331.7,338.6,9091.963
2024-11-05T08:00:00+00:00,338.6,340.5,337.1,338.9,5652.509
2024-11-05T12:00:00+00:00,338.9,345.2,337.9,341.5,11372.43
2024-11-05T16:00:00+00:00,341.6,345.4,335.5,336.7,8740.405
2024-11-05T20:00:00+00:00,336.8,345.3,335.8,342.9,7437.015
2024-11-06T00:00:00+00:00,343.0,370.8,342.6,364.3,41009.455
2024-11-06T04:00:00+00:00,364.4,384.4,362.6,371.7,50890.829
2024-11-06T08:00:00+00:00,371.6,375.0,364.3,373.1,21717.434
2024-11-06T12:00:00+00:00,373.2,375.0,360.9,368.5,23428.998
2024-11-06T16:00:00+00:00,368.4,373.5,366.9,372.6,7209.516
2024-11-06T20:00:00+00:00,372.7,382.3,371.5,378.4,13190.467
2024-11-07T00:00:00+00:00,378.4,386.9,376.9,379.3,19135.442
2024-11-07T04:00:00+00:00,379.3,379.9,370.5,374.0,10136.608
2024-11-07T08:00:00+00:00,374.0,378.6,373.7,375.3,6419.998
2024-11-07T12:00:00+00:00,375.3,382.6,373.2,382.4,9943.891
2024-11-07T16:00:00+00:00,382.5,385.9,379.8,382.4,11595.696
2024-11-07T20:00:00+00:00,382.4,386.7,374.5,377.5,11954.057
2024-11-08T00:00:00+00:00,377.5,383.8,374.7,376.7,9811.928
2024-11-08T04:00:00+00:00,376.8,382.8,368.2,371.9,20457.808
2024-11-08T08:00:00+00:00,371.9,375.7,370.1,372.2,12850.004
2024-11-08T12:00:00+00:00,372.2,376.8,369.9,372.8,15811.497
2024-11-08T16:00:00+00:00,372.7,376.2,364.3,375.0,13718.518
2024-11-08T20:00:00+00:00,374.9,380.4,371.9,377.0,6834.721
2024-11-09T00:00:00+00:00,377.0,377.9,369.5,370.8,9972.383
2024-11-09T04:00:00+00:00,370.7,377.8,370.5,374.1,9711.182
2024-11-09T08:00:00+00:00,374.1,379.2,373.2,376.4,9421.861
2024-11-09T12:00:00+00:00,376.3,390.0,373.7,382.7,35727.827
2024-11-09T16:00:00+00:00,382.8,384.1,374.0,379.3,10311.575
2024-11-09T20:00:00+00:00,379.2,407.3,378.6,405.0,32407.856
2024-11-10T00:00:00+00:00,404.9,437.1,394.8,429.6,64385.646
2024-11-10T04:00:00+00:00,429.7,437.3,424.1,427.4,46024.427
2024-11-10T08:00:00+00:00,427.4,435.3,423.5,433.8,28771.257
2024-11-10T12:00:00+00:00,433.8,453.2,427.5,439.0,67768.449
2024-11-10T16:00:00+00:00,439.1,454.4,437.3,443.2,29484.101
2024-11-10T20:00:00+00:00,443.2,445.8,420.0,441.3,29576.717
2024-11-11T00:00:00+00:00,441.3,452.5,439.3,442.9,28406.144
2024-11-11T04:00:00+00:00,442.9,443.1,422.3,430.1,22674.461
2024-11-11T08:00:00+00:00,430.0,438.1,427.5,437.2,13715.7
2024-11-11T12:00:00+00:00,437.1,449.5,430.0,448.4,28108.471
2024-11-11T16:00:00+00:00,448.3,453.3,428.1,444.3,52791.761
2024-11-11T20:00:00+00:00,444.1,482.6,443.1,472.6,60312.118
2024-11-12T00:00:00+00:00,472.7,473.7,451.2,458.1,30428.164
2024-11-12T04:00:00+00:00,457.9,462.3,452.0,458.5,27159.73
2024-11-12T08:00:00+00:00,458.4,474.4,422.3,435.2,84500.968
2024-11-12T12:00:00+00:00,435.2,439.1,418.1,429.7,55333.737
2024-11-12T16:00:00+00:00,429.7,440.2,421.2,436.6,20950.57
2024-11-12T20:00:00+00:00,436.5,444.2,431.0,432.3,18402.214
2024-11-13T00:00:00+00:00,432.3,437.2,416.9,417.3,29273.775
2024-11-13T04:00:00+00:00,417.3,424.4,403.2,414.0,28367.691
2024-11-13T08:00:00+00:00,414.0,417.6,409.5,413.4,11485.136
2024-11-13T12:00:00+00:00,413.4,440.3,408.0,439.1,54933.705
2024-11-13T16:00:00+00:00,439.1,450.7,429.7,431.5,56807.423
2024-11-13T20:00:00+00:00,431.4,448.6,425.3,439.4,35726.364
2024-11-14T00:00:00+00:00,439.6,444.7,428.3,443.5,23220.671
2024-11-14T04:00:00+00:00,443.5,445.7,430.9,441.8,20741.983
2024-11-14T08:00:00+00:00,441.7,445.9,431.1,437.5,22559.811
2024-11-14T12:00:00+00:00,437.5,437.7,418.0,419.4,34006.753
2024-11-14T16:00:00+00:00,419.4,429.6,418.0,423.8,13213.939
2024-11-14T20:00:00+00:00,423.8,426.1,410.0,415.0,21604.829
2024-11-15T00:00:00+00:00,415.0,422.4,412.2,420.6,11800.236
2024-11-15T04:00:00+00:00,420.7,421.0,410.0,417.4,9585.546
2024-11-15T08:00:00+00:00,417.5,428.0,413.2,427.4,7955.043
2024-11-15T12:00:00+00:00,427.5,435.9,416.0,419.6,30839.666
2024-11-15T16:00:00+00:00,419.6,428.2,416.6,426.3,16436.275
2024-11-15T20:00:00+00:00,426.2,436.7,426.1,431.6,14136.527
2024-11-16T00:00:00+00:00,431.5,435.8,428.4,434.5,7951.606
2024-11-16T04:00:00+00:00,434.4,443.1,431.4,434.8,14583.651
2024-11-16T08:00:00+00:00,434.9,449.3,433.0,448.0,28156.234
2024-11-16T12:00:00+00:00,448.0,471.5,440.2,455.5,54635.532
2024-11-16T16:00:00+00:00,455.4,483.5,451.6,481.6,38541.114
2024-11-16T20:00:00+00:00,481.5,482.4,460.6,461.7,25448.567
2024-11-17T00:00:00+00:00,461.8,488.7,437.8,444.9,82661.409
2024-11-17T04:00:00+00:00,445.0,454.9,440.1,448.1,22610.474
2024-11-17T08:00:00+00:00,448.1,452.2,438.5,438.5,24461.585
2024-11-17T12:00:00+00:00,438.5,443.9,433.8,436.1,15641.699
2024-11-17T16:00:00+00:00,436.0,439.8,428.2,433.1,17102.737
2024-11-17T20:00:00+00:00,433.1,435.4,424.5,433.1,10652.053
2024-11-18T00:00:00+00:00,433.1,449.1,431.3,447.8,17588.871
2024-11-18T04:00:00+00:00,447.9,457.0,444.0,450.1,16117.161
2024-11-18T08:00:00+00:00,450.2,452.2,436.4,439.5,14169.776
2024-11-18T12:00:00+00:00,439.4,448.4,430.2,446.2,18744.852
2024-11-18T16:00:00+00:00,446.2,449.3,431.9,439.8,12524.191
2024-11-18T20:00:00+00:00,440.0,471.5,436.5,452.5,36546.755
2024-11-19T00:00:00+00:00,452.5,460.2,449.5,458.1,21995.471
2024-11-19T04:00:00+00:00,458.2,460.3,453.0,453.2,11714.599
2024-11-19T08:00:00+00:00,453.1,455.0,441.5,449.4,16406.314
2024-11-19T12:00:00+00:00,449.5,455.2,438.3,447.6,21731.778
2024-11-19T16:00:00+00:00,447.7,454.0,445.9,449.3,9956.566
2024-11-19T20:00:00+00:00,449.4,451.2,438.1,446.8,11567.092
2024-11-20T00:00:00+00:00,446.7,447.2,429.2,434.9,14043.58
2024-11-20T04:00:00+00:00,434.8,440.7,431.4,439.2,5598.564
2024-11-20T08:00:00+00:00,439.1,445.0,437.7,442.0,6733.555
2024-11-20T12:00:00+00:00,442.0,454.6,437.7,450.8,17710.267
2024-11-20T16:00:00+00:00,450.7,453.4,428.7,434.7,15957.492
2024-11-20T20:00:00+00:00,434.6,449.6,431.1,439.9,11265.496
2024-11-21T00:00:00+00:00,440.1,457.0,428.6,453.3,29106.602
2024-11-21T04:00:00+00:00,453.4,536.2,452.8,526.1,219224.278
2024-11-21T08:00:00+00:00,526.1,528.1,510.8,520.7,79524.661
2024-11-21T12:00:00+00:00,520.7,526.1,472.5,476.4,81140.898
2024-11-21T16:00:00+00:00,476.4,489.1,473.3,483.4,35820.171
2024-11-21T20:00:00+00:00,483.3,491.3,476.6,484.4,21039.893
2024-11-22T00:00:00+00:00,484.4,503.1,481.8,493.6,51396.394
2024-11-22T04:00:00+00:00,493.6,500.6,490.7,492.2,27614.983
2024-11-22T08:00:00+00:00,492.4,496.1,482.7,491.7,23408.924
2024-11-22T12:00:00+00:00,491.7,492.2,472.1,486.3,36114.702
2024-11-22T16:00:00+00:00,486.3,491.6,482.4,487.4,15966.467
2024-11-22T20:00:00+00:00,487.3,494.7,485.7,490.5,12974.373
2024-11-23T00:00:00+00:00,490.4,568.5,485.9,540.6,145760.04
2024-11-23T04:00:00+00:00,540.7,541.3,524.7,529.1,45900.561
2024-11-23T08:00:00+00:00,529.1,540.4,526.7,528.0,30040.46
2024-11-23T12:00:00+00:00,528.1,543.3,519.7,520.5,70049.396
2024-11-23T16:00:00+00:00,520.6,526.3,499.5,506.8,36858.988
2024-11-23T20:00:00+00:00,506.8,516.1,494.1,510.1,21827.435
2024-11-24T00:00:00+00:00,510.1,527.8,507.1,520.6,28856.274
2024-11-24T04:00:00+00:00,520.5,522.7,507.2,512.3,19632.07
2024-11-24T08:00:00+00:00,512.3,513.5,495.7,497.4,21678.772
2024-11-24T12:00:00+00:00,497.4,503.7,477.7,489.5,61966.452
2024-11-24T16:00:00+00:00,489.5,510.2,487.2,502.5,33118.349
2024-11-24T20:00:00+00:00,502.5,519.0,501.1,515.2,13282.744
2024-11-25T00:00:00+00:00,515.3,515.7,494.6,511.3,24305.161
2024-11-25T04:00:00+00:00,511.3,515.2,507.3,511.3,12409.394
2024-11-25T08:00:00+00:00,511.2,531.6,509.7,523.5,36144.952
2024-11-25T12:00:00+00:00,523.6,532.9,497.4,513.8,50371.313
2024-11-25T16:00:00+00:00,513.8,520.2,498.0,502.4,32026.237
2024-11-25T20:00:00+00:00,502.3,509.2,483.2,491.9,20330.477
2024-11-26T00:00:00+00:00,491.7,504.6,487.1,499.2,13112.966
2024-11-26T04:00:00+00:00,499.5,505.1,492.3,495.4,9808.484
2024-11-26T08:00:00+00:00,495.3,497.3,471.0,484.9,31695.436
2024-11-26T12:00:00+00:00,484.8,493.2,477.2,485.4,18492.046
2024-11-26T16:00:00+00:00,485.4,497.2,477.8,484.8,20785.284
2024-11-26T20:00:00+00:00,485.1,498.0,483.1,492.2,11211.762
2024-11-27T00:00:00+00:00,492.2,497.2,484.8,493.3,11395.43
2024-11-27T04:00:00+00:00,493.3,505.3,490.8,504.5,14210.171
2024-11-27T08:00:00+00:00,504.5,517.7,494.7,503.7,21674.64
2024-11-27T12:00:00+00:00,503.6,524.3,497.0,517.5,56649.666
2024-11-27T16:00:00+00:00,517.5,518.4,512.3,517.4,15786.142
2024-11-27T20:00:00+00:00,517.3,522.9,513.9,517.4,20648.616
2024-11-28T00:00:00+00:00,517.4,525.0,505.3,511.7,45873.742
2024-11-28T04:00:00+00:00,511.7,514.1,506.8,508.3,9677.995
2024-11-28T08:00:00+00:00,508.4,509.9,498.8,503.8,21765.332
2024-11-28T12:00:00+00:00,503.8,511.0,497.5,498.6,21559.116
2024-11-28T16:00:00+00:00,498.6,510.0,498.6,509.0,5871.531
2024-11-28T20:00:00+00:00,509.0,513.4,505.5,511.1,9778.501
2024-11-29T00:00:00+00:00,511.1,515.5,506.5,512.8,14929.772
2024-11-29T04:00:00+00:00,512.8,513.2,500.3,500.6,8922.678
2024-11-29T08:00:00+00:00,500.6,512.3,499.6,511.2,15340.16
2024-11-29T12:00:00+00:00,511.3,522.9,508.9,513.4,20421.806
2024-11-29T16:00:00+00:00,513.4,520.3,510.1,516.4,13336.264
2024-11-29T20:00:00+00:00,516.3,522.2,515.5,518.3,9926.017
2024-11-30T00:00:00+00:00,518.4,525.3,505.0,514.2,21171.168
2024-11-30T04:00:00+00:00,514.3,520.1,510.5,517.0,12847.267
2024-11-30T08:00:00+00:00,517.0,540.0,515.0,518.8,47541.072
2024-11-30T12:00:00+00:00,518.8,538.0,518.6,529.4,35270.748
2024-11-30T16:00:00+00:00,529.3,536.6,526.6,529.3,10389.847
2024-11-30T20:00:00+00:00,529.2,530.7,520.7,525.9,8953.59
2024-12-01T00:00:00+00:00,526.1,528.2,509.9,518.2,23453.991
2024-12-01T04:00:00+00:00,518.2,521.6,515.1,520.2,7173.102
2024-12-01T08:00:00+00:00,520.1,525.7,517.0,520.8,9408.886
2024-12-01T12:00:00+00:00,520.7,532.7,517.5,528.6,21222.343
2024-12-01T16:00:00+00:00,528.7,532.0,520.9,525.3,22102.015
2024-12-01T20:00:00+00:00,525.3,538.2,512.6,532.0,38206.565
2024-12-02T00:00:00+00:00,532.1,562.0,529.8,532.3,82037.453
2024-12-02T04:00:00+00:00,532.3,538.3,521.2,525.7,36039.442
2024-12-02T08:00:00+00:00,525.7,531.4,494.7,498.6,75152.686
2024-12-02T12:00:00+00:00,498.6,534.8,496.8,528.4,76978.33
2024-12-02T16:00:00+00:00,528.5,530.0,501.5,519.0,32469.155
2024-12-02T20:00:00+00:00,519.0,539.6,517.8,538.3,43240.538
2024-12-03T00:00:00+00:00,538.3,548.5,527.9,537.9,27891.024
2024-12-03T04:00:00+00:00,537.9,557.2,526.7,533.6,45044.597
2024-12-03T08:00:00+00:00,533.7,543.0,525.0,540.9,26215.787
2024-12-03T12:00:00+00:00,540.9,575.0,511.5,530.5,125981.283
2024-12-03T16:00:00+00:00,530.6,542.6,523.0,533.7,35738.002
2024-12-03T20:00:00+00:00,533.8,591.7,532.4,585.6,64866.44
2024-12-04T00:00:00+00:00,585.6,601.9,560.1,572.0,79753.69
2024-12-04T04:00:00+00:00,572.0,579.1,567.5,577.8,26976.369
2024-12-04T08:00:00+00:00,577.9,583.1,564.9,568.5,41842.069
2024-12-04T12:00:00+00:00,568.6,572.6,555.9,566.4,54938.671
2024-12-04T16:00:00+00:00,566.4,569.3,541.3,566.5,39827.244
2024-12-04T20:00:00+00:00,566.5,587.8,565.3,583.7,57712.294
2024-12-05T00:00:00+00:00,583.7,614.0,550.0,585.2,93666.857
2024-12-05T04:00:00+00:00,585.2,631.8,573.6,619.6,76187.086
2024-12-05T08:00:00+00:00,619.7,624.7,601.0,616.3,51454.69
2024-12-05T12:00:00+00:00,616.3,634.7,605.9,610.4,61128.463
2024-12-05T16:00:00+00:00,610.3,619.6,601.8,603.9,19052.89
2024-12-05T20:00:00+00:00,603.9,607.8,571.0,588.6,45772.509
2024-12-06T00:00:00+00:00,588.5,598.2,583.4,595.5,30237.248
2024-12-06T04:00:00+00:00,595.4,601.1,592.7,596.1,23575.098
2024-12-06T08:00:00+00:00,596.1,599.3,579.8,592.9,27647.955
2024-12-06T12:00:00+00:00,592.9,623.6,587.0,621.9,71508.532
2024-12-06T16:00:00+00:00,622.0,640.0,621.2,636.6,38009.961
2024-12-06T20:00:00+00:00,636.6,638.0,614.6,618.6,20215.141
2024-12-07T00:00:00+00:00,618.7,626.7,613.2,614.5,17489.991
2024-12-07T04:00:00+00:00,614.4,618.2,610.6,616.6,19048.48
2024-12-07T08:00:00+00:00,616.6,623.5,611.6,615.9,28835.976
2024-12-07T12:00:00+00:00,616.0,619.6,609.7,618.5,26410.543
2024-12-07T16:00:00+00:00,618.5,619.6,604.3,609.0,12532.978
2024-12-07T20:00:00+00:00,609.0,614.5,607.0,607.6,6411.642
2024-12-08T00:00:00+00:00,607.6,622.9,605.7,619.7,19692.587
2024-12-08T04:00:00+00:00,619.4,625.1,607.8,614.3,29362.889
2024-12-08T08:00:00+00:00,614.3,616.0,601.0,615.1,27059.219
2024-12-08T12:00:00+00:00,615.2,624.4,609.7,618.3,19869.042
2024-12-08T16:00:00+00:00,618.3,624.2,615.0,618.7,9592.209
2024-12-08T20:00:00+00:00,619.0,624.1,613.5,622.3,6033.588
2024-12-09T00:00:00+00:00,622.3,623.8,601.9,610.4,25508.705
2024-12-09T04:00:00+00:00,610.4,614.0,594.5,603.9,24557.477
2024-12-09T08:00:00+00:00,603.8,608.9,588.0,590.2,52814.897
2024-12-09T12:00:00+00:00,590.3,615.0,586.0,596.5,39490.659
2024-12-09T16:00:00+00:00,596.5,606.9,591.1,598.0,14233.07
2024-12-09T20:00:00+00:00,598.1,608.0,514.4,551.5,76499.691
2024-12-10T00:00:00+00:00,551.6,564.4,525.0,544.4,52501.786
2024-12-10T04:00:00+00:00,544.3,548.8,531.7,545.6,24418.201
2024-12-10T08:00:00+00:00,545.6,552.2,539.1,541.3,15162.98
2024-12-10T12:00:00+00:00,541.4,542.8,500.7,501.7,53540.643
2024-12-10T16:00:00+00:00,502.1,510.6,485.2,507.4,42294.82
2024-12-10T20:00:00+00:00,507.4,520.4,503.3,516.2,17161.888
2024-12-11T00:00:00+00:00,516.2,521.4,502.7,519.3,19574.237
2024-12-11T04:00:00+00:00,519.2,524.1,516.4,518.0,7811.579
2024-12-11T08:00:00+00:00,518.1,534.9,517.8,533.0,14077.923
2024-12-11T12:00:00+00:00,533.2,550.0,531.4,549.2,42767.607
2024-12-11T16:00:00+00:00,549.3,550.0,540.9,543.8,17292.221
2024-12-11T20:00:00+00:00,543.9,550.5,542.0,546.6,8803.393
2024-12-12T00:00:00+00:00,546.6,564.2,541.7,556.7,15773.646
2024-12-12T04:00:00+00:00,556.7,563.4,552.2,555.3,14310.433
2024-12-12T08:00:00+00:00,555.3,559.6,545.1,547.7,10147.845
2024-12-12T12:00:00+00:00,547.9,558.0,545.6,552.1,22176.696
2024-12-12T16:00:00+00:00,552.2,557.2,538.1,540.4,12332.966
2024-12-12T20:00:00+00:00,540.1,548.3,537.1,540.1,9857.592
2024-12-13T00:00:00+00:00,540.1,543.3,528.6,537.0,9878.373
2024-12-13T04:00:00+00:00,536.9,539.3,525.9,531.3,7039.638
2024-12-13T08:00:00+00:00,531.2,536.3,526.1,530.0,6891.895
2024-12-13T12:00:00+00:00,530.1,543.9,528.5,528.6,9682.521
2024-12-13T16:00:00+00:00,528.6,539.4,527.3,539.0,11289.754
2024-12-13T20:00:00+00:00,539.1,543.1,531.3,542.5,7490.159
2024-12-14T00:00:00+00:00,542.4,551.7,534.1,546.0,12602.725
2024-12-14T04:00:00+00:00,546.0,546.7,541.1,542.8,4045.053
2024-12-14T08:00:00+00:00,542.8,545.2,536.6,537.2,4270.078
2024-12-14T12:00:00+00:00,537.2,538.2,521.8,529.4,14358.291
2024-12-14T16:00:00+00:00,529.3,534.2,520.3,526.2,11994.464
2024-12-14T20:00:00+00:00,526.0,535.3,519.8,534.0,4023.635
2024-12-15T00:00:00+00:00,534.1,536.7,526.9,530.6,5312.97
2024-12-15T04:00:00+00:00,530.6,542.1,528.3,531.9,6836.704
2024-12-15T08:00:00+00:00,531.9,540.3,528.4,538.5,7482.468
2024-12-15T12:00:00+00:00,538.5,547.2,538.5,541.0,10349.298
2024-12-15T16:00:00+00:00,541.0,544.4,536.2,537.8,5406.532
2024-12-15T20:00:00+00:00,537.8,550.4,524.5,546.2,13054.19
2024-12-16T00:00:00+00:00,546.3,557.1,534.5,536.1,16862.749
2024-12-16T04:00:00+00:00,536.1,546.2,535.2,539.6,7342.573
2024-12-16T08:00:00+00:00,539.6,540.8,522.4,523.9,9591.295
2024-12-16T12:00:00+00:00,523.9,539.9,522.0,539.4,12203.172
2024-12-16T16:00:00+00:00,539.5,552.2,538.9,545.5,16800.229
2024-12-16T20:00:00+00:00,545.5,548.3,536.2,538.1,8269.391
2024-12-17T00:00:00+00:00,538.1,539.3,528.2,538.0,9008.332
2024-12-17T04:00:00+00:00,537.8,538.4,531.5,533.7,5410.449
2024-12-17T08:00:00+00:00,533.7,543.8,533.6,539.8,10258.947
2024-12-17T12:00:00+00:00,539.7,544.7,525.8,529.7,14338.21
2024-12-17T16:00:00+00:00,529.5,547.5,526.8,536.8,14752.034
2024-12-17T20:00:00+00:00,536.8,539.5,524.1,529.9,10290.741
2024-12-18T00:00:00+00:00,530.1,543.5,526.6,527.7,17342.575
2024-12-18T04:00:00+00:00,527.6,529.3,515.0,521.1,11305.545
2024-12-18T08:00:00+00:00,521.1,529.9,517.2,526.4,5384.099
2024-12-18T12:00:00+00:00,526.4,527.9,510.7,518.1,14130.099
2024-12-18T16:00:00+00:00,518.0,527.5,509.5,509.5,9876.729
2024-12-18T20:00:00+00:00,509.4,511.5,472.9,480.4,49178.661
2024-12-19T00:00:00+00:00,480.3,484.6,457.9,482.7,27219.425
2024-12-19T04:00:00+00:00,482.5,484.5,477.0,482.7,9803.518
2024-12-19T08:00:00+00:00,482.6,488.9,477.2,487.6,6471.678
2024-12-19T12:00:00+00:00,487.7,488.6,464.4,472.7,12997.777
2024-12-19T16:00:00+00:00,472.6,476.7,425.4,432.5,62454.733
2024-12-19T20:00:00+00:00,432.9,447.3,421.3,438.7,23788.414
2024-12-20T00:00:00+00:00,438.8,450.2,431.5,446.2,13257.229
2024-12-20T04:00:00+00:00,446.2,447.9,430.9,438.9,13167.572
2024-12-20T08:00:00+00:00,438.9,439.5,390.5,391.3,75139.31
2024-12-20T12:00:00+00:00,391.5,447.7,390.7,436.8,39516.339
2024-12-20T16:00:00+00:00,436.8,447.5,434.1,444.1,14679.097
2024-12-20T20:00:00+00:00,444.1,451.5,435.7,449.2,7050.44
2024-12-21T00:00:00+00:00,449.2,454.3,445.5,453.0,7838.476
2024-12-21T04:00:00+00:00,453.0,471.9,452.5,469.6,14060.735
2024-12-21T08:00:00+00:00,469.6,472.9,465.0,468.6,13849.688
2024-12-21T12:00:00+00:00,468.6,468.7,442.4,454.5,29825.305
2024-12-21T16:00:00+00:00,454.5,460.1,446.0,452.7,19953.391
2024-12-21T20:00:00+00:00,452.7,459.5,447.6,456.1,13524.409
2024-12-22T00:00:00+00:00,456.0,459.5,447.6,455.1,14850.265
2024-12-22T04:00:00+00:00,455.0,457.3,440.8,449.7,10397.17
2024-12-22T08:00:00+00:00,449.7,461.3,449.7,456.6,9135.865
2024-12-22T12:00:00+00:00,456.5,459.6,441.6,445.2,10909.709
2024-12-22T16:00:00+00:00,445.2,454.3,439.4,440.9,7037.682
2024-12-22T20:00:00+00:00,440.9,450.4,434.4,445.8,9682.083
2024-12-23T00:00:00+00:00,445.8,457.7,433.8,455.6,13667.379
2024-12-23T04:00:00+00:00,455.6,458.7,436.6,441.8,19637.936
2024-12-23T08:00:00+00:00,441.7,449.4,440.9,444.7,5357.762
2024-12-23T12:00:00+00:00,444.5,447.3,432.4,433.0,9883.816
2024-12-23T16:00:00+00:00,433.0,451.7,432.4,447.3,12027.874
2024-12-23T20:00:00+00:00,447.2,466.2,446.0,460.9,12148.467
2024-12-24T00:00:00+00:00,460.9,461.1,450.5,456.6,7067.626
2024-12-24T04:00:00+00:00,456.5,466.0,453.7,457.3,10097.593
2024-12-24T08:00:00+00:00,457.2,462.6,455.5,462.2,4812.276
2024-12-24T12:00:00+00:00,462.1,477.5,460.6,476.7,11840.44
2024-12-24T16:00:00+00:00,476.8,478.8,467.3,467.4,7371.122
2024-12-24T20:00:00+00:00,467.4,472.0,464.1,470.3,5626.907
2024-12-25T00:00:00+00:00,470.2,470.4,461.8,463.8,7658.419
2024-12-25T04:00:00+00:00,463.7,466.8,462.5,463.0,3374.838
2024-12-25T08:00:00+00:00,463.0,471.5,462.3,462.8,5667.962
2024-12-25T12:00:00+00:00,462.9,467.5,460.8,462.2,5586.569
2024-12-25T16:00:00+00:00,462.1,463.9,455.2,461.3,11617.473
2024-12-25T20:00:00+00:00,461.2,466.3,457.7,465.4,3044.496
2024-12-26T00:00:00+00:00,465.3,468.3,456.2,457.0,4797.783
2024-12-26T04:00:00+00:00,457.0,457.0,451.1,452.1,6304.556
2024-12-26T08:00:00+00:00,452.2,453.1,436.8,440.8,9843.561
2024-12-26T12:00:00+00:00,440.8,442.3,436.0,438.2,5875.305
2024-12-26T16:00:00+00:00,438.3,441.9,433.0,438.6,4695.026
2024-12-26T20:00:00+00:00,438.4,440.7,433.1,437.3,3535.388
2024-12-27T00:00:00+00:00,437.2,442.6,434.7,442.6,4120.415
2024-12-27T04:00:00+00:00,442.6,449.0,437.8,441.5,5419.882
2024-12-27T08:00:00+00:00,441.6,462.7,441.6,457.8,12888.05
2024-12-27T12:00:00+00:00,458.0,459.0,440.1,442.6,9988.731
2024-12-27T16:00:00+00:00,442.5,449.4,439.8,447.1,5031.656
2024-12-27T20:00:00+00:00,447.3,447.4,437.6,441.3,4406.15
2024-12-28T00:00:00+00:00,441.2,443.9,438.4,443.3,3099.099
2024-12-28T04:00:00+00:00,443.3,443.5,438.5,439.5,2826.613
2024-12-28T08:00:00+00:00,439.6,443.2,439.3,442.4,2122.315
2024-12-28T12:00:00+00:00,442.4,449.5,439.9,444.2,4677.488
2024-12-28T16:00:00+00:00,444.2,451.3,443.5,447.4,3065.41
2024-12-28T20:00:00+00:00,447.5,453.8,446.6,451.6,1777.175
2024-12-29T00:00:00+00:00,451.6,451.8,447.0,450.5,2241.182
2024-12-29T04:00:00+00:00,450.6,453.5,448.0,453.2,2464.872
2024-12-29T08:00:00+00:00,453.2,453.9,449.3,449.3,3738.607
2024-12-29T12:00:00+00:00,449.3,452.8,444.5,446.8,4861.467
2024-12-29T16:00:00+00:00,446.9,447.3,441.1,443.4,3244.811
2024-12-29T20:00:00+00:00,443.2,444.3,435.3,439.1,4084.781
2024-12-30T00:00:00+00:00,439.0,450.5,437.3,445.2,6088.214
2024-12-30T04:00:00+00:00,445.1,452.0,443.8,449.4,3438.051
2024-12-30T08:00:00+00:00,449.4,453.4,443.6,448.9,11663.716
2024-12-30T12:00:00+00:00,448.9,453.1,428.9,434.0,9003.597
2024-12-30T16:00:00+00:00,433.9,450.1,430.9,449.8,6162.257
2024-12-30T20:00:00+00:00,449.8,452.9,439.0,444.0,7751.683
2024-12-31T00:00:00+00:00,444.1,444.2,434.9,436.4,4233.241
2024-12-31T04:00:00+00:00,436.4,441.3,433.7,438.3,11850.746
2024-12-31T08:00:00+00:00,438.4,449.8,437.9,448.1,6520.599
2024-12-31T12:00:00+00:00,448.1,455.5,446.5,450.0,8000.873
2024-12-31T16:00:00+00:00,450.2,451.3,436.0,436.8,6474.797
2024-12-31T20:00:00+00:00,436.7,438.7,433.1,434.5,4272.507
2025-01-01T00:00:00+00:00,434.5,440.9,433.9,435.9,3719.574
2025-01-01T04:00:00+00:00,435.9,437.3,433.9,435.7,2419.759
2025-01-01T08:00:00+00:00,435.6,436.3,430.5,435.2,2509.626
2025-01-01T12:00:00+00:00,435.2,444.7,435.2,444.6,5114.642
2025-01-01T16:00:00+00:00,444.6,451.5,440.5,450.2,6678.44
2025-01-01T20:00:00+00:00,450.8,455.8,436.0,450.5,24111.855
2025-01-02T00:00:00+00:00,450.5,459.1,450.5,456.9,7609.404
2025-01-02T04:00:00+00:00,456.9,462.3,456.0,459.4,7245.378
2025-01-02T08:00:00+00:00,459.4,465.2,458.8,463.6,7151.971
2025-01-02T12:00:00+00:00,463.8,466.6,458.7,461.3,9292.776
2025-01-02T16:00:00+00:00,461.4,463.7,456.3,459.2,5363.438
2025-01-02T20:00:00+00:00,459.2,462.9,458.1,461.7,2353.488
2025-01-03T00:00:00+00:00,461.7,465.1,458.2,464.9,3512.447
2025-01-03T04:00:00+00:00,464.9,464.9,455.6,457.1,3550.067
2025-01-03T08:00:00+00:00,457.2,464.6,456.4,464.1,3491.616
2025-01-03T12:00:00+00:00,464.0,472.5,462.6,471.7,10594.274
2025-01-03T16:00:00+00:00,471.8,477.5,471.8,475.4,10400.035
2025-01-03T20:00:00+00:00,475.4,475.6,472.1,473.9,5970.808
2025-01-04T00:00:00+00:00,473.8,475.9,468.7,475.9,4981.869
2025-01-04T04:00:00+00:00,475.8,481.5,472.2,478.4,9635.919
2025-01-04T08:00:00+00:00,478.5,479.1,469.9,474.2,5463.393
2025-01-04T12:00:00+00:00,474.1,483.1,472.7,475.6,19281.407
2025-01-04T16:00:00+00:00,475.5,482.5,474.8,476.1,9833.428
2025-01-04T20:00:00+00:00,476.1,479.9,474.7,478.9,3949.444
2025-01-05T00:00:00+00:00,478.9,479.8,471.6,473.2,4529.396
2025-01-05T04:00:00+00:00,473.3,475.6,472.0,472.8,1983.359
2025-01-05T08:00:00+00:00,472.8,472.8,466.3,468.4,5237.047
2025-01-05T12:00:00+00:00,468.3,470.5,462.5,467.5,4936.9
2025-01-05T16:00:00+00:00,467.6,469.6,464.0,468.4,2843.838
2025-01-05T20:00:00+00:00,468.5,473.2,468.4,470.9,4086.795
2025-01-06T00:00:00+00:00,471.1,477.7,464.6,475.1,8529.999
2025-01-06T04:00:00+00:00,475.2,476.9,469.6,471.7,6368.96
2025-01-06T08:00:00+00:00,471.8,474.4,467.8,473.4,4585.966
2025-01-06T12:00:00+00:00,473.4,480.9,466.2,480.1,9497.887
2025-01-06T16:00:00+00:00,480.3,485.9,476.6,481.3,9029.421
2025-01-06T20:00:00+00:00,481.2,483.0,475.5,483.0,3791.27
2025-01-07T00:00:00+00:00,482.9,486.3,478.8,480.0,6570.743
2025-01-07T04:00:00+00:00,480.4,481.0,475.7,477.6,4855.47
2025-01-07T08:00:00+00:00,477.7,478.6,466.7,468.9,8417.956
2025-01-07T12:00:00+00:00,468.9,470.6,441.2,447.0,28916.071
2025-01-07T16:00:00+00:00,447.1,449.8,439.4,440.9,14722.599
2025-01-07T20:00:00+00:00,440.9,442.2,435.4,436.9,8987.934
2025-01-08T00:00:00+00:00,437.0,441.7,433.3,438.2,9908.204
2025-01-08T04:00:00+00:00,438.3,438.4,426.4,433.5,8479.351
2025-01-08T08:00:00+00:00,433.4,439.6,430.5,433.2,5671.262
2025-01-08T12:00:00+00:00,433.3,442.2,431.5,438.4,7825.339
2025-01-08T16:00:00+00:00,438.3,438.9,418.2,431.0,18558.131
2025-01-08T20:00:00+00:00,431.1,436.4,428.2,434.4,3412.357
2025-01-09T00:00:00+00:00,434.3,437.2,429.6,433.3,4834.588
2025-01-09T04:00:00+00:00,433.4,434.2,421.9,423.1,5413.097
2025-01-09T08:00:00+00:00,423.1,429.2,421.7,427.3,4059.779
2025-01-09T12:00:00+00:00,427.3,431.8,412.6,429.7,9611.618
2025-01-09T16:00:00+00:00,429.6,431.9,416.1,416.3,7141.376
2025-01-09T20:00:00+00:00,416.4,423.7,411.3,421.9,7188.318
2025-01-10T00:00:00+00:00,421.9,425.8,420.5,425.6,3689.624
2025-01-10T04:00:00+00:00,425.5,435.4,425.3,433.2,6783.178
2025-01-10T08:00:00+00:00,433.1,436.0,431.8,433.8,3333.692
2025-01-10T12:00:00+00:00,433.9,446.5,429.9,440.6,38193.648
2025-01-10T16:00:00+00:00,440.7,450.5,435.4,448.8,11212.159
2025-01-10T20:00:00+00:00,448.8,450.7,445.8,450.1,5054.123
2025-01-11T00:00:00+00:00,450.4,451.2,441.0,442.0,6599.539
2025-01-11T04:00:00+00:00,442.1,442.4,438.4,439.2,2960.292
2025-01-11T08:00:00+00:00,439.2,441.9,437.3,439.4,3256.501
2025-01-11T12:00:00+00:00,439.4,440.3,436.7,437.3,2418.584
2025-01-11T16:00:00+00:00,437.4,440.5,435.9,439.5,3277.367
2025-01-11T20:00:00+00:00,439.7,444.6,438.7,441.0,2284.933
2025-01-12T00:00:00+00:00,440.9,444.5,439.3,441.4,3399.454
2025-01-12T04:00:00+00:00,441.4,442.3,439.4,441.6,1744.018
2025-01-12T08:00:00+00:00,441.6,445.3,436.4,445.1,3156.936
2025-01-12T12:00:00+00:00,445.1,458.6,444.2,451.2,22068.181
2025-01-12T16:00:00+00:00,451.3,464.0,451.3,456.9,13678.35
2025-01-12T20:00:00+00:00,457.0,458.2,444.5,447.9,9026.395
2025-01-13T00:00:00+00:00,448.0,454.2,431.9,434.5,11251.007
2025-01-13T04:00:00+00:00,434.4,438.9,427.1,429.7,5454.506
2025-01-13T08:00:00+00:00,429.7,430.4,406.9,407.0,12855.258
2025-01-13T12:00:00+00:00,407.1,420.3,400.5,416.1,16816.509
2025-01-13T16:00:00+00:00,416.1,416.7,405.6,412.9,8111.145
2025-01-13T20:00:00+00:00,412.9,429.4,410.9,428.0,6909.198
2025-01-14T00:00:00+00:00,428.0,432.0,426.3,429.5,3660.36
2025-01-14T04:00:00+00:00,429.5,434.3,429.5,429.9,2822.026
2025-01-14T08:00:00+00:00,429.9,441.5,429.9,436.5,5997.271
2025-01-14T12:00:00+00:00,436.5,441.1,432.2,434.7,4858.73
2025-01-14T16:00:00+00:00,434.7,440.2,431.2,436.8,11377.046
2025-01-14T20:00:00+00:00,436.9,439.7,433.8,437.9,3693.706
2025-01-15T00:00:00+00:00,437.9,441.6,437.0,440.9,4892.682
2025-01-15T04:00:00+00:00,440.9,442.5,437.2,439.5,3495.463
2025-01-15T08:00:00+00:00,439.5,440.5,431.0,433.9,3991.76
2025-01-15T12:00:00+00:00,433.9,449.8,432.0,446.0,15963.617
2025-01-15T16:00:00+00:00,446.1,449.0,439.5,448.5,8384.605
2025-01-15T20:00:00+00:00,448.5,463.5,447.8,460.3,14314.682
2025-01-16T00:00:00+00:00,460.3,467.6,452.4,461.4,24542.131
2025-01-16T04:00:00+00:00,461.4,464.5,456.8,457.7,8986.718
2025-01-16T08:00:00+00:00,457.7,459.2,451.0,456.6,7640.353
2025-01-16T12:00:00+00:00,456.6,464.0,446.4,462.8,23639.086
2025-01-16T16:00:00+00:00,462.8,471.5,462.5,468.3,17752.27
2025-01-16T20:00:00+00:00,468.4,470.4,458.2,461.7,6639.771
2025-01-17T00:00:00+00:00,461.7,477.3,461.7,476.6,14291.483
2025-01-17T04:00:00+00:00,476.5,483.6,475.8,477.8,14531.633
2025-01-17T08:00:00+00:00,477.9,484.2,476.6,480.8,13253.538
2025-01-17T12:00:00+00:00,480.8,486.0,478.4,481.7,15652.621
2025-01-17T16:00:00+00:00,481.7,499.9,481.1,499.2,17379.369
2025-01-17T20:00:00+00:00,499.3,500.6,489.1,489.4,12500.637
2025-01-18T00:00:00+00:00,489.5,495.0,474.7,478.6,15514.971
2025-01-18T04:00:00+00:00,478.6,480.4,462.5,464.1,29018.321
2025-01-18T08:00:00+00:00,464.2,469.8,458.2,469.5,19685.508
2025-01-18T12:00:00+00:00,469.5,472.0,463.1,466.8,13952.391
2025-01-18T16:00:00+00:00,466.9,468.4,459.3,466.6,8497.766
2025-01-18T20:00:00+00:00,466.7,467.9,460.9,466.4,4697.935
2025-01-19T00:00:00+00:00,466.4,471.3,463.1,463.1,8393.515
2025-01-19T04:00:00+00:00,463.1,463.4,452.7,458.0,9492.011
2025-01-19T08:00:00+00:00,457.9,458.0,436.6,438.0,23474.42
2025-01-19T12:00:00+00:00,438.1,464.4,437.5,461.4,15255.71
2025-01-19T16:00:00+00:00,461.4,464.0,456.2,462.8,8264.552
2025-01-19T20:00:00+00:00,462.8,465.4,418.9,427.7,40320.457
2025-01-20T00:00:00+00:00,427.7,435.9,415.4,432.6,30628.929
2025-01-20T04:00:00+00:00,432.6,483.8,429.7,462.6,43555.19
2025-01-20T08:00:00+00:00,462.7,467.3,452.6,455.3,12826.342
2025-01-20T12:00:00+00:00,455.4,456.6,439.4,441.4,16994.745
2025-01-20T16:00:00+00:00,441.5,447.5,421.2,438.1,26624.074
2025-01-20T20:00:00+00:00,438.1,438.8,426.2,430.9,8201.842
2025-01-21T00:00:00+00:00,430.9,431.9,421.5,427.2,12587.852
2025-01-21T04:00:00+00:00,427.3,431.5,419.7,428.9,8200.753
2025-01-21T08:00:00+00:00,428.9,439.4,427.1,439.0,6526.817
2025-01-21T12:00:00+00:00,439.0,444.5,435.0,440.2,8471.12
2025-01-21T16:00:00+00:00,440.2,453.8,439.9,453.6,8447.829
2025-01-21T20:00:00+00:00,453.6,454.7,444.6,446.5,6868.251
2025-01-22T00:00:00+00:00,446.5,451.4,446.1,449.5,4462.439
2025-01-22T04:00:00+00:00,449.4,450.7,445.3,446.0,3536.147
2025-01-22T08:00:00+00:00,446.2,447.9,442.4,446.1,4976.785
2025-01-22T12:00:00+00:00,446.2,447.5,437.4,440.1,6149.457
2025-01-22T16:00:00+00:00,440.2,445.8,437.6,440.5,4615.449
2025-01-22T20:00:00+00:00,440.6,441.7,433.4,435.4,3636.575
2025-01-23T00:00:00+00:00,435.4,436.3,426.1,431.9,6908.844
2025-01-23T04:00:00+00:00,431.9,432.7,427.8,431.5,4349.348
2025-01-23T08:00:00+00:00,431.5,432.7,426.2,428.4,5070.679
2025-01-23T12:00:00+00:00,428.4,440.7,425.2,440.1,10857.382
2025-01-23T16:00:00+00:00,440.2,447.5,430.0,431.9,7767.869
2025-01-23T20:00:00+00:00,431.8,442.5,427.2,437.3,14374.514
2025-01-24T00:00:00+00:00,437.4,438.6,426.4,431.0,8553.979
2025-01-24T04:00:00+00:00,430.8,441.7,430.2,436.6,7646.726
2025-01-24T08:00:00+00:00,436.7,442.3,435.8,440.6,4962.851
2025-01-24T12:00:00+00:00,440.6,443.1,435.8,439.0,5929.807
2025-01-24T16:00:00+00:00,439.0,440.8,436.1,437.5,4644.551
2025-01-24T20:00:00+00:00,437.6,438.5,428.3,432.0,7265.101
2025-01-25T00:00:00+00:00,432.1,443.8,430.5,443.4,10018.874
2025-01-25T04:00:00+00:00,443.4,445.1,434.5,436.8,5617.667
2025-01-25T08:00:00+00:00,436.8,439.0,432.8,435.3,2780.805
2025-01-25T12:00:00+00:00,435.3,443.9,434.5,443.2,6067.3
2025-01-25T16:00:00+00:00,443.2,455.4,443.2,449.8,15024.777
2025-01-25T20:00:00+00:00,449.9,452.3,444.6,445.4,3283.443
2025-01-26T00:00:00+00:00,445.4,448.1,442.4,443.0,3231.016
2025-01-26T04:00:00+00:00,443.0,445.6,440.3,441.7,2439.563
2025-01-26T08:00:00+00:00,441.7,442.0,435.4,439.2,3782.61
2025-01-26T12:00:00+00:00,439.1,439.1,435.1,436.1,3179.758
2025-01-26T16:00:00+00:00,436.1,438.2,434.6,437.9,2768.142
2025-01-26T20:00:00+00:00,437.9,437.9,424.6,425.2,6098.866
2025-01-27T00:00:00+00:00,425.2,427.8,413.5,420.9,15941.287
2025-01-27T04:00:00+00:00,421.0,421.0,396.1,405.1,19986.791
2025-01-27T08:00:00+00:00,405.1,406.4,397.0,402.1,11384.707
2025-01-27T12:00:00+00:00,402.1,420.9,401.4,418.3,11325.797
2025-01-27T16:00:00+00:00,418.4,420.2,407.1,412.5,5536.75
2025-01-27T20:00:00+00:00,412.6,429.0,412.6,427.6,7670.546
2025-01-28T00:00:00+00:00,427.6,431.1,423.4,427.3,3536.77
2025-01-28T04:00:00+00:00,427.2,430.9,426.3,427.9,2969.904
2025-01-28T08:00:00+00:00,427.8,430.0,425.1,429.4,3248.195
2025-01-28T12:00:00+00:00,429.5,431.7,425.5,428.0,4734.489
2025-01-28T16:00:00+00:00,428.1,428.6,420.0,422.0,3859.501
2025-01-28T20:00:00+00:00,422.0,422.3,406.7,410.5,4711.949
2025-01-29T00:00:00+00:00,410.5,417.3,410.1,414.8,3980.081
2025-01-29T04:00:00+00:00,414.8,419.3,413.6,417.2,2114.723
2025-01-29T08:00:00+00:00,417.2,418.8,411.3,414.8,2362.134
2025-01-29T12:00:00+00:00,414.8,416.1,407.3,410.7,3458.795
2025-01-29T16:00:00+00:00,410.7,418.7,404.3,415.1,10222.795
2025-01-29T20:00:00+00:00,415.1,421.8,411.0,415.0,7026.921
2025-01-30T00:00:00+00:00,415.1,428.5,412.6,427.9,6725.12
2025-01-30T04:00:00+00:00,427.8,432.1,426.8,427.9,5853.491
2025-01-30T08:00:00+00:00,427.9,431.6,427.2,428.5,5063.553
2025-01-30T12:00:00+00:00,428.4,436.8,427.2,435.2,10114.63
2025-01-30T16:00:00+00:00,435.2,439.2,434.9,437.5,5732.574
2025-01-30T20:00:00+00:00,437.6,438.8,434.2,434.7,6577.025
2025-01-31T00:00:00+00:00,434.8,437.3,427.8,430.2,5631.18
2025-01-31T04:00:00+00:00,430.3,433.5,428.1,430.8,7221.671
2025-01-31T08:00:00+00:00,430.7,437.1,428.8,436.6,4167.088
2025-01-31T12:00:00+00:00,436.7,445.0,433.5,443.5,8256.387
2025-01-31T16:00:00+00:00,443.6,445.3,426.4,429.2,9069.336
2025-01-31T20:00:00+00:00,429.1,429.1,419.8,424.2,21481.704
2025-02-01T00:00:00+00:00,424.3,430.9,422.6,427.0,2984.558
2025-02-01T04:00:00+00:00,427.1,431.5,425.6,426.2,6436.131
2025-02-01T08:00:00+00:00,426.2,427.1,420.3,424.4,6239.734
2025-02-01T12:00:00+00:00,424.4,425.6,416.7,419.0,6891.852
2025-02-01T16:00:00+00:00,419.1,420.3,408.0,409.2,7057.609
2025-02-01T20:00:00+00:00,409.2,411.5,400.0,404.0,10502.995
2025-02-02T00:00:00+00:00,404.0,410.4,391.3,392.3,14956.776
2025-02-02T04:00:00+00:00,392.4,402.4,391.4,398.2,7303.623
2025-02-02T08:00:00+00:00,398.1,402.9,392.1,392.9,5794.055
2025-02-02T12:00:00+00:00,392.9,399.1,389.5,394.4,9042.177
2025-02-02T16:00:00+00:00,394.4,394.4,358.3,370.7,50404.964
2025-02-02T20:00:00+00:00,370.8,374.7,341.5,360.4,33713.588
2025-02-03T00:00:00+00:00,360.6,360.6,270.0,299.6,136936.63
2025-02-03T04:00:00+00:00,299.7,320.0,287.9,319.5,54239.217
2025-02-03T08:00:00+00:00,319.4,322.7,309.4,320.1,32775.422
2025-02-03T12:00:00+00:00,320.2,332.9,305.9,331.0,74222.375
2025-02-03T16:00:00+00:00,330.9,345.0,328.9,344.3,26513.611
2025-02-03T20:00:00+00:00,344.3,354.4,337.6,353.2,23278.298
2025-02-04T00:00:00+00:00,353.2,355.7,340.6,343.3,12026.219
2025-02-04T04:00:00+00:00,343.2,344.5,322.8,324.0,20941.466
2025-02-04T08:00:00+00:00,324.0,337.0,322.5,330.4,8904.173
2025-02-04T12:00:00+00:00,330.4,340.1,329.2,334.0,15353.406
2025-02-04T16:00:00+00:00,334.0,345.4,332.1,334.3,10029.626
2025-02-04T20:00:00+00:00,334.3,337.2,321.1,329.7,16758.369
2025-02-05T00:00:00+00:00,329.8,334.5,327.5,331.9,6362.582
2025-02-05T04:00:00+00:00,331.8,336.2,329.5,332.5,4582.433
2025-02-05T08:00:00+00:00,332.5,337.7,327.5,336.6,13608.846
2025-02-05T12:00:00+00:00,336.6,338.3,331.3,334.0,7040.394
2025-02-05T16:00:00+00:00,333.9,334.8,323.2,330.6,9476.341
2025-02-05T20:00:00+00:00,330.7,331.7,323.8,328.0,5050.271
2025-02-06T00:00:00+00:00,328.1,330.3,325.2,329.1,4676.47
2025-02-06T04:00:00+00:00,329.1,335.2,328.4,332.4,3616.491
2025-02-06T08:00:00+00:00,332.4,333.8,327.2,329.9,4533.69
2025-02-06T12:00:00+00:00,330.0,330.7,313.7,316.1,14657.642
2025-02-06T16:00:00+00:00,316.2,321.7,314.3,315.0,8641.935
2025-02-06T20:00:00+00:00,314.9,321.5,313.7,316.2,4819.96
2025-02-07T00:00:00+00:00,316.2,324.1,315.9,321.8,5053.785
2025-02-07T04:00:00+00:00,321.9,323.6,315.6,320.8,4773.701
2025-02-07T08:00:00+00:00,320.9,327.7,319.7,327.1,4502.959
2025-02-07T12:00:00+00:00,327.0,335.2,324.2,328.2,15607.201
2025-02-07T16:00:00+00:00,328.3,329.5,322.4,324.2,5666.886
2025-02-07T20:00:00+00:00,324.2,324.3,308.4,318.6,9511.55
2025-02-08T00:00:00+00:00,318.6,321.0,316.6,317.9,3117.09
2025-02-08T04:00:00+00:00,317.9,320.5,314.7,319.0,4191.958
2025-02-08T08:00:00+00:00,319.0,319.4,315.6,317.7,3461.672
2025-02-08T12:00:00+00:00,317.6,321.2,315.8,318.3,2863.318
2025-02-08T16:00:00+00:00,318.4,324.2,317.5,323.1,2734.883
2025-02-08T20:00:00+00:00,323.0,324.3,320.8,323.1,1366.892
2025-02-09T00:00:00+00:00,323.2,328.4,321.6,328.3,2993.433
2025-02-09T04:00:00+00:00,328.3,328.4,324.7,326.2,12047.405
2025-02-09T08:00:00+00:00,326.3,327.7,324.5,325.3,2231.289
2025-02-09T12:00:00+00:00,325.3,328.5,321.2,327.3,5555.244
2025-02-09T16:00:00+00:00,327.3,329.4,323.2,324.6,3003.259
2025-02-09T20:00:00+00:00,324.6,327.7,312.8,324.5,7648.859
2025-02-10T00:00:00+00:00,324.4,330.0,315.4,324.3,9980.237
2025-02-10T04:00:00+00:00,324.3,331.0,323.4,330.9,5042.683
2025-02-10T08:00:00+00:00,330.8,334.6,328.9,332.0,7525.338
2025-02-10T12:00:00+00:00,331.9,334.3,328.3,329.5,5905.433
2025-02-10T16:00:00+00:00,329.6,332.4,329.1,329.6,2719.764
2025-02-10T20:00:00+00:00,329.5,330.7,327.5,329.3,3854.004
2025-02-11T00:00:00+00:00,329.3,334.6,329.1,333.9,5865.745
2025-02-11T04:00:00+00:00,333.9,344.4,333.8,340.9,8508.741
2025-02-11T08:00:00+00:00,341.0,342.6,337.4,340.2,3742.52
2025-02-11T12:00:00+00:00,340.2,341.5,333.6,337.2,6484.823
2025-02-11T16:00:00+00:00,337.2,338.2,325.7,327.2,6143.0
2025-02-11T20:00:00+00:00,327.2,334.9,327.0,331.4,4320.474
2025-02-12T00:00:00+00:00,331.3,334.6,327.0,328.9,4566.148
2025-02-12T04:00:00+00:00,329.0,331.6,326.9,330.3,2874.026
2025-02-12T08:00:00+00:00,330.2,333.9,329.6,332.3,5063.618
2025-02-12T12:00:00+00:00,332.4,336.1,321.3,329.4,20845.069
2025-02-12T16:00:00+00:00,329.5,340.3,326.9,339.2,7239.704
2025-02-12T20:00:00+00:00,339.3,347.0,338.2,343.1,6737.557
2025-02-13T00:00:00+00:00,343.1,345.8,340.9,342.7,3720.048
2025-02-13T04:00:00+00:00,342.8,342.9,333.0,333.7,6213.426
2025-02-13T08:00:00+00:00,333.7,335.0,330.0,332.7,4016.594
2025-02-13T12:00:00+00:00,332.8,334.9,327.4,331.7,6947.908
2025-02-13T16:00:00+00:00,331.7,335.5,327.5,333.1,5917.616
2025-02-13T20:00:00+00:00,333.1,338.1,333.0,335.0,3092.829
2025-02-14T00:00:00+00:00,335.1,340.1,334.3,339.8,4783.43
2025-02-14T04:00:00+00:00,339.9,340.0,336.3,338.5,1736.715
2025-02-14T08:00:00+00:00,338.5,344.9,338.4,342.8,6147.684
2025-02-14T12:00:00+00:00,342.9,346.5,340.7,344.6,5618.757
2025-02-14T16:00:00+00:00,344.7,351.0,341.5,344.8,7868.774
2025-02-14T20:00:00+00:00,344.7,345.7,338.3,341.5,5381.323
2025-02-15T00:00:00+00:00,341.5,345.7,340.3,344.2,2350.805
2025-02-15T04:00:00+00:00,344.1,344.7,339.4,340.8,3971.399
2025-02-15T08:00:00+00:00,340.8,342.4,339.2,340.4,2005.438
2025-02-15T12:00:00+00:00,340.5,341.4,335.1,336.3,3422.194
2025-02-15T16:00:00+00:00,336.4,337.4,333.0,333.2,2718.495
2025-02-15T20:00:00+00:00,333.3,334.0,331.0,332.9,2488.991
2025-02-16T00:00:00+00:00,333.0,334.5,331.2,333.2,2831.349
2025-02-16T04:00:00+00:00,333.2,335.0,330.8,331.3,1602.909
2025-02-16T08:00:00+00:00,331.2,335.0,330.5,334.6,3329.895
2025-02-16T12:00:00+00:00,334.6,334.7,327.9,330.6,3805.378
2025-02-16T16:00:00+00:00,330.6,331.4,325.6,328.3,2097.751
2025-02-16T20:00:00+00:00,328.3,329.3,325.6,326.3,2183.797
2025-02-17T00:00:00+00:00,326.2,330.8,325.9,327.7,2811.761
2025-02-17T04:00:00+00:00,327.7,329.3,322.2,325.8,5488.797
2025-02-17T08:00:00+00:00,325.8,330.7,324.3,328.6,5508.27
2025-02-17T12:00:00+00:00,328.6,337.0,326.7,327.3,12309.78
2025-02-17T16:00:00+00:00,327.3,328.9,317.1,321.1,21011.682
2025-02-17T20:00:00+00:00,321.1,328.4,320.8,323.8,2157.169
2025-02-18T00:00:00+00:00,323.9,325.3,321.6,323.9,3689.087
2025-02-18T04:00:00+00:00,323.9,324.7,312.9,315.2,7004.317
2025-02-18T08:00:00+00:00,315.2,318.8,311.8,316.6,5521.84
2025-02-18T12:00:00+00:00,316.5,320.6,310.5,312.6,8244.737
2025-02-18T16:00:00+00:00,312.6,315.6,307.6,314.1,9443.728
2025-02-18T20:00:00+00:00,314.1,316.6,312.2,316.3,3295.06
2025-02-19T00:00:00+00:00,316.2,317.3,313.1,314.9,4316.364
2025-02-19T04:00:00+00:00,315.0,319.9,311.8,319.1,7873.793
2025-02-19T08:00:00+00:00,319.1,324.3,317.7,324.0,4675.088
2025-02-19T12:00:00+00:00,324.0,324.3,318.4,320.2,6287.424
2025-02-19T16:00:00+00:00,320.3,323.8,318.9,321.4,2193.94
2025-02-19T20:00:00+00:00,321.3,323.3,319.5,322.8,1858.351
2025-02-20T00:00:00+00:00,322.8,326.5,322.0,325.6,4114.994
2025-02-20T04:00:00+00:00,325.6,327.2,322.1,322.6,2762.444
2025-02-20T08:00:00+00:00,322.6,323.4,321.2,322.5,3388.223
2025-02-20T12:00:00+00:00,322.6,325.5,320.0,320.6,5443.955
2025-02-20T16:00:00+00:00,320.7,325.8,320.4,325.0,2532.813
2025-02-20T20:00:00+00:00,325.0,327.1,323.1,325.9,2048.809
2025-02-21T00:00:00+00:00,326.0,327.0,324.2,324.5,2499.656
2025-02-21T04:00:00+00:00,324.7,328.8,324.7,328.0,3310.96
2025-02-21T08:00:00+00:00,328.1,334.1,327.5,328.7,4072.058
2025-02-21T12:00:00+00:00,328.7,333.5,319.5,324.2,7925.959
2025-02-21T16:00:00+00:00,324.2,329.3,310.5,312.0,6844.566
2025-02-21T20:00:00+00:00,312.0,315.5,309.8,313.8,3398.327
2025-02-22T00:00:00+00:00,313.9,317.3,312.6,317.2,2574.063
2025-02-22T04:00:00+00:00,317.3,319.6,316.9,317.3,2566.398
2025-02-22T08:00:00+00:00,317.4,320.2,316.6,318.9,3970.752
2025-02-22T12:00:00+00:00,319.0,321.6,318.5,320.8,3771.595
2025-02-22T16:00:00+00:00,320.9,322.5,320.5,322.0,3309.002
2025-02-22T20:00:00+00:00,322.0,322.6,320.6,320.9,2039.227
2025-02-23T00:00:00+00:00,321.0,326.2,320.5,325.8,5273.66
2025-02-23T04:00:00+00:00,325.8,332.4,325.4,330.7,6437.099
2025-02-23T08:00:00+00:00,330.8,332.4,327.5,328.4,5432.344
2025-02-23T12:00:00+00:00,328.3,329.2,323.4,324.0,4435.624
2025-02-23T16:00:00+00:00,324.1,327.1,323.8,325.2,3256.861
2025-02-23T20:00:00+00:00,325.1,328.8,324.6,327.8,2981.703
2025-02-24T00:00:00+00:00,327.9,329.5,317.5,318.1,8386.039
2025-02-24T04:00:00+00:00,318.1,319.7,315.0,317.1,6937.426
2025-02-24T08:00:00+00:00,317.1,318.1,310.3,313.6,5404.923
2025-02-24T12:00:00+00:00,313.5,315.2,302.8,306.7,8822.546
2025-02-24T16:00:00+00:00,306.7,312.5,301.8,304.9,9050.241
2025-02-24T20:00:00+00:00,305.0,309.3,287.5,291.5,20984.766
2025-02-25T00:00:00+00:00,291.6,296.7,285.5,292.6,10095.076
2025-02-25T04:00:00+00:00,292.6,294.9,275.2,282.9,33073.966
2025-02-25T08:00:00+00:00,282.8,287.7,275.8,286.7,14227.402
2025-02-25T12:00:00+00:00,286.8,288.7,276.9,282.7,14679.515
2025-02-25T16:00:00+00:00,282.8,290.2,280.1,290.0,8387.866
2025-02-25T20:00:00+00:00,290.0,296.3,288.4,291.8,4669.476
2025-02-26T00:00:00+00:00,291.8,297.8,289.4,296.8,5103.305
2025-02-26T04:00:00+00:00,296.7,298.8,293.6,295.2,11333.45
2025-02-26T08:00:00+00:00,295.1,297.9,292.7,294.2,5104.51
2025-02-26T12:00:00+00:00,294.2,299.0,288.2,296.1,9160.259
2025-02-26T16:00:00+00:00,296.1,297.9,284.4,287.5,15420.266
2025-02-26T20:00:00+00:00,287.5,301.4,285.4,294.0,10516.713
2025-02-27T00:00:00+00:00,293.9,296.7,291.2,295.8,5286.155
2025-02-27T04:00:00+00:00,295.7,302.1,294.3,300.0,5891.977
2025-02-27T08:00:00+00:00,300.1,303.5,299.2,302.0,5644.108
2025-02-27T12:00:00+00:00,302.0,303.5,295.4,298.8,7228.851
2025-02-27T16:00:00+00:00,298.8,300.4,294.5,295.4,4637.022
2025-02-27T20:00:00+00:00,295.5,297.7,290.1,296.8,4880.009
2025-02-28T00:00:00+00:00,296.9,297.5,277.4,277.7,20529.096
2025-02-28T04:00:00+00:00,277.8,280.3,269.8,275.3,20631.037
2025-02-28T08:00:00+00:00,275.3,285.9,270.5,280.9,14026.117
2025-02-28T12:00:00+00:00,280.8,306.6,280.3,305.0,26793.421
2025-02-28T16:00:00+00:00,304.9,318.1,303.8,317.7,24551.586
2025-02-28T20:00:00+00:00,317.7,320.1,314.1,315.8,11444.064
2025-03-01T00:00:00+00:00,315.9,324.0,314.4,322.5,15689.301
2025-03-01T04:00:00+00:00,322.4,324.4,311.2,312.5,12794.645
2025-03-01T08:00:00+00:00,312.5,314.9,309.5,310.6,6789.793
2025-03-01T12:00:00+00:00,310.7,312.3,307.6,309.2,8151.539
2025-03-01T16:00:00+00:00,309.2,311.1,307.9,310.0,3518.607
2025-03-01T20:00:00+00:00,310.1,313.7,308.9,311.4,4241.166
2025-03-02T00:00:00+00:00,311.5,317.0,309.9,314.9,11628.464
2025-03-02T04:00:00+00:00,315.1,319.5,314.9,317.4,10077.097
2025-03-02T08:00:00+00:00,317.4,320.7,314.3,318.1,34121.973
2025-03-02T12:00:00+00:00,318.1,331.9,314.8,324.4,20359.394
2025-03-02T16:00:00+00:00,324.5,341.5,323.8,336.3,30631.16
2025-03-02T20:00:00+00:00,336.3,336.6,331.4,334.2,9602.615
2025-03-03T00:00:00+00:00,334.2,335.2,324.7,326.7,10706.718
2025-03-03T04:00:00+00:00,326.8,328.6,314.4,318.7,19652.392
2025-03-03T08:00:00+00:00,318.7,320.9,310.9,319.5,24583.629
2025-03-03T12:00:00+00:00,319.5,357.5,318.4,344.0,108636.841
2025-03-03T16:00:00+00:00,344.1,350.1,323.7,325.7,47008.619
2025-03-03T20:00:00+00:00,325.8,327.5,315.9,321.3,19947.998
2025-03-04T00:00:00+00:00,321.4,330.2,300.6,304.4,41985.318
2025-03-04T04:00:00+00:00,304.4,311.6,302.1,307.0,18921.321
2025-03-04T08:00:00+00:00,307.0,314.3,304.8,305.2,9460.795
2025-03-04T12:00:00+00:00,305.2,319.7,295.5,304.8,26914.063
2025-03-04T16:00:00+00:00,304.8,316.0,291.1,315.2,12771.851
2025-03-04T20:00:00+00:00,315.2,322.6,311.4,320.5,15202.842
2025-03-05T00:00:00+00:00,320.6,355.9,319.5,343.4,63871.727
2025-03-05T04:00:00+00:00,343.4,360.0,339.7,353.1,35197.465
2025-03-05T08:00:00+00:00,353.0,385.0,351.7,378.1,85032.323
2025-03-05T12:00:00+00:00,378.0,396.0,374.0,389.9,111020.543
2025-03-05T16:00:00+00:00,389.8,396.4,382.5,391.5,46989.547
2025-03-05T20:00:00+00:00,391.5,399.9,387.2,392.2,29493.942
2025-03-06T00:00:00+00:00,392.3,404.5,384.2,395.0,42317.453
2025-03-06T04:00:00+00:00,395.0,420.0,394.8,404.4,54116.114
2025-03-06T08:00:00+00:00,404.4,404.7,391.1,395.7,35240.593
2025-03-06T12:00:00+00:00,395.7,397.0,384.0,392.1,39094.716
2025-03-06T16:00:00+00:00,392.2,394.8,383.7,390.4,15947.397
2025-03-06T20:00:00+00:00,390.5,403.0,390.1,395.0,12209.6
2025-03-07T00:00:00+00:00,395.0,410.5,382.9,391.2,57342.001
2025-03-07T04:00:00+00:00,391.2,409.6,390.8,404.3,23554.665
2025-03-07T08:00:00+00:00,404.3,404.3,394.7,399.0,20902.461
2025-03-07T12:00:00+00:00,399.0,404.5,386.0,390.7,33387.441
2025-03-07T16:00:00+00:00,390.6,398.5,383.2,395.9,20623.588
2025-03-07T20:00:00+00:00,395.9,400.9,387.4,389.0,13700.082
2025-03-08T00:00:00+00:00,389.0,393.6,377.5,379.8,16993.872
2025-03-08T04:00:00+00:00,379.9,385.1,376.6,382.4,9207.184
2025-03-08T08:00:00+00:00,382.5,386.8,377.0,384.8,8779.38
2025-03-08T12:00:00+00:00,384.9,391.0,384.3,388.2,8988.515
2025-03-08T16:00:00+00:00,388.1,396.3,379.0,391.8,15923.011
2025-03-08T20:00:00+00:00,391.8,392.3,384.4,385.9,4638.763
2025-03-09T00:00:00+00:00,385.8,387.0,377.0,377.2,8184.188
2025-03-09T04:00:00+00:00,377.3,382.6,376.5,381.2,5470.707
2025-03-09T08:00:00+00:00,381.2,381.2,369.5,372.1,12130.113
2025-03-09T12:00:00+00:00,372.1,373.2,365.2,366.2,15294.384
2025-03-09T16:00:00+00:00,366.2,368.7,361.0,366.7,22913.496
2025-03-09T20:00:00+00:00,366.6,367.5,355.9,357.5,10313.406
2025-03-10T00:00:00+00:00,357.6,372.8,353.1,360.2,21469.431
2025-03-10T04:00:00+00:00,360.2,363.5,355.4,356.3,7816.313
2025-03-10T08:00:00+00:00,356.3,370.9,350.9,369.6,16806.97
2025-03-10T12:00:00+00:00,369.6,370.1,349.5,355.5,19288.932
2025-03-10T16:00:00+00:00,355.5,356.7,336.2,344.8,24040.737
2025-03-10T20:00:00+00:00,344.8,346.1,330.6,331.7,7149.164
2025-03-11T00:00:00+00:00,331.8,337.8,316.0,332.6,24384.276
2025-03-11T04:00:00+00:00,332.6,338.7,331.0,337.4,13834.264
2025-03-11T08:00:00+00:00,337.4,343.1,335.0,335.9,6920.409
2025-03-11T12:00:00+00:00,335.9,340.8,325.6,336.7,17571.312
2025-03-11T16:00:00+00:00,336.6,350.9,332.9,347.8,12336.848
2025-03-11T20:00:00+00:00,347.8,348.1,339.1,340.2,4350.672
2025-03-12T00:00:00+00:00,340.2,345.7,333.6,334.3,12991.804
2025-03-12T04:00:00+00:00,334.3,336.7,329.8,335.5,11419.725
2025-03-12T08:00:00+00:00,335.5,339.9,331.7,335.1,7730.161
2025-03-12T12:00:00+00:00,335.1,353.0,332.9,341.1,39577.801
2025-03-12T16:00:00+00:00,341.1,358.4,340.4,356.3,17463.987
2025-03-12T20:00:00+00:00,356.3,361.5,350.0,354.0,9968.849
2025-03-13T00:00:00+00:00,353.9,355.8,345.1,345.2,6621.855
2025-03-13T04:00:00+00:00,345.2,346.4,336.0,336.6,7908.23
2025-03-13T08:00:00+00:00,336.5,337.8,331.2,335.0,11340.61
2025-03-13T12:00:00+00:00,334.9,339.1,329.3,330.5,11865.198
2025-03-13T16:00:00+00:00,330.4,331.4,324.7,325.0,5224.286
2025-03-13T20:00:00+00:00,325.1,330.4,323.9,325.9,3558.879
2025-03-14T00:00:00+00:00,326.0,331.0,325.2,327.9,3968.906
2025-03-14T04:00:00+00:00,328.0,329.1,325.5,328.2,4269.043
2025-03-14T08:00:00+00:00,328.3,335.9,327.1,332.2,11237.32
2025-03-14T12:00:00+00:00,332.1,334.7,326.7,331.1,16644.216
2025-03-14T16:00:00+00:00,331.2,331.5,327.6,328.9,7441.097
2025-03-14T20:00:00+00:00,328.9,332.5,325.3,331.4,21485.681
2025-03-15T00:00:00+00:00,331.4,338.9,328.0,332.6,14980.696
2025-03-15T04:00:00+00:00,332.7,337.0,331.7,334.8,6971.309
2025-03-15T08:00:00+00:00,334.8,353.2,334.0,343.4,163173.514
2025-03-15T12:00:00+00:00,343.4,343.4,336.0,340.2,14064.591
2025-03-15T16:00:00+00:00,340.2,347.9,339.5,344.7,8897.92
2025-03-15T20:00:00+00:00,344.7,346.2,341.4,342.3,2885.427
2025-03-16T00:00:00+00:00,342.3,342.5,336.1,338.4,4504.845
2025-03-16T04:00:00+00:00,338.4,340.4,338.0,339.4,3115.226
2025-03-16T08:00:00+00:00,339.5,339.6,325.0,325.8,9967.31
2025-03-16T12:00:00+00:00,325.8,331.6,325.4,329.9,7704.044
2025-03-16T16:00:00+00:00,330.0,337.8,329.1,333.8,8296.118
2025-03-16T20:00:00+00:00,333.9,336.0,332.1,332.9,3263.818
2025-03-17T00:00:00+00:00,333.0,339.9,333.0,336.7,5076.002
2025-03-17T04:00:00+00:00,336.8,339.0,331.0,333.3,3567.561
2025-03-17T08:00:00+00:00,333.3,337.7,331.6,337.4,5269.702
2025-03-17T12:00:00+00:00,337.5,342.3,334.6,339.0,13833.093
2025-03-17T16:00:00+00:00,339.1,342.4,335.8,340.1,5132.366
2025-03-17T20:00:00+00:00,340.2,340.3,336.1,337.5,2225.296
2025-03-18T00:00:00+00:00,337.5,337.9,332.5,333.6,4973.658
2025-03-18T04:00:00+00:00,333.5,336.7,329.2,335.8,7013.953
2025-03-18T08:00:00+00:00,335.7,343.6,334.1,337.7,9533.843
2025-03-18T12:00:00+00:00,337.7,339.8,330.3,331.4,6706.969
2025-03-18T16:00:00+00:00,331.5,333.9,330.0,333.1,4009.847
2025-03-18T20:00:00+00:00,333.1,337.0,331.9,335.3,3142.521
2025-03-19T00:00:00+00:00,335.3,336.8,332.5,335.4,2956.555
2025-03-19T04:00:00+00:00,335.5,335.7,332.3,333.7,4897.963
2025-03-19T08:00:00+00:00,333.7,341.3,332.5,340.7,10547.826
2025-03-19T12:00:00+00:00,340.7,344.1,336.0,339.2,16468.703
2025-03-19T16:00:00+00:00,339.2,343.4,335.4,341.5,8267.766
2025-03-19T20:00:00+00:00,341.5,346.8,341.4,345.3,5066.316
2025-03-20T00:00:00+00:00,345.3,349.9,343.1,346.6,7182.708
2025-03-20T04:00:00+00:00,346.6,347.9,342.4,343.6,4181.164
2025-03-20T08:00:00+00:00,343.7,348.0,340.6,344.4,8748.232
2025-03-20T12:00:00+00:00,344.3,345.5,335.7,336.5,13024.068
2025-03-20T16:00:00+00:00,336.6,336.8,330.1,332.8,8887.107
2025-03-20T20:00:00+00:00,332.7,335.8,331.7,333.8,3077.07
2025-03-21T00:00:00+00:00,333.7,334.4,330.5,331.1,4028.467
2025-03-21T04:00:00+00:00,331.1,334.0,331.0,332.6,4939.715
2025-03-21T08:00:00+00:00,332.6,335.7,331.5,334.0,7493.25
2025-03-21T12:00:00+00:00,334.1,335.4,326.2,327.4,10246.31
2025-03-21T16:00:00+00:00,327.4,331.1,326.8,327.7,6005.046
2025-03-21T20:00:00+00:00,327.7,329.4,320.1,323.2,7373.555
2025-03-22T00:00:00+00:00,323.2,326.1,321.8,324.9,5338.601
2025-03-22T04:00:00+00:00,324.9,326.1,324.0,324.8,2842.56
2025-03-22T08:00:00+00:00,324.8,326.3,323.3,324.7,3437.71
2025-03-22T12:00:00+00:00,324.8,325.0,322.0,322.0,4421.167
2025-03-22T16:00:00+00:00,322.0,325.7,321.6,325.3,3243.709
2025-03-22T20:00:00+00:00,325.2,325.7,320.9,322.4,3385.427
2025-03-23T00:00:00+00:00,322.3,324.8,321.8,323.4,3347.002
2025-03-23T04:00:00+00:00,323.3,325.6,321.5,324.5,2871.549
2025-03-23T08:00:00+00:00,324.5,326.0,322.3,324.1,4923.658
2025-03-23T12:00:00+00:00,324.1,325.3,322.5,324.4,3854.559
2025-03-23T16:00:00+00:00,324.4,324.9,320.4,323.0,5059.272
2025-03-23T20:00:00+00:00,323.0,325.7,322.1,325.4,3800.947
2025-03-24T00:00:00+00:00,325.3,332.7,321.5,328.6,8141.36
2025-03-24T04:00:00+00:00,328.5,330.9,324.1,329.2,7818.175
2025-03-24T08:00:00+00:00,329.1,331.9,328.2,330.1,5195.241
2025-03-24T12:00:00+00:00,330.1,334.8,327.0,332.4,8447.941
2025-03-24T16:00:00+00:00,332.3,336.7,331.0,336.5,4040.068
2025-03-24T20:00:00+00:00,336.4,336.8,330.4,332.5,6216.194
2025-03-25T00:00:00+00:00,332.5,334.2,327.2,328.5,4670.222
2025-03-25T04:00:00+00:00,328.5,329.5,326.5,328.4,2812.431
2025-03-25T08:00:00+00:00,328.4,330.7,326.6,329.7,2806.666
2025-03-25T12:00:00+00:00,329.8,340.0,328.1,334.7,11679.976
2025-03-25T16:00:00+00:00,334.8,339.0,330.7,335.1,9651.793
2025-03-25T20:00:00+00:00,335.1,338.4,332.3,336.0,7443.677
2025-03-26T00:00:00+00:00,336.1,342.1,331.7,332.4,40589.334
2025-03-26T04:00:00+00:00,332.4,338.8,329.7,338.2,15545.246
2025-03-26T08:00:00+00:00,338.2,339.6,337.2,337.7,3655.347
2025-03-26T12:00:00+00:00,337.8,338.3,328.4,331.8,10237.845
2025-03-26T16:00:00+00:00,331.8,337.8,330.3,334.1,8623.759
2025-03-26T20:00:00+00:00,334.0,338.5,331.7,335.1,6905.201
2025-03-27T00:00:00+00:00,335.2,339.4,334.6,338.3,12660.851
2025-03-27T04:00:00+00:00,338.4,340.0,335.5,336.2,9406.218
2025-03-27T08:00:00+00:00,336.1,337.5,330.0,330.5,6536.157
2025-03-27T12:00:00+00:00,330.5,331.8,323.4,325.3,8854.028
2025-03-27T16:00:00+00:00,325.4,326.6,321.1,322.2,7651.155
2025-03-27T20:00:00+00:00,322.1,327.8,321.5,324.7,4578.992
2025-03-28T00:00:00+00:00,324.8,328.4,322.3,323.6,4904.146
2025-03-28T04:00:00+00:00,323.7,324.2,313.0,313.2,10976.881
2025-03-28T08:00:00+00:00,313.3,314.6,308.8,313.6,6948.043
2025-03-28T12:00:00+00:00,313.6,314.0,306.9,307.2,4445.885
2025-03-28T16:00:00+00:00,307.3,309.1,304.8,305.7,4374.267
2025-03-28T20:00:00+00:00,305.7,308.8,304.7,307.7,3628.82
2025-03-29T00:00:00+00:00,307.7,309.1,301.6,306.8,5196.734
2025-03-29T04:00:00+00:00,306.8,308.1,304.4,306.6,2784.245
2025-03-29T08:00:00+00:00,306.6,308.6,300.1,301.7,5778.577
2025-03-29T12:00:00+00:00,301.8,308.8,301.4,306.5,3616.645
2025-03-29T16:00:00+00:00,306.6,307.7,298.6,302.5,8369.016
2025-03-29T20:00:00+00:00,302.4,303.5,299.0,303.3,1944.682
2025-03-30T00:00:00+00:00,303.4,306.4,300.2,304.4,2637.357
2025-03-30T04:00:00+00:00,304.4,308.2,304.4,307.1,1700.967
2025-03-30T08:00:00+00:00,307.2,307.9,304.9,306.3,4212.648
2025-03-30T12:00:00+00:00,306.4,307.6,303.4,303.5,4750.877
2025-03-30T16:00:00+00:00,303.6,306.0,299.6,302.7,5715.774
2025-03-30T20:00:00+00:00,302.6,302.8,293.8,299.2,5169.31
2025-03-31T00:00:00+00:00,299.3,303.3,293.8,297.6,19977.952
2025-03-31T04:00:00+00:00,297.7,300.7,294.0,295.8,7226.011
2025-03-31T08:00:00+00:00,295.8,299.6,289.8,298.6,12822.238
2025-03-31T12:00:00+00:00,298.6,306.1,296.5,304.4,11853.073
2025-03-31T16:00:00+00:00,304.5,305.8,301.0,302.3,3595.479
2025-03-31T20:00:00+00:00,302.3,304.7,301.8,303.5,2979.122
2025-04-01T00:00:00+00:00,303.5,306.4,302.3,305.3,2712.277
2025-04-01T04:00:00+00:00,305.4,310.0,304.7,309.5,5103.586
2025-04-01T08:00:00+00:00,309.5,315.0,309.5,311.8,5796.358
2025-04-01T12:00:00+00:00,311.8,318.7,306.3,314.7,11274.77
2025-04-01T16:00:00+00:00,314.8,315.6,307.4,310.8,5119.314
2025-04-01T20:00:00+00:00,310.8,312.7,307.8,308.1,5720.645
2025-04-02T00:00:00+00:00,308.2,308.2,303.7,305.1,4768.244
2025-04-02T04:00:00+00:00,305.1,316.0,302.3,303.9,10211.32
2025-04-02T08:00:00+00:00,303.9,307.8,303.2,305.6,3529.201
2025-04-02T12:00:00+00:00,305.6,314.3,302.9,310.6,15229.044
2025-04-02T16:00:00+00:00,310.7,312.9,307.6,311.2,8224.848
2025-04-02T20:00:00+00:00,311.2,317.3,290.2,293.0,31507.099
2025-04-03T00:00:00+00:00,293.1,305.6,291.5,302.6,12199.774
2025-04-03T04:00:00+00:00,302.7,306.0,301.5,304.2,10474.86
2025-04-03T08:00:00+00:00,304.1,307.8,299.9,302.4,4811.365
2025-04-03T12:00:00+00:00,302.4,303.3,292.6,296.1,16892.504
2025-04-03T16:00:00+00:00,296.2,297.1,293.1,295.5,5351.26
2025-04-03T20:00:00+00:00,295.6,302.3,293.1,301.3,4932.687
2025-04-04T00:00:00+00:00,301.4,303.5,298.7,303.2,4079.613
2025-04-04T04:00:00+00:00,303.3,309.5,302.3,308.7,2635.168
2025-04-04T08:00:00+00:00,308.7,310.2,294.2,298.7,11919.157
2025-04-04T12:00:00+00:00,298.5,303.5,295.8,298.6,14397.807
2025-04-04T16:00:00+00:00,298.7,304.6,296.1,299.4,7579.002
2025-04-04T20:00:00+00:00,299.3,303.4,298.1,301.4,2513.121
2025-04-05T00:00:00+00:00,301.4,303.5,299.5,299.9,2314.682
2025-04-05T04:00:00+00:00,299.9,301.9,299.4,301.6,2038.377
2025-04-05T08:00:00+00:00,301.6,304.3,301.4,303.1,1815.209
2025-04-05T12:00:00+00:00,303.0,303.4,297.1,297.5,5793.065
2025-04-05T16:00:00+00:00,297.4,299.8,297.2,299.0,1675.088
2025-04-05T20:00:00+00:00,299.1,304.4,299.1,304.1,1824.882
2025-04-06T00:00:00+00:00,304.1,308.3,294.7,295.6,10315.541
2025-04-06T04:00:00+00:00,295.6,298.3,294.6,295.1,4860.299
2025-04-06T08:00:00+00:00,295.1,296.2,293.3,294.5,1715.911
2025-04-06T12:00:00+00:00,294.5,296.2,289.3,295.3,6028.259
2025-04-06T16:00:00+00:00,295.2,296.1,272.8,275.9,18260.953
2025-04-06T20:00:00+00:00,275.8,277.1,265.4,272.2,15430.363
2025-04-07T00:00:00+00:00,272.3,277.2,262.1,266.4,13384.822
2025-04-07T04:00:00+00:00,266.4,270.4,249.4,252.3,21211.812
2025-04-07T08:00:00+00:00,252.2,263.9,250.5,259.2,12158.461
2025-04-07T12:00:00+00:00,259.3,282.2,258.8,272.4,28068.933
2025-04-07T16:00:00+00:00,272.3,279.1,267.4,276.9,11009.425
2025-04-07T20:00:00+00:00,277.0,280.4,274.9,275.4,3055.157
2025-04-08T00:00:00+00:00,275.4,283.0,274.2,279.3,4974.69
2025-04-08T04:00:00+00:00,279.4,281.5,275.6,278.1,4267.235
2025-04-08T08:00:00+00:00,278.1,283.4,277.3,282.8,4338.218
2025-04-08T12:00:00+00:00,282.8,284.8,278.1,280.0,9811.753
2025-04-08T16:00:00+00:00,279.9,281.4,268.0,270.5,11337.397
2025-04-08T20:00:00+00:00,270.6,272.8,266.9,269.2,3995.283
2025-04-09T00:00:00+00:00,269.2,272.0,259.1,267.2,8513.366
2025-04-09T04:00:00+00:00,267.1,277.2,266.1,274.5,6273.878
2025-04-09T08:00:00+00:00,274.5,275.0,267.4,269.1,8594.286
2025-04-09T12:00:00+00:00,269.0,275.9,267.2,273.9,5821.087
2025-04-09T16:00:00+00:00,273.9,311.5,273.3,306.5,49685.089
2025-04-09T20:00:00+00:00,306.6,309.1,300.5,301.4,5295.093
2025-04-10T00:00:00+00:00,301.3,304.0,294.5,297.0,6654.612
2025-04-10T04:00:00+00:00,297.1,301.1,295.1,296.5,8720.167
2025-04-10T08:00:00+00:00,296.6,298.6,292.7,293.6,2381.592
2025-04-10T12:00:00+00:00,293.6,298.3,282.5,283.9,10412.733
2025-04-10T16:00:00+00:00,283.8,289.6,282.4,287.9,4390.599
2025-04-10T20:00:00+00:00,287.9,294.3,287.9,289.8,4210.233
2025-04-11T00:00:00+00:00,289.8,297.5,289.5,296.9,2940.181
2025-04-11T04:00:00+00:00,297.0,299.5,295.8,299.0,2672.873
2025-04-11T08:00:00+00:00,298.9,305.1,297.5,302.7,5922.618
2025-04-11T12:00:00+00:00,302.7,311.3,300.6,310.4,54584.18
2025-04-11T16:00:00+00:00,310.5,316.1,308.3,312.2,7949.067
2025-04-11T20:00:00+00:00,312.2,313.8,310.5,312.9,4119.475
2025-04-12T00:00:00+00:00,312.8,314.4,311.3,311.8,4601.377
2025-04-12T04:00:00+00:00,311.8,317.8,311.7,315.2,5018.137
2025-04-12T08:00:00+00:00,315.1,315.9,311.6,314.9,4063.359
2025-04-12T12:00:00+00:00,315.0,358.9,313.9,348.6,45205.68
2025-04-12T16:00:00+00:00,348.5,353.1,344.4,351.5,13496.165
2025-04-12T20:00:00+00:00,351.6,353.0,343.2,344.7,7826.16
2025-04-13T00:00:00+00:00,344.7,345.3,337.6,338.1,4963.549
2025-04-13T04:00:00+00:00,338.0,339.8,336.1,339.5,2686.128
2025-04-13T08:00:00+00:00,339.5,347.8,338.5,347.3,6355.099
2025-04-13T12:00:00+00:00,347.3,353.5,338.5,343.4,18174.801
2025-04-13T16:00:00+00:00,343.4,349.9,340.0,343.9,7389.284
2025-04-13T20:00:00+00:00,344.0,346.2,339.8,342.8,3886.688
2025-04-14T00:00:00+00:00,342.8,375.0,342.6,347.7,44939.993
2025-04-14T04:00:00+00:00,347.7,353.1,339.5,342.9,8882.243
2025-04-14T08:00:00+00:00,343.0,343.7,334.5,340.8,10258.421
2025-04-14T12:00:00+00:00,340.8,341.3,328.8,330.5,12903.619
2025-04-14T16:00:00+00:00,330.5,331.7,323.5,325.9,8716.363
2025-04-14T20:00:00+00:00,326.0,327.8,322.9,323.6,3906.914
2025-04-15T00:00:00+00:00,323.6,328.0,321.1,326.9,9051.016
2025-04-15T04:00:00+00:00,326.8,337.6,326.3,335.1,14297.567
2025-04-15T08:00:00+00:00,335.1,336.4,328.6,330.6,5357.11
2025-04-15T12:00:00+00:00,330.7,332.5,322.1,322.8,7894.473
2025-04-15T16:00:00+00:00,322.9,327.4,321.6,323.9,6924.103
2025-04-15T20:00:00+00:00,323.8,326.4,317.0,319.6,8012.766
2025-04-16T00:00:00+00:00,319.6,321.7,318.4,319.5,3167.782
2025-04-16T04:00:00+00:00,319.4,322.7,318.2,319.8,3846.321
2025-04-16T08:00:00+00:00,319.8,323.5,318.8,320.1,4084.679
2025-04-16T12:00:00+00:00,320.1,323.5,316.3,321.8,6504.452
2025-04-16T16:00:00+00:00,321.8,325.0,314.1,321.9,5574.921
2025-04-16T20:00:00+00:00,322.0,325.8,319.9,321.6,5492.359
2025-04-17T00:00:00+00:00,321.6,332.9,320.9,326.4,11006.549
2025-04-17T04:00:00+00:00,326.4,338.9,324.6,333.2,8366.419
2025-04-17T08:00:00+00:00,333.3,334.3,329.4,333.2,4834.751
2025-04-17T12:00:00+00:00,333.2,335.5,326.6,334.3,6842.806
2025-04-17T16:00:00+00:00,334.4,340.6,331.5,338.6,10263.965
2025-04-17T20:00:00+00:00,338.5,340.6,332.7,334.0,6339.346
2025-04-18T00:00:00+00:00,334.0,334.2,328.1,329.0,2469.048
2025-04-18T04:00:00+00:00,328.9,331.5,327.3,329.8,3445.22
2025-04-18T08:00:00+00:00,329.7,334.0,329.2,333.2,2294.503
2025-04-18T12:00:00+00:00,333.3,344.1,331.3,341.1,15595.594
2025-04-18T16:00:00+00:00,341.1,343.3,340.2,342.5,2560.957
2025-04-18T20:00:00+00:00,342.5,345.0,334.3,335.0,6099.594
2025-04-19T00:00:00+00:00,335.1,339.5,334.4,338.0,2732.438
2025-04-19T04:00:00+00:00,338.0,339.5,336.4,338.9,2751.304
2025-04-19T08:00:00+00:00,338.7,340.1,337.1,337.4,1592.962
2025-04-19T12:00:00+00:00,337.5,339.1,333.8,334.9,2718.401
2025-04-19T16:00:00+00:00,334.9,336.1,332.5,334.5,2749.511
2025-04-19T20:00:00+00:00,334.5,336.5,333.9,335.4,1672.645
2025-04-20T00:00:00+00:00,335.4,342.7,335.3,339.7,5781.157
2025-04-20T04:00:00+00:00,339.7,341.6,333.4,335.2,9061.3
2025-04-20T08:00:00+00:00,335.2,335.3,331.7,333.2,4742.143
2025-04-20T12:00:00+00:00,333.2,335.7,331.5,332.2,4110.082
2025-04-20T16:00:00+00:00,332.1,336.8,331.6,336.7,1946.152
2025-04-20T20:00:00+00:00,336.7,338.0,335.1,336.1,1529.772
2025-04-21T00:00:00+00:00,336.2,341.8,335.7,339.8,10117.889
2025-04-21T04:00:00+00:00,339.7,343.9,337.7,340.7,7066.367
2025-04-21T08:00:00+00:00,340.8,343.5,338.5,339.9,6569.384
2025-04-21T12:00:00+00:00,339.9,346.1,335.9,344.6,11632.625
2025-04-21T16:00:00+00:00,344.7,348.2,341.2,346.2,7822.117
2025-04-21T20:00:00+00:00,346.1,346.2,342.1,345.0,3537.929
2025-04-22T00:00:00+00:00,345.1,346.8,337.3,345.3,8301.418
2025-04-22T04:00:00+00:00,345.3,352.0,336.9,348.8,19845.012
2025-04-22T08:00:00+00:00,348.7,350.5,344.8,347.0,11421.679
2025-04-22T12:00:00+00:00,346.9,361.9,346.1,361.7,29160.228
2025-04-22T16:00:00+00:00,361.6,362.7,354.3,356.4,5903.683
2025-04-22T20:00:00+00:00,356.4,365.0,354.3,362.3,7699.497
2025-04-23T00:00:00+00:00,362.3,363.6,353.9,357.9,12627.83
2025-04-23T04:00:00+00:00,357.9,363.0,355.7,360.4,14293.967
2025-04-23T08:00:00+00:00,360.3,362.3,356.4,358.4,12066.191
2025-04-23T12:00:00+00:00,358.4,362.0,353.6,358.1,13060.908
2025-04-23T16:00:00+00:00,358.2,364.0,356.1,357.1,6860.947
2025-04-23T20:00:00+00:00,357.1,360.0,356.7,358.3,2648.378
2025-04-24T00:00:00+00:00,358.2,368.7,357.1,361.1,13254.508
2025-04-24T04:00:00+00:00,361.1,366.1,357.1,358.5,22672.716
2025-04-24T08:00:00+00:00,358.5,360.7,346.6,348.1,39553.937
2025-04-24T12:00:00+00:00,348.1,355.9,343.3,352.7,16011.913
2025-04-24T16:00:00+00:00,352.7,354.8,348.2,351.3,5678.403
2025-04-24T20:00:00+00:00,351.4,358.5,348.1,356.7,5875.159
2025-04-25T00:00:00+00:00,356.8,359.0,348.0,355.3,7918.12
2025-04-25T04:00:00+00:00,355.3,363.8,353.8,360.5,14363.179
2025-04-25T08:00:00+00:00,360.5,384.0,359.4,379.1,44009.192
2025-04-25T12:00:00+00:00,379.1,384.9,365.5,375.5,23008.293
2025-04-25T16:00:00+00:00,375.5,380.2,372.6,375.8,7865.241
2025-04-25T20:00:00+00:00,375.8,383.3,372.1,373.1,5823.948
2025-04-26T00:00:00+00:00,373.1,377.4,371.6,374.1,7985.753
2025-04-26T04:00:00+00:00,374.2,375.5,369.0,369.2,13929.282
2025-04-26T08:00:00+00:00,369.2,370.6,357.9,359.0,16282.628
2025-04-26T12:00:00+00:00,359.0,361.9,357.9,359.5,4285.28
2025-04-26T16:00:00+00:00,359.4,360.4,356.8,358.6,4452.974
2025-04-26T20:00:00+00:00,358.5,359.0,355.0,355.4,7945.456
2025-04-27T00:00:00+00:00,355.4,360.1,352.0,353.6,16872.611
2025-04-27T04:00:00+00:00,353.7,355.1,350.0,353.4,9728.916
2025-04-27T08:00:00+00:00,353.5,354.1,350.5,352.3,6042.855
2025-04-27T12:00:00+00:00,352.3,353.4,349.5,350.8,5481.312
2025-04-27T16:00:00+00:00,350.8,352.2,348.4,349.5,4710.794
2025-04-27T20:00:00+00:00,349.5,351.3,344.8,345.5,4136.106
2025-04-28T00:00:00+00:00,345.6,349.8,341.6,348.7,11882.793
2025-04-28T04:00:00+00:00,348.8,354.9,348.7,354.3,5977.175
2025-04-28T08:00:00+00:00,354.4,356.1,347.9,355.1,14479.112
2025-04-28T12:00:00+00:00,355.2,355.3,344.6,346.2,9490.946
2025-04-28T16:00:00+00:00,346.2,352.0,344.8,351.2,5423.71
2025-04-28T20:00:00+00:00,351.1,370.6,350.2,364.1,12681.311
2025-04-29T00:00:00+00:00,364.2,376.6,360.6,367.2,24744.32
2025-04-29T04:00:00+00:00,367.3,378.0,366.9,371.4,15612.931
2025-04-29T08:00:00+00:00,371.5,376.0,370.3,373.7,8870.089
2025-04-29T12:00:00+00:00,373.8,374.1,368.5,372.9,8304.816
2025-04-29T16:00:00+00:00,373.0,377.4,369.8,370.1,7963.411
2025-04-29T20:00:00+00:00,370.2,370.6,361.6,363.8,7098.069
2025-04-30T00:00:00+00:00,363.7,365.0,359.1,362.4,7283.975
2025-04-30T04:00:00+00:00,362.4,369.3,360.7,363.3,18222.412
2025-04-30T08:00:00+00:00,363.2,369.7,363.0,368.3,4149.95
2025-04-30T12:00:00+00:00,368.2,368.7,354.9,362.5,9467.172
2025-04-30T16:00:00+00:00,362.5,367.0,360.5,364.2,4659.978
2025-04-30T20:00:00+00:00,364.2,368.0,363.8,366.1,2860.372
2025-05-01T00:00:00+00:00,366.1,371.2,366.1,367.6,3566.929
2025-05-01T04:00:00+00:00,367.7,369.3,365.6,366.2,2894.463
2025-05-01T08:00:00+00:00,366.2,375.1,363.9,370.9,14044.979
2025-05-01T12:00:00+00:00,371.0,373.4,365.5,366.2,8627.229
2025-05-01T16:00:00+00:00,366.1,368.8,361.9,362.1,4529.817
2025-05-01T20:00:00+00:00,362.1,364.1,360.1,360.8,4225.5
2025-05-02T00:00:00+00:00,360.8,370.7,359.1,368.7,14327.667
2025-05-02T04:00:00+00:00,368.7,371.8,367.2,368.8,10052.978
2025-05-02T08:00:00+00:00,368.8,374.6,368.0,368.6,5337.324
2025-05-02T12:00:00+00:00,368.6,387.1,368.0,378.9,31372.363
2025-05-02T16:00:00+00:00,379.0,382.9,376.7,377.5,8314.061
2025-05-02T20:00:00+00:00,377.4,383.6,377.0,382.8,6869.116
2025-05-03T00:00:00+00:00,382.8,383.6,367.3,371.2,22455.555
2025-05-03T04:00:00+00:00,371.2,371.8,367.7,369.3,4013.77
2025-05-03T08:00:00+00:00,369.4,370.2,365.0,366.6,4183.523
2025-05-03T12:00:00+00:00,366.5,370.7,365.6,367.2,6114.253
2025-05-03T16:00:00+00:00,367.1,368.3,363.9,365.9,6553.465
2025-05-03T20:00:00+00:00,366.0,366.9,362.3,362.7,5029.584
2025-05-04T00:00:00+00:00,362.7,371.2,360.8,363.5,8740.112
2025-05-04T04:00:00+00:00,363.6,365.9,359.0,360.1,10220.318
2025-05-04T08:00:00+00:00,360.1,360.1,357.0,357.8,7368.214
2025-05-04T12:00:00+00:00,357.7,359.0,355.2,356.7,5410.667
2025-05-04T16:00:00+00:00,356.7,357.0,352.9,355.7,5720.575
2025-05-04T20:00:00+00:00,355.8,359.5,355.0,356.2,4142.066
2025-05-05T00:00:00+00:00,356.2,359.2,350.4,355.9,6910.97
2025-05-05T04:00:00+00:00,356.0,361.3,356.0,360.1,2450.492
2025-05-05T08:00:00+00:00,360.2,361.0,352.3,353.4,4661.345
2025-05-05T12:00:00+00:00,353.4,355.1,349.5,350.8,5473.19
2025-05-05T16:00:00+00:00,350.8,357.1,350.3,353.4,3596.98
2025-05-05T20:00:00+00:00,353.5,355.0,349.2,353.3,2673.844
2025-05-06T00:00:00+00:00,353.4,359.0,350.4,355.3,8851.351
2025-05-06T04:00:00+00:00,355.3,362.1,355.0,359.8,23398.019
2025-05-06T08:00:00+00:00,359.9,361.2,350.9,353.9,11402.996
2025-05-06T12:00:00+00:00,353.8,359.0,350.7,355.9,12140.123
2025-05-06T16:00:00+00:00,355.9,365.1,353.2,359.8,9471.41
2025-05-06T20:00:00+00:00,359.9,374.8,353.5,374.6,12038.43
2025-05-07T00:00:00+00:00,374.7,382.0,373.9,377.3,11203.332
2025-05-07T04:00:00+00:00,377.3,377.7,368.2,373.2,6881.57
2025-05-07T08:00:00+00:00,373.2,375.9,366.3,367.4,7971.578
2025-05-07T12:00:00+00:00,367.5,368.1,363.0,363.1,19996.574
2025-05-07T16:00:00+00:00,363.0,363.3,355.0,357.6,28078.331
2025-05-07T20:00:00+00:00,357.5,391.7,356.5,383.5,25281.212
2025-05-08T00:00:00+00:00,383.6,413.1,381.0,411.0,55925.041
2025-05-08T04:00:00+00:00,411.0,430.5,409.2,418.2,47597.492
2025-05-08T08:00:00+00:00,418.1,420.5,412.0,413.2,11311.093
2025-05-08T12:00:00+00:00,413.2,425.1,409.4,419.6,22880.09
2025-05-08T16:00:00+00:00,419.6,423.2,416.3,418.6,9208.155
2025-05-08T20:00:00+00:00,418.6,426.2,416.8,421.8,9725.045
2025-05-09T00:00:00+00:00,421.8,421.9,413.3,415.4,11254.455
2025-05-09T04:00:00+00:00,415.3,424.6,414.9,420.6,9045.574
2025-05-09T08:00:00+00:00,420.7,429.6,405.1,415.8,51094.866
2025-05-09T12:00:00+00:00,415.9,417.2,402.9,407.5,23997.596
2025-05-09T16:00:00+00:00,407.5,410.5,403.8,408.5,7029.809
2025-05-09T20:00:00+00:00,408.6,416.7,407.0,413.7,4277.44
2025-05-10T00:00:00+00:00,413.7,417.4,409.9,415.7,8999.935
2025-05-10T04:00:00+00:00,415.7,424.8,413.3,420.1,11568.974
2025-05-10T08:00:00+00:00,420.0,425.0,413.9,414.6,11278.83
2025-05-10T12:00:00+00:00,414.5,422.2,414.5,419.5,9104.422
2025-05-10T16:00:00+00:00,419.5,424.8,418.1,419.2,9752.288
2025-05-10T20:00:00+00:00,419.2,433.3,417.5,431.2,10610.12
2025-05-11T00:00:00+00:00,431.1,432.2,415.9,417.7,17351.829
2025-05-11T04:00:00+00:00,417.7,421.3,406.7,409.8,9525.65
2025-05-11T08:00:00+00:00,409.8,415.2,409.1,413.8,7467.252
2025-05-11T12:00:00+00:00,413.8,414.6,404.1,407.2,7509.858
2025-05-11T16:00:00+00:00,407.1,411.7,401.9,410.3,5376.134
2025-05-11T20:00:00+00:00,410.2,411.9,405.8,408.4,4793.911
2025-05-12T00:00:00+00:00,408.4,413.7,402.9,410.6,9649.491
2025-05-12T04:00:00+00:00,410.5,419.8,405.6,412.8,12669.262
2025-05-12T08:00:00+00:00,412.8,417.8,408.6,411.3,12167.85
2025-05-12T12:00:00+00:00,411.4,419.0,405.1,408.2,13171.105
2025-05-12T16:00:00+00:00,408.2,415.6,396.0,407.9,14862.553
2025-05-12T20:00:00+00:00,407.7,414.8,404.4,410.8,3991.056
2025-05-13T00:00:00+00:00,410.8,410.8,391.6,392.3,6873.702
2025-05-13T04:00:00+00:00,392.2,400.7,391.4,398.5,5400.573
2025-05-13T08:00:00+00:00,398.6,403.7,396.5,401.8,5710.505
2025-05-13T12:00:00+00:00,401.8,405.4,399.0,404.1,7953.048
2025-05-13T16:00:00+00:00,404.2,416.0,403.1,414.0,7573.455
2025-05-13T20:00:00+00:00,413.9,415.7,408.4,411.2,5369.325
2025-05-14T00:00:00+00:00,411.3,414.6,405.6,409.0,8200.185
2025-05-14T04:00:00+00:00,408.9,411.0,405.7,407.8,5187.779
2025-05-14T08:00:00+00:00,407.8,409.2,399.7,407.9,7515.902
2025-05-14T12:00:00+00:00,408.0,409.4,400.3,404.7,5133.216
2025-05-14T16:00:00+00:00,404.7,406.4,398.6,404.2,4006.709
2025-05-14T20:00:00+00:00,404.3,406.2,400.2,402.7,2352.573
2025-05-15T00:00:00+00:00,402.7,405.1,396.8,398.6,6000.724
2025-05-15T04:00:00+00:00,398.6,400.6,388.6,389.9,9227.717
2025-05-15T08:00:00+00:00,390.0,396.8,388.0,391.2,7845.588
2025-05-15T12:00:00+00:00,391.2,394.3,383.1,393.4,11105.361
2025-05-15T16:00:00+00:00,393.5,398.6,389.3,394.3,8822.19
2025-05-15T20:00:00+00:00,394.4,398.2,389.2,396.1,7235.22
2025-05-16T00:00:00+00:00,396.1,404.0,395.1,401.2,7455.102
2025-05-16T04:00:00+00:00,401.2,402.4,398.2,400.3,4303.288
2025-05-16T08:00:00+00:00,400.3,401.3,394.8,399.1,5444.767
2025-05-16T12:00:00+00:00,399.2,400.8,395.3,400.1,3465.441
2025-05-16T16:00:00+00:00,400.1,402.3,398.5,401.3,2492.321
2025-05-16T20:00:00+00:00,401.2,401.2,392.7,395.9,3971.241
2025-05-17T00:00:00+00:00,395.9,398.1,387.6,397.6,11135.354
2025-05-17T04:00:00+00:00,397.6,401.7,393.3,395.3,3753.513
2025-05-17T08:00:00+00:00,395.3,398.3,392.0,396.4,3218.545
2025-05-17T12:00:00+00:00,396.5,397.1,389.3,390.3,3354.175
2025-05-17T16:00:00+00:00,390.3,394.1,385.8,389.8,6861.052
2025-05-17T20:00:00+00:00,389.8,395.0,387.6,392.3,2091.689
2025-05-18T00:00:00+00:00,392.3,397.9,391.0,396.2,4094.396
2025-05-18T04:00:00+00:00,396.3,400.8,396.0,398.9,5670.954
2025-05-18T08:00:00+00:00,398.9,401.8,397.9,398.2,4399.255
2025-05-18T12:00:00+00:00,398.3,408.1,397.3,407.0,7351.055
2025-05-18T16:00:00+00:00,407.1,408.0,395.2,396.5,8437.263
2025-05-18T20:00:00+00:00,396.5,407.4,389.0,406.5,7800.907
2025-05-19T00:00:00+00:00,406.5,408.6,391.6,391.7,5939.741
2025-05-19T04:00:00+00:00,391.8,393.9,375.7,382.8,14679.275
2025-05-19T08:00:00+00:00,382.8,385.0,379.7,383.8,4484.547
2025-05-19T12:00:00+00:00,383.8,388.4,378.4,386.2,4529.563
2025-05-19T16:00:00+00:00,386.3,392.2,384.3,391.4,4232.335
2025-05-19T20:00:00+00:00,391.4,393.6,389.8,392.7,2872.567
2025-05-20T00:00:00+00:00,392.8,398.6,392.6,395.2,3785.716
2025-05-20T04:00:00+00:00,395.1,396.7,390.1,391.1,2756.922
2025-05-20T08:00:00+00:00,391.1,391.7,386.7,389.3,3548.475
2025-05-20T12:00:00+00:00,389.3,389.3,383.9,386.8,3874.787
2025-05-20T16:00:00+00:00,386.9,392.0,384.8,391.3,4491.829
2025-05-20T20:00:00+00:00,391.2,396.0,389.6,394.1,2685.833
2025-05-21T00:00:00+00:00,394.2,396.1,390.2,394.8,3864.057
2025-05-21T04:00:00+00:00,394.8,402.5,394.6,398.8,9673.64
2025-05-21T08:00:00+00:00,398.8,400.1,394.3,397.9,3403.126
2025-05-21T12:00:00+00:00,397.8,410.9,396.6,406.9,9840.619
2025-05-21T16:00:00+00:00,407.0,412.3,395.6,406.4,11428.831
2025-05-21T20:00:00+00:00,406.4,410.7,402.0,407.2,4609.177
2025-05-22T00:00:00+00:00,407.2,425.7,407.2,420.4,18940.624
2025-05-22T04:00:00+00:00,420.5,421.6,413.6,415.4,8850.14
2025-05-22T08:00:00+00:00,415.4,440.7,415.3,434.0,37057.963
2025-05-22T12:00:00+00:00,434.0,435.9,426.1,434.9,16463.286
2025-05-22T16:00:00+00:00,434.9,438.8,433.8,436.2,8709.411
2025-05-22T20:00:00+00:00,436.3,446.2,434.6,444.4,17236.793
2025-05-23T00:00:00+00:00,444.5,462.0,442.5,451.6,20282.561
2025-05-23T04:00:00+00:00,451.5,452.8,434.3,435.6,20605.313
2025-05-23T08:00:00+00:00,435.6,443.7,427.8,432.4,15752.558
2025-05-23T12:00:00+00:00,432.5,446.0,423.9,443.1,25007.408
2025-05-23T16:00:00+00:00,443.1,445.6,437.9,439.0,12806.27
2025-05-23T20:00:00+00:00,439.0,439.1,424.4,426.4,8451.465
2025-05-24T00:00:00+00:00,426.5,432.5,424.2,429.4,7126.258
2025-05-24T04:00:00+00:00,429.4,431.1,426.7,427.5,3627.658
2025-05-24T08:00:00+00:00,427.6,431.6,426.3,428.8,3462.276
2025-05-24T12:00:00+00:00,428.8,429.9,426.0,427.3,2589.229
2025-05-24T16:00:00+00:00,427.3,430.2,424.2,424.6,3529.563
2025-05-24T20:00:00+00:00,424.7,427.1,419.1,421.4,4442.984
2025-05-25T00:00:00+00:00,421.5,422.9,416.0,422.1,4524.957
2025-05-25T04:00:00+00:00,422.1,427.3,420.0,421.1,4200.388
2025-05-25T08:00:00+00:00,421.1,421.1,409.8,413.6,8429.524
2025-05-25T12:00:00+00:00,413.6,415.8,407.6,412.9,3761.835
2025-05-25T16:00:00+00:00,412.8,417.1,408.3,415.7,2010.363
2025-05-25T20:00:00+00:00,415.6,423.2,410.0,422.7,4174.676
2025-05-26T00:00:00+00:00,422.6,428.7,421.3,425.3,4497.984
2025-05-26T04:00:00+00:00,425.3,427.6,423.5,424.7,4177.793
2025-05-26T08:00:00+00:00,424.6,424.9,417.4,420.0,5468.851
2025-05-26T12:00:00+00:00,420.1,421.8,413.8,417.8,6919.804
2025-05-26T16:00:00+00:00,417.9,419.0,412.9,414.8,2469.036
2025-05-26T20:00:00+00:00,414.7,418.4,413.9,415.4,2402.373
2025-05-27T00:00:00+00:00,415.3,416.3,408.3,413.7,4131.131
2025-05-27T04:00:00+00:00,413.6,420.4,412.6,419.4,4007.414
2025-05-27T08:00:00+00:00,419.5,421.8,418.4,419.9,4726.786
2025-05-27T12:00:00+00:00,419.9,424.3,415.6,420.3,7354.793
2025-05-27T16:00:00+00:00,420.3,421.8,417.2,418.4,3481.743
2025-05-27T20:00:00+00:00,418.3,419.6,412.9,414.6,2224.766
2025-05-28T00:00:00+00:00,414.7,416.6,412.4,415.8,3401.149
2025-05-28T04:00:00+00:00,415.8,418.7,414.2,418.0,2455.581
2025-05-28T08:00:00+00:00,418.1,420.8,414.9,418.7,3244.274
2025-05-28T12:00:00+00:00,418.8,420.3,404.4,406.4,6051.749
2025-05-28T16:00:00+00:00,406.5,410.6,404.6,405.0,2136.202
2025-05-28T20:00:00+00:00,405.1,427.6,404.8,424.8,11348.582
2025-05-29T00:00:00+00:00,424.8,428.1,419.0,424.5,9173.167
2025-05-29T04:00:00+00:00,424.6,425.3,418.7,422.8,4831.612
2025-05-29T08:00:00+00:00,422.9,424.2,418.5,419.1,3411.049
2025-05-29T12:00:00+00:00,419.1,419.1,408.6,412.8,5256.981
2025-05-29T16:00:00+00:00,412.9,413.0,405.4,407.8,4817.928
2025-05-29T20:00:00+00:00,407.9,412.6,407.5,409.6,3747.637
2025-05-30T00:00:00+00:00,409.6,414.6,396.5,411.2,11581.006
2025-05-30T04:00:00+00:00,411.2,412.2,404.1,404.4,3503.903
2025-05-30T08:00:00+00:00,404.5,410.8,400.8,408.5,3411.846
2025-05-30T12:00:00+00:00,408.5,413.8,404.8,407.1,5233.619
2025-05-30T16:00:00+00:00,407.2,408.0,394.2,407.1,9402.49
2025-05-30T20:00:00+00:00,407.1,409.6,397.8,398.4,4609.0
2025-05-31T00:00:00+00:00,398.5,402.0,388.8,397.5,13315.653
2025-05-31T04:00:00+00:00,397.6,403.0,392.1,401.3,7578.337
2025-05-31T08:00:00+00:00,401.3,406.9,399.9,406.5,5882.202
2025-05-31T12:00:00+00:00,406.6,419.3,406.3,416.9,8318.752
2025-05-31T16:00:00+00:00,417.0,422.7,415.4,418.1,9842.16
2025-05-31T20:00:00+00:00,418.0,418.3,412.3,415.0,4013.648
2025-06-01T00:00:00+00:00,415.1,415.5,408.0,408.9,4813.902
2025-06-01T04:00:00+00:00,409.0,411.6,402.4,403.0,3112.3
2025-06-01T08:00:00+00:00,403.0,403.3,397.0,402.2,3179.667
2025-06-01T12:00:00+00:00,402.2,404.5,398.3,402.4,2073.033
2025-06-01T16:00:00+00:00,402.4,406.3,399.8,405.7,4668.632
2025-06-01T20:00:00+00:00,405.7,406.1,403.0,403.4,2152.603
2025-06-02T00:00:00+00:00,403.4,403.4,397.7,399.3,3590.381
2025-06-02T04:00:00+00:00,399.3,406.2,399.3,405.2,3342.01
2025-06-02T08:00:00+00:00,405.1,407.2,399.8,400.3,3032.043
2025-06-02T12:00:00+00:00,400.3,402.6,397.7,400.1,3396.963
2025-06-02T16:00:00+00:00,400.2,402.6,397.0,398.6,1770.739
2025-06-02T20:00:00+00:00,398.7,404.9,398.5,403.6,2664.045
2025-06-03T00:00:00+00:00,403.6,407.3,402.1,403.1,4378.493
2025-06-03T04:00:00+00:00,403.1,405.6,402.6,403.3,1705.659
2025-06-03T08:00:00+00:00,403.3,404.3,399.8,402.5,2225.729
2025-06-03T12:00:00+00:00,402.5,409.0,401.7,407.9,5051.236
2025-06-03T16:00:00+00:00,407.9,408.2,404.0,405.4,2957.653
2025-06-03T20:00:00+00:00,405.4,405.7,400.3,400.7,2790.039
2025-06-04T00:00:00+00:00,400.7,404.8,400.3,404.0,2124.314
2025-06-04T04:00:00+00:00,404.1,405.2,402.7,403.7,1512.826
2025-06-04T08:00:00+00:00,403.7,410.7,403.6,405.7,3065.779
2025-06-04T12:00:00+00:00,405.8,407.2,400.9,405.4,2807.403
2025-06-04T16:00:00+00:00,405.4,409.4,405.1,405.8,2181.983
2025-06-04T20:00:00+00:00,405.7,405.9,396.8,400.2,4780.571
2025-06-05T00:00:00+00:00,400.2,402.9,398.3,402.0,2733.898
2025-06-05T04:00:00+00:00,402.1,404.9,400.2,400.8,3443.096
2025-06-05T08:00:00+00:00,400.8,401.6,396.5,400.7,2500.295
2025-06-05T12:00:00+00:00,400.6,405.0,396.3,403.0,6677.442
2025-06-05T16:00:00+00:00,403.0,403.7,389.3,392.2,6869.368
2025-06-05T20:00:00+00:00,392.3,393.5,377.5,385.0,14020.162
2025-06-06T00:00:00+00:00,385.2,386.6,380.4,384.4,12488.785
2025-06-06T04:00:00+00:00,384.5,388.3,383.1,386.3,3167.428
2025-06-06T08:00:00+00:00,386.2,387.9,383.5,385.8,3543.677
2025-06-06T12:00:00+00:00,385.9,395.8,385.2,394.7,9624.636
2025-06-06T16:00:00+00:00,394.8,399.6,391.8,396.6,3631.42
2025-06-06T20:00:00+00:00,396.6,399.7,394.9,395.6,3278.506
2025-06-07T00:00:00+00:00,395.7,399.1,393.7,396.1,2435.861
2025-06-07T04:00:00+00:00,396.1,407.6,394.4,406.6,17746.973
2025-06-07T08:00:00+00:00,406.6,410.5,403.7,409.3,5520.861
2025-06-07T12:00:00+00:00,409.2,411.7,406.4,409.0,6551.67
2025-06-07T16:00:00+00:00,409.1,411.5,405.7,407.1,2775.209
2025-06-07T20:00:00+00:00,407.2,410.2,406.4,409.4,3668.997
2025-06-08T00:00:00+00:00,409.5,411.5,407.5,408.8,2791.825
2025-06-08T04:00:00+00:00,408.8,410.9,406.3,408.9,2248.206
2025-06-08T08:00:00+00:00,408.8,415.7,407.9,414.9,4600.155
2025-06-08T12:00:00+00:00,415.0,418.2,412.6,417.7,9558.681
2025-06-08T16:00:00+00:00,417.7,419.7,414.5,415.7,2671.375
2025-06-08T20:00:00+00:00,415.6,415.8,410.5,410.8,2570.035
2025-06-09T00:00:00+00:00,410.9,417.4,410.6,414.4,4351.934
2025-06-09T04:00:00+00:00,414.4,418.1,412.1,415.1,3765.723
2025-06-09T08:00:00+00:00,415.2,425.2,415.2,419.2,10928.477
2025-06-09T12:00:00+00:00,419.2,421.3,416.5,418.3,8364.568
2025-06-09T16:00:00+00:00,418.2,426.4,417.9,421.7,4620.244
2025-06-09T20:00:00+00:00,421.7,429.7,420.9,424.9,5190.376
2025-06-10T00:00:00+00:00,425.0,428.9,421.8,424.9,34311.009
2025-06-10T04:00:00+00:00,425.0,425.7,417.8,419.3,9153.036
2025-06-10T08:00:00+00:00,419.3,431.8,418.5,430.5,8601.979
2025-06-10T12:00:00+00:00,430.6,435.1,425.6,428.9,16731.186
2025-06-10T16:00:00+00:00,428.9,438.3,427.8,435.9,7132.75
2025-06-10T20:00:00+00:00,435.8,443.5,434.6,438.2,10585.856
2025-06-11T00:00:00+00:00,438.1,447.1,436.3,440.1,47294.822
2025-06-11T04:00:00+00:00,440.1,445.6,439.1,444.4,5482.796
2025-06-11T08:00:00+00:00,444.5,447.2,437.0,443.3,13043.731
2025-06-11T12:00:00+00:00,443.3,446.0,440.4,444.4,7241.934
2025-06-11T16:00:00+00:00,444.4,445.7,427.9,429.8,26254.803
2025-06-11T20:00:00+00:00,429.7,431.7,421.7,428.9,7047.463
2025-06-12T00:00:00+00:00,428.8,431.8,425.4,429.7,7014.493
2025-06-12T04:00:00+00:00,429.8,433.0,427.6,429.0,4580.677
2025-06-12T08:00:00+00:00,428.9,436.3,425.8,427.3,7003.512
2025-06-12T12:00:00+00:00,427.2,435.2,426.6,432.6,6421.99
2025-06-12T16:00:00+00:00,432.5,441.8,430.9,431.7,5227.542
2025-06-12T20:00:00+00:00,431.7,432.1,423.3,424.0,7127.254
2025-06-13T00:00:00+00:00,424.0,424.2,397.7,403.6,22425.711
2025-06-13T04:00:00+00:00,403.6,423.6,399.4,416.1,18827.787
2025-06-13T08:00:00+00:00,416.2,423.7,411.7,421.1,10945.378
2025-06-13T12:00:00+00:00,421.2,426.0,416.7,424.3,9784.627
2025-06-13T16:00:00+00:00,424.4,436.8,422.9,434.1,16032.642
2025-06-13T20:00:00+00:00,434.1,454.0,433.5,448.7,13902.435
2025-06-14T00:00:00+00:00,448.8,450.2,443.0,443.4,9976.18
2025-06-14T04:00:00+00:00,443.4,443.6,432.6,434.0,5242.928
2025-06-14T08:00:00+00:00,434.1,438.8,430.6,435.7,6395.268
2025-06-14T12:00:00+00:00,435.6,438.5,431.4,432.1,3869.054
2025-06-14T16:00:00+00:00,432.0,432.2,423.3,424.2,4611.952
2025-06-14T20:00:00+00:00,424.1,435.3,421.1,430.9,4329.428
2025-06-15T00:00:00+00:00,431.0,437.8,431.0,437.1,3324.004
2025-06-15T04:00:00+00:00,437.0,451.6,436.8,441.9,11509.248
2025-06-15T08:00:00+00:00,441.9,447.7,437.0,443.9,7485.335
2025-06-15T12:00:00+00:00,444.0,462.2,442.1,458.7,26785.165
2025-06-15T16:00:00+00:00,458.6,469.9,456.6,461.4,16557.264
2025-06-15T20:00:00+00:00,461.4,466.0,458.2,460.4,10119.593
2025-06-16T00:00:00+00:00,460.4,464.2,452.0,454.3,13705.936
2025-06-16T04:00:00+00:00,454.4,458.9,453.3,457.6,6326.469
2025-06-16T08:00:00+00:00,457.7,458.4,450.0,453.3,6165.66
2025-06-16T12:00:00+00:00,453.3,474.4,451.6,466.7,36080.334
2025-06-16T16:00:00+00:00,466.8,476.5,464.2,473.8,11382.357
2025-06-16T20:00:00+00:00,473.7,475.7,461.6,463.7,11171.236
2025-06-17T00:00:00+00:00,463.6,483.2,461.0,480.7,21403.109
2025-06-17T04:00:00+00:00,480.7,482.2,473.8,476.3,11698.591
2025-06-17T08:00:00+00:00,476.2,479.2,464.3,465.5,11600.764
2025-06-17T12:00:00+00:00,465.5,474.9,460.3,463.6,18585.251
2025-06-17T16:00:00+00:00,463.6,474.7,456.8,473.2,15320.943
2025-06-17T20:00:00+00:00,473.2,474.6,462.5,462.6,6990.83
2025-06-18T00:00:00+00:00,462.7,481.5,462.2,475.7,13971.045
2025-06-18T04:00:00+00:00,475.8,478.3,468.9,470.6,6715.917
2025-06-18T08:00:00+00:00,470.6,472.5,463.4,469.0,8807.639
2025-06-18T12:00:00+00:00,469.0,469.8,459.9,464.7,9063.607
2025-06-18T16:00:00+00:00,464.6,464.6,456.6,457.6,6981.144
2025-06-18T20:00:00+00:00,457.7,469.1,457.2,459.7,3790.802
2025-06-19T00:00:00+00:00,459.7,461.8,453.1,458.9,11680.676
2025-06-19T04:00:00+00:00,459.0,464.4,458.1,458.8,3506.876
2025-06-19T08:00:00+00:00,458.7,467.3,458.1,465.4,29283.405
2025-06-19T12:00:00+00:00,465.5,489.9,464.8,484.2,39436.095
2025-06-19T16:00:00+00:00,484.2,498.0,482.4,495.2,22323.109
2025-06-19T20:00:00+00:00,495.2,505.2,489.4,497.1,30766.568
2025-06-20T00:00:00+00:00,497.2,501.0,489.6,491.1,17836.455
2025-06-20T04:00:00+00:00,491.0,495.0,487.2,490.1,13982.694
2025-06-20T08:00:00+00:00,490.2,500.0,484.4,485.9,13485.072
2025-06-20T12:00:00+00:00,485.8,489.3,481.4,482.0,10255.372
2025-06-20T16:00:00+00:00,482.0,493.1,475.1,480.6,21012.227
2025-06-20T20:00:00+00:00,480.5,483.3,472.1,473.7,7002.272
2025-06-21T00:00:00+00:00,473.7,473.7,464.7,469.3,7132.994
2025-06-21T04:00:00+00:00,469.2,475.4,468.5,469.7,5048.942
2025-06-21T08:00:00+00:00,469.8,473.3,466.0,471.6,4388.167
2025-06-21T12:00:00+00:00,471.6,475.8,468.4,470.9,4610.603
2025-06-21T16:00:00+00:00,470.8,479.3,468.6,469.5,8999.315
2025-06-21T20:00:00+00:00,469.6,477.7,457.7,467.3,14152.559
2025-06-22T00:00:00+00:00,467.4,470.6,459.6,463.5,11823.761
2025-06-22T04:00:00+00:00,463.5,467.9,458.5,459.9,4400.292
2025-06-22T08:00:00+00:00,459.8,469.2,458.5,464.9,12984.508
2025-06-22T12:00:00+00:00,464.9,469.0,444.4,445.7,106896.689
2025-06-22T16:00:00+00:00,445.8,456.1,442.5,444.7,10898.318
2025-06-22T20:00:00+00:00,444.7,459.3,436.9,454.9,15637.817
2025-06-23T00:00:00+00:00,454.9,456.2,445.7,449.4,6618.784
2025-06-23T04:00:00+00:00,449.4,459.5,448.4,454.0,18358.504
2025-06-23T08:00:00+00:00,454.1,456.0,450.5,453.3,6708.887
2025-06-23T12:00:00+00:00,453.3,458.4,442.4,445.1,12299.991
2025-06-23T16:00:00+00:00,445.1,455.7,437.7,454.7,12288.275
2025-06-23T20:00:00+00:00,454.7,470.0,452.1,462.7,17641.596
2025-06-24T00:00:00+00:00,462.7,463.9,456.0,458.5,10320.399
2025-06-24T04:00:00+00:00,458.5,462.3,453.7,454.5,8383.164
2025-06-24T08:00:00+00:00,454.5,467.4,453.6,465.5,11671.474
2025-06-24T12:00:00+00:00,465.5,466.0,449.6,449.7,10057.275
2025-06-24T16:00:00+00:00,449.6,454.6,448.9,451.4,8487.516
2025-06-24T20:00:00+00:00,451.3,457.0,451.0,453.8,3993.825
2025-06-25T00:00:00+00:00,453.9,493.9,453.5,471.8,35014.294
2025-06-25T04:00:00+00:00,471.9,482.4,469.1,481.0,13455.172
2025-06-25T08:00:00+00:00,481.1,483.7,476.1,479.8,23235.274
2025-06-25T12:00:00+00:00,479.9,483.0,475.0,480.8,27981.107
2025-06-25T16:00:00+00:00,480.8,487.6,480.0,486.5,12028.308
2025-06-25T20:00:00+00:00,486.5,494.9,480.9,482.8,11364.778
2025-06-26T00:00:00+00:00,482.8,491.3,481.5,490.7,11454.037
2025-06-26T04:00:00+00:00,490.7,507.3,487.8,499.6,25481.132
2025-06-26T08:00:00+00:00,499.6,505.9,493.0,494.5,11720.044
2025-06-26T12:00:00+00:00,494.6,499.2,488.4,491.5,13164.463
2025-06-26T16:00:00+00:00,491.5,494.8,490.4,491.7,6780.186
2025-06-26T20:00:00+00:00,491.6,494.9,487.8,489.2,6256.716
2025-06-27T00:00:00+00:00,489.1,498.6,484.2,495.6,11177.763
2025-06-27T04:00:00+00:00,495.6,505.5,491.7,498.5,17361.589
2025-06-27T08:00:00+00:00,498.4,499.7,494.5,495.8,8431.927
2025-06-27T12:00:00+00:00,495.8,501.2,489.6,499.8,10488.05
2025-06-27T16:00:00+00:00,499.8,510.5,498.7,501.0,14526.91
2025-06-27T20:00:00+00:00,501.1,509.0,500.8,504.8,7951.633
2025-06-28T00:00:00+00:00,504.8,505.3,499.9,501.0,6059.065
2025-06-28T04:00:00+00:00,501.1,502.0,496.6,497.1,5611.591
2025-06-28T08:00:00+00:00,497.1,499.4,494.5,495.2,6389.682
2025-06-28T12:00:00+00:00,495.2,495.3,488.6,489.2,5846.178
2025-06-28T16:00:00+00:00,489.2,493.7,487.0,490.5,5841.452
2025-06-28T20:00:00+00:00,490.5,492.9,490.3,491.0,4185.283
2025-06-29T00:00:00+00:00,491.0,495.1,488.4,492.0,5719.427
2025-06-29T04:00:00+00:00,491.9,494.6,488.9,489.5,4360.839
2025-06-29T08:00:00+00:00,489.4,496.3,489.4,495.4,7453.88
2025-06-29T12:00:00+00:00,495.4,495.6,489.7,490.4,5826.628
2025-06-29T16:00:00+00:00,490.3,492.4,488.8,489.8,3475.487
2025-06-29T20:00:00+00:00,489.7,508.9,489.5,504.5,15606.876
2025-06-30T00:00:00+00:00,504.5,504.8,498.5,501.3,8514.872
2025-06-30T04:00:00+00:00,501.3,502.5,497.3,498.6,5815.979
2025-06-30T08:00:00+00:00,498.6,498.7,488.1,490.2,8420.551
2025-06-30T12:00:00+00:00,490.3,522.4,490.1,513.2,26135.085
2025-06-30T16:00:00+00:00,513.2,520.9,512.3,517.3,12462.868
2025-06-30T20:00:00+00:00,517.4,517.6,502.5,505.7,7610.754
2025-07-01T00:00:00+00:00,505.8,528.0,504.7,524.2,35157.77
2025-07-01T04:00:00+00:00,524.3,530.0,520.6,527.1,15670.397
2025-07-01T08:00:00+00:00,527.0,527.0,519.0,521.7,9668.566
2025-07-01T12:00:00+00:00,521.7,522.0,513.0,518.5,12264.415
2025-07-01T16:00:00+00:00,518.6,520.6,511.6,511.9,4852.751
2025-07-01T20:00:00+00:00,511.8,513.4,497.3,500.2,18235.4
2025-07-02T00:00:00+00:00,500.3,504.8,498.6,503.9,8584.989
2025-07-02T04:00:00+00:00,503.9,511.0,502.8,505.4,7583.267
2025-07-02T08:00:00+00:00,505.4,508.5,501.3,502.4,3849.182
2025-07-02T12:00:00+00:00,502.4,506.3,498.5,503.3,9979.743
2025-07-02T16:00:00+00:00,503.4,512.1,503.1,507.0,9352.49
2025-07-02T20:00:00+00:00,507.0,512.2,503.2,510.9,5608.846
2025-07-03T00:00:00+00:00,511.0,515.0,500.5,502.6,10657.704
2025-07-03T04:00:00+00:00,502.7,511.3,500.6,506.4,13783.601
2025-07-03T08:00:00+00:00,506.5,507.1,501.8,506.1,7356.873
2025-07-03T12:00:00+00:00,506.0,506.3,491.7,492.9,13618.12
2025-07-03T16:00:00+00:00,493.0,499.7,490.9,496.2,4953.135
2025-07-03T20:00:00+00:00,496.3,500.0,495.7,496.4,2929.765
2025-07-04T00:00:00+00:00,496.4,496.7,485.9,487.8,8934.922
2025-07-04T04:00:00+00:00,487.8,492.2,475.9,476.5,11878.246
2025-07-04T08:00:00+00:00,476.4,484.0,468.8,481.7,12233.665
2025-07-04T12:00:00+00:00,481.7,487.0,478.0,480.5,9141.056
2025-07-04T16:00:00+00:00,480.5,489.6,478.0,487.6,4986.059
2025-07-04T20:00:00+00:00,487.6,489.5,483.6,483.9,3135.471
2025-07-05T00:00:00+00:00,484.0,488.3,483.3,484.2,4167.466
2025-07-05T04:00:00+00:00,484.2,487.6,481.1,483.7,4022.093
2025-07-05T08:00:00+00:00,483.8,485.3,481.8,482.4,2444.7
2025-07-05T12:00:00+00:00,482.4,487.4,481.3,481.7,3406.793
2025-07-05T16:00:00+00:00,481.7,486.0,480.6,485.5,4897.333
2025-07-05T20:00:00+00:00,485.5,489.7,484.3,489.3,3734.634
2025-07-06T00:00:00+00:00,489.4,489.5,485.7,487.1,2628.275
2025-07-06T04:00:00+00:00,487.1,488.3,482.9,484.3,3988.341
2025-07-06T08:00:00+00:00,484.3,488.2,482.8,486.9,2803.299
2025-07-06T12:00:00+00:00,486.9,495.5,486.3,495.0,6848.729
2025-07-06T16:00:00+00:00,495.0,498.6,494.2,497.6,3147.109
2025-07-06T20:00:00+00:00,497.6,500.3,491.4,491.5,4937.982
2025-07-07T00:00:00+00:00,491.5,500.3,487.5,497.3,10016.889
2025-07-07T04:00:00+00:00,497.2,499.1,494.9,495.2,3694.85
2025-07-07T08:00:00+00:00,495.1,496.9,493.3,496.1,2153.862
2025-07-07T12:00:00+00:00,496.2,498.8,493.8,494.2,3518.808
2025-07-07T16:00:00+00:00,494.1,494.4,489.6,492.6,4381.629
2025-07-07T20:00:00+00:00,492.6,496.7,491.4,496.6,2646.326
2025-07-08T00:00:00+00:00,496.6,499.9,493.9,496.7,5648.917
2025-07-08T04:00:00+00:00,496.6,499.2,496.1,498.9,2089.513
2025-07-08T08:00:00+00:00,498.9,499.7,497.2,498.8,3389.892
2025-07-08T12:00:00+00:00,498.8,508.4,498.7,504.2,11355.857
2025-07-08T16:00:00+00:00,504.3,505.1,499.2,499.4,5225.251
2025-07-08T20:00:00+00:00,499.5,502.0,497.5,501.1,2957.826
2025-07-09T00:00:00+00:00,501.2,516.9,499.9,507.8,14023.359
2025-07-09T04:00:00+00:00,507.8,510.9,506.9,507.6,5205.892
2025-07-09T08:00:00+00:00,507.6,509.1,504.4,508.9,3518.355
2025-07-09T12:00:00+00:00,509.0,511.0,506.1,506.8,8577.017
2025-07-09T16:00:00+00:00,506.8,510.8,502.3,509.5,10021.957
2025-07-09T20:00:00+00:00,509.6,516.6,506.4,514.5,9351.58
2025-07-10T00:00:00+00:00,514.5,516.0,509.6,510.3,7063.452
2025-07-10T04:00:00+00:00,510.3,515.8,509.1,515.6,5695.057
2025-07-10T08:00:00+00:00,515.5,519.6,514.7,515.9,6577.264
2025-07-10T12:00:00+00:00,516.0,517.7,501.3,504.8,17605.439
2025-07-10T16:00:00+00:00,504.8,512.1,504.3,511.7,11774.268
2025-07-10T20:00:00+00:00,511.7,521.1,509.6,518.4,19011.056
2025-07-11T00:00:00+00:00,518.5,522.5,513.9,520.9,8762.709
2025-07-11T04:00:00+00:00,520.8,528.0,517.7,519.5,16862.088
2025-07-11T08:00:00+00:00,519.6,527.8,519.6,522.9,10326.883
2025-07-11T12:00:00+00:00,522.8,539.4,520.5,528.9,18198.136
2025-07-11T16:00:00+00:00,529.0,538.1,526.9,536.5,12421.378
2025-07-11T20:00:00+00:00,536.3,538.2,524.2,531.5,8742.415
2025-07-12T00:00:00+00:00,531.5,535.2,525.4,531.9,4725.591
2025-07-12T04:00:00+00:00,531.9,532.3,511.7,518.1,18964.105
2025-07-12T08:00:00+00:00,518.2,523.5,516.3,519.6,4822.392
2025-07-12T12:00:00+00:00,519.7,520.2,503.2,505.2,14572.74
2025-07-12T16:00:00+00:00,505.3,510.6,504.3,508.8,4097.856
2025-07-12T20:00:00+00:00,508.8,509.5,502.0,506.3,7263.559
2025-07-13T00:00:00+00:00,506.3,508.4,504.7,506.6,4345.815
2025-07-13T04:00:00+00:00,506.5,508.3,504.5,507.6,4784.245
2025-07-13T08:00:00+00:00,507.6,507.7,501.0,504.6,4118.491
2025-07-13T12:00:00+00:00,504.6,514.1,503.9,506.0,30226.064
2025-07-13T16:00:00+00:00,506.0,510.7,502.6,508.5,3982.486
2025-07-13T20:00:00+00:00,508.5,510.4,502.1,508.0,5964.89
2025-07-14T00:00:00+00:00,508.1,515.6,503.9,514.7,7018.154
2025-07-14T04:00:00+00:00,514.7,527.2,509.9,517.3,17273.502
2025-07-14T08:00:00+00:00,517.4,520.6,512.5,513.2,8374.579
2025-07-14T12:00:00+00:00,513.1,514.6,501.9,504.4,11542.96
2025-07-14T16:00:00+00:00,504.3,507.5,501.0,504.3,5700.494
2025-07-14T20:00:00+00:00,504.3,505.9,498.0,504.9,5172.235
2025-07-15T00:00:00+00:00,504.9,505.9,487.5,491.5,8650.673
2025-07-15T04:00:00+00:00,491.5,494.1,487.6,487.7,5065.182
2025-07-15T08:00:00+00:00,487.8,489.4,484.0,489.1,5892.849
2025-07-15T12:00:00+00:00,489.1,492.7,481.9,487.8,8758.215
2025-07-15T16:00:00+00:00,487.8,500.9,486.8,487.5,9179.556
2025-07-15T20:00:00+00:00,487.4,498.7,485.8,497.9,4361.947
2025-07-16T00:00:00+00:00,498.0,505.6,495.9,497.0,8914.407
2025-07-16T04:00:00+00:00,497.1,500.1,495.5,499.3,6608.286
2025-07-16T08:00:00+00:00,499.4,503.0,497.4,500.0,4433.815
2025-07-16T12:00:00+00:00,500.1,501.5,491.1,495.4,9076.561
2025-07-16T16:00:00+00:00,495.4,504.6,494.4,500.6,6659.571
2025-07-16T20:00:00+00:00,500.7,508.8,497.4,498.7,8527.6
2025-07-17T00:00:00+00:00,498.8,502.8,488.7,491.6,8469.642
2025-07-17T04:00:00+00:00,491.6,498.1,491.3,495.7,6419.054
2025-07-17T08:00:00+00:00,495.7,504.2,493.9,495.9,7664.014
2025-07-17T12:00:00+00:00,495.9,499.0,489.7,495.3,6485.656
2025-07-17T16:00:00+00:00,495.3,499.0,490.6,491.1,6361.386
2025-07-17T20:00:00+00:00,491.1,505.1,487.3,500.0,13151.825
2025-07-18T00:00:00+00:00,500.0,514.4,499.1,512.9,19451.74
2025-07-18T04:00:00+00:00,512.9,541.9,511.0,524.8,45749.811
2025-07-18T08:00:00+00:00,524.8,535.9,524.8,531.6,20723.25
2025-07-18T12:00:00+00:00,531.6,534.1,508.0,512.9,18700.911
2025-07-18T16:00:00+00:00,512.8,519.3,508.4,514.1,6996.098
2025-07-18T20:00:00+00:00,514.2,516.4,505.1,514.5,8128.507
2025-07-19T00:00:00+00:00,514.5,519.9,508.3,515.0,8520.506
2025-07-19T04:00:00+00:00,514.9,518.3,507.6,509.8,6719.779
2025-07-19T08:00:00+00:00,509.9,511.6,505.6,506.1,6883.692
2025-07-19T12:00:00+00:00,506.1,507.4,501.8,503.9,8095.53
2025-07-19T16:00:00+00:00,503.9,522.5,502.4,515.0,11159.286
2025-07-19T20:00:00+00:00,515.0,518.1,510.5,513.1,4865.544
2025-07-20T00:00:00+00:00,513.1,525.1,509.1,522.4,15958.739
2025-07-20T04:00:00+00:00,522.4,532.2,520.5,525.2,12139.908
2025-07-20T08:00:00+00:00,525.3,536.6,524.3,532.1,14859.516
2025-07-20T12:00:00+00:00,532.1,553.5,530.9,551.0,35288.902
2025-07-20T16:00:00+00:00,550.9,553.5,546.5,548.7,19276.665
2025-07-20T20:00:00+00:00,548.7,549.9,539.6,548.0,10977.175
2025-07-21T00:00:00+00:00,548.0,548.6,527.1,534.7,19614.465
2025-07-21T04:00:00+00:00,534.8,535.2,524.0,531.2,30777.18
2025-07-21T08:00:00+00:00,531.2,535.5,525.0,528.8,58366.353
2025-07-21T12:00:00+00:00,528.8,536.0,526.6,527.6,32988.871
2025-07-21T16:00:00+00:00,527.7,529.3,518.4,519.5,16870.428
2025-07-21T20:00:00+00:00,519.5,524.1,516.8,522.6,11425.625
2025-07-22T00:00:00+00:00,522.7,525.1,512.6,519.2,16168.433
2025-07-22T04:00:00+00:00,519.2,524.3,511.4,520.8,9046.376
2025-07-22T08:00:00+00:00,520.8,522.9,512.4,521.3,9370.304
2025-07-22T12:00:00+00:00,521.3,522.5,511.6,519.0,11213.889
2025-07-22T16:00:00+00:00,518.9,523.0,513.6,514.7,9562.256
2025-07-22T20:00:00+00:00,514.6,535.2,514.2,526.1,14441.75
2025-07-23T00:00:00+00:00,526.2,529.1,520.7,525.8,10376.266
2025-07-23T04:00:00+00:00,525.9,529.8,523.9,526.6,5520.308
2025-07-23T08:00:00+00:00,526.5,529.3,522.4,528.3,7293.587
2025-07-23T12:00:00+00:00,528.4,528.4,504.0,515.1,26240.244
2025-07-23T16:00:00+00:00,515.1,515.6,502.7,510.7,12522.275
2025-07-23T20:00:00+00:00,510.7,513.3,497.5,512.2,9682.973
2025-07-24T00:00:00+00:00,512.2,524.0,509.7,515.2,7881.249
2025-07-24T04:00:00+00:00,515.3,515.8,490.2,503.5,14489.701
2025-07-24T08:00:00+00:00,503.4,528.5,500.2,519.9,69516.283
2025-07-24T12:00:00+00:00,520.0,528.1,515.2,521.7,25120.541
2025-07-24T16:00:00+00:00,521.7,522.3,514.1,515.5,6232.485
2025-07-24T20:00:00+00:00,515.5,523.3,509.4,513.0,7570.444
2025-07-25T00:00:00+00:00,513.0,527.3,509.3,517.1,26748.476
2025-07-25T04:00:00+00:00,517.0,530.0,515.3,525.3,23033.298
2025-07-25T08:00:00+00:00,525.2,565.0,524.7,554.5,78238.376
2025-07-25T12:00:00+00:00,554.5,558.2,530.5,534.4,25687.938
2025-07-25T16:00:00+00:00,534.4,543.1,534.0,540.9,8251.9
2025-07-25T20:00:00+00:00,541.0,558.3,539.5,557.3,9986.49
2025-07-26T00:00:00+00:00,557.3,559.5,551.9,554.9,8955.473
2025-07-26T04:00:00+00:00,554.9,556.8,551.4,551.9,4597.742
2025-07-26T08:00:00+00:00,552.0,558.9,551.4,558.6,5745.722
2025-07-26T12:00:00+00:00,558.6,558.8,554.7,556.0,4824.701
2025-07-26T16:00:00+00:00,556.1,563.3,552.5,561.2,7581.001
2025-07-26T20:00:00+00:00,561.0,561.5,558.3,559.1,4031.602
2025-07-27T00:00:00+00:00,559.0,580.0,555.4,568.0,21943.209
2025-07-27T04:00:00+00:00,568.0,586.0,564.9,585.2,34160.184
2025-07-27T08:00:00+00:00,585.2,595.0,582.5,592.9,16747.67
2025-07-27T12:00:00+00:00,592.8,604.6,592.5,598.6,24167.083
2025-07-27T16:00:00+00:00,598.6,608.2,593.9,604.6,22761.16
2025-07-27T20:00:00+00:00,604.6,604.9,590.0,590.0,14667.633
2025-07-28T00:00:00+00:00,590.0,595.4,589.0,590.1,25827.211
2025-07-28T04:00:00+00:00,590.1,607.2,579.5,580.4,51002.001
2025-07-28T08:00:00+00:00,580.4,588.1,577.0,586.1,9457.364
2025-07-28T12:00:00+00:00,586.1,590.8,578.3,584.2,12467.669
2025-07-28T16:00:00+00:00,584.3,586.9,575.2,578.4,6995.947
2025-07-28T20:00:00+00:00,578.4,579.9,568.9,572.6,11061.415
2025-07-29T00:00:00+00:00,572.6,585.4,571.1,582.7,16379.268
2025-07-29T04:00:00+00:00,582.6,587.1,574.6,575.8,7545.503
2025-07-29T08:00:00+00:00,575.8,575.9,564.7,566.6,9689.356
2025-07-29T12:00:00+00:00,566.5,574.8,560.3,562.1,9262.656
2025-07-29T16:00:00+00:00,562.2,569.6,561.2,564.2,10210.555
2025-07-29T20:00:00+00:00,564.2,567.8,560.2,564.2,6469.388
2025-07-30T00:00:00+00:00,564.2,572.8,561.5,569.0,4600.822
2025-07-30T04:00:00+00:00,569.1,570.4,563.4,566.5,3448.247
2025-07-30T08:00:00+00:00,566.5,569.1,558.5,562.1,5445.855
2025-07-30T12:00:00+00:00,562.2,571.6,561.3,569.3,10181.125
2025-07-30T16:00:00+00:00,569.3,572.2,551.2,565.1,11609.744
2025-07-30T20:00:00+00:00,565.1,595.1,564.6,590.1,41947.367
2025-07-31T00:00:00+00:00,590.1,597.1,581.1,583.7,13741.793
2025-07-31T04:00:00+00:00,583.8,589.4,580.7,582.2,7725.844
2025-07-31T08:00:00+00:00,582.2,587.2,580.7,583.4,6420.149
2025-07-31T12:00:00+00:00,583.5,583.7,571.5,574.4,10063.019
2025-07-31T16:00:00+00:00,574.4,578.4,563.5,563.8,6409.977
2025-07-31T20:00:00+00:00,563.7,577.1,560.3,561.5,18298.533
2025-08-01T00:00:00+00:00,561.4,577.3,553.0,570.4,11040.554
2025-08-01T04:00:00+00:00,570.3,570.4,557.2,559.1,9816.305
2025-08-01T08:00:00+00:00,559.0,559.3,548.8,558.4,8749.979
2025-08-01T12:00:00+00:00,558.3,561.4,546.6,552.6,13599.913
2025-08-01T16:00:00+00:00,552.5,556.9,536.8,539.9,9544.09
2025-08-01T20:00:00+00:00,539.9,541.9,527.8,536.2,8117.845
2025-08-02T00:00:00+00:00,536.2,543.5,534.3,540.0,3314.588
2025-08-02T04:00:00+00:00,540.0,544.3,535.2,541.4,7112.736
2025-08-02T08:00:00+00:00,541.3,542.0,531.3,534.3,3423.315
2025-08-02T12:00:00+00:00,534.2,540.2,528.1,529.2,3782.339
2025-08-02T16:00:00+00:00,529.1,534.8,521.8,522.5,6038.944
2025-08-02T20:00:00+00:00,522.5,529.4,517.9,520.2,4574.129
2025-08-03T00:00:00+00:00,520.2,530.1,514.5,529.3,4163.684
2025-08-03T04:00:00+00:00,529.3,540.0,527.9,535.7,5294.061
2025-08-03T08:00:00+00:00,535.8,544.2,535.8,537.9,5506.281
2025-08-03T12:00:00+00:00,537.9,543.2,536.5,541.3,2668.83
2025-08-03T16:00:00+00:00,541.3,544.0,540.5,542.3,1692.335
2025-08-03T20:00:00+00:00,542.4,548.4,541.7,544.2,2730.386
2025-08-04T00:00:00+00:00,544.3,553.9,544.2,553.1,4022.489
2025-08-04T04:00:00+00:00,553.1,553.8,548.0,553.2,3552.372
2025-08-04T08:00:00+00:00,553.2,557.4,551.7,554.8,5107.591
2025-08-04T12:00:00+00:00,554.8,579.5,552.0,576.2,15483.79
2025-08-04T16:00:00+00:00,576.3,578.0,560.6,561.1,6003.59
2025-08-04T20:00:00+00:00,561.0,581.9,556.7,574.5,25527.138
2025-08-05T00:00:00+00:00,574.4,578.2,565.7,566.0,10954.769
2025-08-05T04:00:00+00:00,565.9,566.8,557.5,562.8,12495.145
2025-08-05T08:00:00+00:00,562.8,584.2,558.4,577.0,20026.447
2025-08-05T12:00:00+00:00,577.1,577.7,562.8,564.8,11275.64
2025-08-05T16:00:00+00:00,564.8,566.4,541.6,543.5,13395.914
2025-08-05T20:00:00+00:00,543.5,552.6,541.6,551.8,4206.191
2025-08-06T00:00:00+00:00,551.7,558.2,547.5,555.6,4502.516
2025-08-06T04:00:00+00:00,555.5,565.3,553.8,562.5,8071.858
2025-08-06T08:00:00+00:00,562.4,565.3,556.9,562.0,5837.88
2025-08-06T12:00:00+00:00,562.1,571.6,557.1,571.5,7694.785
2025-08-06T16:00:00+00:00,571.6,573.7,566.6,572.0,5515.506
2025-08-06T20:00:00+00:00,572.1,573.2,567.5,571.1,4091.112
2025-08-07T00:00:00+00:00,571.1,573.0,568.3,569.4,6275.432
2025-08-07T04:00:00+00:00,569.4,580.0,567.9,577.5,47861.353
2025-08-07T08:00:00+00:00,577.5,585.4,567.2,581.6,70059.679
2025-08-07T12:00:00+00:00,581.6,584.0,572.4,576.6,55575.131
2025-08-07T16:00:00+00:00,576.7,580.2,570.9,579.9,6767.12
2025-08-07T20:00:00+00:00,580.0,583.0,578.9,582.2,4644.14
2025-08-08T00:00:00+00:00,582.2,586.9,573.3,575.6,10263.913
2025-08-08T04:00:00+00:00,575.5,581.2,572.7,580.2,7414.684
2025-08-08T08:00:00+00:00,580.3,582.8,578.6,580.6,3193.554
2025-08-08T12:00:00+00:00,580.5,584.3,576.9,579.7,4832.966
2025-08-08T16:00:00+00:00,579.7,589.3,579.1,588.6,6192.723
2025-08-08T20:00:00+00:00,588.7,589.0,585.7,586.0,2471.24
2025-08-09T00:00:00+00:00,585.9,587.9,583.6,585.6,2088.105
2025-08-09T04:00:00+00:00,585.6,592.3,584.1,587.2,4680.944
2025-08-09T08:00:00+00:00,587.2,590.4,585.0,586.1,3290.496
2025-08-09T12:00:00+00:00,586.1,589.2,565.1,568.3,17479.303
2025-08-09T16:00:00+00:00,568.4,573.4,567.9,571.8,4871.182
2025-08-09T20:00:00+00:00,571.8,573.4,566.1,566.1,5289.84
2025-08-10T00:00:00+00:00,566.2,582.0,566.0,578.7,8874.058
2025-08-10T04:00:00+00:00,578.7,581.0,561.3,563.1,10009.271
2025-08-10T08:00:00+00:00,563.2,568.2,559.3,567.8,6534.501
2025-08-10T12:00:00+00:00,567.9,586.8,563.4,573.7,14657.688
2025-08-10T16:00:00+00:00,573.6,574.4,569.8,571.2,2649.021
2025-08-10T20:00:00+00:00,571.1,572.0,567.2,570.5,1999.469
2025-08-11T00:00:00+00:00,570.4,578.7,569.7,576.9,6806.641
2025-08-11T04:00:00+00:00,576.9,579.5,572.9,573.9,6535.936
2025-08-11T08:00:00+00:00,574.0,598.5,571.6,587.5,29378.505
2025-08-11T12:00:00+00:00,587.5,600.0,580.2,588.0,20236.36
2025-08-11T16:00:00+00:00,588.0,598.8,580.8,584.2,11109.84
2025-08-11T20:00:00+00:00,584.2,586.5,575.0,578.5,7256.109
2025-08-12T00:00:00+00:00,578.6,602.2,578.2,593.3,20497.916
2025-08-12T04:00:00+00:00,593.3,599.1,589.4,591.0,9856.087
2025-08-12T08:00:00+00:00,591.1,605.0,586.3,592.1,18807.597
2025-08-12T12:00:00+00:00,592.1,605.6,587.9,604.2,16909.019
2025-08-12T16:00:00+00:00,604.3,626.5,601.8,619.3,26188.607
2025-08-12T20:00:00+00:00,619.3,626.1,616.0,618.8,15818.051
2025-08-13T00:00:00+00:00,618.9,622.4,614.1,615.8,8391.842
2025-08-13T04:00:00+00:00,615.7,617.2,601.2,608.6,12666.572
2025-08-13T08:00:00+00:00,608.5,612.7,605.5,608.9,9207.539
2025-08-13T12:00:00+00:00,608.9,634.3,606.9,619.0,79643.145
2025-08-13T16:00:00+00:00,619.1,622.2,608.0,613.0,9782.865
2025-08-13T20:00:00+00:00,613.0,618.9,610.4,616.2,4190.716
2025-08-14T00:00:00+00:00,616.3,626.3,615.8,623.1,9610.578
2025-08-14T04:00:00+00:00,623.1,627.2,607.2,608.8,21036.786
2025-08-14T08:00:00+00:00,608.8,611.3,603.6,608.6,13426.306
2025-08-14T12:00:00+00:00,608.6,610.2,578.9,591.8,36199.823
2025-08-14T16:00:00+00:00,591.8,592.9,583.7,590.4,6911.138
2025-08-14T20:00:00+00:00,590.3,594.8,582.1,593.2,3744.891
2025-08-15T00:00:00+00:00,593.2,598.2,591.3,595.7,3188.151
2025-08-15T04:00:00+00:00,595.6,602.0,593.3,598.5,5084.536
2025-08-15T08:00:00+00:00,598.6,598.8,593.4,595.4,4442.584
2025-08-15T12:00:00+00:00,595.4,598.3,580.1,583.5,11308.781
2025-08-15T16:00:00+00:00,583.4,592.0,581.2,587.8,7070.642
2025-08-15T20:00:00+00:00,587.8,593.8,585.1,592.5,2840.332
2025-08-16T00:00:00+00:00,592.5,597.8,591.8,594.0,2704.041
2025-08-16T04:00:00+00:00,594.1,597.4,591.8,594.0,2952.882
2025-08-16T08:00:00+00:00,594.1,594.5,588.5,589.6,2484.325
2025-08-16T12:00:00+00:00,589.6,590.2,579.8,580.8,3998.983
2025-08-16T16:00:00+00:00,580.8,584.7,575.5,584.0,4127.752
2025-08-16T20:00:00+00:00,584.1,588.2,583.0,587.3,1931.257
2025-08-17T00:00:00+00:00,587.3,590.9,584.5,588.2,4103.73
2025-08-17T04:00:00+00:00,588.3,591.1,586.9,588.6,3062.092
2025-08-17T08:00:00+00:00,588.7,592.2,587.7,590.4,2819.96
2025-08-17T12:00:00+00:00,590.5,590.5,581.3,586.7,5387.726
2025-08-17T16:00:00+00:00,586.8,588.9,580.2,583.7,3245.203
2025-08-17T20:00:00+00:00,583.6,585.8,581.9,582.0,2961.958
2025-08-18T00:00:00+00:00,582.1,582.5,563.3,568.2,12092.502
2025-08-18T04:00:00+00:00,568.1,571.6,564.1,566.8,5011.471
2025-08-18T08:00:00+00:00,566.8,567.8,560.9,562.3,4033.884
2025-08-18T12:00:00+00:00,562.2,567.6,560.7,566.0,4149.772
2025-08-18T16:00:00+00:00,566.0,571.1,563.3,570.5,3555.237
2025-08-18T20:00:00+00:00,570.4,573.1,566.9,568.8,1878.285
2025-08-19T00:00:00+00:00,568.9,573.7,562.7,564.0,4081.365
2025-08-19T04:00:00+00:00,564.0,569.6,560.6,564.6,3753.911
2025-08-19T08:00:00+00:00,564.6,569.0,563.5,568.5,3268.698
2025-08-19T12:00:00+00:00,568.5,568.7,553.9,555.2,6706.918
2025-08-19T16:00:00+00:00,555.2,557.5,549.3,555.8,6358.302
2025-08-19T20:00:00+00:00,555.7,557.3,547.6,548.5,3407.321
2025-08-20T00:00:00+00:00,548.5,554.2,546.8,550.9,4813.486
2025-08-20T04:00:00+00:00,550.9,555.0,549.3,549.5,3228.106
2025-08-20T08:00:00+00:00,549.6,553.8,545.7,550.1,6991.73
2025-08-20T12:00:00+00:00,550.2,557.9,543.2,552.9,6885.531
2025-08-20T16:00:00+00:00,553.0,562.1,552.7,561.8,3985.749
2025-08-20T20:00:00+00:00,561.9,562.8,558.5,560.9,3399.444
2025-08-21T00:00:00+00:00,560.9,565.0,558.6,560.1,3116.784
2025-08-21T04:00:00+00:00,560.1,562.7,556.6,559.6,1817.559
2025-08-21T08:00:00+00:00,559.6,560.2,554.1,554.9,3745.293
2025-08-21T12:00:00+00:00,554.8,558.9,550.7,553.1,5342.677
2025-08-21T16:00:00+00:00,553.1,562.9,550.2,556.8,7169.791
2025-08-21T20:00:00+00:00,556.9,557.8,552.6,554.7,1979.859
2025-08-22T00:00:00+00:00,554.8,566.9,554.3,559.4,6409.635
2025-08-22T04:00:00+00:00,559.4,564.1,558.0,563.0,2186.563
2025-08-22T08:00:00+00:00,563.0,563.9,555.4,555.5,2787.191
2025-08-22T12:00:00+00:00,555.6,602.6,550.6,596.0,34941.626
2025-08-22T16:00:00+00:00,596.1,608.0,596.1,601.1,13639.513
2025-08-22T20:00:00+00:00,601.2,607.6,598.7,599.8,6850.437
2025-08-23T00:00:00+00:00,599.8,601.8,587.8,589.1,5772.964
2025-08-23T04:00:00+00:00,589.2,594.1,589.2,589.6,2793.981
2025-08-23T08:00:00+00:00,589.6,591.6,584.9,585.7,3616.686
2025-08-23T12:00:00+00:00,585.7,594.0,584.2,589.3,20445.016
2025-08-23T16:00:00+00:00,589.3,592.3,586.8,589.7,2472.107
2025-08-23T20:00:00+00:00,589.7,592.2,588.1,591.3,1167.568
2025-08-24T00:00:00+00:00,591.4,597.8,591.4,596.3,3119.698
2025-08-24T04:00:00+00:00,596.4,598.5,590.9,591.6,3110.335
2025-08-24T08:00:00+00:00,591.5,597.5,591.1,595.5,3864.548
2025-08-24T12:00:00+00:00,595.5,597.2,591.2,594.0,2957.198
2025-08-24T16:00:00+00:00,594.0,600.0,583.6,590.1,9437.331
2025-08-24T20:00:00+00:00,590.2,592.9,581.9,583.2,6582.288
2025-08-25T00:00:00+00:00,583.3,589.6,575.8,581.9,7583.324
2025-08-25T04:00:00+00:00,582.0,583.2,565.6,566.6,13364.899
2025-08-25T08:00:00+00:00,566.6,568.1,560.9,564.6,3778.346
2025-08-25T12:00:00+00:00,564.7,567.6,558.3,559.0,4590.719
2025-08-25T16:00:00+00:00,559.0,562.9,551.2,552.1,5116.224
2025-08-25T20:00:00+00:00,552.2,553.1,536.1,543.6,11718.967
2025-08-26T00:00:00+00:00,543.6,546.6,539.3,543.6,5144.397
2025-08-26T04:00:00+00:00,543.7,545.1,537.9,542.5,5488.623
2025-08-26T08:00:00+00:00,542.5,543.0,533.9,536.5,3160.026
2025-08-26T12:00:00+00:00,536.5,545.3,535.1,537.9,7472.181
2025-08-26T16:00:00+00:00,537.9,541.9,532.4,541.4,6586.795
2025-08-26T20:00:00+00:00,541.4,556.4,537.4,550.9,31836.979
2025-08-27T00:00:00+00:00,550.9,556.8,544.2,554.9,15003.216
2025-08-27T04:00:00+00:00,555.0,564.0,552.8,554.2,14465.88
2025-08-27T08:00:00+00:00,554.3,558.6,551.5,553.2,5979.221
2025-08-27T12:00:00+00:00,553.1,560.8,550.4,558.8,4497.506
2025-08-27T16:00:00+00:00,558.8,559.7,551.0,555.8,2681.329
2025-08-27T20:00:00+00:00,555.7,559.5,549.3,550.2,7007.056
2025-08-28T00:00:00+00:00,550.2,554.8,548.4,554.7,2876.788
2025-08-28T04:00:00+00:00,554.8,563.8,554.3,562.5,4928.068
2025-08-28T08:00:00+00:00,562.5,567.0,554.6,555.6,4462.387
2025-08-28T12:00:00+00:00,555.7,558.6,553.0,554.6,4228.33
2025-08-28T16:00:00+00:00,554.7,557.8,550.2,550.6,2374.002
2025-08-28T20:00:00+00:00,550.7,558.3,550.1,557.9,1543.69
2025-08-29T00:00:00+00:00,557.9,560.4,551.8,556.4,4036.418
2025-08-29T04:00:00+00:00,556.4,558.7,537.2,538.2,39735.749
2025-08-29T08:00:00+00:00,538.2,539.9,531.1,535.0,29050.714
2025-08-29T12:00:00+00:00,535.0,544.6,527.2,534.7,9190.133
2025-08-29T16:00:00+00:00,534.7,539.0,531.4,533.1,5652.287
2025-08-29T20:00:00+00:00,533.2,534.1,528.4,530.7,3421.89
2025-08-30T00:00:00+00:00,530.8,535.2,524.0,531.5,7207.136
2025-08-30T04:00:00+00:00,531.6,533.3,530.2,532.9,2377.959
2025-08-30T08:00:00+00:00,532.9,538.3,530.8,535.3,6489.597
2025-08-30T12:00:00+00:00,535.3,545.8,532.0,545.7,12839.791
2025-08-30T16:00:00+00:00,545.8,548.0,541.3,542.6,2719.644
2025-08-30T20:00:00+00:00,542.6,554.3,541.5,552.8,6815.921
2025-08-31T00:00:00+00:00,552.8,556.0,548.6,551.1,8162.036
2025-08-31T04:00:00+00:00,551.2,552.7,547.8,551.9,2858.035
2025-08-31T08:00:00+00:00,551.9,553.1,547.6,549.2,3033.86
2025-08-31T12:00:00+00:00,549.1,549.2,545.7,546.2,2674.835
2025-08-31T16:00:00+00:00,546.2,546.3,542.4,543.3,2198.553
2025-08-31T20:00:00+00:00,543.3,548.9,542.7,544.2,3358.502
2025-09-01T00:00:00+00:00,544.2,545.2,533.1,535.0,5557.983
2025-09-01T04:00:00+00:00,535.0,551.4,530.0,549.6,9920.496
2025-09-01T08:00:00+00:00,549.6,552.0,543.9,546.7,8067.3
2025-09-01T12:00:00+00:00,546.8,549.9,542.5,543.2,2976.189
2025-09-01T16:00:00+00:00,543.3,548.4,539.2,546.7,4187.504
2025-09-01T20:00:00+00:00,546.7,547.1,534.0,545.1,9098.343
2025-09-02T00:00:00+00:00,545.2,566.5,543.4,564.3,17956.587
2025-09-02T04:00:00+00:00,564.3,572.7,562.1,567.5,10305.894
2025-09-02T08:00:00+00:00,567.5,573.1,564.6,565.7,7605.68
2025-09-02T12:00:00+00:00,565.6,587.7,559.2,573.9,29393.008
2025-09-02T16:00:00+00:00,573.9,586.4,573.8,582.4,14311.231
2025-09-02T20:00:00+00:00,582.4,586.3,580.5,584.7,6050.851
2025-09-03T00:00:00+00:00,584.7,590.4,578.5,587.7,9653.866
2025-09-03T04:00:00+00:00,587.6,612.5,587.3,599.7,38465.904
2025-09-03T08:00:00+00:00,599.6,605.5,597.8,602.8,19484.535
2025-09-03T12:00:00+00:00,602.9,604.8,579.6,586.1,23696.014
2025-09-03T16:00:00+00:00,586.2,601.3,584.8,598.9,33611.328
2025-09-03T20:00:00+00:00,598.8,605.6,596.7,603.7,7626.039
2025-09-04T00:00:00+00:00,603.6,604.6,583.7,589.9,14254.445
2025-09-04T04:00:00+00:00,590.0,593.8,583.1,586.4,12736.392
2025-09-04T08:00:00+00:00,586.5,589.7,585.1,587.4,7574.927
2025-09-04T12:00:00+00:00,587.4,591.2,584.6,587.1,6988.938
2025-09-04T16:00:00+00:00,587.0,589.2,583.4,587.3,2233.318
2025-09-04T20:00:00+00:00,587.2,596.2,586.0,586.6,8802.824
2025-09-05T00:00:00+00:00,586.6,595.3,584.7,592.0,14029.458
2025-09-05T04:00:00+00:00,592.0,601.9,591.1,600.2,34614.196
2025-09-05T08:00:00+00:00,600.2,600.3,593.0,597.0,20166.503
2025-09-05T12:00:00+00:00,597.0,629.8,596.3,610.0,69983.496
2025-09-05T16:00:00+00:00,610.1,618.0,609.3,611.9,10528.121
2025-09-05T20:00:00+00:00,612.0,613.2,606.6,606.8,4217.137
2025-09-06T00:00:00+00:00,606.8,617.2,603.0,614.7,14807.601
2025-09-06T04:00:00+00:00,614.7,614.9,610.0,611.6,4370.967
2025-09-06T08:00:00+00:00,611.5,614.0,583.6,589.1,43737.76
2025-09-06T12:00:00+00:00,589.1,596.8,586.0,593.6,32200.459
2025-09-06T16:00:00+00:00,593.6,598.8,592.7,594.4,4183.045
2025-09-06T20:00:00+00:00,594.4,597.2,592.0,595.3,2793.698
2025-09-07T00:00:00+00:00,595.2,608.5,593.3,599.1,7208.223
2025-09-07T04:00:00+00:00,599.0,602.5,596.7,601.3,3212.44
2025-09-07T08:00:00+00:00,601.3,604.1,597.3,602.3,3516.214
2025-09-07T12:00:00+00:00,602.3,607.4,600.8,601.4,4876.975
2025-09-07T16:00:00+00:00,601.3,604.9,599.7,604.7,2215.11
2025-09-07T20:00:00+00:00,604.7,605.4,602.4,603.2,2090.235
2025-09-08T00:00:00+00:00,603.2,606.1,602.1,603.7,3328.01
2025-09-08T04:00:00+00:00,603.7,603.7,590.0,593.2,22612.376
2025-09-08T08:00:00+00:00,593.3,598.4,587.4,595.0,47279.404
2025-09-08T12:00:00+00:00,594.9,597.2,589.3,589.5,12420.0
2025-09-08T16:00:00+00:00,589.4,590.8,585.7,587.4,5344.091
2025-09-08T20:00:00+00:00,587.4,589.7,585.4,588.4,3279.15
2025-09-09T00:00:00+00:00,588.3,592.8,583.0,583.8,10183.144
2025-09-09T04:00:00+00:00,583.7,586.7,578.4,586.3,20102.2
2025-09-09T08:00:00+00:00,586.3,594.3,582.6,582.8,10494.644
2025-09-09T12:00:00+00:00,582.8,588.4,574.5,577.4,13310.182
2025-09-09T16:00:00+00:00,577.3,579.2,575.3,578.9,3183.922
2025-09-09T20:00:00+00:00,578.8,587.0,577.6,580.5,5468.679
2025-09-10T00:00:00+00:00,580.4,583.7,577.5,579.3,6791.699
2025-09-10T04:00:00+00:00,579.3,582.0,576.9,581.6,5957.323
2025-09-10T08:00:00+00:00,581.6,589.3,579.4,585.8,16129.075
2025-09-10T12:00:00+00:00,585.9,591.1,579.7,580.5,13024.034
2025-09-10T16:00:00+00:00,580.5,583.3,577.2,579.8,4607.579
2025-09-10T20:00:00+00:00,579.8,582.2,579.6,581.1,2056.399
2025-09-11T00:00:00+00:00,581.0,585.2,576.1,584.8,7004.978
2025-09-11T04:00:00+00:00,584.7,604.1,583.4,598.9,26368.892
2025-09-11T08:00:00+00:00,599.0,601.5,593.1,599.3,9837.159
2025-09-11T12:00:00+00:00,599.4,603.3,588.7,589.1,13626.154
2025-09-11T16:00:00+00:00,589.1,591.4,587.0,589.1,3397.117
2025-09-11T20:00:00+00:00,589.1,600.0,588.3,596.4,5444.852
2025-09-12T00:00:00+00:00,596.3,601.8,593.6,593.9,6299.959
2025-09-12T04:00:00+00:00,593.9,598.2,593.2,593.3,4760.019
2025-09-12T08:00:00+00:00,593.3,594.2,589.6,590.0,10242.718
2025-09-12T12:00:00+00:00,590.0,593.3,587.2,588.2,6196.516
2025-09-12T16:00:00+00:00,588.3,598.9,588.0,598.6,6593.688
2025-09-12T20:00:00+00:00,598.6,599.5,594.9,598.3,5015.696
2025-09-13T00:00:00+00:00,598.4,604.6,593.8,601.3,8283.431
2025-09-13T04:00:00+00:00,601.2,603.8,598.6,599.5,4065.65
2025-09-13T08:00:00+00:00,599.5,605.5,599.5,603.4,5946.651
2025-09-13T12:00:00+00:00,603.4,604.8,596.0,600.2,5306.729
2025-09-13T16:00:00+00:00,600.2,602.0,594.4,597.1,5536.67
2025-09-13T20:00:00+00:00,597.1,599.3,596.9,598.5,1155.323
2025-09-14T00:00:00+00:00,598.6,599.7,589.2,589.9,6477.169
2025-09-14T04:00:00+00:00,589.9,596.1,588.1,591.8,4505.459
2025-09-14T08:00:00+00:00,591.8,595.3,590.8,594.2,4771.507
2025-09-14T12:00:00+00:00,594.3,607.3,590.5,593.0,12054.892
2025-09-14T16:00:00+00:00,593.0,596.7,592.4,595.0,2264.083
2025-09-14T20:00:00+00:00,594.9,606.0,593.0,601.6,20099.213
2025-09-15T00:00:00+00:00,601.5,616.9,598.9,601.3,10015.66
2025-09-15T04:00:00+00:00,601.3,605.0,598.6,600.3,6832.388
2025-09-15T08:00:00+00:00,600.3,604.3,590.6,593.8,15011.469
2025-09-15T12:00:00+00:00,593.8,594.8,589.7,592.4,5835.355
2025-09-15T16:00:00+00:00,592.3,594.0,587.8,592.0,2816.046
2025-09-15T20:00:00+00:00,592.1,594.6,591.5,593.7,1394.599
2025-09-16T00:00:00+00:00,593.7,594.6,590.4,591.1,2449.83
2025-09-16T04:00:00+00:00,591.1,597.2,588.9,595.1,2880.835
2025-09-16T08:00:00+00:00,595.2,597.1,590.5,590.7,2412.153
2025-09-16T12:00:00+00:00,590.6,596.4,589.7,596.3,6035.953
2025-09-16T16:00:00+00:00,596.3,601.9,595.2,601.2,3774.29
2025-09-16T20:00:00+00:00,601.2,601.7,597.8,598.8,2755.079
2025-09-17T00:00:00+00:00,598.7,600.5,596.2,598.0,7042.701
2025-09-17T04:00:00+00:00,598.0,602.5,594.6,601.9,5723.284
2025-09-17T08:00:00+00:00,602.0,603.1,596.2,599.2,8477.642
2025-09-17T12:00:00+00:00,599.1,600.7,593.2,593.3,3898.206
2025-09-17T16:00:00+00:00,593.2,600.6,590.5,600.0,8918.035
2025-09-17T20:00:00+00:00,600.0,625.7,597.4,616.7,22816.228
2025-09-18T00:00:00+00:00,616.8,648.2,612.3,644.4,39364.105
2025-09-18T04:00:00+00:00,644.3,647.3,631.4,636.1,19351.003
2025-09-18T08:00:00+00:00,636.0,644.3,635.0,643.9,10877.196
2025-09-18T12:00:00+00:00,643.8,651.0,637.7,638.2,13400.261
2025-09-18T16:00:00+00:00,638.2,640.5,635.2,636.9,8694.571
2025-09-18T20:00:00+00:00,636.9,638.3,620.8,624.4,13285.343
2025-09-19T00:00:00+00:00,624.3,632.4,614.4,615.1,18654.206
2025-09-19T04:00:00+00:00,615.1,616.4,607.3,610.8,11251.233
2025-09-19T08:00:00+00:00,610.7,613.6,604.6,605.8,5025.765
2025-09-19T12:00:00+00:00,605.7,607.4,600.1,604.8,9403.004
2025-09-19T16:00:00+00:00,604.7,606.0,601.2,601.5,4247.156
2025-09-19T20:00:00+00:00,601.5,603.3,598.0,600.6,2838.818
2025-09-20T00:00:00+00:00,600.6,606.9,599.1,604.2,3004.664
2025-09-20T04:00:00+00:00,604.1,606.2,602.7,605.9,2654.063
2025-09-20T08:00:00+00:00,605.9,605.9,600.1,602.5,2336.377
2025-09-20T12:00:00+00:00,602.4,604.4,598.6,603.3,3240.522
2025-09-20T16:00:00+00:00,603.2,604.3,598.1,598.4,3191.181
2025-09-20T20:00:00+00:00,598.3,598.7,593.1,594.5,3892.161
2025-09-21T00:00:00+00:00,594.5,599.4,593.5,599.4,1693.562
2025-09-21T04:00:00+00:00,599.3,600.6,597.0,597.4,1755.271
2025-09-21T08:00:00+00:00,597.4,599.0,594.0,598.5,2716.571
2025-09-21T12:00:00+00:00,598.6,602.3,595.2,596.3,1860.512
2025-09-21T16:00:00+00:00,596.2,597.9,594.9,596.5,1588.736
2025-09-21T20:00:00+00:00,596.4,597.1,593.5,593.6,1422.481
2025-09-22T00:00:00+00:00,593.6,594.8,582.8,588.3,9692.553
2025-09-22T04:00:00+00:00,588.4,588.8,553.0,571.4,17771.099
2025-09-22T08:00:00+00:00,571.3,573.4,567.2,571.5,3920.361
2025-09-22T12:00:00+00:00,571.6,573.7,566.5,568.5,4871.354
2025-09-22T16:00:00+00:00,568.5,570.5,560.8,562.1,3683.025
2025-09-22T20:00:00+00:00,562.0,567.8,561.6,567.1,1818.644
2025-09-23T00:00:00+00:00,567.1,569.8,555.6,564.1,11530.987
2025-09-23T04:00:00+00:00,564.1,565.9,559.1,563.6,5425.807
2025-09-23T08:00:00+00:00,563.6,565.4,560.0,561.8,4838.68
2025-09-23T12:00:00+00:00,561.8,562.9,557.1,559.0,8894.986
2025-09-23T16:00:00+00:00,559.0,562.3,553.9,554.7,5859.603
2025-09-23T20:00:00+00:00,554.7,560.1,553.7,556.7,2022.033
2025-09-24T00:00:00+00:00,556.7,560.9,552.6,554.0,2674.663
2025-09-24T04:00:00+00:00,554.0,561.8,548.5,559.2,4948.577
2025-09-24T08:00:00+00:00,559.3,561.6,556.3,560.7,4056.013
2025-09-24T12:00:00+00:00,560.7,563.7,558.5,559.2,4938.17
2025-09-24T16:00:00+00:00,559.3,560.4,555.9,556.7,2623.942
2025-09-24T20:00:00+00:00,556.7,558.2,554.1,556.4,2074.517
2025-09-25T00:00:00+00:00,556.4,557.5,550.3,552.8,8918.713
2025-09-25T04:00:00+00:00,552.7,553.6,545.8,547.8,4158.396
2025-09-25T08:00:00+00:00,547.8,552.1,544.3,545.2,4940.956
2025-09-25T12:00:00+00:00,545.1,554.5,539.8,553.6,6571.963
2025-09-25T16:00:00+00:00,553.5,553.7,535.2,542.6,10178.798
2025-09-25T20:00:00+00:00,542.7,544.3,531.5,536.5,6909.91
2025-09-26T00:00:00+00:00,536.5,543.5,534.4,540.0,3550.216
2025-09-26T04:00:00+00:00,539.9,551.1,535.8,545.5,8575.448
2025-09-26T08:00:00+00:00,545.5,547.2,538.0,542.4,3744.254
2025-09-26T12:00:00+00:00,542.3,548.1,538.7,543.2,3619.725
2025-09-26T16:00:00+00:00,543.1,548.9,542.7,546.9,2671.198
2025-09-26T20:00:00+00:00,546.9,549.0,546.5,548.1,775.901
2025-09-27T00:00:00+00:00,548.1,548.1,543.0,544.5,1903.743
2025-09-27T04:00:00+00:00,544.4,544.8,541.6,543.0,1045.765
2025-09-27T08:00:00+00:00,543.0,546.6,540.5,544.8,1275.893
2025-09-27T12:00:00+00:00,544.8,546.6,542.0,543.8,884.311
2025-09-27T16:00:00+00:00,543.8,543.8,539.5,542.0,996.053
2025-09-27T20:00:00+00:00,542.0,546.1,542.0,543.7,617.168
2025-09-28T00:00:00+00:00,543.7,545.5,535.8,536.0,6388.276
2025-09-28T04:00:00+00:00,536.0,541.8,535.9,540.8,1851.374
2025-09-28T08:00:00+00:00,540.9,541.7,536.7,538.0,1184.286
2025-09-28T12:00:00+00:00,538.0,545.1,536.6,544.8,4049.595
2025-09-28T16:00:00+00:00,544.8,551.9,544.8,550.8,4544.83
2025-09-28T20:00:00+00:00,550.9,558.2,549.5,556.4,2956.939
2025-09-29T00:00:00+00:00,556.4,557.6,552.6,557.1,2760.711
2025-09-29T04:00:00+00:00,557.0,559.9,555.2,555.6,2293.885
2025-09-29T08:00:00+00:00,555.5,555.8,550.0,553.0,2523.411
2025-09-29T12:00:00+00:00,552.9,563.1,550.0,558.3,6596.897
2025-09-29T16:00:00+00:00,558.4,561.2,557.1,560.4,2224.944
2025-09-29T20:00:00+00:00,560.4,563.1,559.8,561.0,1468.243
2025-09-30T00:00:00+00:00,561.0,563.2,558.7,561.5,2831.453
2025-09-30T04:00:00+00:00,561.6,562.3,556.6,558.0,2195.426
2025-09-30T08:00:00+00:00,558.0,558.8,549.2,550.8,4844.476
2025-09-30T12:00:00+00:00,550.7,554.8,549.6,551.9,3337.954
2025-09-30T16:00:00+00:00,551.9,559.6,551.0,559.2,3024.89
2025-09-30T20:00:00+00:00,559.1,562.2,556.4,560.6,3003.069
2025-10-01T00:00:00+00:00,560.6,563.0,559.7,560.3,3193.709
2025-10-01T04:00:00+00:00,560.3,565.7,559.4,561.9,2566.474
2025-10-01T08:00:00+00:00,561.8,600.0,561.5,587.5,21549.976
2025-10-01T12:00:00+00:00,587.5,589.1,581.9,583.4,3996.363
2025-10-01T16:00:00+00:00,583.4,589.4,579.9,587.7,3976.814
2025-10-01T20:00:00+00:00,587.7,598.0,585.8,592.8,4448.431
2025-10-02T00:00:00+00:00,592.8,595.9,583.8,585.8,9881.146
2025-10-02T04:00:00+00:00,585.8,587.8,582.5,586.0,7447.795
2025-10-02T08:00:00+00:00,586.1,593.1,583.5,588.8,8470.424
2025-10-02T12:00:00+00:00,588.7,594.7,579.9,588.1,8629.778
2025-10-02T16:00:00+00:00,588.0,594.2,587.0,591.6,5179.564
2025-10-02T20:00:00+00:00,591.7,598.1,589.6,594.5,7803.095
2025-10-03T00:00:00+00:00,594.5,597.6,590.8,595.4,4441.877
2025-10-03T04:00:00+00:00,595.4,604.5,595.3,599.6,7447.463
2025-10-03T08:00:00+00:00,599.6,602.2,597.3,598.8,3143.388
2025-10-03T12:00:00+00:00,598.9,610.3,596.9,609.6,7427.418
2025-10-03T16:00:00+00:00,609.6,615.3,599.0,605.0,9241.818
2025-10-03T20:00:00+00:00,605.1,610.0,602.2,608.5,6249.944
2025-10-04T00:00:00+00:00,608.5,609.4,592.1,593.6,6826.281
2025-10-04T04:00:00+00:00,593.6,595.6,589.7,590.8,3266.699
2025-10-04T08:00:00+00:00,590.7,591.2,587.5,590.0,2842.703
2025-10-04T12:00:00+00:00,590.0,592.2,584.3,589.3,4029.289
2025-10-04T16:00:00+00:00,589.4,594.8,586.3,588.1,2125.812
2025-10-04T20:00:00+00:00,588.1,591.9,588.0,589.9,1444.085
2025-10-05T00:00:00+00:00,590.0,615.3,587.6,602.7,15808.889
2025-10-05T04:00:00+00:00,602.7,608.1,599.6,604.5,5208.281
2025-10-05T08:00:00+00:00,604.5,604.8,597.7,600.5,2373.357
2025-10-05T12:00:00+00:00,600.5,600.5,594.8,595.7,1285.949
2025-10-05T16:00:00+00:00,595.7,599.6,593.0,595.0,3695.739
2025-10-05T20:00:00+00:00,594.9,596.0,591.3,594.2,2442.955
2025-10-06T00:00:00+00:00,594.3,602.6,592.1,598.4,3798.805
2025-10-06T04:00:00+00:00,598.4,602.3,595.7,597.5,2305.913
2025-10-06T08:00:00+00:00,597.6,601.5,596.5,600.6,1853.413
2025-10-06T12:00:00+00:00,600.6,603.2,598.2,600.8,3827.683
2025-10-06T16:00:00+00:00,600.7,606.7,597.5,603.9,4626.076
2025-10-06T20:00:00+00:00,603.9,605.0,598.4,598.8,1566.239
2025-10-07T00:00:00+00:00,598.9,599.9,593.6,595.5,2360.232
2025-10-07T04:00:00+00:00,595.5,598.1,592.2,595.3,1970.152
2025-10-07T08:00:00+00:00,595.3,596.3,591.6,591.6,3339.52
2025-10-07T12:00:00+00:00,591.6,595.5,575.4,578.2,14599.844
2025-10-07T16:00:00+00:00,578.2,579.9,574.1,578.2,4708.19
2025-10-07T20:00:00+00:00,578.3,579.8,575.3,576.2,1958.53
2025-10-08T00:00:00+00:00,576.3,582.2,576.2,578.0,2665.232
2025-10-08T04:00:00+00:00,578.1,579.9,573.2,578.1,2436.832
2025-10-08T08:00:00+00:00,578.2,580.7,577.5,577.8,2320.583
2025-10-08T12:00:00+00:00,577.8,583.8,576.0,577.6,2407.038
2025-10-08T16:00:00+00:00,577.6,588.0,577.1,586.9,2258.654
2025-10-08T20:00:00+00:00,586.9,587.4,581.4,583.1,1212.189
2025-10-09T00:00:00+00:00,583.2,583.8,575.8,581.0,2132.632
2025-10-09T04:00:00+00:00,580.9,582.8,576.7,578.2,1826.703
2025-10-09T08:00:00+00:00,578.2,578.5,570.0,575.4,4489.631
2025-10-09T12:00:00+00:00,575.4,580.9,570.9,576.0,4545.238
2025-10-09T16:00:00+00:00,575.9,577.7,568.3,575.6,2278.398
2025-10-09T20:00:00+00:00,575.8,594.3,573.6,580.0,9719.77
2025-10-10T00:00:00+00:00,579.9,601.2,579.9,593.6,9632.503
2025-10-10T04:00:00+00:00,593.6,595.6,584.3,585.7,6848.217
2025-10-10T08:00:00+00:00,585.7,597.5,585.2,594.9,23616.892
2025-10-10T12:00:00+00:00,595.0,597.1,573.2,577.3,20134.9
2025-10-10T16:00:00+00:00,577.3,582.2,556.0,560.1,9753.464
2025-10-10T20:00:00+00:00,560.1,565.7,482.0,513.5,88435.165
2025-10-11T00:00:00+00:00,513.4,538.4,502.7,529.5,24483.23
2025-10-11T04:00:00+00:00,529.4,540.3,525.7,529.0,9913.722
2025-10-11T08:00:00+00:00,529.0,537.0,527.0,530.2,5802.483
2025-10-11T12:00:00+00:00,530.2,530.8,520.2,524.8,5198.946
2025-10-11T16:00:00+00:00,524.9,526.9,499.6,502.1,4057.651
2025-10-11T20:00:00+00:00,502.0,506.3,477.7,500.1,26616.019
2025-10-12T00:00:00+00:00,500.1,515.1,495.6,510.5,10384.407
2025-10-12T04:00:00+00:00,510.5,526.3,510.4,521.5,18782.745
2025-10-12T08:00:00+00:00,521.6,526.0,516.6,523.2,3476.059
2025-10-12T12:00:00+00:00,523.1,539.2,518.3,536.6,12076.463
2025-10-12T16:00:00+00:00,536.6,544.5,535.8,541.6,4644.782
2025-10-12T20:00:00+00:00,541.6,545.4,533.7,540.7,4482.269
2025-10-13T00:00:00+00:00,540.6,547.6,537.7,538.3,4461.817
2025-10-13T04:00:00+00:00,538.3,546.5,536.9,543.1,5103.665
2025-10-13T08:00:00+00:00,543.1,546.0,530.7,537.4,8894.549
2025-10-13T12:00:00+00:00,537.3,545.6,534.6,541.0,8348.042
2025-10-13T16:00:00+00:00,541.0,549.4,539.0,547.1,2804.912
2025-10-13T20:00:00+00:00,547.2,549.0,543.5,546.5,2464.751
2025-10-14T00:00:00+00:00,546.5,547.2,533.4,538.6,15805.559
2025-10-14T04:00:00+00:00,538.5,539.2,507.6,516.9,57574.969
2025-10-14T08:00:00+00:00,516.9,527.8,508.0,518.6,46102.641
2025-10-14T12:00:00+00:00,518.6,531.1,511.9,530.9,8789.091
2025-10-14T16:00:00+00:00,530.9,539.0,527.2,533.9,5761.989
2025-10-14T20:00:00+00:00,534.0,542.5,532.3,538.0,4330.38
2025-10-15T00:00:00+00:00,538.0,541.1,532.2,534.6,2663.196
2025-10-15T04:00:00+00:00,534.7,538.0,533.0,536.7,2544.346
2025-10-15T08:00:00+00:00,536.6,546.0,530.2,531.6,5124.291
2025-10-15T12:00:00+00:00,531.6,534.0,521.0,523.1,7051.371
2025-10-15T16:00:00+00:00,523.1,527.8,520.4,523.2,4015.262
2025-10-15T20:00:00+00:00,523.2,524.8,517.4,522.2,2202.983
2025-10-16T00:00:00+00:00,522.2,527.3,520.9,523.6,1797.55
2025-10-16T04:00:00+00:00,523.6,525.4,519.1,522.2,2344.783
2025-10-16T08:00:00+00:00,522.3,529.7,511.6,524.5,5800.172
2025-10-16T12:00:00+00:00,524.6,527.6,509.4,510.8,4462.796
2025-10-16T16:00:00+00:00,510.7,517.1,503.2,506.9,10599.794
2025-10-16T20:00:00+00:00,507.0,508.4,501.3,504.8,4775.671
2025-10-17T00:00:00+00:00,504.8,510.8,503.3,508.4,3270.968
2025-10-17T04:00:00+00:00,508.4,508.8,478.1,479.1,9147.951
2025-10-17T08:00:00+00:00,479.1,483.0,443.2,466.1,70186.058
2025-10-17T12:00:00+00:00,466.1,470.0,455.6,469.7,15034.911
2025-10-17T16:00:00+00:00,469.8,474.8,461.9,466.1,9172.494
2025-10-17T20:00:00+00:00,466.2,474.1,466.0,469.8,2805.115
2025-10-18T00:00:00+00:00,469.8,476.3,468.5,474.8,2878.916
2025-10-18T04:00:00+00:00,474.8,483.7,472.1,475.3,8406.874
2025-10-18T08:00:00+00:00,475.3,477.0,471.3,472.0,2209.455
2025-10-18T12:00:00+00:00,472.0,472.1,462.2,466.0,6333.79
2025-10-18T16:00:00+00:00,466.0,467.7,463.4,466.9,2447.953
2025-10-18T20:00:00+00:00,466.8,469.2,465.1,468.5,2162.919
2025-10-19T00:00:00+00:00,468.4,468.8,462.1,465.4,2284.363
2025-10-19T04:00:00+00:00,465.4,466.1,458.6,461.7,3061.7
2025-10-19T08:00:00+00:00,461.6,476.4,456.6,469.9,23050.691
2025-10-19T12:00:00+00:00,469.9,479.1,468.7,476.3,5046.47
2025-10-19T16:00:00+00:00,476.3,478.1,472.7,473.1,3065.338
2025-10-19T20:00:00+00:00,473.0,476.3,472.1,472.7,2044.67
2025-10-20T00:00:00+00:00,472.6,478.8,467.0,477.6,2517.788
2025-10-20T04:00:00+00:00,477.6,485.1,477.0,481.0,10550.475
2025-10-20T08:00:00+00:00,481.1,484.0,479.4,481.7,6737.042
2025-10-20T12:00:00+00:00,481.6,486.2,480.0,480.1,7969.343
2025-10-20T16:00:00+00:00,480.0,486.6,474.7,485.2,7837.606
2025-10-20T20:00:00+00:00,485.1,485.1,478.7,478.7,4101.369
2025-10-21T00:00:00+00:00,478.7,480.2,472.4,473.2,5720.345
2025-10-21T04:00:00+00:00,473.2,473.3,465.4,469.2,6064.919
2025-10-21T08:00:00+00:00,469.2,475.4,464.0,472.7,38738.861
2025-10-21T12:00:00+00:00,472.7,511.2,470.0,510.0,48051.25
2025-10-21T16:00:00+00:00,510.0,515.5,495.3,495.4,10401.147
2025-10-21T20:00:00+00:00,495.3,496.0,478.6,480.8,6915.799
2025-10-22T00:00:00+00:00,480.8,486.0,477.3,481.5,5067.832
2025-10-22T04:00:00+00:00,481.4,483.7,475.2,478.6,2959.725
2025-10-22T08:00:00+00:00,478.6,479.5,466.9,473.1,4205.387
2025-10-22T12:00:00+00:00,473.1,478.0,468.6,473.9,12415.59
2025-10-22T16:00:00+00:00,473.8,475.6,469.4,475.3,3817.462
2025-10-22T20:00:00+00:00,475.2,475.3,462.2,473.2,4110.115
2025-10-23T00:00:00+00:00,473.2,491.5,472.7,483.6,57407.85
2025-10-23T04:00:00+00:00,483.7,491.9,479.8,484.1,64110.75
2025-10-23T08:00:00+00:00,484.1,489.9,482.3,484.5,48128.296
2025-10-23T12:00:00+00:00,484.5,486.8,481.1,483.7,6061.902
2025-10-23T16:00:00+00:00,483.7,488.2,482.4,483.6,2376.399
2025-10-23T20:00:00+00:00,483.5,483.5,477.9,480.3,3873.447
2025-10-24T00:00:00+00:00,480.3,483.2,478.3,482.4,4625.494
2025-10-24T04:00:00+00:00,482.4,510.0,481.1,490.9,14655.925
2025-10-24T08:00:00+00:00,491.0,498.0,488.2,494.8,10462.672
2025-10-24T12:00:00+00:00,494.8,508.6,494.8,498.0,19884.418
2025-10-24T16:00:00+00:00,498.0,505.8,495.7,499.6,3207.41
2025-10-24T20:00:00+00:00,499.7,503.7,499.0,503.2,1451.808
2025-10-25T00:00:00+00:00,503.2,507.5,499.5,502.3,8629.561
2025-10-25T04:00:00+00:00,502.3,512.8,501.9,507.7,5313.753
2025-10-25T08:00:00+00:00,507.7,511.1,495.9,500.0,7056.984
2025-10-25T12:00:00+00:00,499.9,511.0,499.7,507.1,16933.437
2025-10-25T16:00:00+00:00,507.2,509.0,504.8,507.5,2031.014
2025-10-25T20:00:00+00:00,507.4,512.8,504.9,508.2,10373.845
2025-10-26T00:00:00+00:00,508.2,520.4,508.2,508.4,18626.963
2025-10-26T04:00:00+00:00,508.5,519.8,508.3,518.9,8399.785
2025-10-26T08:00:00+00:00,518.9,544.2,517.2,539.6,15945.181
2025-10-26T12:00:00+00:00,539.6,565.7,539.6,548.8,35275.651
2025-10-26T16:00:00+00:00,548.8,559.0,548.1,554.5,12462.042
2025-10-26T20:00:00+00:00,554.5,560.0,549.3,559.4,9963.517
2025-10-27T00:00:00+00:00,559.4,565.4,555.0,560.1,13235.712
2025-10-27T04:00:00+00:00,560.2,565.7,555.5,560.7,22088.79
2025-10-27T08:00:00+00:00,560.7,563.7,556.0,562.0,11837.602
2025-10-27T12:00:00+00:00,561.9,572.3,559.6,563.1,13168.765
2025-10-27T16:00:00+00:00,563.2,565.5,556.0,558.1,8279.366
2025-10-27T20:00:00+00:00,558.1,580.0,545.8,555.6,18218.542
2025-10-28T00:00:00+00:00,555.6,560.7,552.8,559.8,29447.179
2025-10-28T04:00:00+00:00,559.7,580.0,550.0,555.0,46868.605
2025-10-28T08:00:00+00:00,555.1,562.7,552.6,555.7,23149.047
2025-10-28T12:00:00+00:00,555.7,575.0,554.8,562.2,23769.598
2025-10-28T16:00:00+00:00,562.1,565.3,557.3,560.6,4930.035
2025-10-28T20:00:00+00:00,560.5,565.0,550.0,557.6,21899.023
2025-10-29T00:00:00+00:00,557.6,565.5,556.7,561.9,5575.475
2025-10-29T04:00:00+00:00,561.8,566.7,558.5,560.4,5628.081
2025-10-29T08:00:00+00:00,560.3,560.6,548.7,552.7,15337.291
2025-10-29T12:00:00+00:00,552.7,565.0,548.0,557.7,32255.808
2025-10-29T16:00:00+00:00,557.6,562.7,546.9,557.4,13199.13
2025-10-29T20:00:00+00:00,557.4,561.8,555.3,555.6,3885.366
2025-10-30T00:00:00+00:00,555.6,562.5,554.5,560.2,4593.775
2025-10-30T04:00:00+00:00,560.2,576.2,547.7,572.1,22430.2
2025-10-30T08:00:00+00:00,572.2,574.3,560.9,563.0,9944.91
2025-10-30T12:00:00+00:00,563.0,565.5,531.0,536.2,28524.988
2025-10-30T16:00:00+00:00,536.2,538.9,527.3,530.0,5663.142
2025-10-30T20:00:00+00:00,529.9,547.1,528.5,541.2,7298.091
2025-10-31T00:00:00+00:00,541.2,568.1,532.6,553.5,42874.608
2025-10-31T04:00:00+00:00,553.5,560.1,545.6,554.5,14039.827
2025-10-31T08:00:00+00:00,554.6,558.7,550.9,555.7,5740.174
2025-10-31T12:00:00+00:00,555.6,558.7,551.6,557.8,4644.211
2025-10-31T16:00:00+00:00,557.7,558.6,538.7,546.7,7499.723
2025-10-31T20:00:00+00:00,546.6,548.0,534.8,535.1,4625.423
2025-11-01T00:00:00+00:00,535.1,550.0,531.1,545.3,13788.582
2025-11-01T04:00:00+00:00,545.3,550.1,543.4,547.7,3251.049
2025-11-01T08:00:00+00:00,547.7,563.0,547.7,557.2,28603.657
2025-11-01T12:00:00+00:00,557.2,558.5,550.6,553.2,3654.949
2025-11-01T16:00:00+00:00,553.2,557.6,552.5,554.5,6337.745
2025-11-01T20:00:00+00:00,554.6,555.5,551.7,554.0,2146.018
2025-11-02T00:00:00+00:00,554.1,556.1,550.4,550.8,2388.722
2025-11-02T04:00:00+00:00,550.8,554.0,546.9,551.3,3988.607
2025-11-02T08:00:00+00:00,551.3,553.6,522.9,534.1,37532.314
2025-11-02T12:00:00+00:00,534.3,536.3,529.0,534.1,5646.691
2025-11-02T16:00:00+00:00,534.0,537.0,531.9,532.9,2094.847
2025-11-02T20:00:00+00:00,532.8,537.6,531.3,536.9,2212.221
2025-11-03T00:00:00+00:00,536.9,537.0,525.9,527.4,9300.526
2025-11-03T04:00:00+00:00,527.3,534.6,523.0,525.9,4609.733
2025-11-03T08:00:00+00:00,525.8,528.6,517.4,524.0,5759.729
2025-11-03T12:00:00+00:00,524.1,529.0,492.6,509.2,32693.237
2025-11-03T16:00:00+00:00,509.3,522.0,508.1,513.8,6462.808
2025-11-03T20:00:00+00:00,513.9,514.8,501.3,505.9,4795.966
2025-11-04T00:00:00+00:00,505.9,512.7,500.4,510.6,3989.743
2025-11-04T04:00:00+00:00,510.7,511.8,490.7,494.2,14669.754
2025-11-04T08:00:00+00:00,494.2,505.0,488.6,500.6,23533.604
2025-11-04T12:00:00+00:00,500.5,507.9,491.1,498.6,5400.048
2025-11-04T16:00:00+00:00,498.6,502.3,472.5,475.0,11763.664
2025-11-04T20:00:00+00:00,474.9,486.8,460.3,480.0,10929.062
2025-11-05T00:00:00+00:00,480.1,489.0,460.5,487.5,8776.338
2025-11-05T04:00:00+00:00,487.6,489.9,482.9,483.9,2489.323
2025-11-05T08:00:00+00:00,483.8,487.9,477.8,487.6,3175.729
2025-11-05T12:00:00+00:00,487.6,491.9,483.3,491.7,5201.178
2025-11-05T16:00:00+00:00,491.7,494.6,487.3,489.7,2989.204
2025-11-05T20:00:00+00:00,489.7,492.1,486.2,489.1,2721.686
2025-11-06T00:00:00+00:00,489.1,489.9,482.4,486.6,3460.391
2025-11-06T04:00:00+00:00,486.7,489.1,478.2,478.4,4406.221
2025-11-06T08:00:00+00:00,478.4,482.5,476.7,480.0,2901.064
2025-11-06T12:00:00+00:00,480.0,483.8,468.7,470.6,5085.262
2025-11-06T16:00:00+00:00,470.7,474.3,464.2,472.0,5015.549
2025-11-06T20:00:00+00:00,472.1,474.5,468.2,472.9,2849.98
2025-11-07T00:00:00+00:00,473.0,487.9,471.6,480.9,29968.489
2025-11-07T04:00:00+00:00,480.9,489.4,477.4,487.8,74322.445
2025-11-07T08:00:00+00:00,487.7,488.7,475.5,481.4,45108.843
2025-11-07T12:00:00+00:00,481.4,488.0,470.4,486.8,9039.979
2025-11-07T16:00:00+00:00,486.7,524.8,484.8,515.6,23206.892
2025-11-07T20:00:00+00:00,515.5,519.1,510.3,512.3,4525.221
2025-11-08T00:00:00+00:00,512.4,515.6,503.8,504.5,4625.371
2025-11-08T04:00:00+00:00,504.4,508.0,497.5,503.6,3471.738
2025-11-08T08:00:00+00:00,503.7,505.4,496.8,498.1,3035.537
2025-11-08T12:00:00+00:00,498.1,498.3,486.2,487.3,5025.876
2025-11-08T16:00:00+00:00,487.3,494.2,485.8,490.8,3073.704
2025-11-08T20:00:00+00:00,490.8,496.8,490.1,495.8,1479.348
2025-11-09T00:00:00+00:00,495.7,500.8,488.7,489.8,15012.282
2025-11-09T04:00:00+00:00,489.8,496.3,489.8,494.5,5117.903
2025-11-09T08:00:00+00:00,494.5,498.2,489.7,495.1,2192.007
2025-11-09T12:00:00+00:00,495.1,505.0,494.5,499.0,3441.742
2025-11-09T16:00:00+00:00,498.9,504.2,494.7,503.7,1981.936
2025-11-09T20:00:00+00:00,503.6,507.3,500.7,503.5,2591.899
2025-11-10T00:00:00+00:00,503.5,510.4,500.8,505.4,4079.785
2025-11-10T04:00:00+00:00,505.4,510.5,501.4,509.9,6674.23
2025-11-10T08:00:00+00:00,509.8,522.2,506.0,519.7,8529.357
2025-11-10T12:00:00+00:00,519.7,525.7,510.7,512.5,7319.173
2025-11-10T16:00:00+00:00,512.6,515.1,506.9,510.2,2027.025
2025-11-10T20:00:00+00:00,510.2,520.6,501.6,517.6,5113.367
2025-11-11T00:00:00+00:00,517.6,532.1,515.5,527.0,18626.453
2025-11-11T04:00:00+00:00,527.1,527.7,515.5,516.2,24612.975
2025-11-11T08:00:00+00:00,516.1,521.5,511.1,516.7,12858.163
2025-11-11T12:00:00+00:00,516.7,519.0,510.0,512.2,8108.778
2025-11-11T16:00:00+00:00,512.2,514.3,507.2,508.0,5650.73
2025-11-11T20:00:00+00:00,508.0,511.2,503.8,505.7,4516.752
2025-11-12T00:00:00+00:00,505.7,510.6,504.2,509.9,3105.958
2025-11-12T04:00:00+00:00,509.9,512.2,506.4,507.9,2627.514
2025-11-12T08:00:00+00:00,508.0,527.6,508.0,522.8,10471.898
2025-11-12T12:00:00+00:00,522.9,532.6,515.5,516.7,14485.18
2025-11-12T16:00:00+00:00,516.6,517.4,498.4,504.0,8496.888
2025-11-12T20:00:00+00:00,503.9,510.3,502.4,507.4,3187.076
2025-11-13T00:00:00+00:00,507.3,527.3,506.6,524.2,10111.848
2025-11-13T04:00:00+00:00,524.3,530.0,521.0,524.8,5156.718
2025-11-13T08:00:00+00:00,524.9,530.7,522.7,528.7,14227.304
2025-11-13T12:00:00+00:00,528.8,531.6,516.9,519.7,26575.579
2025-11-13T16:00:00+00:00,519.6,521.5,498.4,499.6,17049.562
2025-11-13T20:00:00+00:00,499.6,511.9,494.1,509.3,10246.434
2025-11-14T00:00:00+00:00,509.3,518.1,507.8,511.7,6314.535
2025-11-14T04:00:00+00:00,511.6,511.7,491.9,500.6,11079.698
2025-11-14T08:00:00+00:00,500.6,500.6,484.8,488.0,8210.769
2025-11-14T12:00:00+00:00,487.9,500.0,476.9,491.4,12179.798
2025-11-14T16:00:00+00:00,491.5,502.3,488.4,493.8,7832.354
2025-11-14T20:00:00+00:00,493.9,494.1,475.6,479.6,6761.407
2025-11-15T00:00:00+00:00,479.6,502.9,479.4,501.8,16144.921
2025-11-15T04:00:00+00:00,501.9,502.2,493.8,496.9,4744.445
2025-11-15T08:00:00+00:00,497.0,499.8,490.8,497.1,2988.66
2025-11-15T12:00:00+00:00,497.0,519.8,496.0,507.0,21444.05
2025-11-15T16:00:00+00:00,507.0,508.2,502.9,507.0,4412.382
2025-11-15T20:00:00+00:00,507.1,508.0,498.6,502.5,4060.641
2025-11-16T00:00:00+00:00,502.4,504.0,498.0,501.6,4258.782
2025-11-16T04:00:00+00:00,501.6,504.2,498.2,504.2,2393.484
2025-11-16T08:00:00+00:00,504.2,504.4,492.7,493.6,3241.813
2025-11-16T12:00:00+00:00,493.6,497.4,481.4,482.3,4496.179
2025-11-16T16:00:00+00:00,482.3,484.4,472.5,478.7,6695.654
2025-11-16T20:00:00+00:00,478.7,487.2,474.4,483.4,5881.238
2025-11-17T00:00:00+00:00,483.4,491.4,480.8,491.1,3778.873
2025-11-17T04:00:00+00:00,491.2,495.4,486.7,493.8,1900.742
2025-11-17T08:00:00+00:00,493.8,502.4,493.1,500.7,4240.897
2025-11-17T12:00:00+00:00,500.7,515.6,494.8,503.7,12604.143
2025-11-17T16:00:00+00:00,503.8,514.2,494.8,497.1,12648.843
2025-11-17T20:00:00+00:00,497.0,497.3,485.3,490.8,7077.881
2025-11-18T00:00:00+00:00,490.7,492.4,478.4,490.6,8381.014
2025-11-18T04:00:00+00:00,490.7,490.9,475.8,488.4,6387.419
2025-11-18T08:00:00+00:00,488.4,491.8,484.9,486.6,6148.454
2025-11-18T12:00:00+00:00,486.7,507.8,482.5,506.6,13143.603
2025-11-18T16:00:00+00:00,506.5,530.9,501.9,530.2,20468.469
2025-11-18T20:00:00+00:00,530.2,538.0,520.8,523.2,47258.394
2025-11-19T00:00:00+00:00,523.2,523.4,501.0,501.8,12425.7
2025-11-19T04:00:00+00:00,501.7,503.1,489.6,500.8,8812.143
2025-11-19T08:00:00+00:00,500.8,500.8,492.8,494.7,3750.711
2025-11-19T12:00:00+00:00,494.6,495.7,483.3,483.7,11238.132
2025-11-19T16:00:00+00:00,483.6,487.0,470.9,475.0,12239.945
2025-11-19T20:00:00+00:00,475.0,490.2,473.9,486.4,9919.025
2025-11-20T00:00:00+00:00,486.4,493.6,484.4,488.4,3669.567
2025-11-20T04:00:00+00:00,488.5,513.0,485.2,501.9,23653.672
2025-11-20T08:00:00+00:00,501.9,506.9,495.0,504.3,12166.233
2025-11-20T12:00:00+00:00,504.3,505.2,495.2,496.3,13046.772
2025-11-20T16:00:00+00:00,496.2,496.9,474.1,477.1,12438.004
2025-11-20T20:00:00+00:00,477.0,487.2,474.2,480.8,12565.787
2025-11-21T00:00:00+00:00,480.8,487.1,476.3,483.1,8203.72
2025-11-21T04:00:00+00:00,483.0,485.6,453.4,464.6,19329.206
2025-11-21T08:00:00+00:00,464.6,474.8,455.7,455.9,15221.433
2025-11-21T12:00:00+00:00,456.0,501.7,446.9,488.1,54453.931
2025-11-21T16:00:00+00:00,488.2,515.3,483.4,511.0,21852.559
2025-11-21T20:00:00+00:00,511.0,550.7,505.5,533.5,52463.938
2025-11-22T00:00:00+00:00,533.5,540.0,524.5,534.2,29574.803
2025-11-22T04:00:00+00:00,534.2,536.0,521.2,535.2,21002.9
2025-11-22T08:00:00+00:00,535.1,565.0,529.1,560.1,30157.282
2025-11-22T12:00:00+00:00,560.2,562.7,534.7,539.1,40837.216
2025-11-22T16:00:00+00:00,539.0,568.1,538.1,564.2,17494.62
2025-11-22T20:00:00+00:00,564.2,568.1,551.1,556.7,13576.904
2025-11-23T00:00:00+00:00,556.7,557.8,538.2,542.3,15578.115
2025-11-23T04:00:00+00:00,542.4,553.7,539.4,553.3,11498.374
2025-11-23T08:00:00+00:00,553.3,558.5,546.5,548.1,10811.117
2025-11-23T12:00:00+00:00,548.1,556.5,541.1,546.8,11360.091
2025-11-23T16:00:00+00:00,546.9,552.3,542.3,547.7,7829.438
2025-11-23T20:00:00+00:00,547.6,556.6,536.5,539.3,9381.858
2025-11-24T00:00:00+00:00,539.3,564.5,537.1,552.2,24289.689
2025-11-24T04:00:00+00:00,552.2,554.0,542.5,545.2,12066.641
2025-11-24T08:00:00+00:00,545.2,552.4,538.5,544.3,7656.826
2025-11-24T12:00:00+00:00,544.2,554.9,541.8,550.1,8907.757
2025-11-24T16:00:00+00:00,550.0,560.6,549.7,557.1,8656.708
2025-11-24T20:00:00+00:00,557.2,559.7,546.9,549.3,6095.033
2025-11-25T00:00:00+00:00,549.4,550.0,540.5,541.3,6563.303
2025-11-25T04:00:00+00:00,541.4,543.9,523.9,526.7,14226.742
2025-11-25T08:00:00+00:00,526.8,526.9,516.2,522.2,10270.307
2025-11-25T12:00:00+00:00,522.2,529.6,518.7,520.6,14057.111
2025-11-25T16:00:00+00:00,520.6,524.9,517.2,519.9,2885.854
2025-11-25T20:00:00+00:00,519.8,528.5,518.6,527.3,3760.047
2025-11-26T00:00:00+00:00,527.3,533.2,525.9,526.6,3747.942
2025-11-26T04:00:00+00:00,526.6,538.8,526.5,534.1,17321.267
2025-11-26T08:00:00+00:00,534.1,536.4,530.1,532.8,3803.914
2025-11-26T12:00:00+00:00,532.8,546.1,528.4,538.5,77396.64
2025-11-26T16:00:00+00:00,538.6,549.1,534.6,544.5,11277.19
2025-11-26T20:00:00+00:00,544.5,548.1,541.7,543.7,4996.449
2025-11-27T00:00:00+00:00,543.7,548.0,539.8,539.8,11430.925
2025-11-27T04:00:00+00:00,539.8,551.0,537.5,546.1,22514.085
2025-11-27T08:00:00+00:00,546.0,547.0,541.2,543.4,3971.878
2025-11-27T12:00:00+00:00,543.3,544.1,534.0,535.2,5805.632
2025-11-27T16:00:00+00:00,535.2,537.4,531.4,534.1,4679.479
2025-11-27T20:00:00+00:00,534.0,538.2,531.8,532.7,2999.124
2025-11-28T00:00:00+00:00,532.7,545.1,531.8,537.8,145907.132
2025-11-28T04:00:00+00:00,537.7,537.8,530.8,535.6,5105.475
2025-11-28T08:00:00+00:00,535.6,542.2,534.9,536.0,5238.45
2025-11-28T12:00:00+00:00,535.9,543.5,531.7,542.6,11637.107
2025-11-28T16:00:00+00:00,542.6,554.6,538.8,552.1,6489.577
2025-11-28T20:00:00+00:00,552.2,552.7,543.6,548.6,6300.521
2025-11-29T00:00:00+00:00,548.7,548.8,527.5,534.7,56793.566
2025-11-29T04:00:00+00:00,534.6,537.1,529.7,531.8,8998.632
2025-11-29T08:00:00+00:00,531.9,532.7,528.5,529.7,5387.272
2025-11-29T12:00:00+00:00,529.6,529.7,525.5,527.7,3236.894
2025-11-29T16:00:00+00:00,527.8,528.0,518.3,520.6,8163.325
2025-11-29T20:00:00+00:00,520.5,526.2,517.5,521.5,6477.448
2025-11-30T00:00:00+00:00,521.6,528.8,518.1,524.8,10991.033
2025-11-30T04:00:00+00:00,524.8,535.0,519.9,524.3,7346.74
2025-11-30T08:00:00+00:00,524.4,543.2,523.0,537.7,14284.629
2025-11-30T12:00:00+00:00,537.8,562.6,536.3,553.8,31381.122
2025-11-30T16:00:00+00:00,553.9,562.0,553.9,555.8,12144.92
2025-11-30T20:00:00+00:00,555.8,556.3,540.0,540.8,6684.707
2025-12-01T00:00:00+00:00,540.7,544.8,519.2,522.2,30796.729
2025-12-01T04:00:00+00:00,522.1,525.6,515.3,522.1,21714.906
2025-12-01T08:00:00+00:00,522.1,524.8,519.3,521.4,7289.545
2025-12-01T12:00:00+00:00,521.3,528.3,510.0,514.3,16533.432
2025-12-01T16:00:00+00:00,514.3,517.2,508.8,510.5,9642.303
2025-12-01T20:00:00+00:00,510.5,526.4,510.5,523.2,8594.819
2025-12-02T00:00:00+00:00,523.1,534.9,519.9,524.0,16300.057
2025-12-02T04:00:00+00:00,524.0,526.1,520.4,522.7,3093.334
2025-12-02T08:00:00+00:00,522.7,532.2,521.4,529.7,7897.333
2025-12-02T12:00:00+00:00,529.7,543.3,520.3,541.9,31408.606
2025-12-02T16:00:00+00:00,541.8,556.0,540.1,554.0,17661.349
2025-12-02T20:00:00+00:00,554.0,558.5,545.1,545.3,7851.359
2025-12-03T00:00:00+00:00,545.3,561.4,543.5,560.8,30861.67
2025-12-03T04:00:00+00:00,560.9,598.4,560.8,583.7,36489.453
2025-12-03T08:00:00+00:00,583.8,591.0,571.0,587.1,17638.015
2025-12-03T12:00:00+00:00,587.0,596.1,574.4,589.2,35263.221
2025-12-03T16:00:00+00:00,589.2,601.3,587.5,598.1,11009.367
2025-12-03T20:00:00+00:00,598.2,607.4,589.0,590.6,12279.272
2025-12-04T00:00:00+00:00,590.5,600.0,587.1,592.7,13426.38
2025-12-04T04:00:00+00:00,592.7,594.4,588.2,592.9,8121.233
2025-12-04T08:00:00+00:00,593.0,594.1,574.3,574.8,14761.534
2025-12-04T12:00:00+00:00,574.7,586.9,574.6,582.0,7084.285
2025-12-04T16:00:00+00:00,581.9,582.2,566.3,574.3,9660.002
2025-12-04T20:00:00+00:00,574.3,578.9,572.3,574.9,4266.74
2025-12-05T00:00:00+00:00,574.9,583.7,574.6,577.5,5783.904
2025-12-05T04:00:00+00:00,577.4,579.0,569.9,575.5,4255.914
2025-12-05T08:00:00+00:00,575.6,576.6,565.0,573.8,5441.949
2025-12-05T12:00:00+00:00,573.9,583.1,570.0,574.4,13562.612
2025-12-05T16:00:00+00:00,574.3,575.5,560.0,568.6,9189.84
2025-12-05T20:00:00+00:00,568.5,569.0,557.0,559.6,4429.157
2025-12-06T00:00:00+00:00,559.6,573.5,557.9,573.5,8225.901
2025-12-06T04:00:00+00:00,573.5,580.8,569.2,576.1,9501.427
2025-12-06T08:00:00+00:00,576.2,596.9,571.5,590.1,12795.889
2025-12-06T12:00:00+00:00,590.0,595.9,582.4,587.3,9529.013
2025-12-06T16:00:00+00:00,587.3,592.2,582.1,592.0,4979.861
2025-12-06T20:00:00+00:00,592.0,592.6,581.8,583.5,4089.753
2025-12-07T00:00:00+00:00,583.6,590.1,580.9,587.2,4110.872
2025-12-07T04:00:00+00:00,587.3,593.7,583.5,588.0,4538.304
2025-12-07T08:00:00+00:00,588.1,595.7,575.0,579.2,8526.406
2025-12-07T12:00:00+00:00,579.2,581.1,567.7,580.1,7248.744
2025-12-07T16:00:00+00:00,580.0,605.0,577.6,595.8,10064.43
2025-12-07T20:00:00+00:00,595.9,599.8,580.9,598.5,6931.78
2025-12-08T00:00:00+00:00,598.5,605.0,593.9,600.0,9097.796
2025-12-08T04:00:00+00:00,600.0,605.0,597.7,600.9,4408.41
2025-12-08T08:00:00+00:00,600.9,603.5,593.3,593.9,4040.319
2025-12-08T12:00:00+00:00,593.9,595.2,586.7,588.6,6101.722
2025-12-08T16:00:00+00:00,588.5,590.6,575.8,576.5,7993.764
2025-12-08T20:00:00+00:00,576.5,583.5,576.5,579.1,4919.424
2025-12-09T00:00:00+00:00,579.2,582.9,574.3,577.4,5278.837
2025-12-09T04:00:00+00:00,577.4,577.9,570.0,575.4,3861.644
2025-12-09T08:00:00+00:00,575.3,575.3,570.5,572.9,3308.361
2025-12-09T12:00:00+00:00,572.9,588.9,572.5,586.1,68534.759
2025-12-09T16:00:00+00:00,586.2,591.3,579.7,584.2,8931.915
2025-12-09T20:00:00+00:00,584.3,587.2,574.1,585.0,6712.614
2025-12-10T00:00:00+00:00,584.9,588.9,558.8,561.8,17126.543
2025-12-10T04:00:00+00:00,561.7,568.5,560.6,564.4,12436.249
2025-12-10T08:00:00+00:00,564.4,571.6,561.9,569.0,41348.562
2025-12-10T12:00:00+00:00,568.9,573.0,562.9,564.0,5175.283
2025-12-10T16:00:00+00:00,564.0,578.1,563.4,576.5,14067.161
2025-12-10T20:00:00+00:00,576.6,583.3,571.2,572.6,5890.26
2025-12-11T00:00:00+00:00,572.7,572.9,551.5,554.5,17043.905
2025-12-11T04:00:00+00:00,554.5,563.9,553.4,558.7,5066.472
2025-12-11T08:00:00+00:00,558.8,562.9,558.0,560.1,3696.895
2025-12-11T12:00:00+00:00,560.1,565.1,558.0,560.1,10611.006
2025-12-11T16:00:00+00:00,560.1,564.6,557.4,562.9,4103.998
2025-12-11T20:00:00+00:00,563.0,576.6,562.9,574.3,5024.641
2025-12-12T00:00:00+00:00,574.3,584.7,567.9,580.0,30916.402
2025-12-12T04:00:00+00:00,580.0,588.4,577.6,578.5,4660.062
2025-12-12T08:00:00+00:00,578.5,584.4,573.4,583.2,4367.356
2025-12-12T12:00:00+00:00,583.1,586.0,577.4,580.6,9787.119
2025-12-12T16:00:00+00:00,580.5,582.3,572.7,577.1,7256.829
2025-12-12T20:00:00+00:00,577.2,582.3,575.7,581.9,2292.213
2025-12-13T00:00:00+00:00,581.9,586.8,578.9,581.8,3558.832
2025-12-13T04:00:00+00:00,581.8,582.2,572.2,574.1,4047.146
2025-12-13T08:00:00+00:00,574.1,579.4,574.1,576.3,3335.762
2025-12-13T12:00:00+00:00,576.3,578.6,574.2,577.8,2717.423
2025-12-13T16:00:00+00:00,577.8,579.7,568.2,574.0,2823.166
2025-12-13T20:00:00+00:00,574.1,582.0,572.8,579.9,2761.934
2025-12-14T00:00:00+00:00,580.0,584.1,577.3,583.9,6357.919
2025-12-14T04:00:00+00:00,583.9,585.3,574.2,577.0,8665.328
2025-12-14T08:00:00+00:00,577.0,581.8,570.7,575.7,5540.236
2025-12-14T12:00:00+00:00,575.7,576.7,567.5,568.9,3725.546
2025-12-14T16:00:00+00:00,568.8,572.7,560.4,561.2,2811.816
2025-12-14T20:00:00+00:00,561.3,563.3,554.2,558.3,3802.071
2025-12-15T00:00:00+00:00,558.2,573.8,558.0,564.8,6923.396
2025-12-15T04:00:00+00:00,564.8,569.1,564.7,566.9,2598.631
2025-12-15T08:00:00+00:00,566.9,570.2,563.2,564.7,2204.204
2025-12-15T12:00:00+00:00,564.7,566.5,539.0,542.2,9626.973
2025-12-15T16:00:00+00:00,542.1,543.5,518.5,529.9,19096.285
2025-12-15T20:00:00+00:00,529.8,539.5,525.7,536.1,9983.463
2025-12-16T00:00:00+00:00,536.1,540.1,532.3,535.5,6185.401
2025-12-16T04:00:00+00:00,535.6,537.1,527.7,530.9,5584.739
2025-12-16T08:00:00+00:00,531.0,544.8,528.3,543.3,4337.849
2025-12-16T12:00:00+00:00,543.4,557.8,537.2,555.4,16426.333
2025-12-16T16:00:00+00:00,555.4,555.4,544.7,548.1,4609.125
2025-12-16T20:00:00+00:00,548.2,550.1,544.9,546.3,2810.496
2025-12-17T00:00:00+00:00,546.2,550.1,544.9,546.2,3759.665
2025-12-17T04:00:00+00:00,546.3,547.4,541.6,546.7,8558.301
2025-12-17T08:00:00+00:00,546.6,557.1,544.9,549.0,9943.089
2025-12-17T12:00:00+00:00,549.0,568.8,543.9,554.8,11272.749
2025-12-17T16:00:00+00:00,554.8,560.7,539.8,546.4,12038.967
2025-12-17T20:00:00+00:00,546.4,549.6,543.7,546.7,5768.648
2025-12-18T00:00:00+00:00,546.6,554.6,544.9,545.5,4351.577
2025-12-18T04:00:00+00:00,545.4,547.5,528.1,530.7,14962.945
2025-12-18T08:00:00+00:00,530.6,542.5,530.6,537.3,4059.703
2025-12-18T12:00:00+00:00,537.3,576.6,536.7,573.4,26667.045
2025-12-18T16:00:00+00:00,573.5,588.0,556.5,561.4,38366.897
2025-12-18T20:00:00+00:00,561.4,573.8,560.7,565.9,12602.547
2025-12-19T00:00:00+00:00,565.9,597.0,557.1,585.1,18510.911
2025-12-19T04:00:00+00:00,585.2,593.0,583.7,585.9,12642.56
2025-12-19T08:00:00+00:00,586.0,600.5,585.5,589.9,11395.579
2025-12-19T12:00:00+00:00,590.0,596.4,583.8,589.8,13687.047
2025-12-19T16:00:00+00:00,589.7,625.9,589.6,624.3,28337.527
2025-12-19T20:00:00+00:00,624.4,631.7,619.8,624.9,12815.305
2025-12-20T00:00:00+00:00,624.8,625.9,598.1,601.3,16820.832
2025-12-20T04:00:00+00:00,601.2,610.1,594.2,594.7,22320.675
2025-12-20T08:00:00+00:00,594.8,599.7,591.5,593.8,10003.977
2025-12-20T12:00:00+00:00,593.8,601.2,588.5,600.5,7614.958
2025-12-20T16:00:00+00:00,600.6,601.1,592.2,594.9,3953.232
2025-12-20T20:00:00+00:00,594.9,596.7,591.8,592.1,2253.64
2025-12-21T00:00:00+00:00,592.0,602.9,590.7,600.5,5728.908
2025-12-21T04:00:00+00:00,600.4,600.5,586.3,588.4,6841.956
2025-12-21T08:00:00+00:00,588.5,591.1,584.5,587.7,5265.153
2025-12-21T12:00:00+00:00,587.8,588.5,576.8,579.8,5852.348
2025-12-21T16:00:00+00:00,579.8,584.8,578.3,583.9,3910.563
2025-12-21T20:00:00+00:00,584.0,591.4,584.0,591.1,3022.169
2025-12-22T00:00:00+00:00,591.2,598.6,571.4,582.1,10278.184
2025-12-22T04:00:00+00:00,582.0,585.6,575.8,577.7,5720.351
2025-12-22T08:00:00+00:00,577.7,594.7,577.5,590.8,20172.582
2025-12-22T12:00:00+00:00,590.9,596.7,587.3,595.0,10099.47
2025-12-22T16:00:00+00:00,594.9,597.0,584.1,588.6,8918.06
2025-12-22T20:00:00+00:00,588.6,592.1,586.8,590.4,8374.524
2025-12-23T00:00:00+00:00,590.4,593.9,587.7,590.2,6990.955
2025-12-23T04:00:00+00:00,590.2,590.3,578.0,582.0,6363.028
2025-12-23T08:00:00+00:00,581.9,588.1,579.6,580.9,7218.804
2025-12-23T12:00:00+00:00,580.8,580.9,571.1,576.9,6644.115
2025-12-23T16:00:00+00:00,576.8,581.2,570.6,575.2,4719.667
2025-12-23T20:00:00+00:00,575.2,578.7,572.0,572.5,1870.287
2025-12-24T00:00:00+00:00,572.6,578.2,568.3,573.3,4058.191
2025-12-24T04:00:00+00:00,573.2,577.0,571.1,572.8,5161.367
2025-12-24T08:00:00+00:00,572.7,578.2,569.2,575.3,4656.458
2025-12-24T12:00:00+00:00,575.2,581.1,564.5,568.4,14322.87
2025-12-24T16:00:00+00:00,568.3,572.7,564.6,565.5,10059.311
2025-12-24T20:00:00+00:00,565.5,569.7,563.3,568.7,8268.294
2025-12-25T00:00:00+00:00,568.7,574.3,566.4,572.0,4626.534
2025-12-25T04:00:00+00:00,572.0,575.5,569.6,574.3,2116.789
2025-12-25T08:00:00+00:00,574.4,600.1,574.4,586.7,16422.159
2025-12-25T12:00:00+00:00,586.6,596.0,585.8,594.0,6230.065
2025-12-25T16:00:00+00:00,594.0,600.0,591.9,595.5,5832.705
2025-12-25T20:00:00+00:00,595.5,596.8,586.8,589.8,7223.199
2025-12-26T00:00:00+00:00,589.7,614.5,586.8,610.2,14668.334
2025-12-26T04:00:00+00:00,610.1,610.6,596.3,599.9,9198.167
2025-12-26T08:00:00+00:00,599.9,608.0,598.6,605.8,5779.456
2025-12-26T12:00:00+00:00,605.9,607.8,595.7,602.1,7694.624
2025-12-26T16:00:00+00:00,602.1,603.1,596.1,598.8,7300.859
2025-12-26T20:00:00+00:00,598.8,601.6,590.1,594.9,6703.647
2025-12-27T00:00:00+00:00,594.8,603.2,593.2,602.3,4996.266
2025-12-27T04:00:00+00:00,602.4,603.5,598.5,600.5,4490.271
2025-12-27T08:00:00+00:00,600.5,620.5,599.2,611.5,14371.49
2025-12-27T12:00:00+00:00,611.6,623.3,609.7,620.8,8040.933
2025-12-27T16:00:00+00:00,620.8,622.5,614.0,620.0,5381.3
2025-12-27T20:00:00+00:00,620.1,625.8,617.5,623.4,4651.993
2025-12-28T00:00:00+00:00,623.3,624.3,610.5,614.4,8848.312
2025-12-28T04:00:00+00:00,614.5,628.3,612.7,621.3,9440.506
2025-12-28T08:00:00+00:00,621.3,623.6,617.7,620.6,6330.521
2025-12-28T12:00:00+00:00,620.6,638.0,619.4,631.7,10706.115
2025-12-28T16:00:00+00:00,631.8,633.7,616.1,620.4,13640.651
2025-12-28T20:00:00+00:00,620.4,622.8,615.8,622.4,4247.85
2025-12-29T00:00:00+00:00,622.4,627.2,610.2,616.4,20436.261
2025-12-29T04:00:00+00:00,616.5,620.3,615.3,617.5,5888.088
2025-12-29T08:00:00+00:00,617.6,620.1,600.9,601.0,50961.92
2025-12-29T12:00:00+00:00,601.1,606.8,598.5,601.3,11815.452
2025-12-29T16:00:00+00:00,601.2,605.6,592.9,597.1,10129.805
2025-12-29T20:00:00+00:00,597.1,603.4,595.2,599.2,4544.011
2025-12-30T00:00:00+00:00,599.2,603.7,596.0,602.9,4604.269
2025-12-30T04:00:00+00:00,603.0,608.1,595.3,597.3,9091.764
2025-12-30T08:00:00+00:00,597.4,601.7,595.1,599.9,26185.127
2025-12-30T12:00:00+00:00,599.9,606.4,598.9,602.4,9902.693
2025-12-30T16:00:00+00:00,602.5,605.2,592.7,596.6,13024.042
2025-12-30T20:00:00+00:00,596.6,598.2,591.3,595.8,4554.632
2025-12-31T00:00:00+00:00,595.8,599.8,594.1,598.3,4502.58
2025-12-31T04:00:00+00:00,598.3,601.7,596.0,600.3,3449.386
2025-12-31T08:00:00+00:00,600.3,603.1,597.6,602.1,4104.89
2025-12-31T12:00:00+00:00,602.1,602.4,594.4,596.0,4380.143
2025-12-31T16:00:00+00:00,596.0,600.9,592.9,597.7,5950.911
2025-12-31T20:00:00+00:00,597.7,603.4,595.5,599.5,4789.583
2026-01-01T00:00:00+00:00,599.6,606.5,596.7,596.9,5541.682
2026-01-01T04:00:00+00:00,596.9,597.7,594.6,595.1,2018.71
2026-01-01T08:00:00+00:00,595.1,598.8,593.3,595.7,5795.025
2026-01-01T12:00:00+00:00,595.7,595.7,587.0,590.7,8931.943
2026-01-01T16:00:00+00:00,590.6,592.0,585.9,590.9,7782.347
2026-01-01T20:00:00+00:00,590.9,594.8,590.5,593.2,4369.706
2026-01-02T00:00:00+00:00,593.3,593.7,585.4,592.5,7282.559
2026-01-02T04:00:00+00:00,592.5,596.3,589.7,594.6,6976.225
2026-01-02T08:00:00+00:00,594.6,601.8,593.4,595.3,6790.67
2026-01-02T12:00:00+00:00,595.4,600.3,587.9,592.2,11648.71
2026-01-02T16:00:00+00:00,592.1,618.7,590.4,611.9,18721.147
2026-01-02T20:00:00+00:00,612.0,613.0,604.2,609.8,6295.475
2026-01-03T00:00:00+00:00,609.9,640.3,608.5,628.8,27718.283
2026-01-03T04:00:00+00:00,628.7,639.9,621.2,626.9,10749.871
2026-01-03T08:00:00+00:00,626.9,641.6,626.4,635.9,8350.257
2026-01-03T12:00:00+00:00,635.9,642.3,630.3,631.6,12586.515
2026-01-03T16:00:00+00:00,631.7,641.8,630.8,639.0,6173.022
2026-01-03T20:00:00+00:00,639.0,664.1,637.8,654.5,27155.517
2026-01-04T00:00:00+00:00,654.5,662.5,642.3,646.3,15840.034
2026-01-04T04:00:00+00:00,646.3,650.4,640.1,641.6,6086.654
2026-01-04T08:00:00+00:00,641.6,654.5,639.9,648.1,30040.283
2026-01-04T12:00:00+00:00,648.1,650.3,635.4,641.8,29158.901
2026-01-04T16:00:00+00:00,641.7,645.8,637.6,642.1,3924.84
2026-01-04T20:00:00+00:00,642.1,643.9,636.6,639.1,3677.963
2026-01-05T00:00:00+00:00,639.2,655.4,639.0,650.9,25157.299
2026-01-05T04:00:00+00:00,650.8,667.1,650.8,661.8,16322.533
2026-01-05T08:00:00+00:00,661.8,669.6,649.3,654.8,18813.168
2026-01-05T12:00:00+00:00,654.8,655.2,642.9,650.4,11092.182
2026-01-05T16:00:00+00:00,650.4,652.1,643.4,649.7,9190.33
2026-01-05T20:00:00+00:00,649.6,654.3,643.8,645.2,7122.646
2026-01-06T00:00:00+00:00,645.3,658.0,638.5,646.5,16356.143
2026-01-06T04:00:00+00:00,646.5,650.8,642.0,642.1,6007.053
2026-01-06T08:00:00+00:00,642.1,643.3,636.7,639.7,15549.343
2026-01-06T12:00:00+00:00,639.7,642.2,624.1,631.3,15593.704
2026-01-06T16:00:00+00:00,631.2,635.1,626.1,631.0,7959.548
2026-01-06T20:00:00+00:00,630.9,640.6,630.9,638.2,4485.868
2026-01-07T00:00:00+00:00,638.2,638.2,628.8,634.5,3660.473
2026-01-07T04:00:00+00:00,634.5,635.4,630.2,633.9,2616.972
2026-01-07T08:00:00+00:00,633.9,636.6,625.9,630.5,4222.008
2026-01-07T12:00:00+00:00,630.5,635.0,626.6,627.7,4243.203
2026-01-07T16:00:00+00:00,627.7,633.3,622.2,628.4,4187.612
2026-01-07T20:00:00+00:00,628.5,632.7,627.4,629.2,2437.419
2026-01-08T00:00:00+00:00,629.3,653.4,627.8,639.3,16866.386
2026-01-08T04:00:00+00:00,639.3,645.7,630.4,636.0,7535.535
2026-01-08T08:00:00+00:00,636.1,641.6,624.5,629.2,8261.835
2026-01-08T12:00:00+00:00,629.1,638.9,619.0,637.2,10749.907
2026-01-08T16:00:00+00:00,637.2,643.0,627.8,630.7,7788.417
2026-01-08T20:00:00+00:00,630.7,635.4,626.2,632.0,2805.348
2026-01-09T00:00:00+00:00,632.1,642.3,629.3,639.9,4015.076
2026-01-09T04:00:00+00:00,640.0,642.5,630.4,631.0,8336.737
2026-01-09T08:00:00+00:00,631.0,633.8,625.0,631.7,11115.287
2026-01-09T12:00:00+00:00,631.8,638.2,627.6,635.3,5636.816
2026-01-09T16:00:00+00:00,635.2,639.1,630.5,630.6,3054.351
2026-01-09T20:00:00+00:00,630.5,636.2,628.4,634.7,2268.358
2026-01-10T00:00:00+00:00,634.7,638.8,631.4,633.4,2920.532
2026-01-10T04:00:00+00:00,633.4,639.6,631.6,638.4,3678.067
2026-01-10T08:00:00+00:00,638.4,641.1,636.1,638.3,2599.428
2026-01-10T12:00:00+00:00,638.4,640.9,636.9,639.4,2850.911
2026-01-10T16:00:00+00:00,639.3,644.5,639.1,642.3,2756.538
2026-01-10T20:00:00+00:00,642.4,650.4,641.5,643.9,7039.214
2026-01-11T00:00:00+00:00,644.0,649.6,640.4,649.2,6049.012
2026-01-11T04:00:00+00:00,649.1,667.0,645.4,653.8,50756.089
2026-01-11T08:00:00+00:00,653.8,659.8,648.5,650.2,24946.884
2026-01-11T12:00:00+00:00,650.3,657.4,648.4,655.2,26847.422
2026-01-11T16:00:00+00:00,655.2,659.7,653.9,656.1,5019.458
2026-01-11T20:00:00+00:00,656.0,657.0,638.1,649.1,11315.825
2026-01-12T00:00:00+00:00,649.2,661.2,643.3,647.8,18911.802
2026-01-12T04:00:00+00:00,647.7,652.0,616.8,618.3,69255.043
2026-01-12T08:00:00+00:00,618.2,631.1,616.1,626.4,18278.768
2026-01-12T12:00:00+00:00,626.4,627.8,615.1,619.0,12311.407
2026-01-12T16:00:00+00:00,618.9,622.4,613.1,621.4,7241.954
2026-01-12T20:00:00+00:00,621.4,623.9,618.1,621.7,7574.856
2026-01-13T00:00:00+00:00,621.6,626.6,614.6,614.9,11851.363
2026-01-13T04:00:00+00:00,614.8,617.8,605.1,611.4,47710.097
2026-01-13T08:00:00+00:00,611.3,614.3,609.0,609.5,8884.282
2026-01-13T12:00:00+00:00,609.5,615.2,605.6,612.3,10050.237
2026-01-13T16:00:00+00:00,612.4,618.7,610.3,614.2,7203.985
2026-01-13T20:00:00+00:00,614.3,624.8,611.0,617.0,15328.855
2026-01-14T00:00:00+00:00,617.0,619.5,610.7,618.8,11638.773
2026-01-14T04:00:00+00:00,618.8,619.4,612.7,614.4,4620.432
2026-01-14T08:00:00+00:00,614.3,615.8,596.3,599.6,23958.101
2026-01-14T12:00:00+00:00,599.6,609.4,593.6,607.6,32257.389
2026-01-14T16:00:00+00:00,607.7,612.5,601.4,604.3,11847.635
2026-01-14T20:00:00+00:00,604.3,606.0,595.8,597.4,32510.937
2026-01-15T00:00:00+00:00,597.5,601.0,586.3,599.4,39189.633
2026-01-15T04:00:00+00:00,599.4,624.0,598.6,611.4,38288.301
2026-01-15T08:00:00+00:00,611.4,630.6,610.7,621.9,18474.804
2026-01-15T12:00:00+00:00,621.9,624.0,596.7,601.3,46108.801
2026-01-15T16:00:00+00:00,601.2,602.5,574.5,581.8,57638.965
2026-01-15T20:00:00+00:00,581.8,594.1,579.5,590.8,11790.772
2026-01-16T00:00:00+00:00,590.9,599.2,589.5,593.6,26624.465
2026-01-16T04:00:00+00:00,593.7,602.7,591.5,601.1,28953.198
2026-01-16T08:00:00+00:00,601.1,601.7,596.8,599.9,10014.123
2026-01-16T12:00:00+00:00,599.9,601.6,594.9,599.5,28623.895
2026-01-16T16:00:00+00:00,599.5,606.9,597.6,600.9,14620.717
2026-01-16T20:00:00+00:00,601.0,602.6,598.8,599.5,5528.916
2026-01-17T00:00:00+00:00,599.6,602.7,596.0,596.3,36233.497
2026-01-17T04:00:00+00:00,596.2,596.4,588.9,592.6,14770.28
2026-01-17T08:00:00+00:00,592.6,597.2,591.9,595.7,5118.191
2026-01-17T12:00:00+00:00,595.7,600.4,595.0,598.0,4852.157
2026-01-17T16:00:00+00:00,598.1,598.1,592.2,593.7,2432.235
2026-01-17T20:00:00+00:00,593.7,594.6,591.4,594.1,1429.955
2026-01-18T00:00:00+00:00,594.1,596.0,590.6,595.1,3535.864
2026-01-18T04:00:00+00:00,595.2,596.5,593.3,595.5,3057.725
2026-01-18T08:00:00+00:00,595.5,597.0,591.5,591.7,3203.259
2026-01-18T12:00:00+00:00,591.7,593.9,587.7,592.9,5221.365
2026-01-18T16:00:00+00:00,592.9,594.7,589.5,592.8,2314.482
2026-01-18T20:00:00+00:00,592.9,602.3,591.1,591.4,6753.543
2026-01-19T00:00:00+00:00,591.4,594.8,562.8,589.9,24212.434
2026-01-19T04:00:00+00:00,589.9,591.5,587.7,591.1,8558.295
2026-01-19T08:00:00+00:00,591.0,592.5,588.9,589.9,8174.378
2026-01-19T12:00:00+00:00,589.8,594.7,589.1,590.7,3924.344
2026-01-19T16:00:00+00:00,590.8,592.3,589.2,589.6,2318.398
2026-01-19T20:00:00+00:00,589.6,590.8,580.5,584.0,4191.238
2026-01-20T00:00:00+00:00,584.0,587.2,577.6,581.9,4077.634
2026-01-20T04:00:00+00:00,581.9,582.8,573.6,579.4,11819.541
2026-01-20T08:00:00+00:00,579.5,579.8,572.6,578.0,10170.456
2026-01-20T12:00:00+00:00,578.1,578.8,568.5,571.3,7756.986
2026-01-20T16:00:00+00:00,571.2,572.5,568.0,571.1,14856.586
2026-01-20T20:00:00+00:00,571.0,581.3,564.2,573.2,10248.902
2026-01-21T00:00:00+00:00,573.1,592.1,572.5,589.8,19582.716
2026-01-21T04:00:00+00:00,589.8,598.0,586.9,592.5,15341.796
2026-01-21T08:00:00+00:00,592.5,597.8,591.4,593.1,5331.316
2026-01-21T12:00:00+00:00,593.1,593.7,581.7,591.4,13395.741
2026-01-21T16:00:00+00:00,591.5,591.5,570.2,589.0,6754.711
2026-01-21T20:00:00+00:00,589.0,593.0,584.1,584.8,2595.58
2026-01-22T00:00:00+00:00,584.8,600.8,584.5,593.4,5967.051
2026-01-22T04:00:00+00:00,593.3,600.3,590.1,596.7,4088.91
2026-01-22T08:00:00+00:00,596.8,600.0,594.7,595.2,2979.88
2026-01-22T12:00:00+00:00,595.2,599.1,589.8,594.4,3736.642
2026-01-22T16:00:00+00:00,594.5,604.0,592.8,602.9,5656.308
2026-01-22T20:00:00+00:00,602.8,603.4,595.1,599.2,2726.757
2026-01-23T00:00:00+00:00,599.2,601.5,595.6,598.7,3512.026
2026-01-23T04:00:00+00:00,598.7,599.3,594.3,594.6,1929.087
2026-01-23T08:00:00+00:00,594.5,596.5,591.8,595.2,2587.896
2026-01-23T12:00:00+00:00,595.2,599.2,590.5,594.4,3496.065
2026-01-23T16:00:00+00:00,594.4,600.0,591.8,593.4,4754.961
2026-01-23T20:00:00+00:00,593.4,596.0,586.5,595.7,3593.109
2026-01-24T00:00:00+00:00,595.7,597.0,592.3,593.7,1203.148
2026-01-24T04:00:00+00:00,593.6,597.6,590.8,593.5,2312.741
2026-01-24T08:00:00+00:00,593.4,599.1,592.9,597.8,1569.573
2026-01-24T12:00:00+00:00,597.8,598.9,595.2,596.3,1250.073
2026-01-24T16:00:00+00:00,596.3,596.8,592.6,594.6,997.855
2026-01-24T20:00:00+00:00,594.6,595.4,593.4,593.6,862.842
2026-01-25T00:00:00+00:00,593.6,595.9,591.4,592.1,1932.232
2026-01-25T04:00:00+00:00,592.1,594.6,590.7,591.4,2251.868
2026-01-25T08:00:00+00:00,591.3,593.1,586.5,587.0,3941.014
2026-01-25T12:00:00+00:00,587.0,587.9,578.7,582.6,4061.322
2026-01-25T16:00:00+00:00,582.5,582.5,566.9,569.0,5776.998
2026-01-25T20:00:00+00:00,569.1,572.8,563.6,572.2,5838.705
2026-01-26T00:00:00+00:00,572.1,583.1,571.2,575.2,3314.157
2026-01-26T04:00:00+00:00,575.2,580.9,574.9,580.5,1615.549
2026-01-26T08:00:00+00:00,580.5,583.3,575.3,577.2,1926.961
2026-01-26T12:00:00+00:00,577.2,583.1,575.4,577.5,2810.626
2026-01-26T16:00:00+00:00,577.5,581.9,573.7,577.4,3763.212
2026-01-26T20:00:00+00:00,577.5,581.1,575.3,578.7,1539.548
2026-01-27T00:00:00+00:00,578.7,598.8,577.6,593.1,9987.404
2026-01-27T04:00:00+00:00,593.2,593.3,587.5,589.4,5233.738
2026-01-27T08:00:00+00:00,589.3,594.7,587.5,590.6,6137.077
2026-01-27T12:00:00+00:00,590.7,592.3,586.2,589.5,3688.221
2026-01-27T16:00:00+00:00,589.5,596.8,588.4,595.9,4080.732
2026-01-27T20:00:00+00:00,595.8,603.9,595.7,600.2,6905.253
2026-01-28T00:00:00+00:00,600.2,602.0,595.6,599.5,3602.328
2026-01-28T04:00:00+00:00,599.4,600.0,591.0,593.1,3359.004
2026-01-28T08:00:00+00:00,593.1,598.1,591.6,597.9,2075.904
2026-01-28T12:00:00+00:00,597.8,599.4,590.6,591.9,2914.85
2026-01-28T16:00:00+00:00,592.0,595.9,589.4,592.7,4103.792
2026-01-28T20:00:00+00:00,592.6,594.5,589.5,591.1,2730.797
2026-01-29T00:00:00+00:00,591.2,591.4,580.5,581.8,5114.374
2026-01-29T04:00:00+00:00,581.8,583.2,578.6,582.5,1799.609
2026-01-29T08:00:00+00:00,582.5,583.7,576.6,576.9,1754.845
2026-01-29T12:00:00+00:00,576.9,578.1,548.2,552.8,10018.085
2026-01-29T16:00:00+00:00,552.7,563.4,550.1,554.2,6598.201
2026-01-29T20:00:00+00:00,554.2,558.8,553.5,554.1,2601.18
2026-01-30T00:00:00+00:00,554.1,555.3,533.4,545.0,17546.422
2026-01-30T04:00:00+00:00,545.0,551.1,539.1,549.2,9143.003
2026-01-30T08:00:00+00:00,549.2,553.2,543.2,552.7,3953.851
2026-01-30T12:00:00+00:00,552.7,557.1,547.8,551.6,6647.445
2026-01-30T16:00:00+00:00,551.5,559.8,544.3,556.3,9119.658
2026-01-30T20:00:00+00:00,556.3,556.4,550.8,553.2,3084.823
2026-01-31T00:00:00+00:00,553.3,554.1,548.0,548.5,1592.753
2026-01-31T04:00:00+00:00,548.5,549.8,539.4,542.6,2838.818
2026-01-31T08:00:00+00:00,542.7,542.9,532.5,534.4,6014.995
2026-01-31T12:00:00+00:00,534.4,537.4,515.9,519.7,11062.184
2026-01-31T16:00:00+00:00,519.6,525.8,467.2,486.9,38576.816
2026-01-31T20:00:00+00:00,486.9,509.9,480.9,507.5,12431.332
2026-02-01T00:00:00+00:00,507.6,521.4,506.2,518.1,15167.154
2026-02-01T04:00:00+00:00,518.1,529.2,514.1,526.2,17804.165
2026-02-01T08:00:00+00:00,526.1,537.1,522.7,536.0,15537.478
2026-02-01T12:00:00+00:00,536.0,538.4,517.0,522.1,19495.78
2026-02-01T16:00:00+00:00,522.1,531.7,516.2,520.6,7493.475
2026-02-01T20:00:00+00:00,520.6,526.6,509.1,516.2,8863.061
2026-02-02T00:00:00+00:00,516.3,526.8,497.4,510.7,11185.16
2026-02-02T04:00:00+00:00,510.8,517.4,497.7,512.0,8999.341
2026-02-02T08:00:00+00:00,511.9,531.5,511.7,524.5,13389.837
2026-02-02T12:00:00+00:00,524.6,543.6,523.6,540.6,12127.595
2026-02-02T16:00:00+00:00,540.6,544.1,534.4,536.1,3116.4
2026-02-02T20:00:00+00:00,536.1,542.0,533.9,539.7,3753.369
2026-02-03T00:00:00+00:00,539.6,540.8,526.4,532.9,3643.197
2026-02-03T04:00:00+00:00,532.9,535.7,524.7,530.4,3831.455
2026-02-03T08:00:00+00:00,530.5,532.8,524.6,526.8,2871.292
2026-02-03T12:00:00+00:00,526.7,533.2,520.1,532.9,5481.423
2026-02-03T16:00:00+00:00,533.0,533.1,509.6,528.1,14054.296
2026-02-03T20:00:00+00:00,528.0,542.1,523.1,527.1,6760.657
2026-02-04T00:00:00+00:00,527.0,537.9,525.7,533.8,6616.293
2026-02-04T04:00:00+00:00,533.9,534.0,528.3,531.2,2039.918
2026-02-04T08:00:00+00:00,531.2,531.8,521.9,529.5,3883.598
2026-02-04T12:00:00+00:00,529.6,530.5,515.5,520.6,7300.47
2026-02-04T16:00:00+00:00,520.7,539.9,515.0,538.9,11952.171
2026-02-04T20:00:00+00:00,538.8,539.3,524.8,532.5,5847.474
2026-02-05T00:00:00+00:00,532.5,542.6,528.7,529.5,8947.043
2026-02-05T04:00:00+00:00,529.5,532.8,515.4,526.6,11778.071
2026-02-05T08:00:00+00:00,526.6,533.4,508.8,511.6,10704.503
2026-02-05T12:00:00+00:00,511.7,513.6,482.9,489.3,23566.191
2026-02-05T16:00:00+00:00,489.3,498.9,472.4,474.4,17038.225
2026-02-05T20:00:00+00:00,474.5,478.4,452.6,453.9,21261.92
2026-02-06T00:00:00+00:00,453.8,465.5,423.0,451.5,44672.916
2026-02-06T04:00:00+00:00,451.4,474.2,449.3,466.2,22264.548
2026-02-06T08:00:00+00:00,466.2,475.3,465.4,472.9,13136.724
2026-02-06T12:00:00+00:00,472.8,504.6,469.4,491.5,14793.671
2026-02-06T16:00:00+00:00,491.5,506.6,489.8,501.6,11457.187
2026-02-06T20:00:00+00:00,501.6,542.8,497.4,523.2,24984.652
2026-02-07T00:00:00+00:00,523.1,537.1,518.6,526.1,19996.968
2026-02-07T04:00:00+00:00,526.0,533.3,514.2,520.2,11006.882
2026-02-07T08:00:00+00:00,520.2,526.2,514.3,518.2,7697.898
2026-02-07T12:00:00+00:00,518.2,530.9,517.9,527.4,10015.313
2026-02-07T16:00:00+00:00,527.4,536.2,521.3,534.6,20044.652
2026-02-07T20:00:00+00:00,534.6,540.5,520.6,525.1,8862.562
2026-02-08T00:00:00+00:00,525.2,526.9,519.1,519.6,3593.762
2026-02-08T04:00:00+00:00,519.6,524.5,516.8,524.0,6205.766
2026-02-08T08:00:00+00:00,524.0,532.5,521.1,527.1,5123.38
2026-02-08T12:00:00+00:00,527.1,540.8,524.1,530.8,14586.165
2026-02-08T16:00:00+00:00,530.7,533.4,523.2,532.4,2383.441
2026-02-08T20:00:00+00:00,532.5,536.0,523.7,527.0,2838.272
2026-02-09T00:00:00+00:00,527.0,532.0,521.8,529.4,5294.9
2026-02-09T04:00:00+00:00,529.4,531.0,521.1,521.5,4338.819
2026-02-09T08:00:00+00:00,521.5,522.4,511.2,518.1,5030.426
2026-02-09T12:00:00+00:00,518.2,525.0,513.9,524.8,6427.007
2026-02-09T16:00:00+00:00,524.8,535.4,523.5,535.1,6388.773
2026-02-09T20:00:00+00:00,535.2,538.0,528.9,533.0,3911.174
2026-02-10T00:00:00+00:00,533.0,534.3,520.1,523.7,5667.367
2026-02-10T04:00:00+00:00,523.7,527.5,518.2,520.2,6600.41
2026-02-10T08:00:00+00:00,520.3,532.2,519.7,529.6,5037.171
2026-02-10T12:00:00+00:00,529.6,531.8,511.8,517.6,9066.052
2026-02-10T16:00:00+00:00,517.6,523.0,513.2,520.4,6758.409
2026-02-10T20:00:00+00:00,520.3,526.2,518.1,524.3,5258.781
2026-02-11T00:00:00+00:00,524.3,528.0,518.0,520.9,3989.132
2026-02-11T04:00:00+00:00,520.9,522.6,513.8,517.6,7615.142
2026-02-11T08:00:00+00:00,517.7,517.8,508.2,513.8,3378.007
2026-02-11T12:00:00+00:00,513.7,523.2,507.6,511.1,15094.865
2026-02-11T16:00:00+00:00,511.0,520.7,509.9,518.8,3840.897
2026-02-11T20:00:00+00:00,518.7,524.4,512.4,516.2,5015.814
2026-02-12T00:00:00+00:00,516.2,521.0,514.4,515.4,3647.381
2026-02-12T04:00:00+00:00,515.3,515.7,504.5,510.9,3805.889
2026-02-12T08:00:00+00:00,510.9,515.9,508.1,514.0,4733.518
2026-02-12T12:00:00+00:00,513.9,518.2,503.2,503.7,3551.585
2026-02-12T16:00:00+00:00,503.7,505.6,493.8,501.9,5065.664
2026-02-12T20:00:00+00:00,501.9,508.2,497.4,503.0,5094.997
2026-02-13T00:00:00+00:00,503.0,513.9,499.9,512.7,3420.745
2026-02-13T04:00:00+00:00,512.7,514.8,507.7,512.2,2790.725
2026-02-13T08:00:00+00:00,512.2,529.1,512.1,527.9,4704.362
2026-02-13T12:00:00+00:00,527.9,546.7,523.9,544.2,12444.686
2026-02-13T16:00:00+00:00,544.2,559.6,541.6,557.7,8106.561
2026-02-13T20:00:00+00:00,557.7,570.0,549.6,563.9,20836.542
2026-02-14T00:00:00+00:00,563.9,567.4,560.1,563.5,7113.264
2026-02-14T04:00:00+00:00,563.4,564.9,558.2,563.1,4423.05
2026-02-14T08:00:00+00:00,563.1,572.6,562.9,565.2,7426.239
2026-02-14T12:00:00+00:00,565.2,565.5,557.6,564.5,4645.571
2026-02-14T16:00:00+00:00,564.4,569.5,561.4,568.9,3791.235
2026-02-14T20:00:00+00:00,568.9,569.3,562.2,562.9,3071.0
2026-02-15T00:00:00+00:00,563.0,565.8,555.9,562.9,3603.362
2026-02-15T04:00:00+00:00,562.9,566.6,560.6,561.4,1981.216
2026-02-15T08:00:00+00:00,561.4,563.2,556.0,560.6,3751.797
2026-02-15T12:00:00+00:00,560.7,562.3,551.5,558.1,4767.44
2026-02-15T16:00:00+00:00,558.2,559.6,550.4,552.6,6640.341
2026-02-15T20:00:00+00:00,552.6,558.4,551.2,553.5,1653.777
2026-02-16T00:00:00+00:00,553.5,563.2,553.1,562.9,3591.457
2026-02-16T04:00:00+00:00,562.9,573.5,555.4,557.8,6956.505
2026-02-16T08:00:00+00:00,557.7,559.4,554.2,558.3,1550.924
2026-02-16T12:00:00+00:00,558.3,570.6,551.5,556.2,5237.381
2026-02-16T16:00:00+00:00,556.2,576.2,556.0,571.1,5918.533
2026-02-16T20:00:00+00:00,571.2,581.5,567.2,569.2,8706.691
2026-02-17T00:00:00+00:00,569.2,578.0,565.0,566.5,5863.35
2026-02-17T04:00:00+00:00,566.4,567.0,559.4,560.0,4098.958
2026-02-17T08:00:00+00:00,560.0,560.9,555.6,557.7,2684.609
2026-02-17T12:00:00+00:00,557.8,566.7,549.5,558.0,5814.669
2026-02-17T16:00:00+00:00,558.1,570.8,558.0,566.9,5761.15
2026-02-17T20:00:00+00:00,566.9,569.7,562.5,563.4,1578.286
2026-02-18T00:00:00+00:00,563.5,564.9,556.2,564.2,3048.837
2026-02-18T04:00:00+00:00,564.1,570.2,563.6,566.8,2971.803
2026-02-18T08:00:00+00:00,566.9,569.5,556.0,559.1,4063.814
2026-02-18T12:00:00+00:00,559.0,563.5,551.2,560.0,4460.154
2026-02-18T16:00:00+00:00,560.0,565.0,552.3,554.2,4825.008
2026-02-18T20:00:00+00:00,554.3,558.4,550.6,558.0,2430.134
2026-02-19T00:00:00+00:00,557.9,561.0,555.0,557.2,3144.327
2026-02-19T04:00:00+00:00,557.3,564.9,554.6,561.9,3069.383
2026-02-19T08:00:00+00:00,561.8,562.0,544.4,547.7,6414.093
2026-02-19T12:00:00+00:00,547.7,551.8,538.7,549.2,9755.93
2026-02-19T16:00:00+00:00,549.1,563.3,546.1,559.4,4274.385
2026-02-19T20:00:00+00:00,559.4,563.3,555.7,560.4,3089.663
2026-02-20T00:00:00+00:00,560.2,563.7,558.7,561.6,2253.327
2026-02-20T04:00:00+00:00,561.7,564.5,554.3,559.3,3931.074
2026-02-20T08:00:00+00:00,559.3,561.3,552.2,553.4,4668.3
2026-02-20T12:00:00+00:00,553.5,561.3,540.8,556.3,40660.38
2026-02-20T16:00:00+00:00,556.3,570.7,554.5,560.2,11984.21
2026-02-20T20:00:00+00:00,560.2,563.2,555.7,562.4,3178.404
2026-02-21T00:00:00+00:00,562.5,567.9,558.5,565.1,3165.515
2026-02-21T04:00:00+00:00,565.2,568.1,562.3,565.0,1484.631
2026-02-21T08:00:00+00:00,565.1,571.4,563.1,567.7,3820.948
2026-02-21T12:00:00+00:00,567.7,577.0,566.8,573.2,5216.06
2026-02-21T16:00:00+00:00,573.3,573.5,563.1,564.4,4317.369
2026-02-21T20:00:00+00:00,564.4,566.3,563.3,564.1,1784.956
2026-02-22T00:00:00+00:00,564.1,570.4,559.0,569.5,6770.027
2026-02-22T04:00:00+00:00,569.6,586.2,566.0,580.9,21055.825
2026-02-22T08:00:00+00:00,580.9,581.1,567.8,575.5,8227.768
2026-02-22T12:00:00+00:00,575.6,575.8,568.0,569.4,3994.724
2026-02-22T16:00:00+00:00,569.3,577.0,566.0,567.2,7423.652
2026-02-22T20:00:00+00:00,567.3,573.8,566.7,570.7,2972.276
2026-02-23T00:00:00+00:00,570.8,570.8,536.4,540.3,17991.438
2026-02-23T04:00:00+00:00,540.3,544.2,538.0,542.8,4674.634
2026-02-23T08:00:00+00:00,542.7,546.6,537.9,540.2,10962.895
2026-02-23T12:00:00+00:00,540.2,541.0,530.0,535.5,7524.983
2026-02-23T16:00:00+00:00,535.4,535.8,509.0,510.0,10697.819
2026-02-23T20:00:00+00:00,510.0,510.6,487.3,495.8,24172.056
2026-02-24T00:00:00+00:00,495.7,499.1,483.5,484.6,18780.43
2026-02-24T04:00:00+00:00,484.7,493.0,481.0,481.3,8821.45
2026-02-24T08:00:00+00:00,481.3,486.4,476.1,479.0,13034.981
2026-02-24T12:00:00+00:00,479.0,481.7,472.8,475.6,13760.431
2026-02-24T16:00:00+00:00,475.7,494.8,470.8,483.0,14599.018
2026-02-24T20:00:00+00:00,483.0,486.8,480.4,484.8,3613.104
2026-02-25T00:00:00+00:00,484.8,506.4,483.9,499.5,10209.157
2026-02-25T04:00:00+00:00,499.4,501.3,487.5,490.9,3816.98
2026-02-25T08:00:00+00:00,490.9,494.9,485.9,487.3,3791.971
2026-02-25T12:00:00+00:00,487.3,520.3,487.1,517.4,19063.343
2026-02-25T16:00:00+00:00,517.4,520.0,510.9,515.8,8165.045
2026-02-25T20:00:00+00:00,515.7,518.0,490.8,492.9,8710.242
2026-02-26T00:00:00+00:00,492.8,502.8,491.0,500.2,8272.796
2026-02-26T04:00:00+00:00,500.2,505.8,499.0,501.6,4012.816
2026-02-26T08:00:00+00:00,501.6,503.1,496.5,501.1,4548.228
2026-02-26T12:00:00+00:00,501.0,502.5,487.2,489.6,5142.632
2026-02-26T16:00:00+00:00,489.6,490.1,479.2,482.6,5728.964
2026-02-26T20:00:00+00:00,482.5,483.6,476.6,478.4,2271.214
2026-02-27T00:00:00+00:00,478.4,482.3,475.4,481.0,2616.332
2026-02-27T04:00:00+00:00,480.9,491.1,478.8,481.6,7031.925
2026-02-27T08:00:00+00:00,481.5,486.1,471.0,474.5,4451.141
2026-02-27T12:00:00+00:00,474.4,475.5,461.4,465.8,9343.239
2026-02-27T16:00:00+00:00,465.7,468.8,460.7,463.3,5506.04
2026-02-27T20:00:00+00:00,463.3,465.0,455.1,461.5,3220.737
2026-02-28T00:00:00+00:00,461.4,464.6,460.4,461.9,1552.767
2026-02-28T04:00:00+00:00,461.9,461.9,440.7,446.2,14006.169
2026-02-28T08:00:00+00:00,446.1,448.6,439.6,445.2,5203.695
2026-02-28T12:00:00+00:00,445.3,452.7,441.8,444.8,6659.781
2026-02-28T16:00:00+00:00,444.8,452.2,441.1,449.1,7552.714
2026-02-28T20:00:00+00:00,449.1,468.4,447.7,457.6,7919.412
2026-03-01T00:00:00+00:00,457.6,466.9,451.4,461.5,4774.43
2026-03-01T04:00:00+00:00,461.5,462.1,449.7,453.0,3199.284
2026-03-01T08:00:00+00:00,453.1,454.1,444.7,446.5,3725.352
2026-03-01T12:00:00+00:00,446.4,454.3,445.2,447.5,4027.061
2026-03-01T16:00:00+00:00,447.6,449.8,433.8,437.0,8583.589
2026-03-01T20:00:00+00:00,437.1,445.1,432.0,441.7,4313.866
2026-03-02T00:00:00+00:00,441.7,454.4,441.2,450.2,4088.184
2026-03-02T04:00:00+00:00,450.3,453.7,440.0,440.7,4123.195
2026-03-02T08:00:00+00:00,440.7,446.1,436.1,437.8,5701.954
2026-03-02T12:00:00+00:00,437.9,452.2,437.1,447.6,9864.559
2026-03-02T16:00:00+00:00,447.7,453.8,442.0,444.7,7266.339
2026-03-02T20:00:00+00:00,444.7,450.9,440.6,445.3,4416.739
2026-03-03T00:00:00+00:00,445.4,448.5,439.8,444.4,3429.788
2026-03-03T04:00:00+00:00,444.4,448.2,440.1,444.4,2468.948
2026-03-03T08:00:00+00:00,444.3,444.3,434.7,437.8,4189.504
2026-03-03T12:00:00+00:00,437.9,441.7,432.2,440.3,5892.15
2026-03-03T16:00:00+00:00,440.3,445.3,436.6,441.6,3908.216
2026-03-03T20:00:00+00:00,441.6,450.1,438.2,443.9,4408.829
2026-03-04T00:00:00+00:00,443.9,445.5,439.6,442.5,3865.66
2026-03-04T04:00:00+00:00,442.5,457.7,439.0,452.2,8909.424
2026-03-04T08:00:00+00:00,452.2,462.6,449.7,458.4,8639.296
2026-03-04T12:00:00+00:00,458.5,473.0,453.0,472.6,13701.678
2026-03-04T16:00:00+00:00,472.6,476.8,463.9,471.5,5733.984
2026-03-04T20:00:00+00:00,471.5,472.1,464.6,466.9,3411.284
2026-03-05T00:00:00+00:00,466.8,467.0,456.6,460.4,6368.242
2026-03-05T04:00:00+00:00,460.5,464.5,456.4,458.7,4876.33
2026-03-05T08:00:00+00:00,458.8,467.8,458.0,463.1,4187.288
2026-03-05T12:00:00+00:00,463.2,465.0,457.8,459.1,6173.62
2026-03-05T16:00:00+00:00,459.1,463.0,454.3,456.8,5935.753
2026-03-05T20:00:00+00:00,456.8,464.3,456.8,461.6,2807.454
2026-03-06T00:00:00+00:00,461.5,463.3,457.8,460.2,4243.945
2026-03-06T04:00:00+00:00,460.2,460.5,455.8,459.5,1915.885
2026-03-06T08:00:00+00:00,459.5,459.8,453.0,453.1,1728.531
2026-03-06T12:00:00+00:00,453.1,453.9,442.2,443.2,5055.209
2026-03-06T16:00:00+00:00,443.1,453.1,442.2,450.0,7152.923
2026-03-06T20:00:00+00:00,450.0,451.5,448.2,449.7,1342.1
2026-03-07T00:00:00+00:00,449.6,452.2,448.0,448.8,1362.699
2026-03-07T04:00:00+00:00,448.7,449.7,446.6,448.5,1238.11
2026-03-07T08:00:00+00:00,448.5,452.4,448.5,450.7,2294.083
2026-03-07T12:00:00+00:00,450.7,452.6,448.6,450.2,2726.739
2026-03-07T16:00:00+00:00,450.2,452.4,445.7,446.7,2318.209
2026-03-07T20:00:00+00:00,446.7,454.1,446.0,450.2,3904.986
2026-03-08T00:00:00+00:00,450.2,451.1,445.7,448.2,2390.007
2026-03-08T04:00:00+00:00,448.2,450.4,446.2,449.9,1578.006
2026-03-08T08:00:00+00:00,449.8,455.4,448.5,448.9,2581.377
2026-03-08T12:00:00+00:00,448.8,450.2,445.0,447.0,2880.146
2026-03-08T16:00:00+00:00,447.0,448.6,443.3,447.2,1688.354
2026-03-08T20:00:00+00:00,447.2,449.8,440.4,443.1,3091.14
2026-03-09T00:00:00+00:00,443.0,454.4,442.9,450.6,3111.114
2026-03-09T04:00:00+00:00,450.7,452.7,444.7,447.5,4367.007
2026-03-09T08:00:00+00:00,447.5,451.5,446.2,449.9,2163.19
2026-03-09T12:00:00+00:00,449.9,456.9,445.5,448.8,7847.657
2026-03-09T16:00:00+00:00,448.8,453.8,448.4,450.3,4384.513
2026-03-09T20:00:00+00:00,450.4,451.3,443.6,444.6,1872.911
2026-03-10T00:00:00+00:00,444.5,454.3,443.7,447.1,5193.152
2026-03-10T04:00:00+00:00,447.1,449.5,442.7,446.2,3015.355
2026-03-10T08:00:00+00:00,446.2,452.0,445.5,446.9,5912.303
2026-03-10T12:00:00+00:00,447.0,452.3,442.6,450.7,8175.56
2026-03-10T16:00:00+00:00,450.7,452.8,444.1,445.6,3178.21
2026-03-10T20:00:00+00:00,445.6,447.5,444.0,447.1,1731.393
2026-03-11T00:00:00+00:00,447.0,449.7,445.7,447.9,2163.269
2026-03-11T04:00:00+00:00,448.0,453.4,446.6,449.3,2537.629
2026-03-11T08:00:00+00:00,449.4,450.5,447.1,448.2,1558.883
2026-03-11T12:00:00+00:00,448.2,461.2,447.0,455.5,8982.931
2026-03-11T16:00:00+00:00,455.5,458.9,454.8,457.8,1668.428
2026-03-11T20:00:00+00:00,457.7,460.5,454.6,455.1,2542.008
2026-03-12T00:00:00+00:00,455.1,458.3,451.6,453.4,2093.703
2026-03-12T04:00:00+00:00,453.4,456.0,452.8,455.4,1059.72
2026-03-12T08:00:00+00:00,455.4,460.4,454.0,458.1,1499.645
2026-03-12T12:00:00+00:00,458.2,461.5,452.4,456.2,2741.475
2026-03-12T16:00:00+00:00,456.2,458.5,453.8,456.3,2177.214
2026-03-12T20:00:00+00:00,456.3,457.7,453.2,455.2,1646.712
2026-03-13T00:00:00+00:00,455.2,475.6,454.8,467.9,20142.51
2026-03-13T04:00:00+00:00,468.0,474.5,464.3,465.9,3775.71
2026-03-13T08:00:00+00:00,465.9,471.3,464.7,470.1,3378.793
2026-03-13T12:00:00+00:00,470.1,474.4,462.9,463.5,8178.474
2026-03-13T16:00:00+00:00,463.5,465.7,461.4,463.2,2143.392
2026-03-13T20:00:00+00:00,463.3,464.8,459.6,461.0,1613.414
2026-03-14T00:00:00+00:00,460.9,461.7,457.1,461.1,1945.958
2026-03-14T04:00:00+00:00,461.2,463.1,456.6,459.2,1487.281
2026-03-14T08:00:00+00:00,459.2,462.9,454.3,460.4,3294.409
2026-03-14T12:00:00+00:00,460.4,464.4,457.0,461.5,6418.577
2026-03-14T16:00:00+00:00,461.5,464.0,461.2,463.8,1266.019
2026-03-14T20:00:00+00:00,463.8,468.5,462.6,467.6,1924.526
2026-03-15T00:00:00+00:00,467.6,468.8,460.0,465.1,4044.601
2026-03-15T04:00:00+00:00,465.1,467.0,463.4,464.7,1102.309
2026-03-15T08:00:00+00:00,464.8,469.7,464.1,468.6,2252.996
2026-03-15T12:00:00+00:00,468.5,468.5,459.8,462.7,4195.254
2026-03-15T16:00:00+00:00,462.6,464.6,460.7,461.7,1385.963
2026-03-15T20:00:00+00:00,461.6,470.7,460.8,469.7,4905.738
2026-03-16T00:00:00+00:00,469.6,475.6,465.1,471.7,3015.48
2026-03-16T04:00:00+00:00,471.6,474.4,468.5,471.8,8331.066
2026-03-16T08:00:00+00:00,471.8,475.9,469.1,474.1,4351.323
2026-03-16T12:00:00+00:00,474.2,480.1,473.4,476.2,4128.431
2026-03-16T16:00:00+00:00,476.1,482.2,475.7,479.8,2797.924
2026-03-16T20:00:00+00:00,479.9,483.8,477.0,478.8,2839.281
2026-03-17T00:00:00+00:00,478.8,481.2,473.7,475.3,3613.943
2026-03-17T04:00:00+00:00,475.3,475.9,471.3,473.7,1941.084
2026-03-17T08:00:00+00:00,473.8,475.9,472.0,475.0,2707.552
2026-03-17T12:00:00+00:00,475.0,478.0,470.8,472.8,3176.844
2026-03-17T16:00:00+00:00,472.8,477.2,472.0,474.3,1393.166
2026-03-17T20:00:00+00:00,474.4,476.3,470.2,470.7,1090.064
2026-03-18T00:00:00+00:00,470.7,472.6,469.7,470.8,1252.457
2026-03-18T04:00:00+00:00,470.8,472.6,469.1,470.0,1371.358
2026-03-18T08:00:00+00:00,470.0,471.4,462.0,462.5,3853.726
2026-03-18T12:00:00+00:00,462.4,462.4,446.5,448.5,6772.403
2026-03-18T16:00:00+00:00,448.4,456.5,446.7,452.2,3731.775
2026-03-18T20:00:00+00:00,452.2,458.2,451.1,456.9,1386.619
2026-03-19T00:00:00+00:00,456.9,460.7,453.9,457.2,1977.351
2026-03-19T04:00:00+00:00,457.2,459.1,449.7,456.3,4228.847
2026-03-19T08:00:00+00:00,456.3,460.7,454.3,455.6,3519.241
2026-03-19T12:00:00+00:00,455.6,459.4,452.1,453.6,4544.494
2026-03-19T16:00:00+00:00,453.6,458.3,451.8,456.4,2102.275
2026-03-19T20:00:00+00:00,456.3,458.6,453.5,455.6,1880.519
2026-03-20T00:00:00+00:00,455.7,465.2,454.9,464.6,3072.659
2026-03-20T04:00:00+00:00,464.5,468.1,460.5,467.2,2540.552
2026-03-20T08:00:00+00:00,467.1,471.0,458.4,467.5,6231.967
2026-03-20T12:00:00+00:00,467.6,472.2,464.2,469.0,4463.353
2026-03-20T16:00:00+00:00,469.1,470.3,464.5,468.9,1730.636
2026-03-20T20:00:00+00:00,468.9,475.2,465.3,474.6,3807.415
2026-03-21T00:00:00+00:00,474.6,477.2,470.0,470.9,2179.541
2026-03-21T04:00:00+00:00,470.9,472.2,465.5,468.2,3787.629
2026-03-21T08:00:00+00:00,468.3,470.3,466.6,468.0,1559.668
2026-03-21T12:00:00+00:00,467.9,470.3,465.8,466.1,1821.839
2026-03-21T16:00:00+00:00,466.2,470.0,465.5,467.8,1752.337
2026-03-21T20:00:00+00:00,467.7,469.4,459.7,462.6,1982.098
2026-03-22T00:00:00+00:00,462.5,469.4,457.4,464.7,5700.621
2026-03-22T04:00:00+00:00,464.6,469.3,464.4,464.7,2093.816
2026-03-22T08:00:00+00:00,464.7,468.9,463.1,465.2,4233.919
2026-03-22T12:00:00+00:00,465.2,470.0,465.0,468.8,2724.55
2026-03-22T16:00:00+00:00,468.8,469.4,464.9,465.5,1075.872
2026-03-22T20:00:00+00:00,465.6,471.4,461.0,467.4,4378.017
2026-03-23T00:00:00+00:00,467.4,473.2,464.0,468.7,3087.726
2026-03-23T04:00:00+00:00,468.7,469.3,462.6,466.4,3489.413
2026-03-23T08:00:00+00:00,466.5,486.3,464.4,476.1,9765.412
2026-03-23T12:00:00+00:00,476.2,484.5,474.5,478.1,5277.541
2026-03-23T16:00:00+00:00,478.2,480.8,475.6,476.9,2996.491
2026-03-23T20:00:00+00:00,476.9,480.2,475.8,478.0,1987.93
2026-03-24T00:00:00+00:00,478.1,478.8,471.3,474.2,4760.329
2026-03-24T04:00:00+00:00,474.2,477.4,472.4,476.9,2370.235
2026-03-24T08:00:00+00:00,476.9,480.2,468.6,473.5,7587.51
2026-03-24T12:00:00+00:00,473.5,474.9,469.7,474.3,4069.59
2026-03-24T16:00:00+00:00,474.2,475.6,471.1,474.2,2377.8
2026-03-24T20:00:00+00:00,474.1,478.6,473.1,477.4,1948.898
2026-03-25T00:00:00+00:00,477.4,479.4,476.2,479.3,2519.46
2026-03-25T04:00:00+00:00,479.3,480.1,473.8,478.3,4320.298
2026-03-25T08:00:00+00:00,478.3,480.3,477.0,477.5,2292.995
2026-03-25T12:00:00+00:00,477.6,478.7,473.3,476.4,1715.461
2026-03-25T16:00:00+00:00,476.5,479.3,473.6,474.1,2093.932
2026-03-25T20:00:00+00:00,474.2,474.8,471.4,473.6,924.533
2026-03-26T00:00:00+00:00,473.6,474.1,470.1,470.6,1507.355
2026-03-26T04:00:00+00:00,470.6,474.0,464.4,466.9,5058.987
2026-03-26T08:00:00+00:00,467.0,468.4,461.1,461.8,3406.865
2026-03-26T12:00:00+00:00,461.8,465.3,461.1,461.8,2726.465
2026-03-26T16:00:00+00:00,461.8,464.0,458.7,460.0,3074.307
2026-03-26T20:00:00+00:00,460.0,464.5,459.5,461.9,2503.509
2026-03-27T00:00:00+00:00,462.0,466.0,461.7,463.9,1240.569
2026-03-27T04:00:00+00:00,463.8,475.0,458.2,458.8,28990.078
2026-03-27T08:00:00+00:00,458.8,468.5,458.8,461.9,5925.885
2026-03-27T12:00:00+00:00,462.0,469.7,460.4,467.0,10567.368
2026-03-27T16:00:00+00:00,467.0,471.7,464.0,466.2,5963.981
2026-03-27T20:00:00+00:00,466.2,473.2,466.0,472.9,4501.294
2026-03-28T00:00:00+00:00,472.9,477.5,471.8,475.2,4637.873
2026-03-28T04:00:00+00:00,475.2,480.1,470.8,479.7,3936.614
2026-03-28T08:00:00+00:00,479.7,480.1,474.3,478.0,3864.998
2026-03-28T12:00:00+00:00,478.0,483.9,476.2,482.9,4012.369
2026-03-28T16:00:00+00:00,482.9,484.2,481.3,482.8,4136.028
2026-03-28T20:00:00+00:00,482.8,483.7,478.3,481.2,4431.962
2026-03-29T00:00:00+00:00,481.2,484.8,480.7,484.0,4474.022
2026-03-29T04:00:00+00:00,484.0,484.7,481.6,483.0,2832.646
2026-03-29T08:00:00+00:00,483.0,484.3,481.1,482.8,2885.929
2026-03-29T12:00:00+00:00,482.7,483.2,457.4,459.1,65935.78
2026-03-29T16:00:00+00:00,459.1,459.1,449.3,454.5,9954.566
2026-03-29T20:00:00+00:00,454.6,455.4,446.9,452.7,7616.322
2026-03-30T00:00:00+00:00,452.7,460.3,450.6,456.9,6089.161
2026-03-30T04:00:00+00:00,456.9,457.0,452.0,453.3,6454.969
2026-03-30T08:00:00+00:00,453.3,458.1,452.5,456.4,6764.543
2026-03-30T12:00:00+00:00,456.5,466.2,455.8,465.1,6469.928
2026-03-30T16:00:00+00:00,465.0,467.4,457.0,459.5,4664.666
2026-03-30T20:00:00+00:00,459.4,463.0,457.3,460.3,2952.655
2026-03-31T00:00:00+00:00,460.3,468.5,460.0,466.9,3382.598
2026-03-31T04:00:00+00:00,466.9,470.5,465.0,470.1,3213.159
2026-03-31T08:00:00+00:00,470.0,472.2,464.4,467.1,4726.984
2026-03-31T12:00:00+00:00,467.2,475.4,465.1,469.9,5021.626
2026-03-31T16:00:00+00:00,469.8,477.9,469.4,470.8,4340.076
2026-03-31T20:00:00+00:00,470.8,472.2,463.8,466.5,18920.269
2026-04-01T00:00:00+00:00,466.5,466.6,460.3,463.0,7500.628
2026-04-01T04:00:00+00:00,462.9,466.2,459.9,460.5,7148.571
2026-04-01T08:00:00+00:00,460.5,463.6,458.0,462.4,3810.918
2026-04-01T12:00:00+00:00,462.3,463.0,457.5,458.9,11318.751
2026-04-01T16:00:00+00:00,459.0,460.6,455.5,455.6,4191.542
2026-04-01T20:00:00+00:00,455.5,456.0,453.7,455.1,3146.537
2026-04-02T00:00:00+00:00,455.1,455.8,444.9,445.1,7417.447
2026-04-02T04:00:00+00:00,445.0,446.0,439.6,441.5,6870.17
2026-04-02T08:00:00+00:00,441.6,446.1,441.4,444.2,2688.731
2026-04-02T12:00:00+00:00,444.1,448.9,441.1,442.8,2999.385
2026-04-02T16:00:00+00:00,442.7,445.6,439.4,442.6,2378.963
2026-04-02T20:00:00+00:00,442.7,445.6,441.5,444.3,1529.774
2026-04-03T00:00:00+00:00,444.2,445.5,442.6,444.9,1047.101
2026-04-03T04:00:00+00:00,445.0,446.7,443.5,444.8,1334.009
2026-04-03T08:00:00+00:00,444.9,445.7,441.0,443.6,1464.284
2026-04-03T12:00:00+00:00,443.6,446.0,440.0,440.6,2152.882
2026-04-03T16:00:00+00:00,440.5,442.9,439.6,441.9,1529.269
2026-04-03T20:00:00+00:00,441.9,444.5,441.5,443.0,1281.267
2026-04-04T00:00:00+00:00,443.0,443.9,441.9,443.5,961.185
2026-04-04T04:00:00+00:00,443.6,444.3,442.4,442.7,1058.794
2026-04-04T08:00:00+00:00,442.7,444.0,441.8,442.6,1247.049
2026-04-04T12:00:00+00:00,442.7,445.1,442.3,442.7,1194.309
2026-04-04T16:00:00+00:00,442.7,443.3,441.0,441.2,1315.951
2026-04-04T20:00:00+00:00,441.2,442.9,440.9,441.2,1219.703
2026-04-05T00:00:00+00:00,441.1,442.5,440.0,440.5,1438.995
2026-04-05T04:00:00+00:00,440.4,440.7,434.0,435.7,4846.043
2026-04-05T08:00:00+00:00,435.7,436.4,432.5,433.0,1218.629
2026-04-05T12:00:00+00:00,433.0,433.2,420.4,421.3,7771.075
2026-04-05T16:00:00+00:00,421.3,428.1,421.0,425.5,3254.875
2026-04-05T20:00:00+00:00,425.6,429.4,421.8,428.6,4991.738
2026-04-06T00:00:00+00:00,428.7,435.2,428.7,433.0,4478.12
2026-04-06T04:00:00+00:00,433.1,437.2,432.4,436.2,2505.767
2026-04-06T08:00:00+00:00,436.2,440.6,436.0,439.1,4044.779
2026-04-06T12:00:00+00:00,439.2,440.1,436.7,438.5,2061.491
2026-04-06T16:00:00+00:00,438.5,438.8,435.7,436.6,1501.076
2026-04-06T20:00:00+00:00,436.5,439.0,432.6,435.1,2956.621
2026-04-07T00:00:00+00:00,435.0,438.0,430.7,432.5,2882.508
2026-04-07T04:00:00+00:00,432.5,433.5,429.9,431.1,1199.696
2026-04-07T08:00:00+00:00,431.1,434.7,430.6,432.4,2315.121
2026-04-07T12:00:00+00:00,432.4,435.2,430.1,433.2,3781.393
2026-04-07T16:00:00+00:00,433.1,436.2,432.3,435.6,1538.737
2026-04-07T20:00:00+00:00,435.7,448.4,435.6,445.9,6254.438
2026-04-08T00:00:00+00:00,446.0,446.6,441.8,443.1,4186.642
2026-04-08T04:00:00+00:00,443.0,446.0,442.7,444.1,2852.95
2026-04-08T08:00:00+00:00,444.2,447.6,444.0,445.9,3005.11
2026-04-08T12:00:00+00:00,445.8,449.9,442.1,445.0,5108.663
2026-04-08T16:00:00+00:00,445.0,446.1,442.3,442.7,1776.357
2026-04-08T20:00:00+00:00,442.6,444.3,440.1,441.3,1201.28
2026-04-09T00:00:00+00:00,441.3,442.1,440.0,440.9,1787.137
2026-04-09T04:00:00+00:00,441.0,445.8,438.6,443.7,3480.072
2026-04-09T08:00:00+00:00,443.7,444.4,440.2,441.1,1772.838
2026-04-09T12:00:00+00:00,441.0,442.1,433.0,441.3,8059.668
2026-04-09T16:00:00+00:00,441.3,446.9,440.4,444.9,2515.892
2026-04-09T20:00:00+00:00,445.0,446.6,442.7,443.1,1853.032
2026-04-10T00:00:00+00:00,443.2,446.2,442.2,443.2,1676.388
2026-04-10T04:00:00+00:00,443.2,443.8,437.0,437.2,2019.284
2026-04-10T08:00:00+00:00,437.2,442.6,434.3,442.5,2394.239
2026-04-10T12:00:00+00:00,442.4,445.3,440.8,442.7,2096.97
2026-04-10T16:00:00+00:00,442.8,446.8,442.8,445.8,3512.588
2026-04-10T20:00:00+00:00,445.8,446.4,443.6,443.8,1442.325
2026-04-11T00:00:00+00:00,443.7,445.3,442.8,443.2,1023.345
2026-04-11T04:00:00+00:00,443.2,443.3,439.1,440.3,1001.034
2026-04-11T08:00:00+00:00,440.3,442.1,439.0,440.0,879.26
2026-04-11T12:00:00+00:00,439.9,440.7,438.1,438.4,1100.89
2026-04-11T16:00:00+00:00,438.4,441.5,438.0,440.9,2857.847
2026-04-11T20:00:00+00:00,441.0,441.2,436.6,437.7,1916.51
2026-04-12T00:00:00+00:00,437.6,438.0,424.5,426.8,11017.164
2026-04-12T04:00:00+00:00,426.8,427.3,422.8,425.3,2285.657
2026-04-12T08:00:00+00:00,425.4,426.4,423.5,425.7,4795.524
2026-04-12T12:00:00+00:00,425.6,425.6,421.6,422.3,3154.029
2026-04-12T16:00:00+00:00,422.2,423.9,421.7,423.5,1413.154
2026-04-12T20:00:00+00:00,423.5,425.7,419.5,421.3,2759.973
2026-04-13T00:00:00+00:00,421.2,426.0,421.1,425.8,1264.294
2026-04-13T04:00:00+00:00,425.8,427.6,424.1,424.8,1230.177
2026-04-13T08:00:00+00:00,424.8,426.5,423.2,425.9,2160.215
2026-04-13T12:00:00+00:00,425.9,428.3,424.8,426.5,2811.36
2026-04-13T16:00:00+00:00,426.6,428.5,425.0,428.2,1317.476
2026-04-13T20:00:00+00:00,428.3,440.6,427.0,438.2,6721.239
2026-04-14T00:00:00+00:00,438.3,438.8,434.1,434.9,1501.102
2026-04-14T04:00:00+00:00,434.9,438.6,434.7,435.8,2469.463
2026-04-14T08:00:00+00:00,435.9,439.9,435.1,439.3,3112.508
2026-04-14T12:00:00+00:00,439.3,444.2,437.7,441.3,4267.515
2026-04-14T16:00:00+00:00,441.4,443.1,433.5,434.6,1745.129
2026-04-14T20:00:00+00:00,434.7,437.3,434.1,436.2,1077.254
2026-04-15T00:00:00+00:00,436.2,438.6,434.4,435.2,1065.866
2026-04-15T04:00:00+00:00,435.3,435.7,428.1,428.5,1608.029
2026-04-15T08:00:00+00:00,428.5,436.9,427.5,435.4,3708.201
2026-04-15T12:00:00+00:00,435.4,437.6,432.4,434.5,2264.969
2026-04-15T16:00:00+00:00,434.5,443.4,434.2,441.8,1426.314
2026-04-15T20:00:00+00:00,441.8,442.4,438.5,440.8,1499.459
2026-04-16T00:00:00+00:00,440.8,444.0,439.2,442.6,3010.561
2026-04-16T04:00:00+00:00,442.6,444.1,440.8,441.4,1848.896
2026-04-16T08:00:00+00:00,441.3,441.5,438.7,440.0,1815.015
2026-04-16T12:00:00+00:00,440.1,443.0,434.1,441.5,4308.291
2026-04-16T16:00:00+00:00,441.5,447.3,438.9,446.9,2866.315
2026-04-16T20:00:00+00:00,447.0,457.5,444.9,454.9,4601.318
2026-04-17T00:00:00+00:00,454.8,458.1,449.3,449.5,3643.469
2026-04-17T04:00:00+00:00,449.5,451.5,447.3,449.7,2412.209
2026-04-17T08:00:00+00:00,449.7,451.9,446.6,449.8,2237.166
2026-04-17T12:00:00+00:00,449.9,461.8,449.2,458.5,5805.885
2026-04-17T16:00:00+00:00,458.4,460.6,453.4,454.8,1923.805
2026-04-17T20:00:00+00:00,454.9,456.0,451.9,453.4,2913.125
2026-04-18T00:00:00+00:00,453.4,456.1,452.3,454.0,1173.52
2026-04-18T04:00:00+00:00,454.1,455.0,452.6,453.2,855.646
2026-04-18T08:00:00+00:00,453.2,453.6,444.2,445.3,2471.249
2026-04-18T12:00:00+00:00,445.2,448.0,444.4,445.8,2663.841
2026-04-18T16:00:00+00:00,445.9,447.8,443.6,444.3,1523.37
2026-04-18T20:00:00+00:00,444.3,445.3,443.3,443.5,792.382
2026-04-19T00:00:00+00:00,443.6,446.2,443.4,445.0,848.502
2026-04-19T04:00:00+00:00,445.0,445.5,439.4,441.8,2439.845
2026-04-19T08:00:00+00:00,441.7,442.8,438.1,441.1,1934.066
2026-04-19T12:00:00+00:00,441.1,444.1,440.3,443.0,1211.914
2026-04-19T16:00:00+00:00,442.9,443.2,438.0,440.3,1257.576
2026-04-19T20:00:00+00:00,440.3,440.7,433.9,435.1,2186.085
2026-04-20T00:00:00+00:00,435.3,439.4,435.2,438.5,1003.848
2026-04-20T04:00:00+00:00,438.5,442.9,436.2,441.2,1729.156
2026-04-20T08:00:00+00:00,441.3,443.0,440.0,440.4,1225.101
2026-04-20T12:00:00+00:00,440.4,443.9,439.3,442.7,1021.436
2026-04-20T16:00:00+00:00,442.7,445.2,440.1,444.3,1756.445
2026-04-20T20:00:00+00:00,444.3,446.4,443.4,443.6,1269.944
2026-04-21T00:00:00+00:00,443.6,445.2,441.2,442.1,1002.336
2026-04-21T04:00:00+00:00,442.0,445.1,441.2,444.6,1259.745
2026-04-21T08:00:00+00:00,444.6,447.0,442.9,445.2,1601.069
2026-04-21T12:00:00+00:00,445.2,447.4,443.3,445.5,2014.752
2026-04-21T16:00:00+00:00,445.6,448.0,440.5,441.2,3837.601
2026-04-21T20:00:00+00:00,441.2,449.7,440.7,448.5,2796.205
2026-04-22T00:00:00+00:00,448.6,454.2,447.5,453.0,3668.198
2026-04-22T04:00:00+00:00,453.1,471.1,453.1,469.9,11372.436
2026-04-22T08:00:00+00:00,469.9,474.0,466.1,466.9,6220.175
2026-04-22T12:00:00+00:00,467.0,467.4,461.9,465.1,4846.755
2026-04-22T16:00:00+00:00,465.2,466.9,462.5,463.1,1795.463
2026-04-22T20:00:00+00:00,463.1,464.0,460.3,460.3,2110.658
2026-04-23T00:00:00+00:00,460.3,461.0,453.9,454.9,6123.178
2026-04-23T04:00:00+00:00,454.9,457.6,454.5,455.4,2700.626
2026-04-23T08:00:00+00:00,455.3,456.7,452.5,455.9,3853.85
2026-04-23T12:00:00+00:00,455.9,459.8,454.7,458.5,2048.729
2026-04-23T16:00:00+00:00,458.5,459.0,453.6,457.2,2315.739
2026-04-23T20:00:00+00:00,457.2,460.9,457.0,460.8,1151.785
2026-04-24T00:00:00+00:00,460.9,461.7,455.2,456.6,3109.003
2026-04-24T04:00:00+00:00,456.6,457.9,455.5,456.0,1228.83
2026-04-24T08:00:00+00:00,456.1,458.4,454.5,457.6,1382.926
2026-04-24T12:00:00+00:00,457.7,461.1,456.6,460.2,1277.392
2026-04-24T16:00:00+00:00,460.3,460.9,456.2,456.5,1150.731
2026-04-24T20:00:00+00:00,456.4,458.3,455.0,456.2,1175.36
2026-04-25T00:00:00+00:00,456.2,456.5,454.4,455.4,824.788
2026-04-25T04:00:00+00:00,455.5,456.1,454.3,454.6,467.327
2026-04-25T08:00:00+00:00,454.6,455.4,452.6,453.7,986.243
2026-04-25T12:00:00+00:00,453.6,455.3,453.0,453.7,892.455
2026-04-25T16:00:00+00:00,453.7,454.3,452.1,452.6,744.726
2026-04-25T20:00:00+00:00,452.6,454.6,452.1,453.0,850.911
2026-04-26T00:00:00+00:00,453.1,453.6,451.3,452.2,1346.059
2026-04-26T04:00:00+00:00,452.2,456.3,452.1,453.6,1301.817
2026-04-26T08:00:00+00:00,453.7,454.2,452.2,452.9,656.258
2026-04-26T12:00:00+00:00,452.8,452.8,450.3,452.2,1187.262
2026-04-26T16:00:00+00:00,452.2,454.2,450.4,454.0,1039.449
2026-04-26T20:00:00+00:00,454.0,455.7,452.8,454.9,1583.913
2026-04-27T00:00:00+00:00,455.0,458.2,453.2,455.8,3234.113
2026-04-27T04:00:00+00:00,455.8,456.4,446.7,446.9,1583.84
2026-04-27T08:00:00+00:00,446.9,448.8,446.1,448.0,1134.416
2026-04-27T12:00:00+00:00,447.9,455.6,447.6,451.2,4383.463
2026-04-27T16:00:00+00:00,451.2,451.6,446.9,448.4,1607.394
2026-04-27T20:00:00+00:00,448.4,450.1,447.9,449.8,1107.391
2026-04-28T00:00:00+00:00,449.8,452.0,446.9,447.8,2351.689
2026-04-28T04:00:00+00:00,447.8,449.5,444.8,446.7,872.123
2026-04-28T08:00:00+00:00,446.6,448.2,446.3,446.7,1081.934
2026-04-28T12:00:00+00:00,446.8,448.0,442.7,446.3,1666.992
2026-04-28T16:00:00+00:00,446.2,450.1,445.4,449.9,731.635
2026-04-28T20:00:00+00:00,449.9,454.2,449.9,453.7,1316.833
2026-04-29T00:00:00+00:00,453.7,455.0,451.6,453.7,891.234
2026-04-29T04:00:00+00:00,453.8,455.6,452.5,453.2,1860.33
2026-04-29T08:00:00+00:00,453.3,455.5,452.2,454.1,1596.375
2026-04-29T12:00:00+00:00,454.1,454.1,446.4,446.9,3616.99
2026-04-29T16:00:00+00:00,446.8,449.2,441.9,445.4,2112.296
2026-04-29T20:00:00+00:00,445.4,448.3,445.0,447.5,656.468
2026-04-30T00:00:00+00:00,447.5,449.3,445.4,447.0,757.818
2026-04-30T04:00:00+00:00,446.9,447.1,442.2,445.6,1720.879
2026-04-30T08:00:00+00:00,445.6,447.2,443.5,444.7,973.551
2026-04-30T12:00:00+00:00,444.6,446.1,441.1,444.2,1454.934
2026-04-30T16:00:00+00:00,444.2,444.3,440.3,441.2,912.169
2026-04-30T20:00:00+00:00,441.2,442.2,440.5,440.9,832.281
2026-05-01T00:00:00+00:00,441.0,444.8,440.9,444.3,724.237
2026-05-01T04:00:00+00:00,444.3,445.1,442.6,443.4,1150.222
2026-05-01T08:00:00+00:00,443.4,444.1,441.8,442.9,685.45
2026-05-01T12:00:00+00:00,442.9,458.2,442.7,451.5,4925.378
2026-05-01T16:00:00+00:00,451.5,454.3,451.0,453.8,1759.141
2026-05-01T20:00:00+00:00,453.9,454.5,450.0,450.5,828.454
2026-05-02T00:00:00+00:00,450.6,453.2,450.4,451.2,633.495
2026-05-02T04:00:00+00:00,451.2,451.2,448.9,449.1,845.957
2026-05-02T08:00:00+00:00,449.0,449.8,444.4,445.2,882.853
2026-05-02T12:00:00+00:00,445.3,447.3,445.2,446.9,738.778
2026-05-02T16:00:00+00:00,446.9,447.6,445.5,446.8,574.146
2026-05-02T20:00:00+00:00,446.8,448.8,445.3,445.7,600.92
2026-05-03T00:00:00+00:00,445.6,445.9,442.4,444.0,1223.821
2026-05-03T04:00:00+00:00,444.0,444.7,443.0,443.9,824.477
2026-05-03T08:00:00+00:00,443.8,446.1,443.6,445.2,682.849
2026-05-03T12:00:00+00:00,445.2,447.5,445.2,446.4,1022.672
2026-05-03T16:00:00+00:00,446.3,446.3,444.2,444.5,464.789
2026-05-03T20:00:00+00:00,444.5,446.4,443.0,443.2,1012.342
2026-05-04T00:00:00+00:00,443.1,450.1,441.0,449.7,3474.84
2026-05-04T04:00:00+00:00,449.8,450.8,444.4,446.7,1856.812
2026-05-04T08:00:00+00:00,446.7,447.4,437.0,444.0,8264.565
2026-05-04T12:00:00+00:00,444.0,446.4,440.6,442.6,9523.256
2026-05-04T16:00:00+00:00,442.6,444.8,441.0,444.1,1516.107
2026-05-04T20:00:00+00:00,444.1,445.4,443.0,443.7,1109.55
2026-05-05T00:00:00+00:00,443.8,446.0,443.0,445.6,1375.938
2026-05-05T04:00:00+00:00,445.7,448.3,443.8,446.6,3997.155
2026-05-05T08:00:00+00:00,446.5,461.7,446.3,461.1,17723.453
2026-05-05T12:00:00+00:00,461.1,461.4,454.6,455.6,3669.252
2026-05-05T16:00:00+00:00,455.6,456.4,453.7,455.7,1006.184
2026-05-05T20:00:00+00:00,455.7,464.5,454.0,461.4,7956.852
2026-05-06T00:00:00+00:00,461.5,464.5,458.9,459.8,2727.302
2026-05-06T04:00:00+00:00,459.8,489.3,458.5,472.3,50920.154
2026-05-06T08:00:00+00:00,472.3,474.0,469.8,473.0,4242.512
2026-05-06T12:00:00+00:00,473.1,473.2,462.6,467.9,4011.295
2026-05-06T16:00:00+00:00,467.9,470.7,464.3,465.7,2250.294
2026-05-06T20:00:00+00:00,465.6,467.1,463.2,465.7,1961.026
2026-05-07T00:00:00+00:00,465.7,466.4,460.9,461.7,2068.538
2026-05-07T04:00:00+00:00,461.7,462.2,459.5,460.3,1884.762
2026-05-07T08:00:00+00:00,460.3,462.2,457.7,458.5,2770.217
2026-05-07T12:00:00+00:00,458.5,460.8,450.2,450.8,4035.723
2026-05-07T16:00:00+00:00,450.7,452.4,447.0,449.9,3636.516
2026-05-07T20:00:00+00:00,449.9,451.4,449.0,450.2,2239.818
2026-05-08T00:00:00+00:00,450.3,452.8,449.4,450.4,3235.093
2026-05-08T04:00:00+00:00,450.5,450.9,448.6,450.3,1224.064
2026-05-08T08:00:00+00:00,450.2,450.8,449.3,450.4,1507.931
2026-05-08T12:00:00+00:00,450.5,451.8,447.8,450.4,2949.724
2026-05-08T16:00:00+00:00,450.2,454.5,449.4,452.2,2836.006
2026-05-08T20:00:00+00:00,452.2,452.6,449.4,450.5,2537.832
2026-05-09T00:00:00+00:00,450.5,453.9,450.0,452.1,2988.281
2026-05-09T04:00:00+00:00,452.2,453.4,450.1,450.9,3126.313
2026-05-09T08:00:00+00:00,450.8,451.3,449.0,450.4,2144.0
2026-05-09T12:00:00+00:00,450.4,450.7,448.3,450.0,766.524
2026-05-09T16:00:00+00:00,450.0,451.4,448.3,450.3,1802.08
2026-05-09T20:00:00+00:00,450.4,450.7,449.3,449.8,689.375
2026-05-10T00:00:00+00:00,449.9,451.0,449.0,450.4,701.838
2026-05-10T04:00:00+00:00,450.4,455.7,450.0,452.9,3871.652
2026-05-10T08:00:00+00:00,453.0,455.0,452.3,453.7,1357.237
2026-05-10T12:00:00+00:00,453.8,456.8,452.4,456.5,1689.15
2026-05-10T16:00:00+00:00,456.5,462.8,456.0,462.0,3744.307
2026-05-10T20:00:00+00:00,462.0,465.4,458.0,464.3,3996.497
2026-05-11T00:00:00+00:00,464.4,465.3,451.8,453.0,2744.868
2026-05-11T04:00:00+00:00,453.0,453.3,448.3,450.1,2666.789
2026-05-11T08:00:00+00:00,450.1,451.5,448.1,450.7,2371.077
2026-05-11T12:00:00+00:00,450.7,451.8,447.9,450.5,2528.04
2026-05-11T16:00:00+00:00,450.6,451.5,448.1,450.4,3346.04
2026-05-11T20:00:00+00:00,450.4,451.0,449.4,450.2,1395.82
2026-05-12T00:00:00+00:00,450.2,450.4,442.9,445.7,6031.137
2026-05-12T04:00:00+00:00,445.7,449.0,444.6,448.6,4518.817
2026-05-12T08:00:00+00:00,448.6,449.1,437.4,440.3,8349.54
2026-05-12T12:00:00+00:00,440.2,441.0,437.5,438.5,1877.83
2026-05-12T16:00:00+00:00,438.4,440.5,436.0,440.3,1565.947
2026-05-12T20:00:00+00:00,440.3,440.6,439.0,439.6,462.605
2026-05-13T00:00:00+00:00,439.6,443.1,438.8,442.9,3799.982
2026-05-13T04:00:00+00:00,442.9,444.8,437.0,439.5,7317.186
2026-05-13T08:00:00+00:00,439.5,441.1,438.0,438.0,2219.38
2026-05-13T12:00:00+00:00,438.0,439.0,430.0,430.6,5936.235
2026-05-13T16:00:00+00:00,430.6,434.6,430.5,433.6,1758.011
2026-05-13T20:00:00+00:00,433.6,435.0,433.0,434.1,1052.055
2026-05-14T00:00:00+00:00,434.2,435.7,431.8,432.0,955.801
2026-05-14T04:00:00+00:00,432.1,435.3,431.5,433.6,644.723
2026-05-14T08:00:00+00:00,433.6,434.2,432.0,432.5,1269.562
2026-05-14T12:00:00+00:00,432.4,436.6,432.3,435.4,1605.227
2026-05-14T16:00:00+00:00,435.5,438.9,434.0,438.1,2017.544
2026-05-14T20:00:00+00:00,438.1,438.5,434.5,435.0,1568.838
2026-05-15T00:00:00+00:00,434.9,437.5,434.3,435.7,1822.862
2026-05-15T04:00:00+00:00,435.6,437.2,432.4,435.0,6947.519
2026-05-15T08:00:00+00:00,435.0,435.0,430.0,430.9,4664.062
2026-05-15T12:00:00+00:00,431.0,431.6,423.8,425.0,4364.471
2026-05-15T16:00:00+00:00,425.0,428.3,424.7,425.2,1480.932
2026-05-15T20:00:00+00:00,425.2,426.9,424.5,426.8,1533.564
2026-05-16T00:00:00+00:00,426.8,428.0,425.0,427.8,2298.029
2026-05-16T04:00:00+00:00,427.7,428.2,418.0,420.2,11784.883
2026-05-16T08:00:00+00:00,420.1,421.9,410.6,411.3,18594.689
2026-05-16T12:00:00+00:00,411.3,417.5,410.6,417.1,919.307
2026-05-16T16:00:00+00:00,417.1,418.7,416.8,418.1,373.318
